Iteration	Posterior	Likelihood	Prior	rate_log_sd	rate_loss	tree_length
0	-4327.599	-4612.703	285.1045	0.8160156	1.141948	12.57541
6	-4336.11	-4619.665	283.5554	0.9164358	1.007786	13.3949
12	-4323.684	-4607.422	283.7378	0.776666	1.267764	13.24989
18	-4317.356	-4601.231	283.8749	0.7644569	1.124801	13.24989
24	-4322.726	-4606.929	284.203	0.8108729	1.029275	13.10225
30	-4337.685	-4625.802	288.1172	0.7378072	0.8503109	11.19702
36	-4323.593	-4609.785	286.1918	0.8249516	0.87728	12.14159
42	-4326.086	-4611.437	285.3511	0.8453687	0.909038	12.55107
48	-4327.206	-4612.185	284.9791	0.836505	0.9137641	12.74668
54	-4335.29	-4622.202	286.912	0.836505	0.9236653	11.73357
60	-4322.253	-4603.803	281.55	0.7302816	1.012533	14.52898
66	-4319.701	-4605.653	285.9519	0.6968036	1.049148	12.2412
72	-4341.589	-4624.113	282.5236	1.003102	1.176126	13.80363
78	-4334.702	-4618.609	283.9072	0.8489048	1.088083	13.20695
84	-4335.861	-4622.147	286.2856	0.8750526	0.9421696	12.03019
90	-4322.478	-4606.758	284.2798	0.8651923	0.9188521	13.09268
96	-4324.184	-4609.692	285.5082	0.7793802	0.9188521	12.49813
102	-4322.164	-4607.461	285.2973	0.798541	1.112515	12.49813
108	-4311.962	-4597.687	285.7252	0.7546351	1.00278	12.35293
114	-4321.605	-4601.904	280.2989	0.73717	0.9647908	15.19764
120	-4333.608	-4613.808	280.2008	0.7943113	1.005334	15.19764
126	-4337.002	-4618.07	281.0676	0.8677714	0.8678887	14.78603
132	-4322.604	-4608.481	285.8773	0.8665155	1.128382	12.15282
138	-4322.164	-4605.078	282.913	0.6791613	0.822312	13.95449
144	-4335.908	-4620.219	284.3114	0.6563612	0.9906031	13.14617
150	-4312.243	-4597.861	285.6175	0.9103359	0.9616787	12.34962
156	-4308.587	-4595.093	286.5065	0.8842479	1.043398	11.85701
162	-4320.461	-4605.313	284.8526	0.8067975	0.9928531	12.78532
168	-4309.874	-4596.37	286.4955	0.7776353	0.9928531	11.94441
174	-4319.079	-4605.603	286.5233	0.8556165	0.9811195	11.89541
180	-4332.114	-4618.756	286.642	0.7918416	0.8423336	11.94441
186	-4323.262	-4610.35	287.0872	0.8468209	0.9554411	11.61925
192	-4316.162	-4601.248	285.0857	0.829078	0.9988422	12.64925
198	-4325.375	-4612.512	287.1365	0.8587691	0.9988422	11.56418
204	-4339.762	-4625.692	285.9304	0.751744	1.083831	12.20654
210	-4325.461	-4612.112	286.6517	0.7839506	1.005569	11.85296
216	-4332.728	-4619.68	286.9517	0.8746744	1.008552	11.64734
222	-4320.117	-4605.449	285.3324	0.9291793	0.9116956	12.51568
228	-4322.937	-4610.575	287.6376	0.8589875	1.00626	11.29814
234	-4324.799	-4612.97	288.1706	0.8589875	0.9161979	11.06776
240	-4319.655	-4607.715	288.06	0.9082727	1.032532	11.03771
246	-4315.982	-4599.287	283.3048	0.7349793	1.129942	13.55887
252	-4326.06	-4611.831	285.7713	0.8338349	1.145832	12.21686
258	-4330.057	-4617.669	287.6118	0.8414436	1.112734	11.26748
264	-4325.044	-4611.013	285.9686	0.8250421	1.092148	12.1443
270	-4312.383	-4598.881	286.4979	1.008847	0.9013476	11.87223
276	-4306.68	-4593.594	286.9142	0.8105505	1.029771	11.68954
282	-4315.148	-4600.472	285.3244	0.8192094	0.8015508	12.64149
288	-4325.405	-4612.601	287.1964	0.878371	0.8525868	11.60368
294	-4327.524	-4615.911	288.3867	0.770045	1.111398	10.89977
300	-4332.691	-4618.625	285.9338	0.8815273	0.9056959	12.23048
306	-4329.897	-4614.079	284.182	0.7446323	0.8167248	13.26521
312	-4320.233	-4605.674	285.441	0.8325049	1.020673	12.45115
318	-4317.047	-4604.544	287.4971	0.8402477	1.050025	11.35905
324	-4307.149	-4595.659	288.5096	0.8505018	1.048631	10.82424
330	-4306.867	-4593.246	286.3786	0.9040471	1.046855	11.91168
336	-4302.208	-4590.081	287.8736	0.8382696	1.046855	11.16469
342	-4312.376	-4597.055	284.6797	0.7505535	0.9954708	12.90313
348	-4311.158	-4598.456	287.2976	0.8317153	1.258952	11.36963
354	-4318.019	-4603.602	285.5832	0.8910793	1.258952	12.23378
360	-4319.545	-4602.483	282.9389	0.7820104	0.8443927	13.87464
366	-4319.917	-4602.632	282.715	0.7959962	1.156004	13.82109
372	-4306.548	-4593.648	287.1005	0.7853635	1.119786	11.56077
378	-4298.677	-4586.024	287.3466	0.9055418	1.119786	11.36927
384	-4305.527	-4593.518	287.9905	0.8914759	0.9937051	11.10303
390	-4313.67	-4602.066	288.3957	0.955212	0.8475143	10.93898
396	-4304.216	-4588.848	284.6321	0.756461	0.9306195	12.95954
402	-4311.289	-4598.595	287.3067	0.8180214	0.8995188	11.55054
408	-4311.441	-4597.287	285.8466	0.7172709	0.9817244	12.32016
414	-4307.106	-4592.933	285.827	0.646614	1.073838	12.32016
420	-4306.179	-4591.597	285.4178	0.8296145	0.966858	12.49294
426	-4297.283	-4583.74	286.4571	0.7841361	1.086322	11.91366
432	-4290.562	-4575.549	284.9869	0.8146926	0.9223938	12.74917
438	-4299.97	-4587.692	287.7222	0.8675805	0.9247954	11.29321
444	-4308.257	-4588.96	280.7022	0.744669	0.9979129	14.96783
450	-4309.773	-4597.089	287.3168	0.8887747	0.9979129	11.45473
456	-4313.552	-4599.67	286.1187	0.8168283	0.8992296	12.17143
462	-4311.567	-4600.545	288.9775	0.9396576	0.9183383	10.60132
468	-4308.888	-4597.801	288.9135	0.8859893	0.8294995	10.71462
474	-4299.503	-4588.06	288.5577	0.966408	0.8876868	10.82481
480	-4300.411	-4585.1	284.6897	0.7756821	1.173218	12.79775
486	-4314.252	-4599.846	285.5939	0.7042672	0.8710707	12.51967
492	-4332.104	-4617.787	285.6831	0.801631	0.6913532	12.53519
498	-4325.32	-4610.169	284.8491	0.8752394	0.8819461	12.81214
504	-4317.727	-4603.463	285.7365	0.8804056	0.9940431	12.28602
510	-4325.822	-4612.271	286.4484	0.8313996	0.9670017	11.95461
516	-4323.847	-4609.884	286.0368	0.7979278	0.9670017	12.18677
522	-4324.109	-4612.287	288.1777	0.8708972	0.9181223	11.05672
528	-4310.74	-4596.349	285.6093	0.8093987	0.9946872	12.38899
534	-4311.51	-4597.445	285.935	0.7533409	0.9177551	12.28995
540	-4316.497	-4602.774	286.277	0.7870406	0.8937813	12.10751
546	-4315.742	-4601.266	285.524	0.774553	0.8889286	12.50924
552	-4318.642	-4605.235	286.5932	0.7048216	1.046068	11.90405
558	-4306.736	-4591.508	284.7722	0.8127431	0.9815569	12.82997
564	-4322.29	-4605.358	283.0683	0.8388219	0.9880174	13.69834
570	-4316.399	-4601.951	285.5514	0.8130858	0.9743082	12.42799
576	-4321.007	-4605.443	284.4358	0.8936057	0.9743082	12.96674
582	-4325.355	-4607.152	281.7978	0.8090436	0.985132	14.37404
588	-4328.758	-4609.198	280.4405	0.838477	0.899011	15.10792
594	-4316.22	-4603.045	286.8243	0.8460852	0.899011	11.78813
600	-4320.963	-4607.59	286.6272	0.8311692	1.111404	11.78813
606	-4329.249	-4618.573	289.324	0.9246978	0.8955997	10.4401
612	-4346.087	-4632.207	286.12	0.8009123	1.32246	11.97353
618	-4351.662	-4638.195	286.5324	0.7360599	0.9429125	11.97353
624	-4335.86	-4623.223	287.3629	0.9365307	0.869979	11.47609
630	-4326.589	-4614.755	288.1661	0.8056946	0.8898912	11.11288
636	-4325.415	-4613.412	287.9976	0.8298713	1.029767	11.11288
642	-4321.66	-4607.589	285.9284	0.8009304	1.006203	12.22108
648	-4330.957	-4619.42	288.4623	0.9937214	0.9096888	10.84803
654	-4310.025	-4596.387	286.3619	0.7948452	0.8552326	12.08138
660	-4320.951	-4603.748	282.7963	0.7970579	1.017878	13.84567
666	-4314.602	-4599.533	284.9309	0.8493605	1.022122	12.70723
672	-4316.175	-4603.051	286.876	0.7494813	1.022122	11.74529
678	-4314.786	-4601.66	286.874	0.8769308	0.8849943	11.75403
684	-4312.924	-4599.696	286.7724	0.9577039	1.03719	11.68294
690	-4318.145	-4605.101	286.9559	0.8790528	0.9840481	11.65572
696	-4319.541	-4606.737	287.1964	0.8287931	0.9840481	11.5563
702	-4320.338	-4604.943	284.6052	0.9784283	1.135583	12.75379
708	-4321.163	-4612.193	291.03	1.062215	1.075942	9.373152
714	-4330.901	-4620.188	289.2868	0.9504327	0.8049226	10.49991
720	-4316.96	-4604.065	287.106	0.9223461	1.093592	11.49901
726	-4309.583	-4596.725	287.1423	0.9578116	1.0188	11.49901
732	-4300.052	-4587.782	287.73	0.9338782	1.0188	11.20413
738	-4306.134	-4590.174	284.0395	0.7887577	1.146457	13.14151
744	-4306.019	-4591.163	285.1435	0.8903671	0.8480789	12.67068
750	-4323.22	-4610.389	287.1696	0.7997072	0.9184471	11.62109
756	-4321.16	-4609.771	288.6107	1.051949	1.023995	10.67817
762	-4317.915	-4603.901	285.9865	0.9449143	1.018761	12.10923
768	-4325.902	-4614.039	288.1375	0.9066066	1.079624	10.97433
774	-4305.626	-4591.227	285.6015	0.8779898	0.9114542	12.40226
780	-4310.026	-4594.181	284.1548	0.7999917	1.042419	13.12629
786	-4310.667	-4595.579	284.912	0.8969476	1.116645	12.64549
792	-4313.524	-4599.199	285.6749	0.7435832	0.9141978	12.43251
798	-4324.854	-4610.751	285.8968	0.7435832	0.8379225	12.36082
804	-4324.961	-4610.777	285.816	0.7971117	1.080936	12.24393
810	-4320.872	-4606.548	285.6765	0.9225018	0.8067076	12.40118
816	-4321.408	-4607.024	285.6156	0.7720582	0.7687737	12.53485
822	-4322.988	-4607.329	284.3406	0.8025313	0.9239909	13.0908
828	-4323.605	-4609.317	285.7114	0.7925608	0.9336913	12.37722
834	-4329.339	-4615.222	285.8825	0.6823926	1.030448	12.29434
840	-4316.534	-4604.546	288.0119	0.9174173	0.9569467	11.09787
846	-4320.075	-4606.07	285.9956	0.8306068	0.9569467	12.19664
852	-4318.429	-4608.412	289.9839	0.9600588	0.9569467	10.0405
858	-4304.432	-4590.179	285.7479	0.9066265	0.9141409	12.3096
864	-4301.67	-4588.975	287.3048	0.8784247	0.9673694	11.4826
870	-4306.657	-4592.898	286.2411	0.8784247	1.010307	12.01546
876	-4311.647	-4598.303	286.6565	0.9511586	1.03244	11.74931
882	-4312.917	-4598.381	285.4635	0.7056749	1.03244	12.49949
888	-4310.363	-4596.376	286.0133	0.7237453	1.119323	12.1607
894	-4327.542	-4613.745	286.2029	0.7810702	0.8738438	12.1607
900	-4327.972	-4613.524	285.5523	0.8900347	0.9602588	12.39492
906	-4320.291	-4604.432	284.1403	0.8729606	1.087007	13.07377
912	-4344.384	-4627.363	282.979	0.8645117	0.9743828	13.73852
918	-4327.614	-4611.676	284.0623	0.8983906	1.044208	13.12235
924	-4328.138	-4612.461	284.3226	0.6988506	0.817269	13.21558
930	-4323.446	-4611.108	287.6615	0.7210301	0.8574754	11.43996
936	-4309.75	-4596.661	286.9107	0.7772238	0.9280106	11.76277
942	-4304.232	-4588.141	283.9089	0.7240118	0.9868214	13.32214
948	-4312.3	-4595.226	282.9254	0.8187154	1.137981	13.70853
954	-4304.529	-4590.437	285.9081	0.7045806	1.015937	12.27686
960	-4300.171	-4588.036	287.865	0.7839441	0.9648226	11.24039
966	-4289.384	-4573.703	284.3189	0.8106614	1.027613	13.04294
972	-4301.226	-4590.512	289.2856	1.024117	1.146732	10.27778
978	-4301.677	-4588.003	286.3267	0.8673789	1.146732	11.90925
984	-4313.353	-4600.829	287.476	0.851452	1.016408	11.38136
990	-4314.854	-4598.7	283.8457	0.8196741	1.054242	13.27078
996	-4319.946	-4605.693	285.7468	0.8259167	1.100933	12.2552
1002	-4323.763	-4614.675	290.9124	0.9572131	0.9491048	9.557041
1008	-4319.094	-4608.747	289.653	0.9985551	0.9491048	10.19854
1014	-4312.235	-4597.487	285.252	0.7968264	0.9491048	12.60588
1020	-4319.351	-4606.528	287.1769	0.7898966	1.10959	11.52337
1026	-4324.566	-4612.969	288.403	0.9459868	0.9147622	10.90127
1032	-4321.195	-4606.524	285.329	0.7385452	0.9514072	12.59488
1038	-4337.002	-4622.142	285.1401	0.800268	1.112787	12.57896
1044	-4324.442	-4609.604	285.1619	0.7571591	0.9256152	12.68628
1050	-4343.704	-4627.586	283.8821	0.7810538	0.8902417	13.35909
1056	-4338.326	-4623.183	284.8566	0.9419472	1.01894	12.69937
1062	-4341.755	-4628.684	286.9291	1.022403	0.8821839	11.65088
1068	-4360.454	-4647.287	286.8332	1.134776	0.8672836	11.65088
1074	-4347.628	-4633.107	285.4789	0.8687611	0.9437497	12.45316
1080	-4344.219	-4630.349	286.1304	0.8105215	1.043956	12.09144
1086	-4349.303	-4635.65	286.3468	0.7249962	0.915172	12.09144
1092	-4341.636	-4628.978	287.3418	0.8157624	0.9342043	11.51399
1098	-4327.457	-4614.553	287.0956	0.7881573	1.072962	11.58469
1104	-4329.022	-4613.906	284.8837	0.6901595	1.024765	12.81332
1110	-4317.987	-4604.369	286.382	0.6380248	1.118578	12.01343
1116	-4326.2	-4611.087	284.8866	0.6592501	0.9660703	12.85851
1122	-4324.026	-4609.649	285.6226	0.6865676	0.9508748	12.46934
1128	-4328.86	-4616.553	287.6935	0.8044298	0.7621818	11.43796
1134	-4335.115	-4624.355	289.2396	0.7875579	0.8943163	10.55714
1140	-4314.613	-4602.473	287.8597	0.7416914	1.059725	11.21601
1146	-4318.944	-4608.317	289.3733	0.6629252	1.046676	10.4705
1152	-4313.603	-4598.122	284.5196	0.7829061	1.107332	12.91353
1158	-4324.417	-4611.793	287.3755	0.8753775	1.010408	11.42454
1164	-4339.495	-4623.818	284.3235	0.7975755	1.00428	13.05935
1170	-4346.814	-4632.537	285.7225	0.8373972	0.9534249	12.33733
1176	-4347.964	-4632.862	284.8983	0.8695162	0.9916933	12.7295
1182	-4317.357	-4603.287	285.9298	0.8670689	1.014408	12.18161
1188	-4333.723	-4622.159	288.4361	0.9654833	0.9794906	10.83836
1194	-4326.115	-4609.285	283.1704	0.8693636	1.136042	13.55601
1200	-4323.804	-4606.775	282.9712	0.7712482	1.010745	13.77202
1206	-4325.309	-4609.576	284.2664	0.9669119	0.9545588	13.02725
1212	-4323.645	-4611.221	287.5768	0.7187001	1.045592	11.38318
1218	-4312.854	-4599.944	287.0905	0.7863185	1.010406	11.62004
1224	-4318.502	-4602.464	283.9614	0.7424257	0.9676474	13.29543
1230	-4324.963	-4609.001	284.0374	0.6591827	0.9748022	13.29543
1236	-4322.64	-4606.446	283.8067	0.7196935	0.8380412	13.46032
1242	-4324.12	-4609.297	285.1773	0.8277271	0.8380412	12.69163
1248	-4327.56	-4615.536	287.9756	0.9247225	1.013082	11.08332
1254	-4331.643	-4616.645	285.0022	0.8336753	1.193182	12.59576
1260	-4325.361	-4611.786	286.4245	0.7411944	0.9661994	12.01459
1266	-4319.174	-4604.446	285.2723	0.7530035	1.01325	12.58427
1272	-4327.783	-4614.318	286.5351	0.9179819	1.103934	11.79451
1278	-4325.154	-4610.51	285.3564	0.8810238	0.9679927	12.49754
1284	-4314.299	-4600.131	285.8314	0.8810238	1.087244	12.18907
1290	-4315.088	-4604.342	289.2546	1.167217	1.087244	10.24762
1296	-4319.942	-4607.662	287.7199	1.054576	0.9583034	11.17818
1302	-4328.303	-4616.192	287.8892	0.8978617	0.9461546	11.17818
1308	-4325.266	-4611.441	286.175	0.9016921	1.047344	12.01892
1314	-4335.439	-4618.074	282.6347	0.7770843	0.9138881	13.99524
1320	-4320.287	-4608.319	288.032	0.8534521	1.017267	11.08896
1326	-4319.797	-4604.839	285.0419	0.8190788	1.060616	12.64578
1332	-4326.155	-4613.354	287.1997	0.8092001	1.013729	11.54927
1338	-4325.753	-4610.616	284.8625	0.8197338	1.013729	12.76259
1344	-4327.805	-4615.432	287.6269	0.7970603	1.096773	11.29054
1350	-4314.454	-4601.858	287.4042	0.9389927	0.9914157	11.38617
1356	-4311.111	-4600.723	289.6119	0.9545284	0.9914157	10.22054
1362	-4311.536	-4599.228	287.6921	0.9962538	0.9374059	11.23463
1368	-4316.525	-4600.466	283.9416	0.8004022	0.9088373	13.30767
1374	-4320.16	-4607.899	287.7398	0.8785548	1.187504	11.14584
1380	-4318.276	-4605.825	287.5488	1.069542	1.187504	11.14584
1386	-4320.715	-4608.402	287.6867	1.031868	0.9199699	11.22849
1392	-4326.765	-4614.145	287.3798	0.9034078	1.102037	11.36159
1398	-4327.837	-4611.284	283.4468	0.8156351	0.8542459	13.58787
1404	-4326.535	-4609.004	282.4692	0.755515	1.160205	13.96758
1410	-4319.274	-4603.523	284.249	0.8273406	0.8780688	13.15131
1416	-4316.335	-4599.797	283.4622	0.7873027	1.020466	13.50385
1422	-4323.83	-4608.142	284.312	0.9032376	0.9828512	13.0216
1428	-4329.339	-4615.961	286.622	0.8767624	0.9828512	11.8319
1434	-4332.115	-4619.427	287.3123	0.8226142	1.005892	11.48747
1440	-4342.957	-4630.378	287.4205	0.8321787	0.9489575	11.45621
1446	-4350.432	-4637.742	287.3096	0.8331118	1.012041	11.48024
1452	-4348.337	-4635.741	287.4044	0.9258309	0.8839477	11.45194
1458	-4343.594	-4631.036	287.442	0.8717537	0.899129	11.45194
1464	-4315.144	-4603.063	287.9198	0.9233706	0.9445103	11.14971
1470	-4323.437	-4611.174	287.7371	1.074179	0.9754662	11.14971
1476	-4319.483	-4604.726	285.2423	0.9256612	1.101495	12.46584
1482	-4337.506	-4623.67	286.1636	0.7204296	0.8591789	12.22131
1488	-4320.39	-4605.949	285.5582	0.7671325	1.004921	12.43228
1494	-4332.643	-4620.91	288.2671	0.884475	0.914418	11.00486
1500	-4322.17	-4607.057	284.8878	0.6879408	1.116764	12.76684
1506	-4320.742	-4607.407	286.6642	0.7804833	0.8009856	11.96375
1512	-4334.087	-4620.218	286.1314	0.8816949	0.937728	12.10962
1518	-4327.558	-4611.136	283.5784	0.8050942	1.014152	13.43751
1524	-4323.099	-4607.04	283.9406	0.7941019	0.9332148	13.29799
1530	-4330.958	-4615.339	284.3807	0.8000036	1.205509	12.93109
1536	-4334.52	-4621.401	286.881	0.8497846	0.9597851	11.72308
1542	-4338.037	-4625.911	287.8743	0.8036383	1.036657	11.18759
1548	-4347.643	-4632.527	284.8836	0.85252	0.9118663	12.78909
1554	-4326.661	-4616.59	289.9292	0.8376967	1.102433	10.05869
1560	-4318.906	-4607.833	288.9272	0.9550734	0.9616613	10.59579
1566	-4312.826	-4598.363	285.5368	0.7879393	0.9992686	12.43552
1572	-4306.277	-4594.561	288.2841	0.7963947	0.9532299	11.02071
1578	-4312.148	-4600.674	288.5262	0.7988562	0.9698733	10.88361
1584	-4310.858	-4594.787	283.9286	0.8023477	0.9698733	13.28018
1590	-4307.538	-4591.701	284.1635	0.7649559	0.905463	13.21267
1596	-4310.488	-4595.486	284.9975	0.7961578	0.966614	12.72932
1602	-4316.861	-4600.131	283.2697	0.6984971	0.9775104	13.67217
1608	-4321.423	-4606.328	284.9042	0.7226471	0.8901836	12.85817
1614	-4319.929	-4608.154	288.2248	0.9583605	1.278084	10.80945
1620	-4322.478	-4608.439	285.9614	0.7151029	1.075906	12.21336
1626	-4320.152	-4603.491	283.3388	0.7478726	1.044316	13.57628
1632	-4328.498	-4619.408	290.9103	1.05567	0.9880586	9.485166
1638	-4323.523	-4611.552	288.0291	1.030937	0.9438562	11.03653
1644	-4321.455	-4610.172	288.7164	0.8670135	1.005407	10.72933
1650	-4324.267	-4610.587	286.3203	0.8347841	1.037147	11.98318
1656	-4316.909	-4603.052	286.1427	0.9130025	0.9220045	12.09605
1662	-4321.674	-4607.553	285.879	0.8916156	0.9332227	12.23849
1668	-4323.655	-4609.256	285.6015	0.8444747	0.9351597	12.40664
1674	-4329.586	-4615.738	286.1517	0.876135	1.064223	12.03595
1680	-4320.933	-4608.712	287.7787	0.7834873	0.8992162	11.32197
1686	-4321.333	-4606.32	284.9872	0.857521	0.9658765	12.70311
1692	-4325.21	-4610.595	285.3852	1.048894	0.9369945	12.41181
1698	-4326.615	-4612.468	285.8531	0.846671	0.8377458	12.32996
1704	-4325.771	-4610.784	285.0134	0.9203461	1.098244	12.58941
1710	-4331.686	-4617.715	286.0296	0.9284933	1.057669	12.0756
1716	-4317.176	-4603.487	286.3113	0.7106187	0.9926568	12.0756
1722	-4315.68	-4599.68	283.9993	0.793341	0.9539663	13.25663
1728	-4324.362	-4612.599	288.2366	0.8456467	0.8003676	11.10825
1734	-4321.919	-4606.603	284.684	0.8204014	1.018246	12.8528
1740	-4325.284	-4612.069	286.7851	0.863217	0.9313053	11.78163
1746	-4323.076	-4606.947	283.8704	0.8564694	0.9447064	13.29577
1752	-4322.618	-4610.648	288.0303	0.9021096	1.130208	11.00825
1758	-4316.543	-4599.898	283.3555	0.7724719	1.091957	13.53129
1764	-4306.307	-4589.12	282.8131	0.7810425	1.085901	13.81133
1770	-4331.593	-4617.18	285.587	0.8178064	1.064291	12.36074
1776	-4325.811	-4609.909	284.098	0.7833786	1.117475	13.12765
1782	-4304.14	-4588.946	284.8062	0.8255744	1.062823	12.76402
1788	-4320.356	-4606.701	286.3448	0.8196662	1.103709	11.94524
1794	-4317.118	-4601.559	284.4407	0.7200506	0.9009834	13.09442
1800	-4305.134	-4590.114	284.9793	0.80883	0.8371888	12.805
1806	-4313.949	-4600.717	286.7677	0.7270009	0.9154483	11.87063
1812	-4315.363	-4601.15	285.7861	0.8333156	0.7752143	12.41008
1818	-4320.493	-4605.958	285.465	0.8676472	0.7954789	12.54682
1824	-4325.778	-4612.331	286.5535	0.9522666	0.9765826	11.8316
1830	-4334.428	-4620.651	286.2229	1.052305	0.8859717	12.0018
1836	-4327.45	-4611.443	283.9931	0.7809523	0.8155303	13.34515
1842	-4327.896	-4616.431	288.5349	1.133984	1.088011	10.64265
1848	-4318.962	-4605.563	286.6005	0.9634804	1.228658	11.67855
1854	-4329.156	-4615.459	286.3029	0.8434389	1.057696	11.97734
1860	-4331.604	-4617.708	286.1031	0.8235634	1.163827	12.04079
1866	-4315.791	-4602.348	286.5575	0.8082926	1.129225	11.82793
1872	-4337.358	-4624.73	287.3724	0.7580151	0.9171646	11.53761
1878	-4327.833	-4613.693	285.8599	0.7493468	1.083115	12.24485
1884	-4336.865	-4624.326	287.4609	0.8783543	0.8720494	11.45411
1890	-4330.821	-4613.748	282.9263	0.8239939	1.118095	13.71477
1896	-4320.919	-4603.905	282.9868	0.7084123	1.065219	13.76904
1902	-4320.126	-4603.315	283.1888	0.6943353	0.8814195	13.76904
1908	-4321.647	-4608.48	286.8338	0.7565723	0.9909065	11.77983
1914	-4312.758	-4598.621	285.8629	0.7518208	1.001548	12.28326
1920	-4317.425	-4603.724	286.2984	0.8339276	0.8813076	12.07901
1926	-4316.752	-4602.659	285.9076	0.8018488	1.020539	12.22406
1932	-4313.854	-4598.494	284.64	1.039187	1.007355	12.76744
1938	-4306.72	-4594.514	287.7938	0.881752	0.9592852	11.22945
1944	-4306.24	-4591.193	284.9535	0.7859096	0.8934721	12.79773
1950	-4305.267	-4590.018	284.7502	0.8799638	0.9609507	12.8174
1956	-4308.656	-4595.93	287.274	0.799698	0.9615185	11.54297
1962	-4304.621	-4592.876	288.2543	0.9310018	1.252115	10.8197
1968	-4301.256	-4589.118	287.8617	0.8682135	1.01984	11.16904
1974	-4287.927	-4575.707	287.7802	0.8608529	1.11307	11.16904
1980	-4326.747	-4612.482	285.7356	0.797314	1.150069	12.25253
1986	-4314.678	-4600.241	285.5626	0.7847019	0.918442	12.46723
1992	-4313.361	-4600.048	286.6864	0.8388299	1.182572	11.71968
1998	-4324.823	-4610.095	285.2727	0.9210841	1.096138	12.45499
2004	-4312.232	-4598.785	286.5533	0.8295155	1.000382	11.88325
2010	-4308.352	-4594.68	286.3277	1.024109	1.031694	11.88325
2016	-4310.604	-4596.031	285.4268	0.8700145	1.085295	12.40662
2022	-4299.997	-4584.849	284.8517	0.7497503	0.9241649	12.85235
2028	-4302.677	-4587.356	284.6794	0.7891427	1.055999	12.85235
2034	-4319.346	-4602.686	283.3393	0.6896838	0.9780309	13.64039
2040	-4317.821	-4602.973	285.1518	0.9057669	1.231344	12.4631
2046	-4327.971	-4612.092	284.1211	0.7291355	1.094305	13.15499
2052	-4318.565	-4601.193	282.6279	0.7633452	0.9046314	14.01105
2058	-4326.153	-4613.066	286.9122	0.8959864	0.9009602	11.71509
2064	-4314.368	-4600.47	286.1015	0.9522266	0.9697708	12.07108
2070	-4317.001	-4605.153	288.1518	0.8542247	0.9272669	11.07398
2076	-4321.455	-4609.94	288.4843	0.7675027	0.7921216	11.02454
2082	-4321.382	-4610.796	289.4142	0.9857005	0.9101335	10.35247
2088	-4317.228	-4602.357	285.1292	0.7271362	0.9059385	12.72988
2094	-4330.846	-4618.4	287.5534	0.8104482	1.08963	11.32549
2100	-4317.558	-4601.585	284.0273	0.9155118	0.9578173	13.17652
2106	-4324.126	-4607.884	283.758	0.7835147	1.173907	13.2778
2112	-4325.668	-4609.078	283.4095	0.7440266	0.7800701	13.68915
2118	-4325.01	-4609.7	284.6896	0.616457	0.8619916	13.04117
2124	-4323.498	-4608.187	284.6897	0.710229	1.000779	12.91613
2130	-4335.783	-4620.697	284.913	0.8574567	0.9807893	12.73383
2136	-4328.595	-4613.851	285.2562	0.6848383	0.9585637	12.65691
2142	-4319.76	-4603.49	283.7298	0.7686096	0.9318715	13.42148
2148	-4313.709	-4601.178	287.4697	0.7753755	0.9928312	11.43675
2154	-4348.349	-4630.375	282.0256	0.6725859	0.9412713	14.35006
2160	-4313.466	-4600.7	287.2345	0.8610847	0.7926797	11.62904
2166	-4305.952	-4593.312	287.3606	0.7732888	1.022787	11.47927
2172	-4308.28	-4595.714	287.4339	0.6973691	0.8435951	11.57947
2178	-4310.24	-4597.697	287.4568	0.7385218	0.8010953	11.57168
2184	-4305.959	-4592.093	286.1336	0.8297465	0.971077	12.11753
2190	-4303.667	-4589.862	286.1955	0.7470325	0.9771925	12.12515
2196	-4300.178	-4587.794	287.6165	0.702105	1.027371	11.38036
2202	-4305.489	-4590.339	284.8501	0.6870666	0.9424002	12.87581
2208	-4304.309	-4591.602	287.2934	0.804053	0.9500018	11.5368
2214	-4305.274	-4590.907	285.6332	0.8657386	1.036487	12.32566
2220	-4305.577	-4590.886	285.3085	0.7304788	0.9026882	12.6366
2226	-4313.362	-4599.732	286.3703	0.8822566	0.9627711	11.9711
2232	-4299.264	-4584.632	285.3675	0.7939556	1.117012	12.46177
2238	-4302.373	-4587.996	285.6233	0.8955541	1.074876	12.29605
2244	-4299.518	-4583.733	284.2155	0.8064468	1.0623	13.08142
2250	-4332.289	-4619.464	287.1743	0.9316397	0.8363544	11.59701
2256	-4328.855	-4617.553	288.6978	0.8207458	0.7767093	10.89449
2262	-4320.657	-4606.459	285.8021	0.7272139	0.9700928	12.34433
2268	-4330.316	-4616.176	285.8597	0.698611	1.084158	12.2709
2274	-4328.571	-4616.371	287.7995	0.7707848	1.084158	11.22017
2280	-4330.341	-4616.479	286.1384	0.8512207	1.124887	12.02628
2286	-4320.332	-4608.508	288.1763	0.9429931	0.9308061	11.01267
2292	-4338.226	-4621.713	283.4876	0.7816885	1.014586	13.49658
2298	-4343.879	-4635.424	291.5457	1.041021	0.9808247	9.161049
2304	-4337.027	-4624.487	287.4603	0.901209	1.099853	11.32169
2310	-4341.372	-4627.602	286.2297	0.8082685	1.239753	11.94824
2316	-4337.041	-4621.639	284.597	0.775338	0.9918963	12.93512
2322	-4338.706	-4624.456	285.7509	0.8680647	0.9896905	12.28722
2328	-4327.761	-4614.649	286.8884	0.9880924	1.05747	11.59622
2334	-4332.51	-4621.514	289.0046	1.133681	1.117095	10.38203
2340	-4323.599	-4612.501	288.9019	0.8590668	1.164588	10.55759
2346	-4321.983	-4612.939	290.9556	0.9659546	1.002517	9.500929
2352	-4336.394	-4624.55	288.1563	0.8186585	0.6959915	11.23216
2358	-4328.805	-4614.378	285.5733	0.9910446	1.179518	12.22248
2364	-4327.734	-4616.061	288.3274	0.8793367	0.8838681	10.99331
2370	-4334.623	-4621.383	286.7596	0.9243339	1.09979	11.67594
2376	-4328.543	-4613.342	284.7994	0.7392444	0.9980914	12.8454
2382	-4326.514	-4610.909	284.3945	0.8024847	0.9480479	13.04965
2388	-4329.916	-4614.636	284.7201	0.6675058	0.9476003	12.95078
2394	-4314.502	-4599.507	285.0051	0.8305019	0.9477241	12.7176
2400	-4313.25	-4599.234	285.9838	0.7246212	1.02512	12.22222
2406	-4319.747	-4605.198	285.4511	0.8171301	0.9989315	12.46514
2412	-4305.768	-4592.383	286.6153	0.8388642	0.9675415	11.86332
2418	-4307.229	-4593.614	286.3845	0.7163975	1.01843	12.02099
2424	-4320.446	-4608.836	288.3898	0.7714535	1.05447	10.9255
2430	-4315.946	-4601.893	285.9475	0.789485	1.024565	12.20765
2436	-4320.239	-4604.88	284.641	0.7843675	0.8120443	13.00881
2442	-4316.347	-4604.719	288.3723	0.9135116	1.078613	10.84818
2448	-4316.792	-4603.209	286.4165	0.8435358	1.002148	11.9464
2454	-4319.972	-4606.133	286.1604	0.7800613	0.9663759	12.13197
2460	-4336.849	-4624.726	287.8772	0.8850224	0.9774546	11.17434
2466	-4331.528	-4617.882	286.3535	1.103554	1.179849	11.75653
2472	-4314.656	-4598.017	283.3611	0.9015686	1.096888	13.45897
2478	-4318.547	-4599.923	281.3763	0.9364602	1.090388	14.47331
2484	-4313.217	-4599.672	286.455	0.8740518	0.8214529	12.01159
2490	-4326.242	-4610.772	284.5304	0.8601189	1.109208	12.86686
2496	-4321.164	-4606.754	285.5906	0.8256467	0.8251293	12.48519
2502	-4330.279	-4614.96	284.6802	0.8712493	0.916243	12.88275
2508	-4313.329	-4599.417	286.0888	0.8426125	1.034662	12.10109
2514	-4323.187	-4608.88	285.6932	0.8249121	0.8250717	12.4322
2520	-4341.694	-4626.942	285.248	0.8082442	1.043563	12.55269
2526	-4326.249	-4608.837	282.5885	0.8392303	0.8562839	14.01971
2532	-4334.526	-4616.97	282.4438	0.8500158	0.9135829	14.05659
2538	-4322.151	-4604.724	282.5725	0.7792351	0.9135829	14.02657
2544	-4310.808	-4593.724	282.9164	0.9459334	1.01503	13.7076
2550	-4317.212	-4601.965	284.7528	0.8216481	1.042261	12.8041
2556	-4315.763	-4600.314	284.5513	0.8606115	0.9786438	12.92154
2562	-4314.011	-4599.098	285.0864	0.7530027	0.9773443	12.69977
2568	-4324.171	-4609.429	285.2577	0.8007196	1.056904	12.54483
2574	-4335.035	-4616.432	281.3975	0.7704009	0.9217634	14.63537
2580	-4334.756	-4619.622	284.8652	0.8016485	1.206108	12.67787
2586	-4330.401	-4615.475	285.0742	0.781053	1.014215	12.67227
2592	-4331.186	-4615.347	284.1608	0.6773612	0.9449894	13.23783
2598	-4316.021	-4600.097	284.0758	0.7053012	1.000832	13.23783
2604	-4334.538	-4624.627	290.0889	1.186891	0.9562676	9.866167
2610	-4314.429	-4599.429	284.9993	0.9108088	1.00764	12.6471
2616	-4309.86	-4597.592	287.7316	0.8555689	1.165768	11.17222
2622	-4305.8	-4593.345	287.5446	0.7690316	0.900516	11.45122
2628	-4319.519	-4606.235	286.716	0.8096282	0.8642181	11.88365
2634	-4311.117	-4599.002	287.8859	0.8992737	1.086075	11.10674
2640	-4303.363	-4589.379	286.0161	0.8907124	0.8590581	12.20948
2646	-4308.462	-4594.637	286.1752	0.7316377	0.8590581	12.20948
2652	-4320.645	-4607.427	286.7825	0.6885737	0.9346681	11.87234
2658	-4330.865	-4616.061	285.1951	0.8271715	1.058631	12.56279
2664	-4340.111	-4626.2	286.0886	0.8814505	1.049284	12.07357
2670	-4322.631	-4609.705	287.0739	0.9265214	0.9584165	11.58293
2676	-4318.945	-4608.121	289.1757	0.897572	0.9082019	10.52506
2682	-4316.429	-4599.801	283.3714	0.8268951	0.8856357	13.60309
2688	-4322.44	-4606.182	283.7426	0.8268951	1.032799	13.33137
2694	-4324.06	-4608.403	284.343	0.8139825	1.010925	13.03723
2700	-4328.79	-4612.354	283.5637	0.8418359	1.009146	13.42862
2706	-4326.244	-4609.311	283.0668	0.6970162	0.7990048	13.87959
2712	-4322.26	-4607.706	285.4459	0.7574747	1.068586	12.46356
2718	-4331.503	-4615.989	284.4857	0.7378529	0.8978586	13.06354
2724	-4333.965	-4619.357	285.3916	0.9004792	0.9607823	12.47292
2730	-4332.464	-4619.923	287.4589	0.8514522	0.9498089	11.4256
2736	-4337.982	-4622.276	284.2942	0.8182243	1.002551	13.06474
2742	-4339.296	-4624.217	284.9208	0.7117301	1.139741	12.72637
2748	-4339.766	-4624.991	285.225	0.7156412	0.8359386	12.72637
2754	-4343.624	-4628.642	285.0179	0.7817567	0.966228	12.72637
2760	-4326.447	-4610.509	284.0625	0.8974917	0.8887785	13.20565
2766	-4309.097	-4592.927	283.8297	0.8933542	1.126464	13.20565
2772	-4306.921	-4591.564	284.6426	0.8500102	1.056715	12.83944
2778	-4305.558	-4590.886	285.3287	0.7461959	0.8903547	12.62488
2784	-4306.759	-4594.192	287.4328	0.7741844	0.9321595	11.48931
2790	-4302.559	-4588.249	285.6904	0.7741844	0.9593197	12.3838
2796	-4312.317	-4595.775	283.4574	0.7741844	1.190698	13.4311
2802	-4321.725	-4605.115	283.3903	0.7918556	1.015973	13.54113
2808	-4325.895	-4612.339	286.4449	0.9226526	0.7390543	12.04324
2814	-4329.099	-4611.417	282.3183	0.8356973	0.8457406	14.16777
2820	-4318.885	-4606.604	287.719	0.8195589	1.067676	11.24493
2826	-4333.219	-4620.827	287.608	0.80917	1.079076	11.30279
2832	-4322.307	-4607.258	284.9515	0.7238775	1.079564	12.73305
2838	-4328.055	-4616.043	287.9877	1.007702	0.974808	11.05365
2844	-4326.814	-4610.854	284.04	0.7903589	0.9624398	13.23248
2850	-4336.69	-4624.162	287.4716	0.7756133	0.9090754	11.48112
2856	-4334.668	-4621.159	286.4909	0.8133238	1.071733	11.88796
2862	-4328.043	-4612.598	284.5551	0.7775504	1.093054	12.90477
2868	-4349.875	-4635.746	285.8714	0.9381396	1.088623	12.13777
2874	-4324.037	-4610.228	286.191	0.7625539	1.092104	12.06091
2880	-4328.16	-4610.733	282.5738	0.8260796	0.8734503	14.02424
2886	-4322.872	-4608.194	285.3223	0.8087299	0.986317	12.54319
2892	-4317.424	-4601.546	284.1213	0.8280123	0.9433681	13.18094
2898	-4312.216	-4597.321	285.1052	0.5509351	0.8519745	12.86494
2904	-4321.21	-4602.721	281.511	0.730231	1.000168	14.55554
2910	-4314.602	-4599.349	284.7475	0.6970781	1.04485	12.8704
2916	-4335.842	-4621.173	285.3309	0.7703135	0.9045865	12.60316
2922	-4343.249	-4629.837	286.5872	0.8173003	1.005558	11.8692
2928	-4345.922	-4631.162	285.2403	0.7415989	1.04044	12.59295
2934	-4345.598	-4630.669	285.0708	0.7130916	1.260062	12.59295
2940	-4346.868	-4631.175	284.3068	0.7554497	1.218832	12.98672
2946	-4326.982	-4611.665	284.6835	0.8420977	0.8891211	12.91144
2952	-4317.936	-4608.932	290.9968	1.004427	1.027502	9.445839
2958	-4324.178	-4611.153	286.9751	0.8998529	1.026218	11.61285
2964	-4333.858	-4619.462	285.6046	0.7269532	1.026218	12.41809
2970	-4326.905	-4609.514	282.6086	0.8137424	0.9479633	13.97112
2976	-4315.205	-4602.646	287.4415	0.763614	1.036052	11.43526
2982	-4334.324	-4617.832	283.5073	0.8140372	1.001869	13.47614
2988	-4326.785	-4613.927	287.1417	0.8402346	1.001869	11.56953
2994	-4318.202	-4603.071	284.8695	0.7975078	0.9433173	12.80774
3000	-4319.07	-4607.17	288.1	0.8001223	0.7916942	11.20892
3006	-4342.925	-4630.195	287.2699	0.852028	0.8462926	11.58279
3012	-4320.118	-4608.037	287.919	0.7901373	0.8974318	11.24608
3018	-4316.22	-4600.367	284.1473	0.8260152	0.9496763	13.16503
3024	-4317.362	-4601.761	284.3993	0.7414467	0.9597197	13.07261
3030	-4322.927	-4608.441	285.514	0.8776915	1.116166	12.34224
3036	-4322.963	-4607.968	285.0051	0.7587245	1.042037	12.7057
3042	-4344.39	-4627.858	283.468	0.7016692	1.005024	13.55325
3048	-4326.709	-4613.797	287.0879	0.7668832	1.005024	11.63433
3054	-4330.672	-4616.089	285.4176	0.8261063	1.059467	12.44705
3060	-4330.411	-4618.965	288.5541	0.7604895	1.116599	10.81451
3066	-4326.29	-4614.519	288.2292	0.7384642	0.8393846	11.14454
3072	-4333.158	-4619.775	286.6176	0.7718686	0.8699856	11.95136
3078	-4325.168	-4608.379	283.2113	0.8818904	0.8954004	13.65211
3084	-4321.104	-4601.558	280.4541	0.7285198	0.8954004	15.15973
3090	-4323.257	-4607.894	284.6374	0.729632	0.996175	12.93568
3096	-4318.709	-4603.848	285.1391	0.8016025	1.039431	12.6149
3102	-4319.177	-4605.833	286.6562	0.8595836	0.9014926	11.86745
3108	-4330.517	-4617.099	286.5816	1.033236	1.216457	11.65743
3114	-4320.485	-4604.367	283.8822	0.7657149	0.760274	13.44496
3120	-4305.754	-4592.167	286.4128	0.7938413	0.9136684	12.02197
3126	-4317.271	-4603.674	286.403	0.8031027	0.9141543	12.02197
3132	-4303.915	-4592.382	288.4669	0.7940456	0.9702258	10.91702
3138	-4308.724	-4596.524	287.7997	0.8250625	1.118565	11.17489
3144	-4317.717	-4606.92	289.2024	0.9797082	0.8893906	10.47863
3150	-4340.908	-4625.988	285.0795	0.8848024	0.8756299	12.69086
3156	-4344.385	-4630.594	286.2087	0.8037313	0.9496082	12.10348
3162	-4327.929	-4613.773	285.8447	0.9162942	1.137757	12.13945
3168	-4335.283	-4618.898	283.6144	0.7986445	1.148905	13.3561
3174	-4324.357	-4607.545	283.1876	0.6637711	1.06576	13.68773
3180	-4322.719	-4608.252	285.5327	0.6637711	0.92089	12.54444
3186	-4327.253	-4615.793	288.5403	0.9186505	1.146488	10.72454
3192	-4317.532	-4603.535	286.0031	0.7935675	1.262983	12.0639
3198	-4313.471	-4601.327	287.8556	0.9232154	0.9341301	11.18911
3204	-4322.302	-4611.742	289.4396	0.8856831	0.8296616	10.43856
3210	-4323.366	-4608.859	285.4923	0.748333	0.9817821	12.48854
3216	-4328.371	-4613.609	285.2385	0.8243082	1.014701	12.56397
3222	-4319.708	-4603.586	283.8779	0.8243082	1.014701	13.27169
3228	-4324.823	-4608.733	283.9099	0.7165024	1.093499	13.27169
3234	-4329.827	-4614.382	284.5547	0.716012	1.06345	12.95153
3240	-4325.102	-4610.832	285.7298	0.7655511	0.9253753	12.38627
3246	-4327.92	-4616.324	288.4038	0.9314834	0.9253753	10.9025
3252	-4325.564	-4611.579	286.0155	0.9314834	0.8446989	12.19699
3258	-4322.882	-4607.637	284.7558	0.7761721	1.101904	12.79678
3264	-4322.181	-4608.919	286.7374	0.8394582	0.9763186	11.79462
3270	-4320.076	-4607.053	286.9772	0.777164	1.046209	11.66571
3276	-4317.206	-4604.182	286.9762	0.7077459	1.157624	11.64833
3282	-4311.685	-4598.649	286.9635	1.035061	1.139042	11.49268
3288	-4324.537	-4615.855	291.3176	1.224259	0.9353026	9.209628
3294	-4344.39	-4631.855	287.465	0.7894414	0.8308688	11.52271
3300	-4346.509	-4630.303	283.794	0.8830999	0.8559947	13.37152
3306	-4344.122	-4629.634	285.5123	0.7919389	1.184126	12.35592
3312	-4319.901	-4604.136	284.2353	0.8295914	1.00982	13.08571
3318	-4318.342	-4604.773	286.4312	0.7624662	0.8171236	12.08486
3324	-4318.693	-4606.568	287.8748	0.7634233	0.9084226	11.27698
3330	-4309.157	-4601.013	291.8563	0.9375443	0.9084226	9.091458
3336	-4308.61	-4596.42	287.8109	0.8676781	0.9214999	11.24857
3342	-4312.317	-4596.874	284.5564	0.7962259	0.9852276	12.94889
3348	-4315.813	-4602.433	286.6201	0.7283357	0.9852276	11.90911
3354	-4317.206	-4605.316	288.11	1.018866	0.9754691	10.98343
3360	-4323.233	-4607.643	284.4105	0.6602764	1.043869	13.06527
3366	-4311.791	-4595.647	283.8564	0.7115823	0.9521079	13.37431
3372	-4334.943	-4621.041	286.0985	0.7658901	0.9845929	12.16199
3378	-4333.864	-4621.507	287.643	1.020069	1.06282	11.18221
3384	-4330.092	-4614.337	284.2452	0.8365982	1.043488	13.05974
3390	-4319.1	-4602.609	283.5088	0.6458514	1.06783	13.5293
3396	-4321.891	-4608.044	286.1527	0.6680793	0.8272818	12.27314
3402	-4312.627	-4597.768	285.1406	0.6591328	1.002575	12.7072
3408	-4318.626	-4604.757	286.1317	0.7268399	0.8145882	12.2611
3414	-4322.059	-4605.52	283.4606	0.7941953	1.069175	13.47661
3420	-4321.805	-4609.914	288.1086	0.8685056	0.8780816	11.1169
3426	-4326.115	-4613.791	287.6758	0.7357172	0.836949	11.43693
3432	-4340.087	-4629.743	289.6556	0.9115297	0.953272	10.24068
3438	-4327.181	-4614.685	287.5034	0.9482004	1.070455	11.28907
3444	-4322.731	-4608.307	285.576	0.9257795	1.146947	12.27022
3450	-4324.424	-4609.609	285.1849	0.899243	1.100683	12.50989
3456	-4312.918	-4599.577	286.659	0.7942344	1.160482	11.76752
3462	-4308.46	-4594.513	286.0532	0.7954872	0.9425161	12.19271
3468	-4314.448	-4600.222	285.7737	0.7074428	0.8633541	12.4288
3474	-4320.041	-4607.442	287.4004	0.8273487	0.9583121	11.46416
3480	-4348.965	-4636.568	287.6031	0.9960453	1.078295	11.20796
3486	-4338.359	-4622.67	284.3112	0.8062851	0.9299549	13.10084
3492	-4338.528	-4624.236	285.7085	0.8067709	0.9215655	12.37801
3498	-4332.638	-4620.564	287.9252	0.8444953	0.8945751	11.21604
3504	-4337.616	-4621.728	284.1111	0.8204355	1.204266	13.06125
3510	-4328.666	-4613.07	284.4042	0.7569802	0.9273018	13.07958
3516	-4328.938	-4618.674	289.7369	0.8660477	0.8839562	10.2607
3522	-4313.587	-4598.177	284.5901	0.7164492	0.9869255	12.97198
3528	-4334.052	-4618.732	284.6805	0.7288329	1.13676	12.84392
3534	-4327.707	-4611.684	283.9777	0.6882352	1.026571	13.28444
3540	-4329.06	-4614.136	285.0759	0.5819724	0.7950523	12.89828
3546	-4318.993	-4603.415	284.4213	0.8283318	1.018482	12.98517
3552	-4312.041	-4596.459	284.4171	0.8175151	1.033822	12.98517
3558	-4315.64	-4604.622	288.9823	0.7527875	1.016986	10.64375
3564	-4314.568	-4598.154	283.5869	0.7410054	0.9856021	13.48122
3570	-4323.638	-4606.479	282.8408	0.7497367	1.394054	13.67684
3576	-4319.899	-4606.563	286.6643	0.7203645	1.138141	11.81381
3582	-4318.449	-4605.01	286.5607	0.8801648	0.9460865	11.88185
3588	-4317.738	-4603.541	285.8036	0.8315898	0.9424117	12.30407
3594	-4303.586	-4590.43	286.8439	0.8146334	0.9691095	11.75577
3600	-4296.122	-4581.031	284.909	0.7908626	0.9691095	12.7768
3606	-4317.532	-4605.151	287.6193	0.7842018	0.8790589	11.41643
3612	-4304.241	-4592.971	288.7295	0.8513411	0.802966	10.84545
3618	-4296.34	-4579.587	283.2476	0.7821782	0.8685063	13.70033
3624	-4295.021	-4580.007	284.9859	0.8584406	1.194682	12.59066
3630	-4301.249	-4588.028	286.7786	0.8279103	0.9321663	11.80298
3636	-4295.252	-4579.059	283.8074	0.8402964	0.9453345	13.33661
3642	-4309.905	-4592.155	282.2495	0.818577	1.048921	14.10238
3648	-4296.516	-4583.804	287.2877	0.8552317	1.004353	11.48409
3654	-4307.26	-4592.984	285.7239	0.7927985	0.9755776	12.34798
3660	-4308.721	-4597.12	288.3989	0.8204095	0.9406213	10.95486
3666	-4299.996	-4589.097	289.1011	0.9202937	0.9829313	10.51141
3672	-4294.442	-4581.305	286.8622	0.8443285	1.053263	11.68715
3678	-4303.894	-4589.96	286.0659	0.8326671	1.074734	12.09812
3684	-4295.423	-4584.055	288.6313	0.7921886	0.9479985	10.84383
3690	-4295.216	-4581.291	286.0752	0.8642273	0.9351677	12.14941
3696	-4292.168	-4581.268	289.1	0.919537	1.020059	10.49287
3702	-4292.594	-4580.389	287.795	0.919537	1.009682	11.18234
3708	-4286.019	-4572.309	286.2899	0.7187655	1.07291	12.0416
3714	-4289.303	-4575.414	286.111	0.8185173	1.158905	12.0416
3720	-4285.428	-4573.122	287.6933	0.8429002	0.9642613	11.29967
3726	-4295.203	-4584.156	288.9533	0.8181508	0.9504184	10.66006
3732	-4294.492	-4580.873	286.3815	0.8208567	0.925046	12.01785
3738	-4293.247	-4578.328	285.0808	0.798192	1.054575	12.63944
3744	-4290.359	-4575.572	285.2134	0.8673031	0.8597541	12.63944
3750	-4301.035	-4586.747	285.7126	0.8375161	0.9413841	12.34898
3756	-4302.021	-4587.882	285.8608	0.8362341	0.94257	12.27176
3762	-4308.461	-4599.685	291.2233	1.082418	1.087071	9.254813
3768	-4321.837	-4611.064	289.2274	1.105346	1.010154	10.33352
3774	-4332.989	-4619.555	286.5653	0.9569471	0.8449238	11.89676
3780	-4314.332	-4604.865	290.5331	1.133627	1.007374	9.632813
3786	-4331.356	-4622.259	290.903	1.103703	1.007315	9.453443
3792	-4316.811	-4607.417	290.6061	1.008914	1.125657	9.600632
3798	-4318.506	-4605.72	287.214	0.8621315	1.008613	11.51683
3804	-4328.105	-4611.485	283.3801	0.7166985	1.063262	13.56159
3810	-4308.612	-4596.594	287.9818	1.023096	0.9134091	11.08228
3816	-4319.105	-4604.894	285.7891	0.8736152	0.9134091	12.3057
3822	-4323.669	-4608.922	285.2536	0.9129512	0.9022662	12.57042
3828	-4314.542	-4604.96	290.418	1.058745	0.854976	9.817788
3834	-4313.855	-4604.501	290.6452	0.9161678	0.9247163	9.733086
3840	-4307.786	-4596.149	288.3629	0.9284254	0.8329834	10.97889
3846	-4305.674	-4595.016	289.3416	0.8962049	0.8116543	10.49544
3852	-4318.038	-4609.584	291.5467	1.057967	1.01151	9.135259
3858	-4310.87	-4599.955	289.0848	0.9567327	1.120038	10.4314
3864	-4298.234	-4585.82	287.586	0.7612439	1.002774	11.3781
3870	-4307.276	-4597.089	289.8132	0.9026177	0.9619224	10.15778
3876	-4312.894	-4598.637	285.7431	0.7662866	1.021387	12.32789
3882	-4310.546	-4596.322	285.776	0.7334302	1.021387	12.32789
3888	-4321.913	-4611.037	289.1242	0.7637597	1.190629	10.47881
3894	-4329.793	-4616.099	286.3057	0.7414038	0.851338	12.14084
3900	-4315.642	-4610.136	294.494	1.213778	0.9835128	7.499061
3906	-4300.37	-4586.952	286.5826	0.778482	0.9721805	11.90944
3912	-4332.839	-4619.019	286.1801	0.888727	0.8879067	12.10835
3918	-4326.497	-4611.065	284.5688	0.7165917	1.076885	12.93725
3924	-4318.799	-4605.248	286.4485	0.8893646	0.9145476	11.95298
3930	-4322.116	-4608.967	286.8502	0.7423123	0.8969243	11.82999
3936	-4320.192	-4603.789	283.5968	0.7166204	0.9111931	13.52895
3942	-4319.845	-4606.494	286.6488	0.8118004	0.9583153	11.86495
3948	-4324.774	-4613.785	289.0118	0.9780226	0.8925702	10.57775
3954	-4328.615	-4616.198	287.5824	0.9099411	1.04074	11.28264
3960	-4315.064	-4601.234	286.1699	0.7766624	0.9811417	12.12095
3966	-4320.249	-4607.109	286.8593	0.897814	0.8163569	11.79125
3972	-4323.236	-4610.055	286.8191	0.7664657	0.9805004	11.78786
3978	-4315.457	-4602.457	287.0003	0.9128465	0.9173109	11.6511
3984	-4304.871	-4594.418	289.5473	1.012592	0.9298723	10.25732
3990	-4320.348	-4605.81	285.4626	0.8385309	0.9913875	12.45196
3996	-4322.62	-4608.026	285.4064	0.8385309	1.048415	12.45196
4002	-4295.138	-4581.713	286.5753	0.9585591	0.9781843	11.81609
4008	-4321.089	-4607.966	286.8765	0.7931651	0.8512249	11.81609
4014	-4324.305	-4607.597	283.2921	0.8598865	0.7611491	13.70184
4020	-4302.113	-4587.904	285.7904	0.9087292	0.9274309	12.27896
4026	-4299.176	-4588.586	289.4104	0.9088478	0.8578493	10.42492
4032	-4314.632	-4602.24	287.6074	1.04368	0.8474645	11.30538
4038	-4322.01	-4609.22	287.2106	0.8255439	0.9580042	11.56448
4044	-4325.853	-4612.207	286.3544	0.8543868	0.8880302	12.0353
4050	-4354.25	-4640.913	286.663	0.9999474	0.9592667	11.75878
4056	-4334.761	-4619.214	284.4523	0.932186	0.9692999	12.94075
4062	-4321.86	-4610.027	288.1662	1.042232	1.212869	10.82514
4068	-4305.561	-4593.164	287.602	0.8568919	0.9203935	11.36409
4074	-4319.073	-4604.642	285.569	0.8506144	1.052327	12.35898
4080	-4326.859	-4615.522	288.663	0.9807916	1.035008	10.68241
4086	-4338.145	-4626.23	288.0854	0.8967518	1.05856	11.01725
4092	-4334.811	-4615.964	281.1535	0.7601398	1.226857	14.61669
4098	-4320.07	-4604.651	284.5813	0.697725	0.7895011	13.09867
4104	-4315.104	-4601.505	286.401	0.9212845	0.9705171	11.93058
4110	-4316.072	-4604.431	288.3586	0.8617543	0.9636101	10.94181
4116	-4310.467	-4595.696	285.2291	0.8611427	1.07512	12.51924
4122	-4318.507	-4603.481	284.974	0.8007905	0.8900596	12.78124
4128	-4323.493	-4607.968	284.475	0.6658573	1.145744	12.97932
4134	-4326.434	-4613.819	287.3849	0.8275775	0.9446184	11.47957
4140	-4319.66	-4608.7	289.0407	0.8125597	0.9975941	10.59191
4146	-4335.871	-4621.444	285.5731	0.8153305	0.8257072	12.49934
4152	-4334.245	-4623.035	288.7905	0.9071403	0.9535419	10.69706
4158	-4312.878	-4598.483	285.6051	0.7683348	0.9237587	12.45067
4164	-4321.809	-4606.266	284.4568	0.7321329	0.8448237	13.11211
4170	-4321.277	-4607.562	286.2848	0.8531372	0.7556645	12.15222
4176	-4310.419	-4597.386	286.9664	0.9303365	0.9880604	11.62131
4182	-4318.439	-4604.957	286.518	0.8040706	0.8832503	11.97891
4188	-4322.779	-4607.342	284.5629	0.8439796	0.9352323	12.94748
4194	-4316.729	-4601.841	285.1118	0.7252944	0.9182818	12.73298
4200	-4306.319	-4596.837	290.5181	0.9275874	1.040098	9.732408
4206	-4308.211	-4597.401	289.1905	0.8508296	1.128452	10.42749
4212	-4319.212	-4610.057	290.8449	1.026122	0.9051654	9.580833
4218	-4302.537	-4587.655	285.1179	0.8319106	0.9777416	12.6421
4224	-4294.511	-4581.376	286.8656	0.8699638	0.9777416	11.71095
4230	-4321.333	-4609.355	288.0215	0.9147431	0.8454986	11.15733
4236	-4331.383	-4622.517	291.1347	0.9322368	1.074102	9.387437
4242	-4324.658	-4613.521	288.8628	0.9096515	1.10278	10.58108
4248	-4323.265	-4607.861	284.5959	0.891899	0.8924255	12.9292
4254	-4318.646	-4606.728	288.0826	0.896878	0.8443432	11.13539
4260	-4312.723	-4601.231	288.5081	0.8058799	1.025524	10.86017
4266	-4307.67	-4594.392	286.722	0.7869306	1.011453	11.81165
4272	-4318.423	-4604.485	286.0619	0.8454267	0.91201	12.17897
4278	-4326.156	-4611.472	285.3165	0.7889378	1.010289	12.54405
4284	-4342.732	-4627.845	285.1139	0.820033	1.06672	12.60476
4290	-4326.041	-4611.447	285.4057	0.8677703	1.04529	12.43868
4296	-4331.021	-4617.258	286.2374	0.8584566	0.9641007	12.05213
4302	-4317.499	-4605.425	287.9257	0.8747465	1.002592	11.14104
4308	-4326.04	-4610.492	284.4523	0.7668889	0.9853524	13.01819
4314	-4338.919	-4624.092	285.1737	0.8202833	1.028077	12.59292
4320	-4324.752	-4610.171	285.4188	0.831767	1.076818	12.4349
4326	-4313.977	-4598.9	284.9229	0.9314883	1.025579	12.66688
4332	-4310.368	-4595.778	285.4095	0.8378752	1.010244	12.47015
4338	-4310.906	-4596.271	285.3651	0.8259873	1.003879	12.50274
4344	-4321.994	-4606.509	284.5153	0.8150286	1.035059	12.93476
4350	-4303.483	-4590.325	286.8428	0.9359953	1.184876	11.58616
4356	-4305.327	-4592.099	286.7727	0.9070241	0.8727438	11.79828
4362	-4305.084	-4591.192	286.1087	1.037338	1.033064	11.98996
4368	-4296.2	-4582.769	286.5682	0.7781569	0.842502	11.98996
4374	-4292.615	-4579.624	287.0092	0.8345452	0.9182289	11.6868
4380	-4302.035	-4590.467	288.4327	0.7974957	0.9614726	10.93782
4386	-4300.113	-4586.109	285.9961	0.8114756	0.9614726	12.20391
4392	-4338.871	-4625.735	286.864	0.854758	0.9594687	11.72952
4398	-4334.221	-4616.29	282.0693	0.8895006	1.005819	14.18091
4404	-4322.344	-4605.894	283.5503	0.8619368	0.9270983	13.46881
4410	-4317.925	-4602.02	284.0951	0.7857518	0.997101	13.18797
4416	-4309.309	-4593.639	284.3303	0.8445912	0.997101	13.03507
4422	-4330.881	-4615.884	285.0029	0.8679607	0.9195827	12.71469
4428	-4317.887	-4600.518	282.6302	0.8548536	1.003827	13.9091
4434	-4308.527	-4592.708	284.1811	0.8257922	0.8640119	13.19549
4440	-4316.483	-4606.468	289.9849	0.9645445	0.9508138	10.04094
4446	-4302.78	-4591.279	288.4987	0.8247522	0.9508138	10.89476
4452	-4309.414	-4595.02	285.6061	0.8375494	1.05707	12.3441
4458	-4311.151	-4598.042	286.8914	0.8267237	1.04647	11.6845
4464	-4309.611	-4596.302	286.6905	0.8664255	1.223622	11.6845
4470	-4313.447	-4603.523	290.0769	0.8964093	1.056568	9.972865
4476	-4300.557	-4585.94	285.3825	0.8161273	0.9954839	12.50319
4482	-4323.927	-4612.651	288.7237	0.911833	1.032581	10.68794
4488	-4323.918	-4610.163	286.2451	0.9110302	1.072214	11.96502
4494	-4324.54	-4610.262	285.7217	0.9704193	0.9661944	12.26157
4500	-4326.084	-4611.248	285.164	0.8819115	1.120696	12.52018
4506	-4326.587	-4612.581	285.9945	0.9302201	1.001686	12.12156
4512	-4320.361	-4607.136	286.7751	0.8457275	0.9323858	11.7954
4518	-4321.698	-4609.375	287.6771	0.876993	1.196592	11.17534
4524	-4316.237	-4600.214	283.9767	0.6770899	0.9918559	13.30866
4530	-4304.205	-4592.678	288.4726	0.84585	0.9236537	10.9123
4536	-4301.649	-4589.864	288.2152	0.9571449	1.069167	10.9123
4542	-4305.542	-4591.591	286.0489	0.8366399	0.9599157	12.16411
4548	-4308.389	-4597.244	288.8552	0.9132752	0.9029924	10.68795
4554	-4346.656	-4628.274	281.6175	0.8610852	0.9879682	14.43897
4560	-4309.54	-4596.675	287.1345	0.893203	0.8709077	11.61759
4566	-4316.98	-4605.59	288.6099	0.9811612	0.8709077	10.79939
4572	-4310.91	-4597.174	286.2644	0.8883446	1.123169	11.942
4578	-4307.332	-4593.156	285.8233	0.7891394	1.037487	12.26599
4584	-4314.288	-4601.733	287.445	0.8918764	0.8342327	11.47757
4590	-4311.832	-4594.958	283.1258	0.8178775	1.036053	13.6547
4596	-4322.644	-4606.937	284.2935	0.7166412	1.088078	13.07491
4602	-4323.647	-4606.644	282.997	0.8117528	0.8433475	13.82965
4608	-4311.877	-4598.233	286.3564	0.7978571	0.8101621	12.10961
4614	-4308.348	-4594.281	285.9328	0.7682589	0.9755838	12.25191
4620	-4313.863	-4600.905	287.0419	0.8874275	0.972316	11.61264
4626	-4313.571	-4601.622	288.051	0.8200101	1.09914	11.0554
4632	-4311.431	-4598.964	287.5331	0.9140734	1.09914	11.27724
4638	-4304.089	-4590.366	286.2774	0.780956	1.134413	11.98591
4644	-4306.586	-4592.757	286.171	0.9148935	1.104436	11.98591
4650	-4316.041	-4607.398	291.3563	0.955303	0.9887206	9.302232
4656	-4328.117	-4618.729	290.612	0.9512736	1.081375	9.649608
4662	-4330.178	-4620.106	289.928	0.9686618	1.069847	10.00651
4668	-4321.382	-4610.536	289.1543	0.9686618	1.102689	10.39705
4674	-4313.413	-4602.192	288.7794	0.9103682	1.069452	10.6409
4680	-4310.002	-4598.293	288.2914	0.7356112	1.070052	10.98804
4686	-4312.942	-4601.088	288.1459	0.8810719	1.070052	10.98804
4692	-4338.988	-4621.864	282.8751	0.8852785	0.8923471	13.8265
4698	-4344.692	-4627.918	283.226	0.7049	1.114379	13.62281
4704	-4315.294	-4600.725	285.4315	0.7427265	0.8519294	12.59534
4710	-4312.241	-4599.024	286.7837	0.8355317	1.006482	11.75662
4716	-4302.374	-4586.872	284.498	0.7731584	0.9982148	12.98448
4722	-4309.96	-4597.783	287.823	0.9082125	0.9982148	11.17959
4728	-4314.045	-4600.052	286.0067	0.8745524	0.9982148	12.14603
4734	-4316.794	-4602.039	285.2442	0.7316108	0.9658056	12.63489
4740	-4342.031	-4625.264	283.233	0.7621798	0.9959748	13.64852
4746	-4356.406	-4639.685	283.2782	0.6196189	1.096662	13.64852
4752	-4304.856	-4589.285	284.4295	0.8014572	0.9711616	13.0196
4758	-4308.324	-4594.291	285.9673	0.8089722	0.9802532	12.2102
4764	-4318.04	-4600.887	282.8466	0.7869426	0.9802532	13.84438
4770	-4312.643	-4596.618	283.975	0.8885787	0.9802532	13.20574
4776	-4309.663	-4593.597	283.9334	0.8534037	0.9235505	13.27622
4782	-4323.079	-4607.658	284.5784	0.673292	1.052688	12.96676
4788	-4310.154	-4593.745	283.591	0.6741935	1.053521	13.47897
4794	-4322.68	-4608.678	285.9976	0.844535	0.9885285	12.1715
4800	-4323.982	-4607.837	283.8544	0.8477241	1.005451	13.27649
4806	-4310.597	-4597.622	287.0258	0.8289767	0.9466957	11.66538
4812	-4310.228	-4595.105	284.8776	0.8772122	1.165602	12.65064
4818	-4306.758	-4592.653	285.8948	0.7793746	0.8677784	12.32565
4824	-4303.296	-4591.253	287.9573	0.71299	0.9537417	11.23518
4830	-4293.195	-4579.755	286.5598	0.8246598	0.9537417	11.90714
4836	-4304.705	-4592.019	287.3139	0.9712365	0.8852644	11.47475
4842	-4332.544	-4621.845	289.3009	0.9178659	0.801869	10.51149
4848	-4333.051	-4617.952	284.9005	0.777925	0.9648107	12.79023
4854	-4319.302	-4602.739	283.4369	0.8252113	0.9953288	13.51025
4860	-4313.342	-4602.271	288.9292	0.9060048	0.9953288	10.60254
4866	-4320.283	-4605.837	285.5536	0.8105576	1.249788	12.29521
4872	-4315.483	-4602.244	286.7614	0.77933	0.9629529	11.82058
4878	-4317.995	-4602.315	284.3197	0.7371003	1.053886	13.06749
4884	-4321.486	-4604.199	282.7131	0.7630871	0.8093834	14.02247
4890	-4320.325	-4601.835	281.5098	0.625926	0.8093834	14.71686
4896	-4300.343	-4588.364	288.0211	0.7712313	0.9892809	11.15228
4902	-4320.92	-4610.253	289.3334	0.8726124	1.256852	10.28189
4908	-4316.604	-4603.677	287.0726	0.8385492	1.122114	11.54646
4914	-4313.102	-4597.694	284.5921	0.6545793	1.039502	12.97601
4920	-4305.05	-4590.023	284.9728	0.7265357	0.935259	12.79532
4926	-4299.744	-4585.525	285.7809	0.7749718	1.064019	12.28214
4932	-4295.123	-4583.392	288.2691	0.8270319	0.939569	11.01998
4938	-4302.148	-4590.701	288.5539	0.8225804	0.8775417	10.90801
4944	-4304.483	-4592.726	288.2436	0.8652964	1.146583	10.90801
4950	-4294.577	-4579.383	284.806	0.7896941	0.9058256	12.86553
4956	-4289.215	-4575.346	286.1316	0.7896941	1.00898	12.11955
4962	-4341.888	-4623.822	281.934	0.7132044	1.072306	14.30888
4968	-4330.557	-4611.985	281.4274	0.6934832	1.045537	14.59479
4974	-4308.612	-4594.86	286.2481	0.7371236	1.062524	12.05899
4980	-4296.783	-4582.343	285.5605	0.6756207	1.067729	12.44688
4986	-4307.792	-4594.941	287.1489	0.6721418	0.8390448	11.74427
4992	-4306.345	-4589.353	283.0078	0.6310295	0.8563546	13.91018
4998	-4307.715	-4594.007	286.2924	0.7781489	1.096358	11.99785
5004	-4324.871	-4608.877	284.0056	0.7251939	1.0537	13.23704
5010	-4319.29	-4603.328	284.0385	0.8024165	0.9437373	13.23704
5016	-4321.822	-4607.043	285.2207	0.8697028	1.097422	12.50824
5022	-4336.833	-4619.928	283.0954	0.7630542	0.8321401	13.81053
5028	-4340.276	-4626.429	286.1528	0.7993858	0.9924261	12.11207
5034	-4322.796	-4609.718	286.9225	0.8501781	0.9201888	11.72283
5040	-4336.4	-4619.168	282.7677	0.71485	0.9586016	13.93417
5046	-4329.403	-4611.421	282.0177	0.7394197	0.8731762	14.35751
5052	-4341.302	-4625.38	284.0777	0.7394197	0.8731762	13.28882
5058	-4321.171	-4606.175	285.0045	0.7394197	0.9513466	12.76337
5064	-4316.473	-4602.565	286.0923	0.7950806	0.923223	12.18316
5070	-4316.338	-4600.9	284.5619	0.8079164	1.197855	12.83617
5076	-4313.682	-4597.617	283.9353	0.8056412	0.922685	13.30053
5082	-4306.417	-4590.486	284.069	0.8120444	0.8799248	13.25175
5088	-4307.319	-4590.963	283.644	0.8495228	1.175948	13.30179
5094	-4296.862	-4583.402	286.5401	0.8298776	0.9122248	11.93755
5100	-4301.323	-4586.822	285.4996	0.7618052	0.9240692	12.50885
5106	-4304.865	-4589.095	284.2299	0.799582	0.8923943	13.16753
5112	-4306.064	-4595.214	289.1508	0.8981929	0.9244983	10.52867
5118	-4318.306	-4603.961	285.6547	0.7740038	1.079843	12.34058
5124	-4323.138	-4610.211	287.0735	0.786985	0.8998783	11.68838
5130	-4312.117	-4599.304	287.1873	0.7829911	0.8917867	11.63559
5136	-4322.429	-4609.875	287.446	0.8033471	1.030762	11.41486
5142	-4320.362	-4607.671	287.309	0.810061	0.8615449	11.5753
5148	-4328.222	-4616.967	288.7449	0.8021494	0.8768812	10.81898
5154	-4333.621	-4622.945	289.3238	0.797586	0.9172373	10.49472
5160	-4323.14	-4605.966	282.8262	0.7137113	0.9867364	13.88956
5166	-4325.264	-4610.093	284.8289	0.7249143	0.9457275	12.86535
5172	-4319.666	-4601.738	282.0719	0.669561	0.9757213	14.30922
5178	-4308.531	-4594.362	285.8308	0.751864	0.8755242	12.36887
5184	-4316.933	-4600.332	283.3992	0.6771817	0.9537604	13.62867
5190	-4301.779	-4585.736	283.957	0.695436	0.957407	13.3276
5196	-4324.774	-4609.705	284.9309	0.6845312	0.9661446	12.8223
5202	-4323.654	-4608.874	285.2196	0.7552226	1.015602	12.60932
5208	-4324.521	-4611.218	286.697	0.7305431	0.9111403	11.90811
5214	-4315.507	-4599.884	284.3771	0.7485655	1.047481	13.03493
5220	-4318.467	-4605.292	286.8253	0.7686502	0.9115803	11.82096
5226	-4310.146	-4599.146	289	0.8886983	1.041621	10.55053
5232	-4318.859	-4607.414	288.5554	0.9650226	0.975142	10.77838
5238	-4300.72	-4583.557	282.8367	0.7149301	0.9933979	13.88
5244	-4331.667	-4613.293	281.6258	0.7468601	1.119244	14.42841
5250	-4339.871	-4625.248	285.3771	0.832139	1.133567	12.42898
5256	-4343.839	-4632.17	288.3308	0.916018	1.066735	10.87449
5262	-4311.232	-4597.673	286.4404	0.735048	0.8418696	12.07951
5268	-4316.741	-4603.627	286.8862	0.7127518	0.8418696	11.85854
5274	-4323.073	-4610.048	286.9748	0.8442461	0.9498266	11.68234
5280	-4319.092	-4604.448	285.3567	0.8442461	0.9498266	12.5263
5286	-4322.63	-4609.07	286.4399	0.8264723	1.0391	11.92407
5292	-4318.177	-4604.61	286.4325	0.9871023	0.9930861	11.86784
5298	-4306.465	-4595.59	289.1242	0.9555071	0.9930861	10.47537
5304	-4312.576	-4595.811	283.2344	0.8889443	1.024912	13.56707
5310	-4329.14	-4618.037	288.8961	0.89663	1.044093	10.59964
5316	-4334.669	-4624.62	289.9513	0.9942544	0.9910401	10.02136
5322	-4327.994	-4614.562	286.5683	0.8673301	1.068882	11.8208
5328	-4330.26	-4612.15	281.8895	0.773604	1.225432	14.22913
5334	-4317.31	-4600.386	283.0757	0.8160163	1.173434	13.61545
5340	-4327.286	-4611.327	284.0412	0.7763402	0.9547729	13.24325
5346	-4327.113	-4611.465	284.352	0.7305266	0.9288379	13.1196
5352	-4323.007	-4607.279	284.2712	0.7161433	0.9288379	13.16911
5358	-4319.015	-4605.174	286.1585	0.7775833	0.9288379	12.15463
5364	-4316.784	-4600.587	283.8026	0.7675121	1.040052	13.32741
5370	-4321.866	-4605.766	283.9003	0.7443671	1.004353	13.30692
5376	-4318.527	-4603.58	285.0533	0.8900563	0.9077119	12.68356
5382	-4304.686	-4590.403	285.7165	0.7785876	0.9311035	12.38328
5388	-4320.985	-4605.496	284.5109	0.6990758	0.7872804	13.13598
5394	-4315.92	-4600.532	284.6123	0.7326176	1.054996	12.91715
5400	-4316.049	-4598.015	281.9657	0.754844	1.05689	14.27852
5406	-4323.457	-4606.834	283.3774	0.70646	0.8888186	13.66064
5412	-4328.255	-4613.127	284.8715	0.9258482	0.8888186	12.77023
5418	-4329.12	-4615.359	286.239	0.7553492	1.00282	12.08466
5424	-4314.349	-4600.566	286.217	0.727294	0.926266	12.15181
5430	-4311.855	-4597.851	285.9964	0.81697	1.056127	12.15181
5436	-4326.495	-4612.146	285.651	0.8348988	0.983734	12.35971
5442	-4330.46	-4613.563	283.1028	0.7094541	0.9266454	13.78051
5448	-4333.755	-4617.197	283.4425	0.7738549	0.9748856	13.54477
5454	-4313.449	-4598.791	285.3421	0.7193543	1.012807	12.56565
5460	-4312.506	-4597.652	285.1459	0.8220704	1.110577	12.56565
5466	-4318.267	-4601.677	283.4098	0.6900764	1.155346	13.51577
5472	-4322.94	-4607.163	284.2229	0.6346449	0.8336912	13.29089
5478	-4315.157	-4601.884	286.7274	0.9184688	0.9926082	11.74995
5484	-4341.363	-4626.58	285.2163	0.9659438	0.8647555	12.58367
5490	-4326.151	-4608.235	282.0841	0.6957033	0.9598065	14.2978
5496	-4321.929	-4608.637	286.7081	0.8196601	1.083605	11.76544
5502	-4327.392	-4614.705	287.3125	0.8422537	0.9322568	11.51656
5508	-4335.329	-4619.521	284.1921	0.8203766	0.9380642	13.15099
5514	-4329.121	-4615.24	286.1188	0.7744755	1.213908	12.03527
5520	-4337.69	-4623.873	286.1829	0.8553847	1.054649	12.03527
5526	-4333.715	-4618.234	284.5187	0.7928782	1.054649	12.93465
5532	-4314.232	-4598.899	284.667	0.818278	1.091988	12.82586
5538	-4307.639	-4589.959	282.3194	0.6523214	1.074505	14.13966
5544	-4314.182	-4597.8	283.6178	0.771666	0.8482043	13.52544
5550	-4316.012	-4602.008	285.9967	0.8270531	1.033709	12.15774
5556	-4314.936	-4599.114	284.1778	0.7926091	0.9563811	13.16295
5562	-4333.274	-4620.404	287.1298	0.7347635	1.033591	11.6145
5568	-4323.192	-4609.094	285.9015	0.7676841	1.002715	12.25426
5574	-4310.222	-4595.836	285.614	0.6874471	0.9737468	12.46108
5580	-4316.37	-4601.043	284.6731	0.7014971	0.9737468	12.94353
5586	-4318.4	-4603.3	284.8998	0.8308031	0.7907449	12.86307
5592	-4313.005	-4598.213	285.2075	0.709526	1.016062	12.63917
5598	-4326.165	-4613.66	287.4951	0.7010221	1.016062	11.45023
5604	-4312.52	-4596.503	283.9829	0.7552868	1.07703	13.22166
5610	-4324.335	-4611.527	287.192	0.7674401	0.8504793	11.6652
5616	-4324.296	-4609.669	285.3729	0.7674401	0.976566	12.5435
5622	-4312.974	-4601.739	288.7652	0.8723464	0.976566	10.71617
5628	-4329.786	-4618.719	288.9337	1.036811	0.9069519	10.5797
5634	-4323.692	-4609.151	285.4591	0.9520111	0.8200116	12.49097
5640	-4311.399	-4598.193	286.7946	0.7932509	0.9278187	11.81512
5646	-4313.344	-4598.126	284.782	0.7261492	0.9401846	12.89209
5652	-4325.511	-4608.083	282.5723	0.744608	0.9401846	14.03
5658	-4332.162	-4617.079	284.917	0.7915068	0.8352043	12.84761
5664	-4320.487	-4609.076	288.589	0.8800815	0.8780706	10.85916
5670	-4325.079	-4612.524	287.4444	0.9398278	0.913482	11.40702
5676	-4325.947	-4613.192	287.2447	0.8899943	0.913482	11.53743
5682	-4323.408	-4607.894	284.486	0.8387375	0.9770647	12.96768
5688	-4327.219	-4611.51	284.291	0.8265644	1.19728	12.96768
5694	-4338.796	-4621.07	282.2738	0.8803631	0.9781778	14.09407
5700	-4310.992	-4597.204	286.2119	0.7928132	0.9058025	12.13168
5706	-4320.505	-4607.469	286.9643	0.7420819	1.086543	11.67069
5712	-4312.083	-4599.069	286.9858	0.753655	1.086543	11.65342
5718	-4324.673	-4612.148	287.4744	0.8522944	0.9848503	11.39829
5724	-4328.652	-4618.674	290.0222	0.9391427	1.138992	9.938689
5730	-4374.049	-4656.746	282.697	0.7914754	0.9861178	13.91652
5736	-4360.07	-4645.703	285.6334	0.9398281	0.8810623	12.37062
5742	-4348.553	-4633.442	284.8895	0.7664884	1.011462	12.77739
5748	-4348.21	-4636.134	287.9237	0.9575903	1.011462	11.0941
5754	-4345.49	-4631.398	285.9081	0.8311695	0.8808515	12.28419
5760	-4329.098	-4614.984	285.8863	0.7824728	0.94678	12.28419
5766	-4327.762	-4612.529	284.7677	0.6861099	0.94678	12.91678
5772	-4334.977	-4618.298	283.3206	0.9559654	0.9895505	13.5058
5778	-4343.812	-4627.749	283.9371	0.9124317	0.9420452	13.23349
5784	-4331.687	-4616.728	285.0411	0.8303168	1.103309	12.61939
5790	-4317.904	-4603.311	285.4068	0.7810036	0.9623622	12.52638
5796	-4332.689	-4619.691	287.0017	0.7270751	1.118951	11.64325
5802	-4333.824	-4618.088	284.2635	0.8667648	0.9098612	13.1053
5808	-4332.395	-4618.307	285.9119	0.7270416	1.053748	12.24398
5814	-4333.058	-4618.072	285.0138	0.7220362	1.008527	12.73737
5820	-4341.158	-4625.751	284.5931	0.7015507	1.035549	12.95306
5826	-4326.157	-4613.146	286.9893	0.8392368	1.035664	11.63229
5832	-4324.302	-4609.218	284.9155	0.7539851	1.02532	12.76326
5838	-4325.65	-4611.153	285.5025	0.8175878	0.9306197	12.47471
5844	-4323.11	-4612.665	289.5547	0.8894661	0.9774507	10.29224
5850	-4322.972	-4610.823	287.8509	0.7901509	0.9732248	11.24
5856	-4332.228	-4618.456	286.2278	0.9860981	0.9236978	12.01256
5862	-4336.139	-4623.7	287.5613	0.8618721	1.101709	11.28858
5868	-4335.816	-4625.452	289.6361	0.9519184	0.9508397	10.23101
5874	-4332.59	-4618.698	286.108	0.834019	1.016258	12.10498
5880	-4344.062	-4631.177	287.1148	0.7437203	1.060235	11.60423
5886	-4338.713	-4620.694	281.9807	0.6690772	1.248907	14.22569
5892	-4340.021	-4627.144	287.1234	0.76469	1.108518	11.56505
5898	-4343.761	-4629.392	285.6313	0.7065751	0.9573431	12.45089
5904	-4331.783	-4616.551	284.7678	0.9963518	1.110724	12.67166
5910	-4319.359	-4604.631	285.2724	0.9101143	1.010537	12.50378
5916	-4332.867	-4616.127	283.2598	0.7223428	0.8876845	13.71411
5922	-4321.41	-4606.283	284.8729	0.7175741	0.8847984	12.88013
5928	-4314.879	-4601.711	286.8318	0.8346817	1.07017	11.69959
5934	-4325.03	-4612.36	287.3295	0.8323019	1.170073	11.39277
5940	-4319.589	-4603.729	284.1401	0.8128101	1.12543	13.08665
5946	-4314.352	-4598.583	284.2308	0.8128101	1.02955	13.08665
5952	-4329.575	-4616.68	287.1055	0.6644316	1.007441	11.67741
5958	-4335.058	-4617.631	282.5731	0.7615854	0.9778367	14.00064
5964	-4331.688	-4615.612	283.9244	0.7695935	0.8691182	13.35514
5970	-4331.485	-4616.993	285.5078	0.8443067	0.8936888	12.47861
5976	-4324.43	-4609.015	284.5847	0.6999578	0.9906219	12.98139
5982	-4320.092	-4604.892	284.7999	0.7643561	0.9906219	12.83598
5988	-4326.75	-4613.083	286.3325	0.9253901	0.9111659	11.9966
5994	-4321.547	-4607.665	286.1172	0.8129576	1.020488	12.10897
6000	-4321.269	-4607.648	286.3788	0.8645647	1.179186	11.86842
6006	-4315.14	-4597.339	282.1989	0.7252782	0.9641847	14.22069
6012	-4314.429	-4600.651	286.2216	0.8204919	1.170839	11.97731
6018	-4303.762	-4590.099	286.3368	0.8126794	0.9879685	12.01148
6024	-4309.895	-4593.504	283.6086	0.9024417	1.01055	13.37313
6030	-4305.981	-4589.71	283.7298	0.7432111	1.070367	13.36271
6036	-4310.149	-4598.267	288.1171	0.9221005	0.929203	11.0555
6042	-4299.391	-4584.921	285.5297	0.7548781	0.9709421	12.47138
6048	-4295.777	-4581.286	285.5089	0.8771606	0.8753798	12.47138
6054	-4287.846	-4572.289	284.4424	0.7533026	0.8753798	13.09081
6060	-4309.103	-4598.998	289.8943	0.902991	1.129867	10.02938
6066	-4297.773	-4586.31	288.537	1.050276	1.014576	10.72255
6072	-4294.493	-4582.993	288.5006	0.7335776	1.03275	10.89833
6078	-4288.431	-4576.922	288.4905	0.9151415	0.8679477	10.89833
6084	-4291.113	-4578.512	287.3992	0.7605877	1.002883	11.47605
6090	-4293.936	-4581.048	287.1116	0.7770043	1.175651	11.53302
6096	-4303.312	-4587.262	283.9501	0.6882611	1.023617	13.30028
6102	-4302.597	-4588.778	286.1807	0.974181	1.023617	11.99018
6108	-4306.892	-4594.379	287.487	0.8899508	0.9848924	11.37196
6114	-4303.607	-4589.09	285.4834	0.8483319	0.8808701	12.49656
6120	-4324.881	-4609.639	284.7571	0.8279157	0.9709902	12.83552
6126	-4334.692	-4618.811	284.1188	0.8765962	0.9393096	13.15919
6132	-4307.204	-4595.122	287.918	0.8182565	0.9686675	11.19262
6138	-4310.011	-4597.068	287.0565	0.7518082	0.9686675	11.67783
6144	-4317.384	-4604.157	286.7731	1.022189	0.9451161	11.69731
6150	-4308.981	-4593.964	284.9832	0.8129318	1.118503	12.65131
6156	-4303.565	-4589.929	286.3637	0.7968187	1.015145	11.99155
6162	-4311.356	-4598.298	286.9426	0.8773674	0.9696631	11.6712
6168	-4312.806	-4597.857	285.0505	0.8736015	0.9696631	12.65977
6174	-4304.457	-4590.283	285.8266	0.8419624	1.304394	12.11284
6180	-4323.513	-4608.95	285.4378	0.8114408	1.204582	12.37525
6186	-4329.391	-4614.143	284.7524	0.8761814	1.179562	12.70989
6192	-4328.881	-4607.615	278.7338	0.8311261	0.9985895	15.9399
6198	-4311.238	-4593.446	282.2073	0.8018327	1.086023	14.11461
6204	-4309.251	-4591.702	282.4509	0.6355361	1.00612	14.11461
6210	-4306.405	-4588.587	282.1814	0.7119262	1.067051	14.18393
6216	-4294.557	-4579.171	284.6135	0.7825955	1.061474	12.88727
6222	-4303.884	-4588.207	284.3224	0.8738401	1.00706	13.01882
6228	-4301.271	-4587.869	286.5983	0.9185923	0.9626613	11.83321
6234	-4304.082	-4587.147	283.065	0.6847597	0.8786225	13.83983
6240	-4307.201	-4592.17	284.9692	0.692048	1.104404	12.72831
6246	-4315.799	-4600.9	285.1013	0.8802881	0.8402393	12.70252
6252	-4331.108	-4618.258	287.1502	0.8802881	0.9583317	11.5673
6258	-4327.374	-4611.293	283.9192	0.8321668	0.8981725	13.30877
6264	-4329.001	-4612.217	283.2162	0.7066928	0.8981725	13.73892
6270	-4326.726	-4609.129	282.4027	0.743577	1.024934	14.07394
6276	-4324.181	-4612.975	288.794	0.9669473	1.024934	10.62608
6282	-4328.978	-4616.725	287.7472	0.8889372	0.909378	11.27752
6288	-4331.666	-4619.546	287.88	0.7561412	0.909378	11.27752
6294	-4321.615	-4611.645	290.0306	0.7412202	0.8693316	10.18037
6300	-4320.009	-4604.826	284.8174	0.7927588	0.8693316	12.87879
6306	-4314.849	-4602.298	287.4484	0.8215984	0.8779236	11.48688
6312	-4327.632	-4613.853	286.2206	0.7225086	0.9905972	12.11775
6318	-4309.773	-4596.873	287.0996	0.8099944	0.9390557	11.64092
6324	-4314.54	-4598.12	283.5802	0.8356599	0.8949337	13.48487
6330	-4306.05	-4593.059	287.0086	0.8330925	0.9655809	11.66205
6336	-4291.597	-4578.364	286.767	0.9364266	1.028162	11.7015
6342	-4306.859	-4599.092	292.2328	0.9061892	0.9522479	8.884222
6348	-4302.348	-4589.603	287.2556	0.829886	0.9676042	11.53356
6354	-4314.082	-4600.133	286.0512	0.908523	1.062457	12.07234
6360	-4318.104	-4605.86	287.7554	0.7456046	1.275269	11.16803
6366	-4301.731	-4587.48	285.7489	0.7531785	1.097333	12.29381
6372	-4304.237	-4592.108	287.8707	0.7371677	1.103641	11.19094
6378	-4303.686	-4592.119	288.4339	0.817885	0.93912	10.93867
6384	-4298.659	-4587.178	288.5188	0.8836091	1.117181	10.76817
6390	-4308.727	-4596.111	287.3832	0.7761086	0.8086009	11.5859
6396	-4310.557	-4595.224	284.6671	0.7731409	0.9531371	12.92039
6402	-4323.132	-4607.833	284.7007	0.849128	0.8836475	12.90193
6408	-4312.085	-4601.149	289.0644	0.9207698	1.037579	10.50193
6414	-4326.187	-4608.918	282.7315	0.9216809	0.8582957	13.9016
6420	-4326.71	-4609.785	283.0747	0.8290789	0.8922338	13.75218
6426	-4308.903	-4592.67	283.7666	0.8009581	1.02758	13.33505
6432	-4317.102	-4605.094	287.9922	0.9131693	0.9313792	11.12436
6438	-4313.785	-4598.138	284.3527	0.7268799	1.105049	13.03057
6444	-4315.101	-4600.959	285.8583	0.8759014	1.042211	12.2001
6450	-4319.048	-4604.052	285.0035	0.8033762	0.9621183	12.72484
6456	-4318.419	-4603.268	284.8486	0.8254442	0.973535	12.78788
6462	-4326.511	-4612.495	285.984	0.8324975	1.013425	12.17189
6468	-4332.094	-4618.933	286.839	0.8428736	0.9019471	11.78049
6474	-4334.177	-4622.891	288.7147	0.9088935	0.9203959	10.75415
6480	-4324.586	-4608.905	284.3198	0.7284789	1.013434	13.09247
6486	-4320.453	-4603.655	283.2027	0.8364333	1.044333	13.60095
6492	-4320.302	-4604.946	284.6444	0.825374	1.079834	12.83987
6498	-4309.339	-4595.849	286.5103	0.9033797	1.0601	11.83664
6504	-4334.172	-4618.459	284.2874	0.6724577	0.9208878	13.18774
6510	-4326.558	-4609.436	282.8778	0.7727057	0.9331763	13.86082
6516	-4327.951	-4612.405	284.4541	0.7603557	0.9331763	13.04867
6522	-4339.943	-4620.702	280.7589	0.7925072	1.039611	14.89248
6528	-4327.528	-4612.131	284.6026	0.7734919	1.051999	12.90242
6534	-4327.286	-4611.413	284.1269	0.7683948	0.8851165	13.24136
6540	-4319.381	-4604.149	284.768	0.8159532	0.9764144	12.83321
6546	-4332.76	-4617.407	284.6467	0.781703	0.863512	12.97668
6552	-4322.798	-4610.647	287.849	0.8376554	0.8055724	11.31207
6558	-4321.934	-4612.49	290.5569	1.025554	1.091759	9.634318
6564	-4312.853	-4599.398	286.5447	0.9513234	1.240499	11.70878
6570	-4312.033	-4595.272	283.2394	0.7574589	0.9195734	13.68859
6576	-4319.28	-4603.995	284.7152	0.7589427	1.035072	12.85995
6582	-4316.616	-4599.553	282.9366	0.8527827	1.021722	13.74205
6588	-4310.763	-4593.558	282.7952	0.7495412	1.05091	13.85422
6594	-4311.039	-4597.562	286.5228	0.7762832	1.0484	11.90234
6600	-4310.875	-4592.524	281.6497	0.8694932	1.058826	14.38187
6606	-4308.753	-4589.99	281.2375	0.7169992	1.037985	14.68471
6612	-4313.887	-4597.833	283.9461	0.841016	0.9771495	13.2471
6618	-4318.072	-4603.064	284.9924	0.7999821	1.00145	12.71163
6624	-4315.081	-4601.176	286.095	0.7244062	1.075657	12.13898
6630	-4322.444	-4603.115	280.6708	0.6428856	1.034579	15.01798
6636	-4320.835	-4601.964	281.1293	0.7586964	0.9927363	14.74226
6642	-4316.675	-4597.896	281.2213	0.6930132	1.021833	14.71367
6648	-4306.856	-4591.629	284.7729	0.7020822	0.9581896	12.89962
6654	-4321.36	-4605.271	283.9112	0.7776735	0.9581896	13.30826
6660	-4337.975	-4625.605	287.6306	0.8782871	1.236351	11.18106
6666	-4350.659	-4635.003	284.3444	0.8404783	0.9206874	13.07093
6672	-4320.207	-4606.317	286.1106	0.9334793	1.172446	11.97553
6678	-4321.754	-4607.884	286.1297	0.8172568	0.880933	12.17591
6684	-4321.842	-4606.456	284.6142	0.730797	0.880933	13.01002
6690	-4329.568	-4613.844	284.2762	0.8689262	1.190698	12.95632
6696	-4329.709	-4614.893	285.1839	0.833286	1.10536	12.54251
6702	-4318.716	-4604.939	286.2229	0.8280497	0.9455196	12.08562
6708	-4315.609	-4601.474	285.8649	0.8450566	0.9455196	12.26339
6714	-4313.823	-4598.65	284.8269	0.908332	1.052846	12.71512
6720	-4319.754	-4608.136	288.3826	0.8243844	0.9359441	10.9639
6726	-4308.649	-4597.589	288.9399	0.8293958	0.912251	10.6823
6732	-4328.109	-4610.006	281.897	0.8426171	0.8915608	14.3561
6738	-4330.553	-4613.167	282.6143	0.7075429	0.8367959	14.08606
6744	-4344.077	-4628.851	284.7743	0.8942842	0.9926908	12.78058
6750	-4316.579	-4600.717	284.1375	0.6711114	1.07591	13.18559
6756	-4316.309	-4600.695	284.3855	0.8637888	0.9560159	13.01817
6762	-4321.17	-4602.052	280.8817	0.76707	0.839569	14.95079
6768	-4327.443	-4608.089	280.6453	0.76707	1.066923	14.95079
6774	-4314.512	-4598.711	284.1985	0.6872553	1.061836	13.15245
6780	-4321.745	-4606.021	284.2765	0.8350751	1.130568	13.00172
6786	-4324.108	-4610.828	286.7207	0.8278274	0.9325303	11.83305
6792	-4329.074	-4614.178	285.1038	0.7565271	1.063678	12.6446
6798	-4339.672	-4625.539	285.8661	0.8173171	0.8957588	12.30482
6804	-4321.173	-4609.8	288.6271	1.027189	1.086661	10.65096
6810	-4314.674	-4602.508	287.8343	0.8874023	0.9448767	11.21311
6816	-4316.149	-4602.372	286.2225	0.9042527	0.9415194	12.04824
6822	-4319.724	-4605.469	285.7448	0.7908992	0.842313	12.41274
6828	-4330.397	-4619.412	289.0158	0.9616088	1.074042	10.48765
6834	-4319.612	-4606.878	287.2659	0.8813645	0.8475157	11.56879
6840	-4323.608	-4609.124	285.5158	0.8414826	1.050695	12.39228
6846	-4314.983	-4599.807	284.8238	0.8815882	0.9371867	12.79109
6852	-4324.144	-4609.136	284.9927	0.8734752	1.078747	12.63414
6858	-4344.952	-4627.824	282.8717	0.8572377	1.229657	13.67454
6864	-4310.706	-4597.101	286.3945	0.7337055	0.9578819	12.03863
6870	-4331.703	-4619.844	288.1412	0.7527044	0.9480099	11.12125
6876	-4341.124	-4624.709	283.5852	0.8090864	0.8971746	13.49477
6882	-4312.865	-4598.153	285.2886	0.8583505	0.9474374	12.55569
6888	-4313.506	-4598.841	285.3352	0.7804005	1.097099	12.49529
6894	-4330.801	-4617.677	286.876	0.8487294	0.952316	11.73028
6900	-4320.316	-4605.675	285.3591	0.835502	1.038373	12.48325
6906	-4316.463	-4604.524	288.0605	1.00018	0.9795957	11.01692
6912	-4315.129	-4601.804	286.6753	0.8646536	1.094388	11.7538
6918	-4320.191	-4604.521	284.33	0.7070694	1.094388	13.0578
6924	-4319.914	-4604.08	284.1661	0.8709824	1.094388	13.0578
6930	-4310.19	-4595.385	285.1955	0.7386479	1.001034	12.63804
6936	-4319.197	-4601.69	282.4926	0.7811468	0.9726525	14.03497
6942	-4317.783	-4604.748	286.9649	0.8035876	0.8244062	11.78046
6948	-4309.374	-4596.372	286.9973	0.9106487	1.004297	11.60696
6954	-4311.469	-4598.247	286.7786	0.8676844	0.9274239	11.78486
6960	-4312.015	-4598.992	286.977	0.8906478	0.8955732	11.68708
6966	-4313.498	-4600.11	286.6124	0.8061541	1.023726	11.85249
6972	-4307.307	-4592.128	284.8215	0.7333379	0.9246064	12.87636
6978	-4302.182	-4585.341	283.1586	0.7927381	0.9580768	13.69128
6984	-4316.475	-4603.918	287.4429	0.8203761	1.190009	11.33051
6990	-4304.731	-4590.228	285.497	0.7280258	1.192013	12.3936
6996	-4312.661	-4599.046	286.3852	0.801334	0.9204067	12.02869
7002	-4307.769	-4592.576	284.8073	0.7549204	0.8965247	12.88817
7008	-4313.495	-4596.485	282.99	0.6902228	0.9095541	13.85846
7014	-4330.178	-4613.914	283.7364	0.768117	0.8466677	13.46661
7020	-4309.669	-4598.882	289.2124	0.9986975	1.045931	10.37901
7026	-4297.01	-4583.202	286.1925	0.8682372	1.184215	11.96142
7032	-4312.994	-4602.348	289.3543	0.9901176	0.9111204	10.38102
7038	-4312.836	-4597.993	285.1573	0.9457447	0.9111204	12.59854
7044	-4310.616	-4596.384	285.7674	0.7796732	1.133954	12.25278
7050	-4302.521	-4589.363	286.8417	0.8899005	0.9479687	11.72903
7056	-4310.813	-4597.282	286.4681	0.8078292	1.196953	11.84326
7062	-4307.132	-4593.906	286.774	0.8078292	0.8833608	11.84326
7068	-4308.758	-4593.99	285.2321	0.8039524	0.9596201	12.60687
7074	-4308.413	-4594.863	286.4498	0.883123	0.845486	11.99522
7080	-4305.254	-4593.292	288.0384	0.762349	1.138747	11.07312
7086	-4312.975	-4600.516	287.5404	0.780051	1.065924	11.35989
7092	-4312.462	-4596.748	284.2866	0.7365823	0.8928914	13.17051
7098	-4312.804	-4600.375	287.5712	0.8013852	1.074197	11.32851
7104	-4311.146	-4598.544	287.3983	0.8447609	1.067016	11.39984
7110	-4315.926	-4601.179	285.2533	0.7902196	1.056123	12.55298
7116	-4320.132	-4608.195	288.0637	0.9216473	1.124819	10.98308
7122	-4319.178	-4607.371	288.1925	1.053246	1.078528	10.86919
7128	-4321.265	-4609.679	288.4146	0.9576113	0.9507879	10.86919
7134	-4318.985	-4602.798	283.8127	0.8405873	0.9731867	13.31877
7140	-4335.32	-4618.714	283.3943	0.7906372	1.199241	13.45142
7146	-4344.835	-4628.488	283.6527	0.7209073	0.9971816	13.45142
7152	-4334.45	-4617.146	282.6966	0.760937	1.034421	13.90775
7158	-4330.007	-4612.238	282.2318	0.8197638	0.8618025	14.2115
7164	-4318.491	-4603.171	284.6805	0.9000897	0.9309435	12.85946
7170	-4326.27	-4609.758	283.488	0.7505795	1.022556	13.50846
7176	-4321.51	-4606.86	285.3506	0.8389158	1.044407	12.48283
7182	-4326.033	-4610.016	283.983	0.8141635	1.031195	13.2139
7188	-4320.388	-4609.472	289.0832	0.8150846	0.7938003	10.68464
7194	-4324.76	-4610.464	285.7043	0.860205	1.025256	12.29721
7200	-4333.63	-4620.398	286.769	0.7340839	1.004252	11.81844
7206	-4331.018	-4618.121	287.1027	1.013288	1.091524	11.45421
7212	-4323.713	-4614.72	291.0069	0.9209393	0.9704331	9.514699
7218	-4329.31	-4616.427	287.1174	0.8644676	0.9859932	11.57791
7224	-4339.257	-4625.752	286.4946	0.7901745	1.017252	11.92563
7230	-4335.05	-4619.89	284.8396	0.7847725	0.9859932	12.80714
7236	-4340.105	-4624.874	284.7688	0.7943452	0.9859932	12.83897
7242	-4323.367	-4608.587	285.2203	0.8372018	0.8897325	12.63428
7248	-4319.375	-4606.028	286.6527	0.8435043	1.044512	11.80135
7254	-4321.361	-4606.26	284.8992	0.7486117	1.01355	12.78058
7260	-4319.325	-4609.445	290.121	0.8006839	1.039888	10.00851
7266	-4307.719	-4594.505	286.7858	0.7593179	1.01913	11.78877
7272	-4317.304	-4603.906	286.6016	0.6900342	0.9104141	11.97944
7278	-4324.327	-4611.756	287.4295	0.764944	0.9632427	11.47892
7284	-4321.034	-4607.638	286.6044	0.7125432	0.8462202	12.00311
7290	-4314.107	-4599.104	284.9968	0.7709903	1.035018	12.70715
7296	-4330.796	-4616.685	285.8888	0.7598769	1.180439	12.1781
7302	-4321.604	-4604.744	283.1392	0.767404	1.07187	13.65605
7308	-4324.324	-4609.469	285.1444	0.8006479	0.8485649	12.71661
7314	-4319.447	-4604.726	285.2786	0.7544692	1.108328	12.53281
7320	-4341.166	-4623.533	282.3668	0.6617376	1.146634	14.07564
7326	-4337.171	-4620.913	283.7419	0.736205	1.14811	13.3227
7332	-4323.617	-4608.246	284.6283	0.7978467	1.100144	12.85267
7338	-4312.352	-4597.03	284.6781	0.9169127	0.9296294	12.85267
7344	-4322.369	-4605.877	283.5082	0.8791734	1.123184	13.38162
7350	-4333.916	-4617.686	283.7707	0.7728345	0.9630548	13.38113
7356	-4325.764	-4609.577	283.8132	0.7854454	0.9105699	13.38113
7362	-4325.868	-4614.032	288.1641	0.8485648	0.9619681	11.05149
7368	-4339.239	-4625.485	286.246	0.8264825	1.067982	12.01079
7374	-4335.185	-4618.196	283.0114	0.7648297	0.9429126	13.7903
7380	-4341.39	-4621.932	280.5421	0.7390009	0.9949204	15.05514
7386	-4332.635	-4616.413	283.7776	0.7390009	1.103859	13.32371
7392	-4330.115	-4613.1	282.9843	0.7253049	1.023558	13.78249
7398	-4325.405	-4606.751	281.3456	0.7253049	0.9386839	14.67629
7404	-4325.663	-4608.627	282.9646	0.8378936	1.108981	13.69206
7410	-4333.556	-4619.137	285.581	0.7655715	0.9021181	12.47673
7416	-4328.786	-4613.753	284.9678	0.9324203	0.9021181	12.70916
7422	-4329.254	-4614.376	285.1224	0.7643684	1.005759	12.66026
7428	-4323.913	-4606.217	282.3037	0.7263178	0.9685875	14.16346
7434	-4340.257	-4624.242	283.9856	0.7273859	0.9501714	13.30004
7440	-4317.174	-4599.063	281.8892	0.77932	1.027948	14.32
7446	-4319.598	-4601.08	281.4823	0.7470674	0.9077297	14.6113
7452	-4320.492	-4604.95	284.4577	0.9564817	1.103762	12.85715
7458	-4308.42	-4597.565	289.1447	0.9302992	0.9423095	10.50522
7464	-4316.658	-4605.471	288.8127	0.8432114	1.059458	10.66366
7470	-4321.143	-4605.772	284.6292	0.7125656	1.270303	12.81863
7476	-4304.569	-4587.151	282.5814	0.7391473	0.858373	14.07405
7482	-4307.837	-4590.382	282.545	0.7289273	0.858373	14.09821
7488	-4303.319	-4588.859	285.5402	0.7962322	0.858373	12.5071
7494	-4308.89	-4590.897	282.0071	0.785098	1.110472	14.21527
7500	-4317.301	-4602.556	285.2544	0.6528949	0.9499317	12.67912
7506	-4319.775	-4607.771	287.9958	0.808155	0.9577663	11.16304
7512	-4308.233	-4593.144	284.9111	0.796307	0.9568503	12.77943
7518	-4301.818	-4586.762	284.9435	0.7832575	0.9751052	12.75957
7524	-4303.897	-4590.563	286.666	0.834552	0.9863784	11.82914
7530	-4303.531	-4589.457	285.9261	0.8070279	0.9504352	12.24869
7536	-4313.278	-4600.639	287.3605	0.6976735	1.021848	11.51933
7542	-4319.09	-4605.892	286.8017	0.8084993	1.245931	11.64672
7548	-4316.664	-4601.035	284.3709	0.6979076	0.8795002	13.1544
7554	-4322.332	-4605.616	283.2838	0.7233878	0.873866	13.70896
7560	-4317.701	-4602.077	284.3761	0.8418328	0.9499589	13.03772
7566	-4315.584	-4598.92	283.3362	0.8020178	0.9284715	13.61036
7572	-4319.942	-4602.992	283.0506	0.6784616	1.196884	13.68913
7578	-4337.866	-4624.723	286.857	0.856856	0.9040994	11.76258
7584	-4322.836	-4605.821	282.985	0.7614875	0.9830352	13.78434
7590	-4317.671	-4602.168	284.4968	0.7575972	1.083359	12.95018
7596	-4308.611	-4597.291	288.6797	0.9641911	1.31592	10.55145
7602	-4309.974	-4598.174	288.1997	0.8951785	1.027849	10.97378
7608	-4302.233	-4593.556	291.3231	1.030969	1.04572	9.250075
7614	-4307.474	-4595.475	288.001	0.9014622	1.087874	11.04442
7620	-4318.494	-4605.135	286.6419	0.7208491	0.8549921	11.97407
7626	-4317.656	-4606.249	288.5931	0.9073479	1.023179	10.76364
7632	-4317.867	-4605.245	287.3778	1.143684	0.943599	11.31854
7638	-4309.743	-4599.971	290.2285	1.053359	1.259381	9.714497
7644	-4319.174	-4609.645	290.4708	1.046136	1.058558	9.685458
7650	-4310.596	-4598.251	287.6543	0.8440719	1.067482	11.26608
7656	-4324.939	-4610.676	285.7367	0.9104899	1.023036	12.25525
7662	-4323.157	-4610.963	287.8053	0.9126822	0.9464089	11.21421
7668	-4309.656	-4595.115	285.4595	0.7689516	1.005256	12.48261
7674	-4313.656	-4601.645	287.9888	0.8804261	1.066437	11.07244
7680	-4325.099	-4612.635	287.5355	0.8349563	1.007913	11.36328
7686	-4322.336	-4611.023	288.6868	0.8682232	0.9812826	10.75698
7692	-4311.855	-4598.808	286.9526	0.8050704	0.9931575	11.69126
7698	-4324.663	-4611.134	286.4714	0.9767342	0.9954911	11.85171
7704	-4316.91	-4605.107	288.1971	0.9356281	1.02675	10.95454
7710	-4315.657	-4599.793	284.1358	0.8577455	0.9925703	13.13176
7716	-4313.91	-4598.397	284.4871	0.8442915	1.154743	12.87601
7722	-4326.766	-4613.172	286.4061	0.770765	0.8697982	12.06243
7728	-4316.661	-4603.108	286.4471	0.7890704	0.9803592	11.97031
7734	-4308.101	-4591.472	283.371	0.8086755	0.9848741	13.55857
7740	-4337.697	-4621.961	284.2641	0.7132051	0.9707495	13.15167
7746	-4333.599	-4621.071	287.4724	0.8505249	1.1718	11.30768
7752	-4314.537	-4598.754	284.2165	0.7790634	1.18559	13.03643
7758	-4320.894	-4605.936	285.0417	0.8780121	1.142312	12.57567
7764	-4318.168	-4603.629	285.4608	0.7752071	0.9560734	12.50467
7770	-4308.854	-4596.259	287.4056	0.7941763	0.9767554	11.46892
7776	-4302.803	-4587.973	285.1699	0.8538595	0.9080415	12.64151
7782	-4309.506	-4593.963	284.4573	0.8945954	0.997884	12.94266
7788	-4314.096	-4598.015	283.9191	0.9103783	1.044866	13.19022
7794	-4303.827	-4585.739	281.9118	0.7773896	0.8819411	14.38768
7800	-4316.949	-4602.443	285.4939	0.8315146	0.9211941	12.47714
7806	-4321.295	-4604.468	283.173	0.824506	0.9386006	13.67783
7812	-4318.368	-4607.293	288.9258	0.8682661	0.9477115	10.64969
7818	-4308.921	-4594.835	285.9142	0.9378236	0.9076467	12.21027
7824	-4319.535	-4604.016	284.4812	0.8505019	1.12709	12.8889
7830	-4337.658	-4622.971	285.313	0.7821073	1.094428	12.50723
7836	-4333.399	-4614.241	280.8422	0.6874579	1.094428	14.87673
7842	-4324.45	-4609.502	285.0522	0.7792649	1.067737	12.65765
7848	-4317.511	-4604.215	286.7038	0.8993163	0.8801175	11.83403
7854	-4309.786	-4599.459	289.6729	0.9343287	0.987752	10.20103
7860	-4297.296	-4585.601	288.3051	0.7948795	0.9464161	11.0142
7866	-4304.788	-4588.45	283.6628	0.6547674	0.919893	13.52193
7872	-4302.952	-4587.533	284.5805	0.8366579	0.9354436	12.94201
7878	-4302.429	-4590.575	288.1469	0.8254706	0.8336368	11.14551
7884	-4298.158	-4586.129	287.9711	0.9369761	0.8911974	11.14551
7890	-4310.876	-4600.683	289.8076	0.9369761	0.9588635	10.14431
7896	-4309.99	-4597.409	287.4184	0.8256072	0.95709	11.45636
7902	-4327.045	-4616.009	288.9642	0.8972571	0.861046	10.66335
7908	-4321.453	-4608.916	287.4631	0.8040579	0.9157613	11.46696
7914	-4315.253	-4599.794	284.5404	0.8567222	1.016616	12.90945
7920	-4306.617	-4590.849	284.2319	0.8064379	0.8378557	13.19447
7926	-4301.442	-4591.123	289.6816	0.829465	0.8942865	10.30301
7932	-4306.757	-4590.504	283.7472	0.8305148	0.9570125	13.36661
7938	-4309.621	-4597.92	288.2988	0.7502694	0.9570125	11.03515
7944	-4309.279	-4596.018	286.7392	0.7300833	0.9867727	11.84525
7950	-4312.373	-4598.63	286.2568	0.8390673	0.9104908	12.08152
7956	-4301.391	-4586.721	285.3296	0.8314275	1.082147	12.47889
7962	-4310.7	-4597.374	286.6739	0.9345059	1.082147	11.724
7968	-4312.74	-4598.274	285.5343	0.739087	1.093606	12.41476
7974	-4306.519	-4591.886	285.3673	0.739087	0.9482963	12.57636
7980	-4296.629	-4582.008	285.3786	0.7537552	0.9235469	12.57636
7986	-4299.162	-4585.716	286.5541	0.9055753	1.024306	11.83071
7992	-4303.186	-4590.737	287.5508	0.864887	0.8347235	11.4361
7998	-4311.892	-4595.11	283.2182	0.7391718	1.117737	13.60746
8004	-4294.431	-4579.776	285.345	0.848392	0.9385257	12.53635
8010	-4289.854	-4575.401	285.547	0.9652221	1.039056	12.31744
8016	-4293.362	-4583.105	289.7429	0.9797033	1.040748	10.11282
8022	-4291.611	-4578.525	286.9145	0.9151862	0.9157819	11.69554
8028	-4299.65	-4587.144	287.4935	0.7951188	1.086255	11.3665
8034	-4291.832	-4576.055	284.2229	0.8162452	1.152784	13.0289
8040	-4291.278	-4577.78	286.5015	0.8060079	1.008389	11.91836
8046	-4290.292	-4576.059	285.7664	0.9270289	1.022464	12.2314
8052	-4300.328	-4588.691	288.3621	1.062555	0.8885802	10.87643
8058	-4299.082	-4587.846	288.7639	0.9500471	0.8927932	10.72235
8064	-4296.347	-4582.852	286.5048	0.8560097	0.8927932	11.95328
8070	-4300.828	-4586.035	285.207	0.7990587	1.064117	12.56853
8076	-4310.084	-4596.232	286.1475	0.7709222	0.8007903	12.23835
8082	-4319.288	-4607.938	288.6497	0.8657	0.8480003	10.85248
8088	-4322.463	-4607.835	285.3723	0.8242538	0.8251537	12.59962
8094	-4305.834	-4590.697	284.8631	0.6290757	0.9906656	12.87344
8100	-4313.957	-4598.17	284.2128	0.7544961	1.176738	13.05517
8106	-4300.683	-4584.835	284.1519	0.8754892	1.110297	13.05517
8112	-4291.738	-4578.734	286.9963	0.7124877	1.032658	11.69639
8118	-4296.996	-4583.307	286.3112	0.697383	1.083317	12.03654
8124	-4318.104	-4602.111	284.0074	0.7916294	1.193589	13.13495
8130	-4322.667	-4603.729	281.0623	0.7440183	0.9925621	14.78462
8136	-4328.295	-4612.845	284.5502	0.7576642	1.019868	12.95418
8142	-4320.848	-4609.57	288.7217	0.79585	1.187528	10.67464
8148	-4317.789	-4606.35	288.5602	0.9086969	1.243967	10.67464
8154	-4324.314	-4613.868	289.5546	0.9086969	0.8931971	10.32874
8160	-4301.864	-4593.188	291.3237	0.9048023	0.8213813	9.441518
8166	-4302.783	-4587.876	285.0926	0.8457816	0.8874859	12.69757
8172	-4284.367	-4569.155	284.7881	0.7335181	1.013019	12.84649
8178	-4292.092	-4579.922	287.8299	0.7644179	0.9280438	11.28901
8184	-4294.388	-4578.126	283.7378	0.6827725	0.9955813	13.42784
8190	-4298.336	-4581.826	283.4901	0.6842422	1.102695	13.50202
8196	-4295.146	-4580.657	285.5115	0.8100301	0.8941366	12.49433
8202	-4300.292	-4584.471	284.1797	0.8960323	1.151291	13.01058
8208	-4289.601	-4574.739	285.138	0.7413953	0.9249198	12.70728
8214	-4300.54	-4587.382	286.8423	0.8344067	0.9548618	11.75399
8220	-4310.341	-4596.96	286.6186	0.7649056	0.8369264	11.97389
8226	-4321.198	-4604.482	283.2841	0.853985	0.992418	13.5762
8232	-4311.08	-4597.839	286.7595	1.04063	1.006132	11.66232
8238	-4334.94	-4621.643	286.7028	1.097284	1.006132	11.66232
8244	-4318.925	-4606.409	287.4846	0.7986428	1.008188	11.40875
8250	-4317.047	-4604.627	287.5797	0.719757	1.109458	11.34954
8256	-4319.497	-4604.898	285.4011	0.7964928	0.9491189	12.52843
8262	-4313.656	-4599.344	285.6879	0.665828	0.8075706	12.52843
8268	-4299.191	-4588.26	289.0687	0.9275732	0.7750231	10.64506
8274	-4310.458	-4599.489	289.0309	0.8162164	1.013231	10.58694
8280	-4298.986	-4583.61	284.6241	0.7937457	0.9656564	12.92535
8286	-4299.331	-4585.025	285.6942	0.7698075	0.8769695	12.42987
8292	-4292.666	-4578.252	285.5859	0.743894	0.9729738	12.44677
8298	-4299.469	-4583.772	284.3027	0.6587489	1.02641	13.13096
8304	-4297.864	-4581.98	284.1163	0.7465448	1.020807	13.18506
8310	-4300.584	-4588.228	287.6442	0.8205448	0.7723833	11.44882
8316	-4318.112	-4607.505	289.3936	0.8250925	1.012978	10.39197
8322	-4309.055	-4596.164	287.1091	0.6828926	1.031344	11.65358
8328	-4303.745	-4590.989	287.2441	0.8657128	1.042833	11.48164
8334	-4314.155	-4602.876	288.7211	0.8622183	0.8026941	10.84429
8340	-4314.63	-4603.632	289.0016	0.8814902	0.8957474	10.63194
8346	-4306.239	-4590.268	284.0297	0.7194618	0.9537287	13.27936
8352	-4298.49	-4585.562	287.0717	0.804594	0.9537287	11.65033
8358	-4302.501	-4590.781	288.2808	0.8052555	0.9178439	11.03726
8364	-4338.816	-4622.151	283.3349	0.7834321	0.8230949	13.6811
8370	-4302.177	-4589.267	287.0902	0.8804078	1.022916	11.56458
8376	-4299.894	-4584.556	284.6623	0.780376	1.114703	12.83705
8382	-4294.221	-4578.034	283.8126	0.7621229	1.100849	13.29499
8388	-4299.721	-4584.328	284.607	0.8725112	0.9467595	12.90342
8394	-4311.086	-4598.41	287.3232	0.9207935	1.078392	11.39369
8400	-4320.314	-4605.602	285.2879	0.8002456	1.126171	12.49557
8406	-4317.931	-4606.407	288.4764	0.7673984	0.9031291	10.96291
8412	-4332.094	-4619.023	286.9284	0.7870653	1.001347	11.70902
8418	-4340.899	-4627.785	286.8854	0.9008484	0.8285238	11.76871
8424	-4312.806	-4600.206	287.3998	0.9216203	0.9638328	11.41222
8430	-4317.026	-4600.953	283.9273	0.7297599	0.9082451	13.35211
8436	-4319.809	-4604.284	284.4748	0.7820819	0.9198481	13.03393
8442	-4317.893	-4601.061	283.168	0.9008291	0.9970582	13.60972
8448	-4316.674	-4603.208	286.5344	0.8964666	0.9029072	11.91095
8454	-4305.699	-4589.833	284.1334	0.7920568	0.8513202	13.24521
8460	-4310.337	-4599.193	288.8562	0.8127498	1.074167	10.64945
8466	-4311.203	-4600.617	289.4138	0.8178506	0.9051421	10.44366
8472	-4320.427	-4608.6	288.1724	0.7652056	1.018208	11.06114
8478	-4314.884	-4601.227	286.343	0.784948	0.9907343	12.0213
8484	-4317.786	-4606.688	288.9019	0.8684108	1.267608	10.50601
8490	-4316.495	-4604.229	287.7332	0.8605025	1.279721	11.11755
8496	-4340.121	-4628.516	288.3954	0.716756	1.110815	10.92338
8502	-4313.514	-4601.703	288.1889	0.9232858	1.110815	10.92338
8508	-4316.5	-4606.183	289.6834	0.9200331	1.199586	10.09869
8514	-4314.039	-4599.68	285.6417	0.8278043	0.967564	12.37683
8520	-4320.783	-4606.229	285.4454	0.7704913	1.106044	12.4387
8526	-4328.72	-4613.54	284.8202	0.7315348	1.109147	12.78299
8532	-4330.15	-4615.183	285.0338	0.8440686	0.8722539	12.73779
8538	-4329.592	-4615.718	286.1261	0.7990726	0.9075681	12.17214
8544	-4344.182	-4628.577	284.3949	0.7097778	0.9731466	13.08417
8550	-4335.88	-4623.64	287.7602	1.047919	1.015545	11.13029
8556	-4314.116	-4601.038	286.9222	0.7834492	1.037252	11.69569
8562	-4319.662	-4602.401	282.739	0.762197	0.9419551	13.93349
8568	-4321.467	-4605.97	284.5026	0.8722672	0.9786429	12.94081
8574	-4326.98	-4616.841	289.8616	0.8513806	0.7910305	10.25859
8580	-4321.22	-4606.699	285.4789	0.737988	1.008503	12.4869
8586	-4334.016	-4619.378	285.3626	0.7712424	1.094804	12.4869
8592	-4327.851	-4611.945	284.0941	0.8738908	0.9870394	13.14793
8598	-4323.738	-4611.791	288.0533	0.8241791	0.8893004	11.16261
8604	-4334.191	-4618.582	284.391	0.9028563	1.018668	12.96207
8610	-4323.132	-4608.493	285.3612	0.8539058	1.041225	12.47111
8616	-4326.372	-4612.338	285.9667	0.7787303	1.021414	12.20482
8622	-4327.284	-4609.606	282.3224	0.790664	1.003057	14.10238
8628	-4325.794	-4613.887	288.0929	0.9226495	1.131197	10.96423
8634	-4323.171	-4612.805	289.6339	1.239874	0.9048693	10.10633
8640	-4313.038	-4604.105	291.0668	1.092034	0.9307824	9.41452
8646	-4317.961	-4608.848	290.8874	1.092034	1.001627	9.470837
8652	-4335.77	-4625.176	289.4062	1.070593	1.219222	10.15633
8658	-4332.019	-4615.974	283.9547	0.9886014	1.052667	13.12711
8664	-4337.58	-4626.54	288.9596	0.9441173	0.9140989	10.61072
8670	-4339.395	-4625.091	285.6959	0.8953924	0.8650182	12.37048
8676	-4329.575	-4615.189	285.6141	0.8102535	1.024759	12.37048
8682	-4335.017	-4618.449	283.4326	0.9044028	0.9878843	13.47528
8688	-4317.382	-4605.454	288.0719	0.9682381	1.048591	10.99192
8694	-4316.268	-4598.967	282.699	0.8158339	1.014234	13.88828
8700	-4313.698	-4599.902	286.2035	0.8160024	0.959969	12.09422
8706	-4317.819	-4602.685	284.8658	0.8257491	0.98061	12.77502
8712	-4328.571	-4613.383	284.8119	0.883036	0.9771709	12.77505
8718	-4326.787	-4614.438	287.6512	0.8440416	1.019686	11.29193
8724	-4332.374	-4617.148	284.7739	1.043285	1.010442	12.69406
8730	-4339.32	-4624.682	285.3627	0.7681123	1.062784	12.5042
8736	-4344.248	-4627.509	283.2614	0.7530735	1.137098	13.56866
8742	-4340.649	-4621.791	281.1418	0.7373446	1.11352	14.6867
8748	-4340.715	-4625.967	285.2519	0.8445453	0.9552095	12.57779
8754	-4333.138	-4620.046	286.9079	0.8945732	0.9917866	11.66857
8760	-4338.935	-4623.261	284.3267	0.8611373	1.085296	12.98388
8766	-4324.127	-4607.973	283.8462	0.878048	1.084814	13.22507
8772	-4325.957	-4606.827	280.8693	0.811891	0.9246472	14.88565
8778	-4325.188	-4607.012	281.8241	0.7099535	1.012974	14.39731
8784	-4338.692	-4621.943	283.2511	0.7548388	0.9849198	13.64869
8790	-4325.352	-4610.287	284.9355	0.8100084	0.9999657	12.73679
8796	-4320.63	-4605.786	285.1561	0.7995478	0.9908758	12.63212
8802	-4325.715	-4613.74	288.0252	0.7744796	0.9908758	11.14761
8808	-4321.018	-4609.867	288.849	1.01224	0.9249746	10.62697
8814	-4330.461	-4614.668	284.2063	0.9367466	1.228819	12.94024
8820	-4329.927	-4616.144	286.2176	0.8319936	1.267984	11.92973
8826	-4318.865	-4603.282	284.4169	0.8741775	1.041539	12.95189
8832	-4318.551	-4604.449	285.8976	0.8055967	0.9523572	12.26321
8838	-4319.011	-4605.068	286.0578	0.7800079	0.8290689	12.26321
8844	-4324.391	-4607.252	282.8611	0.7800079	0.9795569	13.84083
8850	-4341.005	-4627.045	286.0397	0.8467488	0.9754637	12.1553
8856	-4337.791	-4624.977	287.1857	0.800587	0.9013002	11.62186
8862	-4325.988	-4609.607	283.6187	0.8134414	1.027483	13.40543
8868	-4332.792	-4618.677	285.8849	0.7223717	1.027483	12.27376
8874	-4323.654	-4614.084	290.4299	1.153232	1.052267	9.653744
8880	-4312.616	-4605.425	292.8086	1.052048	0.9758404	8.488501
8886	-4305.473	-4596.868	291.3951	1.02013	0.8982109	9.297479
8892	-4309.737	-4595.376	285.6388	0.8172925	0.9643028	12.38556
8898	-4308.627	-4596.435	287.8078	0.9429086	0.9643028	11.18739
8904	-4325.037	-4610.48	285.4432	0.8670303	1.023861	12.43041
8910	-4314.402	-4603.518	289.1159	0.9183054	0.9568976	10.51862
8916	-4321.013	-4608.116	287.1035	0.8820413	0.9568976	11.59156
8922	-4312.384	-4599.992	287.6084	0.9443211	0.9998192	11.27218
8928	-4318.372	-4603.691	285.3192	0.9095529	0.9457238	12.51401
8934	-4332.198	-4618.259	286.0607	0.8937139	0.9364845	12.1409
8940	-4321.668	-4608.775	287.1072	0.8592011	1.057599	11.54917
8946	-4315.452	-4601.756	286.3045	0.7594972	0.9629644	12.06939
8952	-4315.146	-4601.811	286.6646	0.8519371	0.9226502	11.85525
8958	-4316.28	-4605.939	289.659	0.9812401	0.9755331	10.19021
8964	-4315.398	-4603.431	288.0323	0.863948	0.9518336	11.11793
8970	-4306.374	-4591.813	285.4391	0.9180785	0.9518336	12.44381
8976	-4312.574	-4598.623	286.0487	0.8611338	1.165762	12.04866
8982	-4324.859	-4611.355	286.4967	0.8463609	0.8170113	12.007
8988	-4319.124	-4607.954	288.8302	1.015808	0.9460643	10.6233
8994	-4312.981	-4598.558	285.577	0.8151713	1.053329	12.37279
9000	-4313.754	-4599.431	285.6769	0.7804755	0.9182004	12.41003
9006	-4316.994	-4602.068	285.0732	0.8045613	0.8894495	12.72803
9012	-4304.696	-4591.069	286.3732	0.7899653	0.9626335	12.0178
9018	-4304.016	-4591.684	287.6677	0.8624342	0.937752	11.31726
9024	-4309.367	-4594.047	284.6799	0.8550151	0.7981491	12.96028
9030	-4310.597	-4595.102	284.5049	0.8118924	0.9990702	12.96028
9036	-4314.32	-4598.835	284.5146	0.8460339	0.9576384	12.95936
9042	-4310.136	-4596.739	286.6032	0.9181672	0.866011	11.88483
9048	-4316.97	-4605.204	288.2341	0.8722534	0.9501996	11.00883
9054	-4311.084	-4595.645	284.5611	0.8018779	0.9344986	12.97069
9060	-4330.433	-4614.57	284.1368	0.8434033	0.9434434	13.16486
9066	-4324.77	-4609.568	284.7987	0.7758883	0.9969982	12.82726
9072	-4318.834	-4606.155	287.3209	0.8262833	0.9969982	11.48573
9078	-4335.562	-4623.233	287.6715	0.7808222	0.8637003	11.39984
9084	-4319.003	-4604.046	285.043	0.8569088	0.8455346	12.74189
9090	-4315.185	-4600.586	285.4011	0.8569088	0.9528159	12.49496
9096	-4323.284	-4609.479	286.1954	0.8220168	0.995456	12.07648
9102	-4318.548	-4605.048	286.5002	0.7234726	0.9656421	11.98467
9108	-4319.696	-4606.525	286.8296	0.7608935	0.9897353	11.78037
9114	-4329.409	-4615.503	286.0937	0.8223458	0.8358323	12.21834
9120	-4328.123	-4614.134	286.0111	0.7398786	0.989888	12.21834
9126	-4318.427	-4604.713	286.2862	0.7398786	0.8593153	12.14713
9132	-4338.506	-4624.146	285.6405	0.8572845	0.9113666	12.39281
9138	-4330.927	-4618.839	287.9127	0.8004052	0.9544118	11.21242
9144	-4326.743	-4611.775	285.0317	0.805292	1.093054	12.6423
9150	-4319.883	-4608.933	289.0495	0.9338161	1.019472	10.51219
9156	-4316.311	-4600.984	284.6727	0.7653329	0.8995895	12.95105
9162	-4320.019	-4608.469	288.4501	0.9393413	0.8995895	10.88859
9168	-4316.386	-4602.823	286.4372	0.8195621	0.825266	12.04699
9174	-4318.925	-4604.57	285.6446	0.800985	0.8628448	12.44764
9180	-4314.68	-4600.311	285.6312	0.8002486	0.8965206	12.43572
9186	-4307.027	-4596.066	289.0391	0.8134886	0.9116456	10.63893
9192	-4318.143	-4602.411	284.268	0.8134886	1.031934	13.06573
9198	-4332.163	-4617.664	285.5011	0.9083308	0.8461864	12.47622
9204	-4325.189	-4609.282	284.0927	0.8375309	0.8555788	13.24027
9210	-4323.932	-4605.474	281.5424	0.7659316	0.9444867	14.55025
9216	-4306.365	-4593.151	286.7858	0.8383662	0.8094495	11.86488
9222	-4323.052	-4609.695	286.6431	0.8509586	0.9607428	11.84617
9228	-4327.267	-4613.986	286.7195	0.762439	0.9725582	11.84617
9234	-4320.497	-4606.838	286.3418	0.8253678	1.019025	11.98611
9240	-4328.643	-4614.651	286.0081	0.7763407	1.013057	12.1888
9246	-4327.018	-4610.83	283.8112	0.7308955	1.057287	13.3333
9252	-4320.431	-4604.396	283.9649	0.7541721	0.9955197	13.27285
9258	-4331.616	-4618.427	286.8106	0.8216215	1.109827	11.69807
9264	-4342.797	-4627.122	284.3252	0.7125414	0.7846793	13.22712
9270	-4335.441	-4620.286	284.8442	0.7719676	0.8627537	12.87944
9276	-4335.427	-4623.206	287.7796	0.9446004	0.8627537	11.25814
9282	-4325.735	-4612.034	286.2987	0.8951	0.9260218	12.02179
9288	-4316.63	-4602.025	285.395	0.848117	1.067895	12.44318
9294	-4318.085	-4604.214	286.1285	0.7070905	0.9127421	12.21599
9300	-4322.21	-4609.351	287.1404	0.7070905	0.9210006	11.6833
9306	-4327.468	-4613.223	285.7555	0.7228789	0.9981596	12.35607
9312	-4328.938	-4613.484	284.5465	0.6996209	1.24544	12.87927
9318	-4334.355	-4622.862	288.507	0.7663519	1.291816	10.75619
9324	-4321.629	-4608.24	286.6115	0.8484956	0.9108877	11.8913
9330	-4314.344	-4599.744	285.4	0.7217803	1.199888	12.44379
9336	-4321.942	-4607.6	285.6575	0.7640178	0.8913866	12.44379
9342	-4311.905	-4597.333	285.4289	0.7929965	1.089138	12.44379
9348	-4307.404	-4593.504	286.1	0.7484057	0.9401546	12.19417
9354	-4310.118	-4595.469	285.3506	0.8051883	0.9401546	12.55504
9360	-4310.702	-4594.644	283.9421	0.7843777	0.9401546	13.29848
9366	-4319.448	-4606.315	286.8674	0.7848267	0.9829388	11.75172
9372	-4325.452	-4610.133	284.6811	0.7384074	1.06542	12.87316
9378	-4340.368	-4625.12	284.7521	0.709969	1.021429	12.87316
9384	-4305.252	-4589.083	283.8318	0.7543065	0.9967626	13.34129
9390	-4304.693	-4592.398	287.7046	0.9045065	1.094589	11.19472
9396	-4312.575	-4599.472	286.8977	0.8021999	1.007945	11.71376
9402	-4328.391	-4613.357	284.9653	0.7615112	1.080859	12.7056
9408	-4333.621	-4618.727	285.1063	0.6102665	1.091818	12.7056
9414	-4342.22	-4626.094	283.8739	0.7997228	1.149049	13.22066
9420	-4329.749	-4616.961	287.2124	0.6897689	1.055019	11.58401
9426	-4316.397	-4602.272	285.8743	0.8394487	0.8843792	12.29549
9432	-4307.446	-4593.024	285.5777	0.7071697	0.8843792	12.51892
9438	-4324.102	-4609.216	285.1137	0.8166579	0.9185675	12.68427
9444	-4327.254	-4610.578	283.3236	0.8166579	1.041319	13.55
9450	-4325.77	-4610.278	284.5086	0.7346903	1.015624	12.98993
9456	-4315.861	-4602.501	286.6405	0.7427258	1.036225	11.86456
9462	-4319.938	-4605.745	285.8068	0.9377877	0.8777892	12.28321
9468	-4321.394	-4607.358	285.9643	0.7351897	0.9072805	12.28998
9474	-4321.218	-4606.242	285.0234	0.6708374	1.00408	12.76131
9480	-4319.781	-4604.978	285.1974	0.8166029	1.05765	12.56761
9486	-4340.015	-4627.977	287.9618	0.8904721	1.028171	11.10069
9492	-4325.225	-4608.943	283.7181	0.7489265	1.097983	13.35231
9498	-4316.709	-4601.544	284.8353	0.7381672	1.143048	12.75555
9504	-4300.985	-4587.854	286.8688	0.7381672	1.143048	11.69539
9510	-4324.781	-4612.041	287.2607	0.8825102	1.084875	11.44322
9516	-4315.25	-4602.082	286.8323	0.6935258	1.05834	11.77895
9522	-4326.356	-4608.495	282.1384	0.6935258	0.7889582	14.36882
9528	-4332.906	-4618.381	285.4748	0.6556918	0.9253134	12.57636
9534	-4317.977	-4604.113	286.1358	0.6859318	0.9957439	12.17835
9540	-4319.619	-4606.539	286.9191	0.6687962	1.063664	11.74387
9546	-4304.214	-4587.245	283.0311	0.7621632	1.017052	13.74243
9552	-4303.731	-4588.473	284.7423	0.7135874	0.9801345	12.89784
9558	-4307.822	-4595.949	288.1267	0.7692683	0.908991	11.14179
9564	-4318.837	-4606.64	287.8025	0.812215	0.9905101	11.2446
9570	-4335.199	-4621.117	285.9182	0.8607682	0.9642761	12.2173
9576	-4335.958	-4623.142	287.1843	0.8398333	0.9346866	11.5835
9582	-4332.204	-4619.027	286.8235	0.8229589	0.9567675	11.76874
9588	-4325.217	-4613.094	287.877	0.8818119	0.9578138	11.18666
9594	-4317.709	-4603.87	286.1615	0.7854856	0.8685103	12.18306
9600	-4325.963	-4613.551	287.588	0.7854856	0.9528165	11.39098
9606	-4330.197	-4616.741	286.5441	0.7665849	1.028652	11.90627
9612	-4329.947	-4614.123	284.1759	0.7701962	1.094904	13.10484
9618	-4331.022	-4616.236	285.2146	0.8205466	0.850391	12.66865
9624	-4333.15	-4618.081	284.9313	0.8100518	0.8728799	12.80845
9630	-4320.281	-4609.075	288.794	0.8740113	0.9600874	10.70906
9636	-4325.191	-4610.246	285.0546	0.727924	1.140325	12.64799
9642	-4330.467	-4615.545	285.0787	0.8428026	1.107114	12.59152
9648	-4337.925	-4620.17	282.2452	0.6995617	0.9925137	14.19506
9654	-4324.474	-4611.239	286.7642	0.8665323	0.808188	11.86222
9660	-4316.929	-4599.95	283.0213	0.7150267	0.9533796	13.80538
9666	-4321.485	-4606.317	284.8319	0.8280268	1.147864	12.70827
9672	-4305.894	-4587.559	281.6653	0.6570861	1.049223	14.48859
9678	-4317.139	-4598.763	281.6237	0.6726788	1.076391	14.48859
9684	-4309.389	-4594.847	285.4573	0.80398	1.027607	12.45398
9690	-4298.328	-4584.998	286.6702	0.8431027	1.131982	11.74955
9696	-4305.682	-4590.475	284.7927	0.7067109	0.879135	12.93075
9702	-4315.395	-4601.632	286.2378	0.7762969	0.9399436	12.10786
9708	-4326.578	-4608.121	281.5435	0.7018472	1.002307	14.55232
9714	-4312.231	-4598.743	286.5124	0.7951434	1.026569	11.909
9720	-4310.798	-4592.088	281.2902	0.7750815	0.8816945	14.71088
9726	-4318.445	-4601.853	283.4082	0.7581612	0.8452233	13.64301
9732	-4307.089	-4590.301	283.2125	0.8356949	0.9543455	13.64301
9738	-4309.231	-4594.994	285.7628	0.9348237	0.9588917	12.26262
9744	-4313.29	-4601.009	287.7188	0.9769994	0.957272	11.2199
9750	-4337.027	-4623.065	286.0387	0.8021658	1.23077	12.05504
9756	-4337.379	-4622.471	285.0916	0.8202904	1.205704	12.55047
9762	-4335.542	-4621.949	286.4073	0.7793621	1.205704	11.88589
9768	-4323.006	-4608.443	285.4367	0.8106022	1.205704	12.37574
9774	-4325.98	-4613.087	287.1063	0.8397223	1.128683	11.52508
9780	-4342.986	-4628.915	285.9288	0.8871943	0.9325201	12.21525
9786	-4330.818	-4617.682	286.8648	0.8897889	0.9180323	11.73349
9792	-4333.336	-4617.797	284.4609	0.7419045	0.874213	13.08781
9798	-4327.377	-4612.449	285.0722	0.8100038	0.9945344	12.66847
9804	-4318.398	-4601.808	283.4095	0.8403491	0.978789	13.52529
9810	-4335.549	-4619.727	284.178	0.7495394	0.9999964	13.1622
9816	-4339.968	-4625.802	285.8341	0.9172709	0.9980634	12.21384
9822	-4320.743	-4604.079	283.3354	0.7602905	1.122579	13.53332
9828	-4330.779	-4614.389	283.6102	0.6348041	1.231582	13.40575
9834	-4321.918	-4606.833	284.9152	0.6807384	1.214387	12.71104
9840	-4314.887	-4602.024	287.1369	0.569334	1.088311	11.6699
9846	-4332.512	-4618.99	286.4779	0.6890465	1.068385	11.96126
9852	-4327.451	-4617.462	290.0109	1.093908	1.009941	9.927554
9858	-4320.928	-4610.199	289.2705	0.798909	1.036473	10.45826
9864	-4315.145	-4601.397	286.2522	0.8408469	0.9435992	12.06471
9870	-4318.978	-4605.278	286.2998	0.7598563	0.8413357	12.1402
9876	-4315.497	-4599.505	284.008	0.7793564	0.9893123	13.24059
9882	-4319.921	-4606.264	286.3426	0.8156349	0.9586242	12.02253
9888	-4319.346	-4606.592	287.2457	0.758795	0.9915365	11.56318
9894	-4326.357	-4613.434	287.0768	0.8954228	1.023965	11.56318
9900	-4320.81	-4605.196	284.3863	0.7842024	1.025113	13.02294
9906	-4321.069	-4602.163	281.0942	0.8053656	0.993244	14.73601
9912	-4318.968	-4607.711	288.7434	0.9650935	0.9253106	10.70687
9918	-4317.856	-4606.523	288.6677	0.8963674	0.8530825	10.82399
9924	-4330.119	-4619.525	289.4064	1.063744	1.212984	10.16269
9930	-4327.366	-4617.148	289.7819	0.8413428	0.9145507	10.2326
9936	-4314.645	-4598.578	283.9326	0.747925	0.9145507	13.33639
9942	-4323.982	-4609.436	285.4545	0.7575058	1.042487	12.4721
9948	-4327.135	-4615.011	287.876	0.8978085	1.120362	11.09601
9954	-4336.727	-4622.068	285.3416	0.8767016	1.06658	12.45675
9960	-4338.114	-4623.901	285.7874	0.8547242	0.914239	12.31599
9966	-4338.666	-4621.759	283.0923	0.8467778	1.11989	13.61591
9972	-4325.693	-4611.39	285.6967	0.9745791	0.9744355	12.26805
9978	-4319.705	-4602.572	282.8671	1.012458	1.03877	13.68661
9984	-4314.612	-4600.878	286.2653	0.8671459	0.9156987	12.05951
9990	-4321.269	-4605.336	284.0667	0.8345733	0.9809224	13.18581
9996	-4343.992	-4631.167	287.1745	0.8554363	1.042688	11.52349
10002	-4315.798	-4600.77	284.9719	0.8887792	0.9078607	12.72649
10008	-4328.844	-4615.652	286.8078	0.9576347	0.8725574	11.75363
10014	-4310.821	-4598.147	287.3256	0.8483112	0.9127412	11.51739
10020	-4318.115	-4601.147	283.0319	0.7769412	0.9501941	13.76947
10026	-4316.305	-4599.521	283.2156	0.7220754	0.8320324	13.76947
10032	-4315.192	-4599.994	284.8023	0.8084298	0.8790204	12.87292
10038	-4321.613	-4602.083	280.4699	0.6873994	1.001434	15.11574
10044	-4324.315	-4609.219	284.9037	0.829836	1.001434	12.74225
10050	-4319.417	-4605.98	286.5634	0.8923552	0.9440325	11.87523
10056	-4329.807	-4613.538	283.7314	0.8504347	1.091014	13.29604
10062	-4333.172	-4619.408	286.2365	0.8968799	0.9047299	12.06519
10068	-4308.591	-4593.498	284.9077	0.9355334	0.9337032	12.7213
10074	-4311.023	-4596.006	284.9836	0.868966	0.9530015	12.70594
10080	-4313.98	-4599.315	285.3357	0.7845096	0.8208086	12.64194
10086	-4311.696	-4596.482	284.7865	0.7421835	1.056371	12.82086
10092	-4311.73	-4593.85	282.1206	0.9232191	1.00974	14.13481
10098	-4310.142	-4597.913	287.7706	0.9421886	1.132487	11.12215
10104	-4309.213	-4596.349	287.1358	0.8688137	1.018837	11.5489
10110	-4299.852	-4585.897	286.0453	0.8957631	0.9723725	12.12849
10116	-4314.67	-4600.413	285.7439	0.9000418	0.9286389	12.30705
10122	-4306.867	-4591.833	284.966	0.9158578	1.225816	12.55711
10128	-4317.524	-4601.226	283.7018	0.6674131	0.9667781	13.46969
10134	-4305.357	-4588.24	282.8823	0.6980983	1.02416	13.84919
10140	-4312.728	-4597.398	284.6703	0.9083222	0.9527915	12.84858
10146	-4325.904	-4610.655	284.7504	0.7177924	1.063838	12.84858
10152	-4314.329	-4597.129	282.8003	0.7685942	0.9319756	13.90381
10158	-4323.189	-4606.517	283.3285	0.8705288	1.004703	13.53813
10164	-4321.54	-4607.352	285.8121	0.8159829	0.8922346	12.3357
10170	-4332.54	-4618.08	285.5401	0.7999945	0.8265026	12.52404
10176	-4327.633	-4611.859	284.2255	0.7587952	0.8488802	13.21606
10182	-4325.719	-4610.469	284.7506	0.7401792	1.03585	12.85087
10188	-4328.253	-4615.05	286.7971	0.7532301	1.122353	11.73482
10194	-4326.169	-4613.128	286.9589	0.848122	1.076857	11.62285
10200	-4311.373	-4599.584	288.2101	0.9472888	0.9094405	11.00465
10206	-4313.921	-4598.868	284.9463	0.8600614	1.054362	12.67733
10212	-4326.902	-4610.578	283.6756	0.8010938	1.054362	13.36876
10218	-4335.763	-4618.562	282.7994	0.7433609	1.019167	13.87126
10224	-4321.906	-4606.662	284.7557	0.7085961	0.98428	12.89128
10230	-4311.573	-4600.708	289.1346	0.8539716	0.9262313	10.55943
10236	-4313.111	-4597.956	284.8454	0.8053723	0.9718687	12.80084
10242	-4308.065	-4595.765	287.7007	0.9827372	1.044399	11.18081
10248	-4314.83	-4602.241	287.4106	0.9331782	0.9863316	11.38856
10254	-4308.879	-4597.431	288.5522	0.9099168	1.030335	10.78004
10260	-4314.322	-4599.335	285.0134	0.7983255	0.910672	12.7504
10266	-4319.704	-4602.494	282.7904	0.8525958	1.040783	13.80833
10272	-4322.74	-4608.889	286.1498	0.8985021	1.040783	12.037
10278	-4319.594	-4605.842	286.2486	0.8398821	0.8741551	12.10597
10284	-4325.803	-4611.413	285.6104	0.8696065	0.9368498	12.38798
10290	-4321.457	-4602.252	280.7948	0.8064937	0.985918	14.8942
10296	-4321.325	-4606.119	284.7944	0.8346229	0.9866071	12.80436
10302	-4323.735	-4608.554	284.8184	0.9203055	0.9473295	12.76824
10308	-4325.749	-4611.014	285.2651	0.913612	0.8173547	12.61361
10314	-4323.217	-4607.833	284.6157	0.8252421	0.8716024	12.96547
10320	-4315.544	-4599.269	283.7252	0.774709	0.8716024	13.45449
10326	-4327.334	-4611.217	283.8827	0.8112362	1.084734	13.24087
10332	-4333.209	-4614.802	281.5928	0.7332061	1.027781	14.49753
10338	-4319.833	-4605.655	285.8221	0.8933575	0.8248076	12.32953
10344	-4311.314	-4597.083	285.7695	0.8644028	0.8977115	12.32953
10350	-4308.98	-4594.147	285.1677	0.9533989	0.9703676	12.55683
10356	-4319.339	-4603.266	283.927	0.8379329	1.0725	13.20998
10362	-4316.059	-4602.773	286.714	0.9471393	0.8495488	11.82153
10368	-4328.105	-4620.428	292.3232	0.8826765	0.8495488	8.907651
10374	-4321.419	-4609.241	287.8222	0.7847643	0.9204824	11.28657
10380	-4319.026	-4608.405	289.3784	0.9341996	1.115213	10.29135
10386	-4318.857	-4608.655	289.7974	1.012346	1.005625	10.08513
10392	-4321.1	-4607.257	286.1561	1.008306	1.037284	11.97822
10398	-4304.129	-4589.42	285.291	0.8825272	1.037284	12.49476
10404	-4310.779	-4598.519	287.7398	1.032817	1.134441	11.08991
10410	-4314.805	-4600.841	286.0361	0.8722871	0.9592812	12.15253
10416	-4319.393	-4602.566	283.173	0.7987907	1.04829	13.63392
10422	-4317.493	-4602.946	285.4536	0.7586373	1.213037	12.39075
10428	-4316.822	-4602.217	285.3942	0.7522884	0.9356051	12.56236
10434	-4330.278	-4615.58	285.3013	0.7770375	1.00216	12.56236
10440	-4315.211	-4598.636	283.4251	0.7091664	0.8305703	13.66834
10446	-4325.724	-4610.165	284.4414	0.7151979	1.027224	13.02906
10452	-4339.477	-4624.918	285.4406	0.7862574	0.7629114	12.62228
10458	-4332.02	-4617.006	284.9855	0.7276821	1.038707	12.7337
10464	-4314.641	-4602.099	287.4573	0.9391103	1.042869	11.33177
10470	-4321.553	-4610.624	289.0707	0.898101	1.042869	10.50782
10476	-4307.696	-4595.168	287.4723	0.962752	1.073853	11.29604
10482	-4327.567	-4613.218	285.6508	0.7777302	0.9422511	12.41185
10488	-4336.621	-4622.669	286.0485	0.6934481	0.9422511	12.24854
10494	-4320.031	-4604.328	284.297	0.8071099	1.072403	13.03372
10500	-4313.179	-4599.436	286.2566	0.8312274	0.990092	12.04254
10506	-4308	-4596.068	288.0681	0.876327	0.990092	11.07225
10512	-4341.931	-4632.395	290.4637	1.051004	1.315211	9.567397
10518	-4338.125	-4628.944	290.8191	0.9738929	1.213379	9.465562
10524	-4326.662	-4611.406	284.7444	0.8884197	1.223135	12.68792
10530	-4329.339	-4617.925	288.5864	0.8961371	1.075414	10.74663
10536	-4322.541	-4609.322	286.7816	0.7535066	1.086585	11.76014
10542	-4327.629	-4618.862	291.2328	1.022358	1.139268	9.256045
10548	-4310.476	-4596.707	286.2305	0.9117392	1.157835	11.93112
10554	-4311.766	-4600.373	288.6074	1.089138	0.9455487	10.70199
10560	-4348.257	-4637.49	289.2331	0.9560526	1.120067	10.35388
10566	-4338.323	-4625.719	287.3962	0.883084	1.166684	11.33291
10572	-4328.796	-4614.486	285.6898	0.7910112	0.8913101	12.41294
10578	-4328.491	-4613.107	284.6158	0.776878	1.169722	12.83716
10584	-4331.006	-4616.768	285.7626	0.6973022	1.064154	12.33208
10590	-4338.856	-4625.134	286.2784	0.7809135	0.9468549	12.0805
10596	-4328.47	-4615.059	286.5882	0.7824701	1.081408	11.84852
10602	-4341.79	-4627.602	285.8117	0.7601312	0.755805	12.44717
10608	-4317.081	-4603.089	286.0075	0.757127	0.9310442	12.2428
10614	-4323.688	-4609.531	285.8429	0.8366739	1.014343	12.2428
10620	-4333.833	-4617.973	284.1397	0.7698708	1.00031	13.17137
10626	-4329.985	-4613.096	283.111	0.7319677	0.9606603	13.74615
10632	-4337.466	-4621.526	284.0593	0.6987121	0.9645416	13.26895
10638	-4335.543	-4619.669	284.1252	0.7356039	0.8682776	13.26895
10644	-4332.944	-4618.144	285.2005	0.6260734	1.03598	12.67608
10650	-4327.575	-4613.059	285.4839	0.8948393	0.8362892	12.49808
10656	-4333.815	-4617.661	283.8456	0.735127	1.16721	13.26047
10662	-4342.045	-4630.616	288.5718	0.9394836	0.9766123	10.7824
10668	-4326.012	-4612.631	286.6187	0.8656742	1.04468	11.80745
10674	-4320.816	-4608.937	288.1211	0.8643872	0.9627505	11.06533
10680	-4321.537	-4606.843	285.306	0.8348777	0.9627505	12.55061
10686	-4328.57	-4613.952	285.3819	0.7320349	0.9891601	12.55061
10692	-4346.326	-4628.307	281.9805	0.8626708	0.9401571	14.27556
10698	-4339.486	-4625.587	286.1013	0.9711404	1.104177	11.99306
10704	-4336.999	-4623.084	286.0854	0.8161042	1.018123	12.12515
10710	-4331.708	-4616.002	284.2939	0.7931796	1.008373	13.07489
10716	-4326.08	-4611.034	284.9538	0.8831316	0.9779285	12.70077
10722	-4321.172	-4609.722	288.5501	0.8648598	0.9239507	10.86153
10728	-4318.742	-4605.404	286.6626	0.9415634	0.9001121	11.82207
10734	-4342.933	-4627.844	284.9112	0.922388	1.018319	12.68143
10740	-4353.566	-4640.316	286.7504	0.8656056	0.9976242	11.76291
10746	-4349.732	-4635.551	285.819	0.8138828	0.841941	12.36231
10752	-4340.444	-4625.35	284.9054	0.7072739	1.026871	12.79204
10758	-4331.354	-4615.663	284.3097	0.7896579	1.035134	13.05483
10764	-4333.359	-4618.586	285.2271	0.7150602	0.8882195	12.6952
10770	-4343.013	-4631.09	288.0768	0.7407124	1.049143	11.1082
10776	-4351.529	-4640.6	289.0704	0.8483062	0.8702746	10.62794
10782	-4344.221	-4629.167	284.9466	0.8199033	1.040748	12.70495
10788	-4345.39	-4628.18	282.7903	0.8138144	1.040748	13.82849
10794	-4344.085	-4628.71	284.6255	0.8224805	1.047812	12.86711
10800	-4346.513	-4632.471	285.9584	0.9554667	0.8547147	12.20834
10806	-4351.977	-4641.983	290.0063	0.9447136	1.158424	9.934911
10812	-4342.574	-4628.575	286.0004	0.7881067	0.9700736	12.20922
10818	-4328.956	-4615.565	286.6092	0.7397478	1.051946	11.87449
10824	-4329.997	-4619.425	289.4282	0.8293585	1.01037	10.37294
10830	-4324.941	-4611.034	286.0938	0.7570967	1.056065	12.13231
10836	-4316.732	-4603.196	286.4647	0.8958002	1.035973	11.87653
10842	-4325.282	-4609.498	284.2164	0.8154061	0.8339152	13.20024
10848	-4328.988	-4617.292	288.3035	0.8905468	1.143675	10.86475
10854	-4328.705	-4610.895	282.1906	0.6093617	0.9959247	14.26836
10860	-4316.133	-4603.777	287.6446	0.9492349	1.290897	11.11266
10866	-4328.254	-4618.767	290.5124	0.886624	1.062406	9.74565
10872	-4336.024	-4620.287	284.2635	0.89917	1.042812	13.01804
10878	-4343.875	-4631.605	287.7306	0.9738474	0.8395599	11.28216
10884	-4332.982	-4623.094	290.1126	1.017037	0.9446756	9.949444
10890	-4339.803	-4625.446	285.6424	0.7726903	0.935029	12.42277
10896	-4315.403	-4601.983	286.5806	0.7189295	0.935029	11.96164
10902	-4314.986	-4602.397	287.4108	0.9026757	0.9589578	11.41901
10908	-4317.824	-4604.313	286.4891	0.9036402	1.170751	11.79434
10914	-4318.554	-4606.405	287.8507	0.8650281	0.9308161	11.22398
10920	-4315.692	-4602.613	286.9209	0.8076337	0.880841	11.76815
10926	-4316.032	-4603.102	287.0699	0.8473861	0.9726632	11.61876
10932	-4322.229	-4609.336	287.107	0.8102449	0.9726632	11.61876
10938	-4331.035	-4619.194	288.1584	0.9180459	1.036956	10.97879
10944	-4327.035	-4615.568	288.5327	0.8560436	1.085979	10.79057
10950	-4310.924	-4596.178	285.2538	0.8157165	0.9184808	12.61187
10956	-4311.157	-4597.551	286.3938	1.006587	1.029951	11.85882
10962	-4322.756	-4610.871	288.1158	0.8492032	0.923489	11.09755
10968	-4313.901	-4602.54	288.6384	0.7917397	0.9866644	10.81956
10974	-4318.571	-4602.926	284.3554	0.8347857	1.025141	13.01268
10980	-4323.804	-4610.968	287.1637	0.7905635	0.9048894	11.63654
10986	-4317.761	-4604.298	286.5368	0.8241241	0.862808	11.97046
10992	-4322.894	-4606.908	284.0142	0.8643919	0.9826348	13.1967
10998	-4328.5	-4615.641	287.1409	0.8863387	1.0181	11.53745
11004	-4334.221	-4622.926	288.7051	0.9370072	0.8061599	10.81133
11010	-4332.731	-4618.662	285.9304	0.8077646	0.9820883	12.22911
11016	-4320.222	-4607.526	287.3043	0.8766253	0.9854125	11.47417
11022	-4325.759	-4613.931	288.1719	0.8362528	0.985592	11.04123
11028	-4328.652	-4614.263	285.6106	0.8362528	0.9459142	12.40032
11034	-4319.668	-4606.106	286.4383	0.8107977	0.9076838	12.00314
11040	-4309.24	-4595.432	286.1919	0.8317122	1.019288	12.06087
11046	-4319.451	-4607.185	287.7339	0.8317122	0.9600156	11.28655
11052	-4322.279	-4607.226	284.9467	0.8258991	0.9069407	12.77288
11058	-4319.145	-4604.895	285.7502	0.9052404	1.009151	12.25807
11064	-4320.23	-4607.321	287.0905	0.8961704	1.024721	11.55524
11070	-4321.674	-4608.892	287.2174	0.936676	0.9616204	11.50091
11076	-4328.557	-4614.499	285.942	0.936676	0.9616204	12.16676
11082	-4342.219	-4628.41	286.1906	0.7802813	1.020479	12.08775
11088	-4328.188	-4612.185	283.9971	0.8730992	0.8693755	13.26343
11094	-4328.285	-4612.232	283.9466	0.7845907	1.001498	13.26343
11100	-4327.243	-4607.954	280.7111	0.7861063	1.001498	14.93996
11106	-4336.964	-4620.403	283.4395	0.6664903	1.289135	13.45283
11112	-4329.195	-4614.051	284.8553	0.9346518	1.037649	12.69431
11118	-4321.09	-4606.094	285.0049	0.8902887	1.059992	12.62831
11124	-4322.197	-4607.027	284.8305	0.8131931	1.054574	12.7619
11130	-4317.621	-4605.117	287.4968	0.7131061	1.038849	11.43134
11136	-4333.275	-4619.431	286.1556	0.8269803	0.9770632	12.10433
11142	-4332.073	-4616.969	284.896	0.75706	1.073221	12.74778
11148	-4324.146	-4611.17	287.024	0.8838565	0.8902792	11.66909
11154	-4336.728	-4626.552	289.8247	0.9183324	0.9269346	10.1627
11160	-4330.993	-4618.51	287.5173	0.9650974	1.000732	11.3085
11166	-4341.968	-4625.851	283.8837	0.8015292	0.9576911	13.31045
11172	-4331.662	-4614.179	282.5177	0.8420196	0.8869307	14.03734
11178	-4328.726	-4612.239	283.5135	0.7970165	0.8995098	13.53698
11184	-4331.632	-4618.563	286.9312	0.8762323	0.8728052	11.73154
11190	-4328.362	-4612.634	284.2719	0.799712	1.119248	13.02787
11196	-4336.884	-4620.518	283.6338	0.8133179	0.9366672	13.44545
11202	-4332.726	-4616.571	283.8448	0.6999433	1.189166	13.26912
11208	-4313.853	-4599.128	285.2753	0.8300597	0.9101273	12.59789
11214	-4320.665	-4607.654	286.9887	0.855194	1.096441	11.59399
11220	-4324.478	-4609.275	284.797	0.8314964	0.8675825	12.87024
11226	-4321.173	-4606.056	284.8834	0.8202164	0.8019569	12.87024
11232	-4325.925	-4611.839	285.9135	0.7933285	0.8879836	12.29705
11238	-4324.078	-4610.987	286.9095	0.7438899	0.8179272	11.84444
11244	-4322.059	-4606.503	284.4442	0.7555768	0.8667382	13.09367
11250	-4327.172	-4610.909	283.7371	0.8971268	1.01463	13.30703
11256	-4313.926	-4601.743	287.8175	0.8519101	1.062307	11.17915
11262	-4311.558	-4599.658	288.0999	0.963153	0.8881277	11.06612
11268	-4315.521	-4601.402	285.8816	0.7518497	0.8660923	12.34786
11274	-4305.121	-4592.443	287.3225	0.8346675	0.9147277	11.52503
11280	-4310.401	-4600.094	289.6927	1.019675	1.034965	10.12115
11286	-4307.717	-4593.278	285.5615	0.816615	1.054688	12.37945
11292	-4323.579	-4613.199	289.6197	0.9162885	1.025844	10.21859
11298	-4316.027	-4605.336	289.3091	0.9543069	0.9376115	10.40882
11304	-4311.385	-4597.733	286.3485	0.8088588	1.014606	11.9935
11310	-4318.186	-4604.196	286.0108	0.7758787	0.8955828	12.25111
11316	-4317.785	-4601.742	283.9562	0.7419705	1.259541	13.15799
11322	-4311.562	-4600.44	288.8775	0.8691742	0.9937438	10.64985
11328	-4309.305	-4594.411	285.1058	0.7435268	1.043977	12.66021
11334	-4338.079	-4624.965	286.8854	0.892477	0.8082313	11.7854
11340	-4317.793	-4606.845	289.0521	0.8984389	0.9000968	10.59405
11346	-4319.91	-4603.92	284.01	0.8847817	0.8687493	13.25105
11352	-4325.906	-4613.293	287.3869	0.813884	0.9438908	11.48608
11358	-4326.752	-4614.241	287.4885	0.7833612	0.877672	11.48608
11364	-4334.17	-4622.533	288.3626	0.9694608	1.169303	10.78039
11370	-4322.521	-4609.514	286.993	0.8392825	1.038865	11.62873
11376	-4323.923	-4610.22	286.2972	0.9447453	1.038865	11.93694
11382	-4306.048	-4591.456	285.4077	0.8299386	0.8519407	12.56229
11388	-4320.843	-4608.645	287.8016	0.9133009	0.811354	11.29371
11394	-4315.14	-4602.718	287.5774	0.8824112	1.052568	11.29371
11400	-4315.047	-4603.083	288.0358	0.854117	0.7606453	11.23388
11406	-4317.981	-4603.049	285.0676	0.8079043	0.9376673	12.7023
11412	-4312.593	-4598.242	285.649	0.8074475	0.8761288	12.4343
11418	-4323.279	-4607.242	283.9634	0.7549641	0.9581125	13.29296
11424	-4326.144	-4613.99	287.846	0.86642	0.9980158	11.18954
11430	-4311.735	-4595.6	283.8657	0.8460531	1.00773	13.27027
11436	-4315.722	-4601.043	285.321	0.7441268	0.969569	12.58641
11442	-4310.779	-4600.084	289.3058	0.8835991	0.969569	10.43033
11448	-4321.101	-4606.573	285.4718	0.8385641	1.101454	12.39167
11454	-4340.634	-4626.49	285.8561	0.9355106	0.9033529	12.24417
11460	-4334.452	-4617.141	282.6887	0.7688168	1.041557	13.90414
11466	-4331.391	-4614	282.6092	0.8482732	1.041557	13.90414
11472	-4323.243	-4611.001	287.7589	0.9263328	0.9768169	11.21499
11478	-4316.262	-4604.892	288.6298	1.029174	0.9664248	10.71039
11484	-4318.066	-4602.257	284.191	0.9208577	0.9607819	13.08705
11490	-4305.993	-4592.211	286.2185	0.9100607	1.008004	12.01196
11496	-4305.106	-4591.339	286.233	0.8602733	0.8221904	12.13413
11502	-4308.459	-4594.891	286.4317	0.8694195	1.016553	11.91751
11508	-4315.656	-4603.514	287.8577	0.8694195	0.9745703	11.19425
11514	-4312.14	-4599.044	286.9043	0.7904014	0.8867718	11.78239
11520	-4314.026	-4598.776	284.75	0.8738322	1.062232	12.76841
11526	-4320.219	-4607.164	286.9454	0.7241146	0.904249	11.78564
11532	-4318.78	-4603.355	284.5755	0.8905242	0.9210751	12.92448
11538	-4309.264	-4595.465	286.2009	0.8178918	0.774215	12.20256
11544	-4314.776	-4600.726	285.9498	0.884756	0.9380443	12.20256
11550	-4328.731	-4614.892	286.1614	0.7497064	0.8671396	12.20256
11556	-4328.821	-4619.023	290.2014	0.9839663	0.8771572	9.958262
11562	-4335.652	-4621.96	286.3076	0.8251753	0.8780515	12.08063
11568	-4328.106	-4611.338	283.2315	0.7109823	0.9714178	13.68877
11574	-4338.905	-4626.416	287.5118	0.9334759	1.06109	11.29701
11580	-4324.337	-4608.809	284.4716	0.7075628	0.8982356	13.0864
11586	-4315.448	-4603.485	288.0362	0.7749408	1.011957	11.13061
11592	-4316.218	-4602.357	286.1382	0.8063833	1.007751	12.10803
11598	-4323.856	-4609.13	285.2745	0.7282328	0.9444316	12.63242
11604	-4330.146	-4617.327	287.1812	0.9569368	1.004436	11.4866
11610	-4327.547	-4610.095	282.5482	0.6857326	0.9310251	14.07804
11616	-4323.367	-4607.542	284.1749	0.8725181	1.009546	13.09489
11622	-4333.087	-4618.455	285.3675	0.8912066	1.009546	12.46461
11628	-4330.183	-4617.308	287.1254	0.7858572	1.076049	11.5688
11634	-4320.869	-4608.101	287.2318	0.8407949	0.9154672	11.5688
11640	-4316.77	-4602.209	285.4382	0.8007154	0.9564823	12.50293
11646	-4325.602	-4609.216	283.6142	0.7567473	0.8357919	13.54236
11652	-4331.16	-4616.656	285.4959	0.8353389	0.9354959	12.46623
11658	-4331.497	-4612.676	281.1793	0.7221266	0.9910877	14.7362
11664	-4322.465	-4609.722	287.257	0.9055081	0.9399495	11.50829
11670	-4322.027	-4607.799	285.7728	0.794259	0.9308387	12.34592
11676	-4327.215	-4614.322	287.1066	0.7607858	0.8849005	11.69331
11682	-4317.079	-4600.965	283.886	0.7153157	0.9588105	13.35341
11688	-4312.119	-4597.968	285.849	0.7651806	0.9588105	12.30613
11694	-4312.96	-4600.026	287.0667	0.9139146	1.060374	11.54034
11700	-4321.512	-4608.564	287.0518	0.8291539	1.018522	11.61369
11706	-4327.568	-4615.35	287.7813	0.8112229	1.032958	11.23422
11712	-4323.93	-4609.288	285.3577	0.7814113	1.0055	12.52897
11718	-4319.443	-4605.497	286.0539	0.8030395	0.998402	12.15859
11724	-4333.924	-4617.033	283.1083	0.6871432	1.013008	13.74332
11730	-4313.728	-4600.014	286.2863	0.7389953	0.9621229	12.09
11736	-4317.472	-4600.506	283.0334	0.6513554	0.8099821	13.91391
11742	-4318.388	-4605.225	286.8376	0.6784841	0.8753285	11.8822
11748	-4304.47	-4591.279	286.8096	0.7251073	0.8781103	11.87088
11754	-4305.896	-4590.257	284.362	0.6170668	0.9942597	13.1384
11760	-4319.133	-4608.866	289.7329	0.8562589	0.881523	10.26932
11766	-4337.419	-4625.199	287.7801	0.9356356	0.8664853	11.26043
11772	-4325.914	-4614.057	288.1428	0.809427	0.8664853	11.13666
11778	-4323.695	-4608.858	285.1631	0.7085825	0.9192012	12.7145
11784	-4317.479	-4604.852	287.3721	0.965177	1.090383	11.33902
11790	-4334.927	-4621.509	286.5819	0.8972776	0.9490448	11.86026
11796	-4329.16	-4613.749	284.5893	0.7452967	0.9970056	12.95209
11802	-4313.034	-4600.874	287.8402	0.6753059	1.035961	11.273
11808	-4310.596	-4596.594	285.9979	0.8078564	1.011377	12.17856
11814	-4322.801	-4606.911	284.11	0.9271669	0.8939573	13.16263
11820	-4328.761	-4612.154	283.3932	0.8306408	0.9641636	13.54657
11826	-4321.946	-4607.189	285.2423	0.7984823	0.8889111	12.64346
11832	-4312.213	-4599.763	287.5504	0.819178	0.9911449	11.37249
11838	-4310.269	-4595.788	285.5192	0.8264312	0.9181045	12.46833
11844	-4318.721	-4607.112	288.3901	0.7611803	1.013336	10.95175
11850	-4317.898	-4606.088	288.1902	0.7807462	0.8934782	11.11129
11856	-4318.688	-4606.726	288.0386	0.884315	0.9385048	11.11129
11862	-4331.427	-4615.373	283.9457	0.7537704	0.9222713	13.32228
11868	-4331.341	-4614.518	283.1775	0.72785	0.9222713	13.7346
11874	-4311.479	-4598.623	287.1447	0.8767142	0.9222713	11.59176
11880	-4308.018	-4595.653	287.6348	0.8373364	0.8653976	11.38848
11886	-4305.098	-4591.618	286.52	0.8214492	0.8653976	11.97912
11892	-4318.336	-4602.263	283.9274	0.7326243	0.9788887	13.31223
11898	-4320.317	-4604.407	284.0894	0.5579997	0.9788887	13.31878
11904	-4345.092	-4632.818	287.7268	0.9634105	1.051274	11.1738
11910	-4314.649	-4600.565	285.9161	0.7427674	0.8765285	12.32859
11916	-4319.355	-4606.198	286.8431	0.7705173	1.202064	11.6646
11922	-4311.907	-4598.305	286.3983	0.7978584	0.9319717	12.01725
11928	-4306.955	-4593.804	286.8486	0.800326	1.023518	11.7323
11934	-4306.123	-4589.962	283.8386	0.8751469	0.9724858	13.28771
11940	-4311.854	-4595.734	283.8808	0.8329327	0.9724858	13.28771
11946	-4320.047	-4604.558	284.5108	0.7084833	1.003646	13.0086
11952	-4316.148	-4598.216	282.0678	0.8330183	0.9967538	14.21565
11958	-4313.731	-4596.713	282.9828	0.7650814	1.028691	13.76
11964	-4317.799	-4605.891	288.0924	0.8998164	1.038208	11.02229
11970	-4325.276	-4613.329	288.0521	0.8970745	1.083141	11.02229
11976	-4317.615	-4603.126	285.5114	1.09364	1.075299	12.25091
11982	-4329.23	-4614.932	285.7024	0.7649725	0.8481358	12.44491
11988	-4322.526	-4609.952	287.426	0.7655059	1.017583	11.45185
11994	-4322.403	-4608.681	286.2774	0.814093	0.8853867	12.09797
12000	-4319.626	-4604.689	285.0626	0.7648299	1.257202	12.57157
12006	-4320.587	-4605.816	285.2298	0.688514	1.152566	12.57157
12012	-4311.682	-4598.816	287.1338	0.7741658	0.8912603	11.66848
12018	-4317.245	-4607.935	290.69	0.9943113	0.9425758	9.658388
12024	-4320.144	-4609.942	289.7979	0.9181626	1.127036	10.07349
12030	-4315.861	-4599.073	283.2125	0.8590759	1.207426	13.5066
12036	-4320.204	-4603.485	283.2814	0.86199	0.9396352	13.60155
12042	-4311.902	-4597.221	285.3182	0.7354543	0.9565311	12.59935
12048	-4313.172	-4598.714	285.5423	0.7888249	1.077667	12.39248
12054	-4314.464	-4600.204	285.74	0.777585	1.006086	12.3315
12060	-4324.72	-4609.934	285.2141	0.6772075	1.047488	12.63656
12066	-4322.061	-4608.24	286.1781	0.7457331	1.047488	12.09856
12072	-4317.744	-4601.002	283.2579	0.7189927	1.093567	13.60895
12078	-4313.152	-4598.109	284.9571	0.6849557	0.8908356	12.84985
12084	-4319.752	-4604.493	284.7415	0.7275501	1.060473	12.84985
12090	-4317.916	-4601.506	283.5897	0.858347	1.007394	13.40746
12096	-4330.73	-4616.751	286.021	0.976462	1.119322	12.02486
12102	-4337.163	-4623.096	285.9329	0.8430238	0.9087262	12.24935
12108	-4342.092	-4628.737	286.6445	0.7872486	0.9211188	11.90035
12114	-4314.567	-4601.141	286.5733	0.844712	1.003909	11.86302
12120	-4328.931	-4615.275	286.3444	0.9757867	0.9629999	11.93572
12126	-4338.5	-4624.565	286.0647	0.808793	0.9851392	12.15695
12132	-4311.638	-4595.942	284.3038	0.7850063	0.9428896	13.1087
12138	-4294.14	-4581.857	287.7177	0.8189488	0.9885077	11.28653
12144	-4304.653	-4591.911	287.2581	0.8145303	0.9885077	11.52918
12150	-4307.303	-4593.283	285.9805	0.761662	1.210361	12.11569
12156	-4294.244	-4578.892	284.6482	0.7475278	0.9718068	12.93357
12162	-4304.912	-4591.89	286.9773	0.847734	0.9371419	11.68614
12168	-4315.617	-4600.775	285.1577	0.7470547	0.9695245	12.66992
12174	-4301.263	-4587.041	285.7783	0.8047533	1.044663	12.27766
12180	-4308.419	-4591.783	283.3642	0.7934695	1.029407	13.54694
12186	-4302.825	-4586.895	284.0701	0.7645857	1.185985	13.11987
12192	-4300.754	-4587.317	286.5629	0.7241001	0.9587386	11.95532
12198	-4304.614	-4592.932	288.3186	0.8771213	1.086562	10.89146
12204	-4331.36	-4617.261	285.9011	0.8821837	1.136799	12.12826
12210	-4315.625	-4601.21	285.5854	0.9955634	1.050371	12.27586
12216	-4307.321	-4592.632	285.3109	0.9524936	1.052762	12.44016
12222	-4315.897	-4601.206	285.3094	0.8633972	1.052762	12.48737
12228	-4330.043	-4618.448	288.4042	0.9040083	1.131768	10.81056
12234	-4312.068	-4598.725	286.6569	0.8797477	0.8340542	11.89568
12240	-4315	-4603.688	288.6887	1.030858	1.136707	10.59245
12246	-4305.818	-4591.484	285.6657	0.8893971	1.000356	12.31495
12252	-4322.842	-4608.466	285.624	0.9790856	0.8882402	12.35097
12258	-4322.469	-4607.798	285.329	0.8767991	0.9963944	12.49899
12264	-4320.727	-4606.62	285.8928	0.8424836	1.103557	12.1692
12270	-4325.82	-4613.523	287.7027	0.815034	1.079459	11.24998
12276	-4316.008	-4601.146	285.1378	0.7765853	0.8704084	12.71985
12282	-4313.88	-4598.313	284.4321	0.7982007	0.918762	13.04835
12288	-4321.806	-4607.829	286.0234	0.7147825	1.094149	12.17228
12294	-4334.608	-4617.22	282.6123	0.7332205	1.094149	13.93625
12300	-4321.336	-4605.506	284.1696	0.6059884	1.08304	13.19928
12306	-4326.279	-4610.287	284.0087	0.76721	1.082665	13.19928
12312	-4324.808	-4608.713	283.9047	0.8034684	1.188472	13.18449
12318	-4323.638	-4607.268	283.6306	0.9321913	0.9735958	13.36555
12324	-4324.883	-4610.547	285.6646	0.9199435	1.050172	12.27409
12330	-4313.767	-4603.033	289.2661	1.013523	0.9589448	10.38864
12336	-4321.172	-4610.287	289.1146	1.012309	1.017437	10.43789
12342	-4309.345	-4596.118	286.7724	0.9161944	0.7518904	11.86735
12348	-4299.404	-4586.073	286.6695	0.8025337	1.150206	11.76249
12354	-4333.762	-4615.168	281.4059	0.821489	0.9387029	14.59531
12360	-4323.513	-4614.97	291.4574	0.9231287	0.9060182	9.311346
12366	-4325.095	-4611.351	286.2559	0.8435509	0.9327596	12.06727
12372	-4315.854	-4600.658	284.8038	0.7360357	0.9844149	12.85192
12378	-4323.156	-4606.94	283.7839	0.761814	0.9844149	13.36872
12384	-4327.541	-4611.695	284.1531	0.7151746	0.8003171	13.3055
12390	-4319.386	-4603.128	283.7418	0.8703905	1.04011	13.3055
12396	-4309.514	-4594.114	284.6006	0.801684	1.058628	12.88551
12402	-4322.546	-4607.301	284.7543	0.7595118	1.0093	12.85252
12408	-4315.467	-4602.015	286.5475	0.8227502	1.010749	11.88438
12414	-4350.271	-4637.61	287.3397	0.9240058	1.168563	11.3402
12420	-4342.96	-4629.641	286.6808	0.9537406	0.9342889	11.78722
12426	-4336.306	-4623.074	286.7684	0.8621465	0.841509	11.84225
12432	-4322.514	-4604.606	282.092	0.794811	1.184695	14.13155
12438	-4322.845	-4609.546	286.7005	1.011451	1.26269	11.58615
12444	-4306.264	-4594.298	288.0337	0.9094617	1.000235	11.06758
12450	-4306.556	-4593.008	286.4513	0.9737905	1.06434	11.82857
12456	-4306.561	-4591.285	284.7244	0.7608605	1.224064	12.76432
12462	-4319.908	-4606.278	286.3698	0.9972671	0.9474536	11.91962
12468	-4328.506	-4615.277	286.7706	0.8393446	0.8875701	11.82622
12474	-4331.717	-4618.591	286.8741	0.8639505	0.8875701	11.7593
12480	-4328.467	-4614.332	285.8656	0.8887267	1.041258	12.19011
12486	-4328.743	-4611.946	283.2028	0.8164588	1.041258	13.6128
12492	-4337.391	-4620.808	283.4171	0.7796529	0.8699878	13.6128
12498	-4338.395	-4621.728	283.3327	0.8640654	0.8699878	13.6128
12504	-4336.24	-4622.846	286.6064	0.8900078	1.035201	11.80599
12510	-4331.506	-4619.926	288.4192	0.8646709	0.8815721	10.95422
12516	-4337.473	-4624.502	287.0287	0.8031887	1.110272	11.59358
12522	-4335.621	-4620.021	284.3993	0.7508797	0.8888829	13.10676
12528	-4325.066	-4609.366	284.3007	0.7043815	1.03862	13.10209
12534	-4315.611	-4601.797	286.1853	0.7494315	0.9565895	12.14021
12540	-4313.173	-4597.579	284.4062	0.6706903	0.8414524	13.17234
12546	-4312.983	-4600.542	287.5595	0.7314994	0.9864433	11.41608
12552	-4312.641	-4600.288	287.6475	0.7366765	0.9864433	11.36734
12558	-4312.982	-4600.003	287.0212	0.7752903	0.8946634	11.72476
12564	-4314.58	-4601.979	287.3994	0.861882	1.149495	11.35036
12570	-4321.584	-4608.453	286.8692	0.6966662	1.077118	11.7487
12576	-4327.962	-4615.957	287.9951	0.8636256	1.075597	11.07339
12582	-4320.949	-4609.989	289.0391	0.8946903	0.8258875	10.64635
12588	-4338.287	-4625.781	287.494	0.9931369	1.013792	11.29919
12594	-4322.109	-4607.719	285.6102	0.7660441	1.011668	12.40227
12600	-4314.578	-4600.896	286.3181	0.7754885	1.019425	12.02428
12606	-4314.309	-4600.131	285.8221	0.8528591	1.058983	12.22255
12612	-4327.867	-4614.032	286.1641	0.8169287	0.936637	12.12692
12618	-4324.25	-4609.776	285.5257	0.8920983	0.936637	12.42051
12624	-4314.128	-4602.659	288.5314	0.9102397	0.9739433	10.82034
12630	-4315.245	-4601.605	286.3598	0.7451135	1.056442	11.99961
12636	-4319.901	-4608.516	288.6143	0.8462235	1.066557	10.76258
12642	-4318.182	-4602.651	284.4688	0.708233	1.077461	12.99329
12648	-4311.488	-4597.416	285.928	0.8756802	0.9369087	12.21928
12654	-4313.782	-4601.11	287.3278	0.9472673	1.054906	11.38913
12660	-4309.403	-4595.027	285.6247	0.805462	1.197977	12.284
12666	-4310.353	-4597.08	286.7264	0.7456881	0.9302565	11.87422
12672	-4335.432	-4619.453	284.0208	0.8655764	0.9198287	13.22653
12678	-4314.722	-4599.2	284.4781	0.6610443	1.053252	13.02504
12684	-4313.417	-4600.39	286.9735	0.9109579	1.169968	11.53782
12690	-4312.756	-4599.922	287.1663	0.7932661	0.9595275	11.60368
12696	-4310.354	-4595.081	284.7267	0.7271752	1.010232	12.8832
12702	-4299.834	-4587.212	287.3785	0.9327895	1.012411	11.39189
12708	-4313.686	-4598.153	284.4674	0.630498	1.012411	13.06719
12714	-4304.255	-4590.667	286.4115	0.7245825	0.8915552	12.07119
12720	-4303.841	-4588.423	284.5817	0.7245825	0.8915552	13.02407
12726	-4321.169	-4610.131	288.9612	0.9123224	0.8915552	10.63937
12732	-4310.211	-4596.717	286.5066	0.7101026	0.9541208	11.99449
12738	-4309.089	-4595.18	286.0912	0.6688002	1.078195	12.16868
12744	-4315.676	-4598.357	282.6809	0.6597585	1.038622	13.96624
12750	-4327.144	-4613.189	286.045	0.7477128	0.9423063	12.22201
12756	-4317.126	-4603.918	286.7913	0.7514231	0.9423063	11.83076
12762	-4314.343	-4601.489	287.1464	0.8820887	1.052942	11.51908
12768	-4327.091	-4609.982	282.8911	0.7364049	0.958431	13.85912
12774	-4331.628	-4617.594	285.9662	0.9318122	0.9604071	12.15732
12780	-4327.347	-4612.904	285.557	0.8515022	0.9797645	12.40217
12786	-4320.814	-4606.279	285.465	0.7807743	0.9619729	12.49637
12792	-4304.632	-4589.777	285.1452	0.7359747	0.9158206	12.71139
12798	-4302.941	-4588.282	285.3407	0.7288299	0.8688274	12.64
12804	-4311.392	-4598.738	287.3452	0.9768924	1.083505	11.35033
12810	-4313.695	-4602.44	288.7444	0.8781803	0.9831375	10.72055
12816	-4312.149	-4601.144	288.9949	0.8841391	0.9641244	10.59617
12822	-4319.156	-4604.896	285.7397	0.7580521	1.044163	12.32237
12828	-4313.685	-4600.177	286.4925	0.9144634	0.9837205	11.87936
12834	-4317.259	-4604.682	287.4231	0.9005161	1.033932	11.37436
12840	-4318.128	-4603.904	285.7756	0.9005161	0.975483	12.26497
12846	-4313.385	-4599.239	285.8536	0.86807	0.9314638	12.26497
12852	-4310.456	-4596.805	286.349	0.8803785	0.8877321	12.02473
12858	-4303.279	-4588.152	284.8726	0.8432061	0.900622	12.80597
12864	-4310.921	-4598.469	287.548	1.04707	0.9231178	11.29133
12870	-4318.974	-4603.599	284.625	0.836748	0.9231178	12.92561
12876	-4317.893	-4600.883	282.9894	0.8560627	0.9936866	13.72738
12882	-4321.619	-4607.058	285.4393	0.7612894	0.9129111	12.54675
12888	-4323.228	-4606.835	283.6068	0.7602606	0.9964479	13.45519
12894	-4334.535	-4618.136	283.6013	0.7805231	0.9109327	13.49353
12900	-4309.641	-4596.47	286.8292	0.6928244	0.8825436	11.87496
12906	-4334.293	-4621.047	286.7546	0.7221539	0.9244964	11.87496
12912	-4324.838	-4609.682	284.844	0.8857775	0.9739775	12.75859
12918	-4325.816	-4613.002	287.1859	0.7973651	0.9776794	11.5816
12924	-4333.953	-4618.929	284.9766	0.8509508	1.068611	12.65923
12930	-4333.671	-4618.971	285.3008	0.8494729	1.002342	12.52481
12936	-4346.825	-4633.13	286.3059	0.7423752	1.15866	11.97977
12942	-4333.123	-4618.191	285.068	0.9455062	1.120502	12.53715
12948	-4322.674	-4608.957	286.2832	0.8843733	1.051711	11.96926
12954	-4308.51	-4594.294	285.7839	0.7231909	1.082253	12.29854
12960	-4297.881	-4584.035	286.1539	0.8289716	0.9518541	12.11768
12966	-4296.232	-4580.934	284.7019	0.8025145	0.9240299	12.90291
12972	-4301.864	-4587.568	285.704	0.7914591	0.8725036	12.41604
12978	-4307.209	-4589.433	282.2248	0.7817956	0.9821555	14.16848
12984	-4313.521	-4600.301	286.7798	0.8365305	0.7322308	11.9179
12990	-4317.808	-4608.181	290.3732	0.8656821	0.7786068	9.989823
12996	-4315.801	-4605.873	290.0714	0.9463143	0.9058798	10.02999
13002	-4317.785	-4601.179	283.3937	0.7871123	1.001506	13.54927
13008	-4308.601	-4595.441	286.8395	0.8139402	1.001506	11.74136
13014	-4314.263	-4600.789	286.5263	0.7876729	1.014018	11.91209
13020	-4322.397	-4605.934	283.5365	0.7852892	1.115908	13.41915
13026	-4329.396	-4617.521	288.1251	0.9285332	0.9564679	11.033
13032	-4324.5	-4612.254	287.7537	0.8996733	0.8918763	11.27844
13038	-4323.636	-4609.959	286.3232	0.8075347	1.146148	11.94256
13044	-4340.044	-4623.159	283.1148	0.7871786	1.020666	13.68416
13050	-4334.961	-4617.883	282.9221	0.6699856	0.9656	13.87365
13056	-4322.826	-4605.659	282.8329	0.8335375	0.8951749	13.87365
13062	-4337.523	-4626.094	288.5711	0.9791192	0.9258148	10.78964
13068	-4335.796	-4621.438	285.6421	0.6753574	1.258184	12.31583
13074	-4320.725	-4604.803	284.0786	0.7634431	0.8732635	13.27585
13080	-4325.597	-4613.038	287.4405	0.7916526	1.033895	11.42224
13086	-4314.125	-4603.229	289.1035	0.7970328	1.037883	10.54619
13092	-4324.559	-4607.691	283.1317	0.7475209	1.027827	13.69233
13098	-4332.769	-4619.421	286.6516	0.7297841	0.962692	11.90394
13104	-4308.001	-4592.736	284.7354	0.7784793	0.9610771	12.87784
13110	-4294.396	-4582.111	287.7155	0.8626727	0.8872148	11.32044
13116	-4299.573	-4587.029	287.4563	0.9637603	0.9243249	11.38221
13122	-4314.52	-4601.423	286.9035	0.8329881	1.002218	11.69763
13128	-4307.997	-4596.026	288.0295	0.8448493	1.033365	11.08649
13134	-4318.706	-4605.951	287.2457	0.835323	1.024075	11.50626
13140	-4303.171	-4590.251	287.0796	0.7498058	1.028906	11.63527
13146	-4313.988	-4601.088	287.0997	0.7812348	0.8882883	11.68427
13152	-4302.431	-4589.61	287.1784	0.940873	0.9523204	11.52414
13158	-4293.283	-4579.758	286.4748	0.940873	0.9634973	11.88558
13164	-4295.638	-4582.255	286.6167	0.940734	0.955632	11.81585
13170	-4325.165	-4611.731	286.5666	0.6976764	0.8881425	12.00629
13176	-4325.122	-4609.783	284.6612	0.7676863	0.9209813	12.94386
13182	-4319.333	-4608.479	289.1465	0.9052927	0.8090688	10.59469
13188	-4313.794	-4601.112	287.3185	0.8185081	0.9572449	11.5122
13194	-4303.678	-4588.39	284.7122	0.8380513	0.9072844	12.88838
13200	-4331.296	-4615.844	284.5482	0.7146955	0.9311342	13.0246
13206	-4319.979	-4606.201	286.2219	0.7946062	1.07384	12.03706
13212	-4323.717	-4611.365	287.6477	0.797974	0.9899468	11.33335
13218	-4326.812	-4612.152	285.3397	0.8277387	0.9864727	12.52416
13224	-4313.065	-4597.34	284.2751	0.8424392	1.093871	13.01624
13230	-4305.316	-4594.761	289.445	0.9668149	0.9211534	10.34
13236	-4310.673	-4596.655	285.9827	0.838437	0.9211534	12.21884
13242	-4319.043	-4603.801	284.7581	0.8025988	0.9828818	12.84187
13248	-4316.597	-4603.899	287.3022	0.7196786	1.044013	11.527
13254	-4296.691	-4584.56	287.8691	0.8393415	0.8965009	11.24696
13260	-4302.07	-4589.059	286.9885	0.7554258	1.046562	11.67097
13266	-4305.769	-4594.246	288.4774	0.8781096	1.001918	10.85066
13272	-4305.391	-4590.313	284.922	0.8781096	0.9988159	12.70897
13278	-4313.893	-4599.923	286.0302	0.8522362	0.9616203	12.16481
13284	-4306.798	-4592.888	286.0907	0.7885856	0.9646569	12.16481
13290	-4318.38	-4604.836	286.4557	0.7103691	0.8910172	12.05586
13296	-4316.737	-4601.654	284.9176	0.7537733	1.007339	12.77154
13302	-4330.096	-4614.135	284.0395	0.8818499	0.9331675	13.20101
13308	-4322.571	-4604.99	282.4189	0.7804505	1.016342	14.0508
13314	-4326.585	-4611.671	285.0851	0.7752391	0.8207098	12.77727
13320	-4325.368	-4610.724	285.3555	0.7414347	0.8751881	12.62206
13326	-4342.5	-4626.046	283.5454	0.8767647	0.9968883	13.42634
13332	-4344.329	-4630.616	286.2867	0.8032829	0.9658993	12.05426
13338	-4342.751	-4626.505	283.7538	0.7475959	1.099502	13.33372
13344	-4323.962	-4610.462	286.5002	0.8633342	1.140843	11.82358
13350	-4328.16	-4614.728	286.5677	0.8903412	0.9866315	11.85117
13356	-4315.369	-4602.286	286.9169	0.8316839	1.002924	11.69091
13362	-4327.608	-4614.981	287.3728	0.8316839	1.002924	11.45268
13368	-4339.983	-4624.061	284.0788	0.7754216	0.927798	13.23887
13374	-4338.745	-4623.723	284.9782	0.8001206	0.9172495	12.76415
13380	-4345.223	-4628.998	283.7748	0.5886538	1.136906	13.38751
13386	-4332.387	-4615.835	283.4482	0.893448	0.9299586	13.5039
13392	-4331.016	-4614.352	283.336	0.7375689	1.099152	13.55607
13398	-4327.546	-4614.904	287.358	0.8259956	0.8851739	11.52771
13404	-4332	-4614.995	282.995	0.6959836	1.059267	13.77419
13410	-4328.855	-4613.144	284.289	0.7503038	0.9505748	13.13025
13416	-4329.042	-4612.995	283.9523	0.7702823	1.077771	13.22941
13422	-4311.489	-4594.472	282.9838	0.7427274	1.039201	13.7658
13428	-4311.567	-4598.297	286.7295	0.7589336	1.039201	11.80811
13434	-4305.258	-4589.231	283.9727	0.73168	1.031921	13.26177
13440	-4314.82	-4602.63	287.8102	0.8358073	0.9738727	11.23706
13446	-4326.882	-4612.792	285.9092	0.8284437	0.8700656	12.29127
13452	-4320.449	-4606.795	286.3458	0.838021	0.9912148	11.99187
13458	-4324.469	-4612.209	287.7396	0.7975787	0.9912148	11.28483
13464	-4320.457	-4605.781	285.3248	0.8038251	1.039918	12.51683
13470	-4325.541	-4609.361	283.8202	0.7333134	0.9108563	13.40445
13476	-4321.946	-4605.658	283.7115	0.6918336	1.059127	13.40445
13482	-4311.131	-4596.8	285.6691	0.9773973	0.9993655	12.26784
13488	-4330.053	-4614.987	284.9333	0.9325695	0.9424924	12.7047
13494	-4322.488	-4604.534	282.0452	0.7791866	1.084064	14.21133
13500	-4322.73	-4607.581	284.8513	0.7826111	1.055023	12.76679
13506	-4328.552	-4611.185	282.6324	0.7233846	1.025746	13.96488
13512	-4319.429	-4602.8	283.3705	0.6662443	0.7954401	13.74019
13518	-4311.075	-4595.481	284.4059	0.7313508	0.927395	13.09198
13524	-4315.017	-4599.21	284.1939	0.8411582	0.9484402	13.1336
13530	-4315.318	-4597.316	281.9982	0.6979368	1.010329	14.31468
13536	-4314.8	-4599.309	284.5087	0.8788202	0.9551968	12.94669
13542	-4309.56	-4594.267	284.7069	0.8165278	1.212929	12.74944
13548	-4309.161	-4597.316	288.1555	0.9852413	0.9525105	10.98956
13554	-4323.437	-4606.702	283.2653	0.7605607	0.9141824	13.67655
13560	-4327.684	-4613.766	286.081	0.8079891	0.8949684	12.19812
13566	-4314.92	-4601.423	286.5022	0.7532272	0.9085458	11.99934
13572	-4320.661	-4605.458	284.7969	0.8329098	0.9216167	12.83902
13578	-4328.171	-4615.186	287.0152	0.7884674	0.7042241	11.83879
13584	-4328.906	-4614.358	285.4516	0.9557287	0.9569314	12.41495
13590	-4343.784	-4629.107	285.3233	0.7239958	1.041554	12.55836
13596	-4337.507	-4622.449	284.9414	0.7341725	1.201798	12.67528
13602	-4303.249	-4587.664	284.4144	0.8204914	1.036129	12.98383
13608	-4301.444	-4588.245	286.801	0.7299603	1.050547	11.78019
13614	-4334.948	-4617.865	282.9167	0.7459396	1.116474	13.76101
13620	-4333.572	-4615.718	282.1463	0.8926338	1.013023	14.13569
13626	-4347.099	-4633.387	286.2878	0.8973958	1.013023	11.97982
13632	-4320.375	-4605.713	285.3382	0.8846698	1.052314	12.46148
13638	-4321.184	-4606.996	285.8121	0.8074722	0.9190769	12.32504
13644	-4311.422	-4595.205	283.7829	0.7100567	0.8694106	13.45936
13650	-4313.308	-4600.232	286.924	0.7617101	1.060367	11.69444
13656	-4323.55	-4610.738	287.1877	0.7370313	0.9382708	11.63345
13662	-4314.326	-4600.417	286.0908	0.7772854	1.114681	12.09457
13668	-4312.148	-4596.898	284.7499	0.7380895	0.9503423	12.89709
13674	-4330.474	-4617.41	286.9365	0.7389353	0.9643363	11.74955
13680	-4332.69	-4615.96	283.2698	0.6920573	0.9510791	13.68955
13686	-4329.143	-4615.687	286.5446	0.8563673	0.9641962	11.89289
13692	-4324.687	-4613.575	288.8882	0.888491	0.9060327	10.68192
13698	-4334.751	-4617.955	283.2044	0.8322672	1.046478	13.60117
13704	-4338.287	-4621.924	283.6368	0.7380326	0.9885461	13.45529
13710	-4324.916	-4609.572	284.6562	0.8440227	0.8841343	12.92743
13716	-4327.65	-4613.555	285.9049	0.9744888	1.003248	12.14436
13722	-4338.791	-4624.05	285.2589	0.732574	1.028023	12.59427
13728	-4326.081	-4611.531	285.4495	0.8270619	0.9979983	12.46128
13734	-4315.474	-4600.458	284.9833	0.7437819	0.9948447	12.74902
13740	-4313.111	-4599.441	286.3299	0.8211227	0.9014929	12.05777
13746	-4306.281	-4588.512	282.2311	0.8023214	1.068224	14.11074
13752	-4341.49	-4625.61	284.1196	0.7751621	0.8522799	13.2606
13758	-4351.291	-4636.956	285.6646	0.8170504	1.039976	12.33286
13764	-4320.523	-4606.818	286.2958	0.869707	0.9529321	12.02184
13770	-4319.479	-4602.389	282.9096	0.6644542	0.9106876	13.91285
13776	-4309.491	-4592.947	283.4568	0.7169997	1.083035	13.51188
13782	-4308.175	-4591.486	283.311	0.7932769	0.994148	13.59284
13788	-4306.001	-4592.891	286.8898	0.9162046	1.00822	11.65816
13794	-4320.764	-4608.449	287.685	0.8556436	1.008505	11.27394
13800	-4325.129	-4611.259	286.1307	0.7438922	0.9594526	12.17003
13806	-4335.557	-4618.995	283.4378	0.733496	0.9362079	13.58892
13812	-4335.376	-4619.893	284.5173	0.7482972	0.9862363	12.99363
13818	-4327.589	-4611.302	283.7133	0.7699861	0.863817	13.46764
13824	-4325.675	-4608.53	282.8551	0.6836585	1.080468	13.84268
13830	-4325.06	-4606.523	281.4631	0.889206	1.052412	14.47152
13836	-4315.912	-4599.533	283.6213	0.8427139	1.067925	13.36858
13842	-4317.894	-4606.226	288.3319	0.8401536	1.16707	10.8653
13848	-4323.372	-4611.972	288.5999	0.8137587	1.128988	10.75663
13854	-4331.065	-4617.857	286.7922	0.7578866	0.9936707	11.79944
13860	-4331.401	-4616.978	285.5774	0.7801875	0.9816781	12.42766
13866	-4315.143	-4601.862	286.7181	0.8134557	0.9816781	11.81543
13872	-4322.585	-4606.515	283.9298	0.7303027	1.094712	13.25356
13878	-4326.576	-4613.245	286.6691	0.7763852	0.9890642	11.85645
13884	-4315.48	-4602.022	286.5427	0.7978374	1.097355	11.85645
13890	-4325.171	-4617.113	291.9427	1.04523	1.040734	8.917227
13896	-4318.669	-4607.656	288.9869	0.9435581	1.040734	10.52904
13902	-4328.151	-4614.683	286.5322	0.8059259	0.8783429	11.97334
13908	-4323.427	-4607.827	284.4002	0.7179369	0.9305852	13.10017
13914	-4327.318	-4611.18	283.8625	0.7654206	0.8915236	13.37662
13920	-4322.195	-4608.094	285.8997	0.8259072	0.8769389	12.2936
13926	-4330.609	-4614.049	283.4392	0.6687664	1.083452	13.54582
13932	-4327.735	-4613.182	285.4466	0.7935509	0.9525095	12.50441
13938	-4326.666	-4611.899	285.2326	0.8791718	1.082501	12.50441
13944	-4332.119	-4619.23	287.111	0.7496681	1.082501	11.59207
13950	-4332.442	-4619.674	287.2326	0.953565	0.9763206	11.47628
13956	-4340.712	-4631.889	291.1775	1.182786	1.089886	9.22455
13962	-4349.17	-4639.192	290.0225	0.926275	1.164561	9.933213
13968	-4327.478	-4614.196	286.7175	0.846029	1.076292	11.75033
13974	-4325.102	-4612.276	287.1744	1.069684	0.9274991	11.47245
13980	-4322.228	-4608.606	286.3782	0.8225696	0.9274991	12.01734
13986	-4325.369	-4614.186	288.8166	0.9744365	0.8934858	10.68152
13992	-4324.82	-4611.97	287.1496	0.9192619	0.8761581	11.59306
13998	-4314.504	-4597.926	283.4214	0.7118497	1.022439	13.56318
14004	-4305.045	-4591.256	286.2105	1.012767	0.9723494	11.98125
14010	-4322.343	-4601.773	279.4303	0.8508692	0.9745771	15.58261
14016	-4311.449	-4597.541	286.0915	0.7778148	0.9354163	12.18583
14022	-4318.331	-4604.652	286.3209	0.8102503	1.033155	11.99766
14028	-4309.993	-4595.091	285.0987	0.7709282	0.9951686	12.67469
14034	-4311.076	-4596.416	285.3397	0.7774791	1.007908	12.53915
14040	-4319.225	-4607.244	288.0186	0.8505232	1.071667	11.06994
14046	-4314.94	-4599.642	284.7014	0.6853826	0.9512489	12.94922
14052	-4311.13	-4595.694	284.5642	0.8384709	1.074439	12.87747
14058	-4303.247	-4587.157	283.9103	0.7820305	1.074439	13.24676
14064	-4311.19	-4591.779	280.5883	0.8450346	1.074439	14.93626
14070	-4308.574	-4594.354	285.7797	0.9478598	1.060446	12.19443
14076	-4308.656	-4598.371	289.715	0.8624233	1.052037	10.18343
14082	-4327.346	-4614.67	287.3239	0.900314	0.9826734	11.453
14088	-4320.916	-4611.014	290.0974	0.9185477	1.059937	9.948674
14094	-4322.075	-4610.489	288.4138	0.8612029	1.08426	10.85105
14100	-4309.356	-4591.55	282.194	0.816461	0.8989571	14.2116
14106	-4295.842	-4581.626	285.7842	0.7606881	0.9436248	12.35049
14112	-4299.511	-4586.315	286.8043	0.8344174	1.173284	11.6647
14118	-4306.555	-4591.156	284.6014	0.7465521	0.950747	12.96971
14124	-4311.778	-4597.835	286.0563	0.7655101	0.9959876	12.17817
14130	-4301.143	-4587.528	286.385	0.9182338	1.045731	11.90151
14136	-4304.807	-4590.14	285.3327	0.7794418	0.8466039	12.63079
14142	-4297.633	-4587.032	289.399	0.8828121	0.8401812	10.45509
14148	-4320.254	-4609.543	289.289	0.9413863	0.8862048	10.45509
14154	-4329.064	-4615.186	286.1225	0.9031117	0.9099522	12.11846
14160	-4328.589	-4613.921	285.3315	0.7263029	0.8748321	12.64264
14166	-4311.89	-4597.79	285.9003	0.7877321	0.9560657	12.2691
14172	-4316.735	-4602.746	286.0113	0.7570894	0.9560657	12.22724
14178	-4322.795	-4606.619	283.8237	0.7389041	0.8403868	13.44014
14184	-4320.32	-4606.889	286.5689	0.8539248	0.8537435	11.94344
14190	-4337.379	-4623.487	286.108	0.7828232	1.060627	12.1092
14196	-4330.262	-4616.49	286.2286	0.7568813	0.9651105	12.1092
14202	-4317.735	-4605.721	287.9861	0.8996673	1.005217	11.09505
14208	-4316.116	-4601.149	285.0323	0.764324	0.9695468	12.72617
14214	-4308.798	-4594.876	286.0772	0.8529128	0.910761	12.16779
14220	-4304.516	-4592.306	287.7909	0.9790404	1.202652	11.05955
14226	-4307.972	-4596.637	288.6646	0.9790404	1.037305	10.68127
14232	-4317.66	-4606.372	288.7115	0.9940362	0.9751622	10.68127
14238	-4318.091	-4605.011	286.9201	0.9045576	1.154241	11.57642
14244	-4314.882	-4602.288	287.4053	0.8760904	1.09301	11.36696
14250	-4326.952	-4614.474	287.5217	0.9667168	1.09301	11.25866
14256	-4311.119	-4597.931	286.8116	0.8427469	0.85756	11.82034
14262	-4313.457	-4599.479	286.0217	0.8129613	1.041942	12.14786
14268	-4315.312	-4602.604	287.2914	0.9375587	1.041942	11.41984
14274	-4313.099	-4599.472	286.3726	0.7763029	0.8994917	12.06001
14280	-4323.052	-4610.953	287.9005	0.8106071	1.056059	11.16045
14286	-4316.262	-4603.516	287.2544	0.8106071	1.104829	11.47437
14292	-4307.111	-4594.494	287.3826	0.7369747	1.047165	11.47437
14298	-4307.505	-4596.33	288.8258	0.9306501	1.087714	10.59686
14304	-4309.413	-4596.154	286.7412	0.8267788	0.9393718	11.81919
14310	-4334.285	-4616.657	282.3724	0.7482148	0.8876894	14.1609
14316	-4343.987	-4628.538	284.5513	0.7813624	0.8876894	13.01255
14322	-4307.595	-4592.697	285.1017	0.9463452	1.13353	12.51296
14328	-4312.744	-4600.795	288.0511	0.7469438	0.7880208	11.26463
14334	-4322.496	-4606.733	284.237	0.8489203	1.086449	13.03631
14340	-4323.796	-4606.493	282.6964	0.8418184	1.006832	13.87997
14346	-4321.589	-4607.298	285.7091	0.8516513	1.138569	12.24344
14352	-4323.388	-4608.218	284.8299	0.865168	0.9172402	12.80748
14358	-4350.286	-4636.176	285.8903	0.9376735	1.078696	12.13303
14364	-4309.739	-4594.607	284.8682	0.8110765	0.9847245	12.7792
14370	-4306.951	-4593.507	286.5561	0.793382	1.213128	11.79752
14376	-4316.894	-4603.749	286.8549	0.6805778	0.9039755	11.85577
14382	-4314.052	-4599.479	285.4276	0.8851605	1.006847	12.43785
14388	-4326.517	-4611.965	285.4488	0.7914389	1.081767	12.43785
14394	-4303.898	-4590.578	286.6791	0.7722668	1.072548	11.81078
14400	-4304.292	-4591.146	286.8541	0.7748026	0.8972467	11.81078
14406	-4309.276	-4595.665	286.3894	0.750837	0.9052896	12.06129
14412	-4333.208	-4620.241	287.0329	0.8342472	0.837392	11.72116
14418	-4336.315	-4622.355	286.0398	0.7616281	0.8721384	12.25682
14424	-4305.935	-4594.957	289.0219	0.9122042	0.9540016	10.57276
14430	-4299.193	-4590.47	291.2767	0.9144659	0.9409614	9.39178
14436	-4294.616	-4582.204	287.5873	0.7804149	0.9409614	11.40043
14442	-4306.774	-4594.821	288.0467	0.7804149	0.9409614	11.16006
14448	-4302.646	-4592.474	289.8278	0.8392187	0.9949991	10.16578
14454	-4313.512	-4600.322	286.8105	0.8524182	0.823814	11.83593
14460	-4290.318	-4577.31	286.9916	0.83023	0.9994035	11.65448
14466	-4296.331	-4584.714	288.3829	0.8941838	1.013084	10.88597
14472	-4297.141	-4581.067	283.927	0.766255	0.8456705	13.36919
14478	-4308.029	-4591.954	283.9243	0.8597079	1.082754	13.19503
14484	-4316.724	-4602.958	286.2344	0.8365663	0.9840999	12.05448
14490	-4316.69	-4604.108	287.4179	0.8270909	0.9318524	11.46958
14496	-4324.237	-4610.845	286.6084	0.7094845	0.9377749	11.95059
14502	-4320.667	-4604.835	284.1677	0.7165908	1.029202	13.16965
14508	-4310.645	-4594.757	284.1119	0.7878357	1.013511	13.16965
14514	-4334.285	-4620.228	285.9432	0.8821651	0.9844608	12.1824
14520	-4326.476	-4612.657	286.1814	0.9150482	0.8523887	12.11449
14526	-4331.402	-4620.545	289.143	1.015911	1.016424	10.42157
14532	-4318.709	-4602.693	283.9842	0.8125604	0.8677886	13.30251
14538	-4320.066	-4605.745	285.6785	0.8727295	0.9601719	12.33822
14544	-4306.471	-4592.937	286.466	0.813533	1.274494	11.8069
14550	-4291.087	-4577.969	286.8816	0.985942	1.009725	11.62526
14556	-4293.341	-4580.178	286.8367	0.8621343	0.8134456	11.82348
14562	-4300.226	-4585.29	285.0644	0.7603021	0.9719096	12.71033
14568	-4300.12	-4584.711	284.5909	0.9535305	1.09164	12.79529
14574	-4307.114	-4594.156	287.042	0.7782419	1.032249	11.63835
14580	-4309.321	-4598.334	289.0129	0.8501953	0.956294	10.60876
14586	-4319.995	-4606.002	286.0066	0.6947218	0.9571644	12.26163
14592	-4304.846	-4589.086	284.2392	0.841711	1.01224	13.0761
14598	-4300.129	-4584.513	284.3835	0.6784182	1.031557	13.0761
14604	-4291.856	-4576.436	284.5799	0.7870846	0.7527732	13.0761
14610	-4297.164	-4583.017	285.8535	0.8125047	1.1437	12.18617
14616	-4311.249	-4597.36	286.1116	0.8690591	0.8333358	12.18617
14622	-4315.308	-4599.098	283.7899	0.9060117	0.976457	13.29488
14628	-4301.842	-4588.48	286.6374	0.7350113	1.053143	11.86165
14634	-4311.686	-4596.983	285.297	0.7615245	0.8589913	12.65143
14640	-4309.854	-4596.843	286.9894	0.8492076	0.921517	11.68769
14646	-4309.846	-4597.191	287.3452	0.9095451	0.8591098	11.50583
14652	-4309.511	-4594.782	285.2711	0.8029968	0.9761378	12.57822
14658	-4301.59	-4585.777	284.1865	0.7540252	0.997189	13.1569
14664	-4340.596	-4623.407	282.8107	0.8132541	1.078324	13.79957
14670	-4315.985	-4605.925	289.9392	1.028821	0.8595949	10.08288
14676	-4324.045	-4612.626	288.5809	1.065516	0.8309454	10.79402
14682	-4303.101	-4589.991	286.8895	1.026838	0.9859387	11.61217
14688	-4288.251	-4570.976	282.7251	0.7506368	0.9859387	13.92327
14694	-4305.998	-4593.181	287.1831	0.8475547	0.999098	11.54552
14700	-4295.631	-4577.538	281.9079	0.8236251	0.8985334	14.3564
14706	-4305.314	-4592.398	287.0845	0.7906089	0.9323579	11.66261
14712	-4307.279	-4596.977	289.698	0.859142	0.8849124	10.28419
14718	-4304.109	-4593.234	289.1246	0.9186419	0.9680174	10.50792
14724	-4321.886	-4609.531	287.6449	0.7143037	0.9212455	11.41577
14730	-4317.496	-4605.522	288.0255	0.791534	0.940476	11.16564
14736	-4338.518	-4623.834	285.316	0.8460899	0.9608563	12.54057
14742	-4335.124	-4618.403	283.2788	0.8034048	1.073916	13.56388
14748	-4324.492	-4612.788	288.2962	0.8506809	0.9013097	11.01469
14754	-4323.067	-4607.273	284.2058	0.8029869	0.8999811	13.174
14760	-4325.761	-4612.459	286.698	0.8286773	1.158247	11.73019
14766	-4326.352	-4611.899	285.5475	0.7648381	0.9254774	12.48158
14772	-4320.208	-4605.846	285.637	0.7104854	0.9093537	12.4722
14778	-4326.316	-4612.731	286.4149	0.7872721	1.088114	11.93317
14784	-4325.77	-4610.12	284.3498	0.7075646	1.001172	13.09407
14790	-4333.606	-4617.562	283.9564	0.7903007	0.8945324	13.31324
14796	-4325.294	-4610.332	285.0377	0.6940725	0.9520557	12.76931
14802	-4333.428	-4619.269	285.8409	0.9078121	0.9461381	12.24285
14808	-4320.618	-4605.695	285.0775	0.7832553	0.9913905	12.68126
14814	-4322.914	-4607.09	284.1759	0.8052374	1.075078	13.09633
14820	-4321.498	-4606.435	284.9372	0.8913632	0.9156191	12.73889
14826	-4324.761	-4609.878	285.1169	0.8458309	0.8129499	12.72867
14832	-4324.814	-4612.849	288.0356	0.9977448	1.023762	11.00814
14838	-4324.487	-4607.121	282.6343	0.7444739	0.8029363	14.0769
14844	-4324.404	-4610.505	286.1012	0.9468709	0.9453559	12.08721
14850	-4324.224	-4610.37	286.1456	0.8953783	0.9521502	12.08721
14856	-4333.462	-4619.767	286.3048	0.8641591	0.9522252	12.02044
14862	-4329.55	-4615.795	286.2449	0.9240274	0.9522252	12.02044
14868	-4326.783	-4612.16	285.3773	0.9171368	1.084584	12.40821
14874	-4345.594	-4630.233	284.6384	0.6966066	1.075575	12.9121
14880	-4339.244	-4625.6	286.356	0.8828912	1.120727	11.89821
14886	-4332.303	-4616.837	284.534	0.8212549	1.049427	12.91457
14892	-4335.973	-4620.464	284.4909	0.9358464	0.9772069	12.91457
14898	-4335.716	-4622.324	286.608	0.7824937	0.900403	11.93344
14904	-4345.031	-4631.789	286.758	0.6232057	0.7481965	12.03017
14910	-4342.937	-4631.061	288.1242	0.7824345	0.8801993	11.15259
14916	-4330.978	-4617.081	286.1027	0.8493539	0.9499536	12.13478
14922	-4336.305	-4624.524	288.2185	0.7295039	0.9561969	11.0885
14928	-4340.845	-4628.368	287.5227	0.778016	0.9119389	11.45155
14934	-4347.005	-4634.876	287.871	0.8530536	0.8091638	11.2903
14940	-4348.037	-4635.109	287.0717	0.8677189	0.9784173	11.6041
14946	-4328.922	-4613.799	284.8773	0.7432217	0.9576603	12.82417
14952	-4332.426	-4617.544	285.1183	0.7108992	1.057852	12.66374
14958	-4337.84	-4626.86	289.0204	0.7605898	0.8036831	10.74002
14964	-4345.67	-4634.526	288.8565	0.9262894	0.8811623	10.69291
14970	-4345.117	-4633.196	288.0786	0.8828597	0.8676693	11.1311
14976	-4333.25	-4619.092	285.8415	0.7775238	1.2027	12.18336
14982	-4334.062	-4620.421	286.3589	0.6442261	0.8185306	12.18336
14988	-4328.774	-4616.958	288.1842	0.7858286	0.9633278	11.07309
14994	-4323.564	-4610.567	287.0027	0.8670133	1.099333	11.57908
15000	-4327.317	-4611.581	284.2639	0.7422885	0.9028498	13.17374
15006	-4330.063	-4614.371	284.3079	0.6771543	1.118697	13.07316
15012	-4324.473	-4608.77	284.2969	0.6747123	1.133407	13.07316
15018	-4328.529	-4611.647	283.1178	0.7396144	1.159089	13.63986
15024	-4327.903	-4611.063	283.16	0.7252014	1.128378	13.63986
15030	-4330.571	-4617.871	287.3002	1.052017	1.055002	11.34876
15036	-4339.251	-4629.01	289.7594	0.8605896	1.125668	10.1247
15042	-4332.99	-4618.742	285.7522	0.9796862	0.968828	12.23944
15048	-4341.004	-4628.88	287.8766	0.9814219	1.092105	11.06564
15054	-4338.219	-4625.452	287.2334	0.8245437	1.052868	11.50369
15060	-4333.167	-4616.854	283.687	0.8250997	0.976877	13.39011
15066	-4320.24	-4607.956	287.7164	1.06867	0.976877	11.1627
15072	-4331.609	-4614.82	283.2106	0.7585772	1.025117	13.64697
15078	-4329.981	-4615.918	285.9373	0.749984	0.7238272	12.40785
15084	-4324.12	-4609.473	285.3527	0.8387015	0.9327471	12.54056
15090	-4313.54	-4601.345	287.8047	0.8378872	1.072569	11.18805
15096	-4323.28	-4608.197	284.9172	0.7737069	1.14691	12.6926
15102	-4323.783	-4608.486	284.7031	0.7947543	0.8683124	12.93774
15108	-4313.739	-4595.545	281.8058	0.6696694	1.098826	14.38493
15114	-4320.87	-4606.998	286.1278	0.8203137	0.9508403	12.13634
15120	-4317.292	-4603.342	286.0508	0.8546225	0.8828662	12.19646
15126	-4312.916	-4598.017	285.1014	0.8002909	1.075435	12.61725
15132	-4316.343	-4601.303	284.9596	0.8393204	1.188187	12.61725
15138	-4330.923	-4614.22	283.2973	0.7701682	1.102297	13.55774
15144	-4332.745	-4616.498	283.7528	0.852439	0.9298821	13.36707
15150	-4315.974	-4600.613	284.6395	0.7562293	1.088549	12.87416
15156	-4327.546	-4612.528	284.9812	0.7430291	0.7782992	12.87416
15162	-4331.553	-4613.246	281.6937	0.7834689	0.8771742	14.50023
15168	-4332.96	-4620.089	287.1284	0.7834689	1.045848	11.58361
15174	-4315.772	-4602.915	287.1426	0.8807899	0.9758265	11.56162
15180	-4314.5	-4601.855	287.3545	0.8258787	0.976828	11.47901
15186	-4315.22	-4599.473	284.2522	0.8519804	1.066447	13.03662
15192	-4341.935	-4626.796	284.8617	0.8345951	1.014026	12.75511
15198	-4347.789	-4633.294	285.5045	0.6712643	0.8992595	12.5673
15204	-4328.304	-4612.64	284.336	0.6901609	1.020966	13.1001
15210	-4325.473	-4609.484	284.0104	0.7301706	1.076139	13.22087
15216	-4323.533	-4608.618	285.0856	0.8791974	1.012173	12.61631
15222	-4305.538	-4590.57	285.0327	0.7174621	0.9778637	12.74596
15228	-4320.915	-4607.436	286.5214	0.981274	0.8764425	11.88856
15234	-4325.642	-4608.402	282.76	0.744554	1.080697	13.86034
15240	-4320.108	-4604.972	284.8644	0.744554	0.979816	12.81839
15246	-4324.27	-4613.334	289.0648	0.9020844	0.9953231	10.53347
15252	-4333.188	-4619.084	285.8956	0.7444545	1.041751	12.24941
15258	-4334.485	-4618.438	283.9532	0.7663289	0.979907	13.28081
15264	-4324.019	-4611.498	287.4788	0.8471712	0.8137779	11.49565
15270	-4319.556	-4605.366	285.8108	0.7099934	1.050343	12.30723
15276	-4323.147	-4606.752	283.6044	0.7845539	0.8883871	13.50255
15282	-4322.225	-4608.95	286.7249	0.8122448	1.028006	11.78838
15288	-4328.874	-4613.779	284.9054	0.8918525	0.9418953	12.74074
15294	-4329.476	-4612.962	283.4865	0.7325117	0.9618149	13.55035
15300	-4335.689	-4620.033	284.3443	0.7390436	1.026689	13.06746
15306	-4341.19	-4626.343	285.1533	0.8828951	0.9732748	12.59948
15312	-4330.917	-4614.06	283.1432	0.8551548	0.9112983	13.69243
15318	-4324.168	-4607.239	283.0713	0.8429182	0.9922975	13.69243
15324	-4323.381	-4607.914	284.5338	0.846296	1.002708	12.92546
15330	-4330.977	-4619.063	288.0861	0.9780446	1.002708	11.00292
15336	-4326.184	-4609.727	283.5429	0.8351949	1.065675	13.4143
15342	-4330.978	-4614.468	283.4906	0.7500607	1.002208	13.51782
15348	-4328.298	-4611.43	283.1325	0.7500607	0.8287799	13.80001
15354	-4343.007	-4627.82	284.8133	0.7997483	1.079326	12.7656
15360	-4332.906	-4620.528	287.622	0.9735668	1.159154	11.17095
15366	-4326.056	-4610.595	284.5387	0.7390701	1.03188	12.96368
15372	-4337.058	-4623.042	285.9843	0.8443617	0.9397626	12.20468
15378	-4318.686	-4605.661	286.9744	0.8838272	1.150614	11.56059
15384	-4344.225	-4633.067	288.8416	1.061287	0.8717934	10.63531
15390	-4325.77	-4612.691	286.9213	0.9690444	1.140048	11.54876
15396	-4322.045	-4607.454	285.4091	0.9374337	1.088437	12.37919
15402	-4320.249	-4607.369	287.1205	0.7787133	0.8768327	11.6813
15408	-4313.031	-4603.497	290.4652	0.9593455	0.8533703	9.84623
15414	-4319.556	-4604.906	285.3501	0.8471325	1.027981	12.48717
15420	-4331.376	-4613.391	282.0151	0.658203	0.9066032	14.38203
15426	-4323.59	-4607.75	284.1596	0.8466405	1.009963	13.11612
15432	-4315.189	-4602.625	287.4359	0.8567931	0.9928282	11.41184
15438	-4328.674	-4614.289	285.6146	0.7386674	0.9780854	12.43179
15444	-4330.825	-4616.38	285.5549	0.7969065	0.9795461	12.43179
15450	-4329.491	-4613.274	283.7828	0.7437321	0.9837684	13.37903
15456	-4317.924	-4602.218	284.294	0.9297911	0.9390576	13.0406
15462	-4316.56	-4602.745	286.1849	0.9123612	0.9918764	12.03666
15468	-4317.083	-4603.264	286.1816	0.7800043	1.133834	12.03666
15474	-4321.705	-4605.936	284.2309	0.78944	1.063313	13.08176
15480	-4341.912	-4623.584	281.6713	0.7950809	0.9036766	14.49083
15486	-4344.677	-4627.154	282.4773	0.8084811	1.156096	13.93784
15492	-4334.577	-4619.544	284.9666	0.9052609	1.010253	12.66568
15498	-4331.696	-4615.289	283.5923	0.852148	0.9656021	13.43126
15504	-4338.848	-4622.553	283.7048	0.7748253	0.9866971	13.40183
15510	-4328.614	-4612.724	284.1107	0.6535783	0.9866971	13.25395
15516	-4320.717	-4604.47	283.7528	0.7461544	1.019752	13.37466
15522	-4327.237	-4613.257	286.0201	0.7612601	0.7777181	12.32413
15528	-4329.658	-4615.341	285.683	0.8042386	0.8787741	12.41676
15534	-4332.48	-4616.87	284.3901	0.6669208	0.8204193	13.1952
15540	-4330.231	-4616.066	285.8351	0.81789	0.8493148	12.34747
15546	-4327.493	-4612.054	284.5616	0.81789	0.7652164	13.06167
15552	-4337.573	-4621.723	284.1498	0.7383792	1.057058	13.15356
15558	-4337.264	-4621.713	284.4486	0.7246526	0.7896603	13.15356
15564	-4321.009	-4607.614	286.605	0.9545667	1.034146	11.77354
15570	-4310.676	-4598.996	288.3198	0.881104	0.8789309	10.9992
15576	-4316.004	-4600.773	284.7692	0.8096542	1.079401	12.78336
15582	-4324.909	-4615.417	290.5073	0.9500302	0.9774826	9.759058
15588	-4325.265	-4610.791	285.5265	0.8902451	0.9324905	12.42332
15594	-4319.758	-4603.385	283.6267	0.8150117	1.043201	13.39248
15600	-4319.384	-4606.515	287.1308	0.7843636	0.945188	11.63469
15606	-4322.026	-4608.254	286.2287	0.75326	1.084376	12.0499
15612	-4334.647	-4620.49	285.8436	0.8021002	0.9833252	12.27664
15618	-4329.063	-4615.946	286.8836	0.7423026	0.9364291	11.79052
15624	-4325.333	-4611.999	286.6657	0.6673	1.031928	11.89294
15630	-4325.618	-4609.786	284.1678	0.8234841	0.888345	13.18968
15636	-4317.821	-4602.341	284.5203	0.7646955	0.9732725	12.99037
15642	-4322.798	-4607.103	284.3056	0.8102962	1.1499	12.99037
15648	-4330.202	-4618.573	288.3706	0.9446747	1.022478	10.86107
15654	-4334.776	-4622.526	287.7496	0.8633719	1.027733	11.22617
15660	-4317.862	-4604.452	286.59	0.8213144	1.027733	11.85422
15666	-4330.441	-4616.618	286.1768	0.8754714	1.069404	12.02062
15672	-4320.024	-4606.87	286.8456	0.8484996	1.052438	11.69402
15678	-4319.437	-4605.707	286.2698	0.6979687	1.141269	12.02993
15684	-4325.98	-4611.77	285.7906	0.7339611	0.9504321	12.35736
15690	-4336.068	-4622.09	286.0223	0.8838605	0.8260791	12.22936
15696	-4319.299	-4605.661	286.3615	0.9302287	1.049284	11.9057
15702	-4314.184	-4602.543	288.3581	0.7377067	0.9749389	11.00102
15708	-4335.87	-4621.602	285.7326	0.8287097	1.047601	12.2875
15714	-4333.839	-4619.837	285.9987	0.7201828	0.7623307	12.36641
15720	-4327.819	-4616.576	288.7572	1.11954	0.9887278	10.58422
15726	-4319.284	-4609.231	289.9465	0.9657208	0.8553707	10.11475
15732	-4320.461	-4605.376	284.9154	0.8021904	0.9775118	12.76307
15738	-4325.094	-4612.582	287.4881	0.8970383	0.9739956	11.37349
15744	-4340.97	-4627.999	287.0284	0.8282284	0.9477209	11.66384
15750	-4313.538	-4596.913	283.3745	0.9382574	1.010273	13.47624
15756	-4318.578	-4604.034	285.4565	0.8105215	1.134423	12.39849
15762	-4314.84	-4597.553	282.7129	0.8369482	1.005381	13.87468
15768	-4311.921	-4599.391	287.4701	0.7739376	1.063297	11.40119
15774	-4308.299	-4596.117	287.8182	0.8801453	1.092524	11.14905
15780	-4314.453	-4604.705	290.2518	0.9198451	1.003481	9.895732
15786	-4301.36	-4591.987	290.6266	0.9198451	1.037665	9.680543
15792	-4310.089	-4601.212	291.1235	0.860953	0.9311709	9.506358
15798	-4307.255	-4595.212	287.9571	0.8710123	0.9879536	11.1343
15804	-4309.921	-4595.484	285.5635	0.8612615	0.9961992	12.38502
15810	-4315.735	-4603.065	287.3293	0.8041703	0.9961992	11.49332
15816	-4319.419	-4606.719	287.2998	0.9132161	1.042151	11.42802
15822	-4312.768	-4597.06	284.2916	0.7726767	1.005552	13.08819
15828	-4309.222	-4597.579	288.3564	0.9490266	0.9624399	10.89787
15834	-4316.624	-4602.227	285.603	0.7892175	1.070967	12.36399
15840	-4311.536	-4596.783	285.247	0.7290054	1.071696	12.58043
15846	-4311.454	-4598.637	287.1832	0.8568751	1.11142	11.4842
15852	-4324.681	-4611.809	287.128	0.7285837	1.050686	11.61005
15858	-4308.159	-4595.314	287.1549	0.7708241	0.9217727	11.64202
15864	-4291.592	-4580.967	289.3746	0.8694165	0.958363	10.40767
15870	-4295.226	-4583.516	288.2904	0.8709703	0.958363	10.97555
15876	-4302.741	-4591.813	289.0714	0.87476	0.958363	10.56408
15882	-4300.774	-4588.857	288.0835	0.87476	0.9308123	11.09699
15888	-4312.914	-4596.625	283.7109	0.6649835	0.9840312	13.45712
15894	-4307.536	-4594.387	286.8504	0.8353104	0.9919828	11.72951
15900	-4321.903	-4609.996	288.0933	0.9079417	1.00565	11.03432
15906	-4318.401	-4609.595	291.1937	0.9530133	1.080848	9.341923
15912	-4331.632	-4619.462	287.8301	0.9416471	0.8580636	11.23605
15918	-4330.571	-4614.98	284.409	0.7742072	0.9596394	13.05058
15924	-4331.933	-4620.314	288.3809	0.8580441	0.9255974	10.9529
15930	-4312.633	-4597.449	284.8163	0.7752915	0.9255974	12.85668
15936	-4301.831	-4587.186	285.3557	0.7390916	0.8565202	12.63403
15942	-4303.276	-4592.533	289.2571	0.7883042	0.981122	10.49975
15948	-4295.787	-4583.694	287.9071	0.8807261	0.9880456	11.15531
15954	-4296.119	-4582.053	285.9338	0.7365968	0.8457807	12.3405
15960	-4316.562	-4601.754	285.192	0.7574196	0.9643906	12.64943
15966	-4314.058	-4602.499	288.4407	0.8833288	1.132615	10.80187
15972	-4318.681	-4604.626	285.9446	0.8984363	1.084496	12.1223
15978	-4312.946	-4604.352	291.4056	0.8984363	1.128259	9.235547
15984	-4315.827	-4601.759	285.9316	0.731591	0.9626335	12.27854
15990	-4319.619	-4606.023	286.4033	0.8830971	0.7913042	12.05232
15996	-4326.649	-4613.808	287.1592	0.9401965	0.9586325	11.53112
16002	-4332.881	-4623.231	290.35	1.199033	1.063563	9.666011
16008	-4328.036	-4618.31	290.2746	1.091672	1.036148	9.776299
16014	-4325.182	-4612.157	286.9754	0.8187811	0.8383985	11.75864
16020	-4328.474	-4610.951	282.477	0.9579009	1.046598	13.91334
16026	-4320.133	-4604.722	284.5887	0.8317467	1.019764	12.89568
16032	-4319.02	-4605.612	286.5921	0.8894239	0.9862834	11.83912
16038	-4305.272	-4594.134	288.862	0.9313608	0.9905827	10.62703
16044	-4319.647	-4606.427	286.7801	0.811622	0.9166232	11.81933
16050	-4323.202	-4607.051	283.8492	0.7731884	0.9166232	13.36548
16056	-4325.329	-4610.261	284.9327	0.8513784	0.8481698	12.80063
16062	-4318.618	-4603.612	284.9944	0.8936128	0.9849557	12.67046
16068	-4327.101	-4616.095	288.9945	0.892212	0.9253698	10.61336
16074	-4324.755	-4614.47	289.7142	0.8457841	0.9253698	10.25981
16080	-4324.528	-4608.024	283.4955	0.8969527	0.895583	13.49664
16086	-4318.28	-4603.853	285.5729	0.8673049	1.062166	12.34333
16092	-4326.873	-4611.757	284.8839	0.9182838	1.122568	12.6462
16098	-4323.573	-4612.989	289.4161	0.9856237	0.8900722	10.36291
16104	-4335.323	-4619.828	284.5044	0.6951154	0.9954608	13.02314
16110	-4335.525	-4619.848	284.3223	0.8507875	1.022048	13.02314
16116	-4329.761	-4618.208	288.4472	0.7663321	0.9417727	10.95728
16122	-4335.49	-4624.333	288.843	0.8306578	0.9417727	10.7161
16128	-4333.044	-4617.165	284.1215	0.8099395	0.9647915	13.17871
16134	-4325.13	-4611.365	286.2354	0.893467	1.030246	12.00033
16140	-4335.446	-4620.672	285.226	0.8296082	0.9863034	12.58249
16146	-4350.387	-4635.602	285.2155	0.840074	0.9863034	12.58249
16152	-4306.78	-4594.582	287.8025	0.8076213	0.8647723	11.31667
16158	-4320.252	-4604.436	284.1839	0.6966644	0.9861461	13.19381
16164	-4317.143	-4604.771	287.628	0.8701873	0.9523954	11.32598
16170	-4316.348	-4602.225	285.8765	0.8570051	1.084967	12.17918
16176	-4307.032	-4593.759	286.7264	0.8963828	1.075623	11.71971
16182	-4315.617	-4600.737	285.1202	0.8886588	0.9016773	12.65284
16188	-4308.547	-4597.531	288.9843	0.947823	0.9895499	10.55475
16194	-4307.075	-4596.193	289.1178	0.8852221	0.9210413	10.55475
16200	-4323.265	-4612.297	289.0321	0.9350271	0.9210413	10.57358
16206	-4313.845	-4599.393	285.548	0.7446812	0.9210413	12.49424
16212	-4301.923	-4588.379	286.4565	0.7695565	1.144049	11.89384
16218	-4308.735	-4595.314	286.5783	0.7726879	1.011987	11.89384
16224	-4308.918	-4596.815	287.8962	0.8950189	1.117916	11.0881
16230	-4319.845	-4606.783	286.9382	0.9350756	0.8639719	11.70227
16236	-4306.017	-4592.618	286.6012	0.8569179	0.8998903	11.89845
16242	-4313.132	-4599.976	286.844	0.8615052	0.9160144	11.76025
16248	-4302.141	-4588.977	286.8351	0.7329668	1.051658	11.76025
16254	-4310.796	-4600.83	290.0339	0.7619417	0.8475261	10.18061
16260	-4298.093	-4587.732	289.6389	0.8982418	0.9085343	10.28122
16266	-4308.73	-4595.12	286.3896	0.8259133	1.084728	11.92785
16272	-4318.823	-4602.207	283.3839	0.9328523	0.9670997	13.49678
16278	-4307.859	-4593.954	286.0944	0.8286999	0.9670997	12.14066
16284	-4314.575	-4601.841	287.2657	0.9449956	1.068533	11.41601
16290	-4306.346	-4590.654	284.3081	0.8976994	1.1201	12.95771
16296	-4321.831	-4609.404	287.5732	0.9744839	1.018159	11.26525
16302	-4317.702	-4601.399	283.6967	0.7808217	0.8587004	13.47357
16308	-4310.016	-4593.342	283.326	0.8411792	1.023686	13.54496
16314	-4336.518	-4620.485	283.9669	0.7784956	1.243687	13.14038
16320	-4336.568	-4620.195	283.6263	0.730799	0.8971713	13.51413
16326	-4327.482	-4613.329	285.8472	0.7979287	0.9338016	12.30358
16332	-4323.375	-4609.093	285.7189	0.8466937	1.011677	12.30358
16338	-4323.411	-4609.193	285.7827	0.782908	1.011677	12.30358
16344	-4340.713	-4628.266	287.5536	0.9758312	1.013707	11.27712
16350	-4334.224	-4619.816	285.5918	0.8915452	0.9085741	12.40187
16356	-4324.906	-4608.315	283.4083	0.8153011	1.019951	13.51756
16362	-4311.739	-4599.108	287.3683	0.8873665	1.064552	11.39449
16368	-4323.352	-4609.5	286.1485	0.7675792	0.9116537	12.17463
16374	-4311.721	-4598.327	286.6063	0.8677336	0.9188558	11.87952
16380	-4313.891	-4601.687	287.7958	0.7778665	0.9509323	11.28726
16386	-4320.813	-4608.746	287.9329	0.7576161	0.9151198	11.24589
16392	-4317.962	-4604.359	286.3975	0.8639633	1.030261	11.93116
16398	-4311.084	-4597.541	286.4569	0.8696773	0.9652066	11.93116
16404	-4306.74	-4589.721	282.9805	0.8666448	1.15543	13.64691
16410	-4307.101	-4593.076	285.9748	0.7785445	0.8330987	12.3048
16416	-4307.473	-4592.153	284.6802	0.7785445	0.9760294	12.89857
16422	-4308.173	-4595.382	287.2091	0.9578349	0.927048	11.51306
16428	-4316.582	-4603.493	286.9103	0.9412094	1.030304	11.62302
16434	-4315.573	-4601.276	285.7028	0.8503535	0.8578852	12.3945
16440	-4316.996	-4603.175	286.179	0.6777408	1.042577	12.13604
16446	-4332.064	-4617.804	285.7401	0.8020645	0.8559251	12.40138
16452	-4325.954	-4612.199	286.2452	1.035499	0.9378137	11.96999
16458	-4328.378	-4613.569	285.1907	0.8254473	0.9378137	12.62905
16464	-4314.138	-4600.964	286.8262	0.9486796	0.9599732	11.69994
16470	-4307.53	-4595.267	287.7369	0.9571547	0.9226843	11.2398
16476	-4321.031	-4605.242	284.2114	0.8727369	1.090608	13.03517
16482	-4313.442	-4596.642	283.2001	0.7518999	1.133947	13.60254
16488	-4304.849	-4588.536	283.6867	0.8660167	0.9493519	13.38376
16494	-4308.072	-4597.024	288.952	0.9356084	1.145636	10.50003
16500	-4343.412	-4632.903	289.4906	0.9396727	0.9192693	10.33134
16506	-4325.023	-4613.255	288.2321	0.9396727	1.209801	10.84576
16512	-4360.847	-4647.602	286.7547	0.8033811	0.8025213	11.90363
16518	-4358.04	-4646.049	288.0084	0.8322523	0.8115029	11.22787
16524	-4333.008	-4620.552	287.544	0.8476353	1.074029	11.31866
16530	-4322.751	-4608.058	285.3073	0.8886516	0.9348695	12.53702
16536	-4317.303	-4601.14	283.8368	0.7737406	0.8689937	13.39854
16542	-4307.277	-4592.344	285.0666	0.812992	1.050513	12.64118
16548	-4310.512	-4589.817	279.3058	0.7392097	1.048691	15.66659
16554	-4318.163	-4596.133	277.9696	0.8935235	1.164461	16.22126
16560	-4315.664	-4599.083	283.419	0.8643136	0.8814391	13.56134
16566	-4302.797	-4586.858	284.061	0.8419022	1.144928	13.10341
16572	-4313.331	-4601.388	288.0573	1.061865	1.1417	10.90493
16578	-4324.023	-4609.7	285.6772	0.8098567	1.032199	12.33402
16584	-4327.483	-4610.907	283.4241	0.7093775	1.054787	13.54677
16590	-4326.459	-4612.575	286.1157	0.7808395	1.054787	12.10914
16596	-4315.706	-4600.884	285.1783	0.7938541	1.025887	12.60542
16602	-4331.55	-4612.845	281.2951	0.7261852	0.8565165	14.74813
16608	-4327.649	-4612.085	284.4362	0.655227	0.8912505	13.13594
16614	-4322.771	-4608.734	285.9624	0.7791419	1.057997	12.18836
16620	-4315.28	-4601.23	285.95	0.8300607	0.9613717	12.21833
16626	-4315.445	-4601.882	286.4365	0.8192977	0.9625479	11.96957
16632	-4307.163	-4590.831	283.6679	0.6519638	1.005369	13.47509
16638	-4321.202	-4607.112	285.9103	0.8384146	0.9596302	12.23556
16644	-4320.558	-4607.226	286.6682	0.9173911	1.065634	11.74412
16650	-4325.475	-4610.274	284.7988	0.6982747	0.9372057	12.89946
16656	-4332.509	-4617.419	284.9099	0.7926567	1.106791	12.70564
16662	-4320.681	-4606.282	285.6009	0.781568	0.9535662	12.42968
16668	-4338.934	-4621.016	282.0819	0.7407018	0.9346607	14.2892
16674	-4330.538	-4615.918	285.3806	0.8918267	1.066633	12.42856
16680	-4319.467	-4607.222	287.7551	0.9081252	1.132789	11.14797
16686	-4318.232	-4605.984	287.7523	0.7489361	1.132789	11.23275
16692	-4325.295	-4611.939	286.6444	0.8519909	0.9428986	11.85459
16698	-4329.443	-4616.269	286.8256	0.682557	0.9317454	11.85459
16704	-4322.787	-4611.177	288.3906	0.8072473	0.8765624	11.00219
16710	-4317.002	-4604.802	287.8006	0.8028149	0.9164426	11.29069
16716	-4318.777	-4604.241	285.4635	0.7052134	0.9493208	12.54332
16722	-4313.143	-4597.622	284.479	0.7516633	1.091638	12.95847
16728	-4306.555	-4588.643	282.088	0.8464382	0.9132254	14.24306
16734	-4328.881	-4616.19	287.3092	0.7083726	0.7584463	11.69136
16740	-4326.82	-4610.127	283.3075	0.7981184	1.161935	13.5097
16746	-4327.032	-4612.221	285.1895	0.978563	0.8820688	12.58107
16752	-4314.931	-4600.582	285.6505	0.8955425	1.131689	12.25438
16758	-4315.91	-4604.129	288.2191	0.9892828	1.149166	10.85463
16764	-4313.888	-4597.19	283.3024	0.8307236	0.8797704	13.64026
16770	-4316.156	-4602.671	286.5155	0.828131	0.8565465	11.98313
16776	-4318.176	-4603.544	285.3677	0.8235175	1.072185	12.46808
16782	-4332.042	-4614.615	282.5726	0.795042	0.8431586	14.05853
16788	-4344.097	-4629.481	285.3844	0.8276393	0.942266	12.52458
16794	-4354.347	-4640.167	285.8197	0.9675911	0.9176102	12.23844
16800	-4332.072	-4617.81	285.737	0.8554717	1.114341	12.23844
16806	-4334.91	-4618.492	283.5821	0.877336	1.144658	13.33403
16812	-4314.994	-4601.029	286.0349	0.8432018	0.9811353	12.15666
16818	-4301.943	-4584.865	282.9225	0.7117832	0.9717244	13.84849
16824	-4311.378	-4597.374	285.9961	0.7878212	1.105595	12.14284
16830	-4304.395	-4587.794	283.3994	0.7615294	1.054325	13.53275
16836	-4313.083	-4600.717	287.6348	0.7594001	1.023542	11.34281
16842	-4326.804	-4614.067	287.2637	0.7895629	0.8147323	11.6376
16848	-4305.92	-4591.196	285.2763	0.8141744	0.8899205	12.61703
16854	-4300.448	-4583.736	283.2878	0.669868	1.044484	13.64319
16860	-4297.536	-4582.705	285.1693	0.7668532	1.13833	12.56896
16866	-4303.546	-4589.026	285.4802	0.749042	0.9258982	12.52464
16872	-4298.967	-4584.359	285.3918	0.6939119	1.068921	12.52464
16878	-4301.08	-4588.284	287.2038	0.761163	1.050019	11.55372
16884	-4297.337	-4584.199	286.8614	0.761163	0.9566225	11.7813
16890	-4307.698	-4593.218	285.5202	0.763408	0.9668109	12.4741
16896	-4311.806	-4595.431	283.6258	0.7932486	1.14	13.3572
16902	-4332.43	-4617.905	285.4757	0.6513358	0.8444038	12.62434
16908	-4322.888	-4606.627	283.7393	0.6513358	0.9631796	13.46048
16914	-4318.657	-4604.507	285.8497	0.7503115	1.040211	12.27107
16920	-4302.755	-4589.427	286.6718	0.8254562	0.9708024	11.83908
16926	-4312.339	-4600.375	288.0357	0.9927314	1.004063	11.0209
16932	-4323.56	-4608.445	284.8851	0.7008644	0.970989	12.83505
16938	-4328.632	-4613.779	285.1461	0.754426	0.8827148	12.71997
16944	-4324.667	-4610.251	285.5847	0.736933	0.9965581	12.43859
16950	-4330.123	-4613.696	283.5733	0.6878374	1.045086	13.48531
16956	-4316.255	-4602.254	285.9998	0.7453974	1.045086	12.19292
16962	-4310.907	-4596.216	285.3088	0.8438809	1.07533	12.48662
16968	-4317.411	-4605.517	288.1063	0.740112	1.035932	11.09978
16974	-4311.051	-4598.034	286.9831	0.7788948	0.9941001	11.68852
16980	-4310.115	-4596.256	286.1409	0.7661125	1.054218	12.10393
16986	-4312.518	-4596.553	284.0352	0.7986428	1.054218	13.18323
16992	-4321.72	-4607.769	286.0489	0.71583	1.10895	12.15122
16998	-4326.051	-4614.146	288.0957	0.8890173	1.218879	10.93967
17004	-4326.154	-4610.008	283.8542	0.7861791	1.108447	13.25723
17010	-4329.072	-4619.841	290.7693	0.9799209	1.221369	9.485023
17016	-4321.946	-4607.932	285.9865	0.8360485	0.9028688	12.22831
17022	-4321.31	-4609.078	287.7683	0.9410914	0.9028688	11.24288
17028	-4326.653	-4612.702	286.0493	0.8795959	0.9998407	12.12032
17034	-4333.726	-4617.245	283.5189	0.7892419	0.9087549	13.53301
17040	-4320.963	-4606.107	285.1438	0.7551807	1.121228	12.59645
17046	-4322.023	-4607.064	285.0406	0.7123524	1.027289	12.71882
17052	-4324.661	-4609.736	285.0752	0.6823212	0.9383394	12.76338
17058	-4327.915	-4615.212	287.2974	0.9048702	0.8915591	11.51448
17064	-4325.099	-4610.719	285.6205	0.8632538	0.8733469	12.42168
17070	-4326.497	-4612.815	286.3187	0.8230674	0.8496117	12.09251
17076	-4315.771	-4602.129	286.3578	0.7885739	1.022254	11.99531
17082	-4321.917	-4609.112	287.1954	0.8237739	1.160903	11.47162
17088	-4326.906	-4615.404	288.4984	0.9795106	1.076068	10.74869
17094	-4313.789	-4601.982	288.193	0.8092634	1.028262	11.02211
17100	-4313.655	-4602.628	288.9733	0.8232016	1.008767	10.61582
17106	-4312.575	-4600.863	288.2884	0.7817983	1.051722	10.9746
17112	-4318.581	-4606.362	287.7808	0.8479197	0.9806563	11.24251
17118	-4315.262	-4604.151	288.8892	0.7596298	0.9465727	10.72645
17124	-4311.11	-4597.246	286.1362	0.8009801	1.099294	12.06599
17130	-4317.965	-4601.351	283.3866	0.6406549	0.805111	13.7392
17136	-4325.459	-4610.234	284.7746	0.7693268	0.9742318	12.85518
17142	-4324.741	-4608.432	283.6911	0.641947	0.9705815	13.48646
17148	-4324.727	-4607.114	282.3869	0.6817728	0.9762981	14.13938
17154	-4339.64	-4629.849	290.2091	1.200295	0.9306735	9.809868
17160	-4338.445	-4627.402	288.9575	1.07288	0.9570075	10.5206
17166	-4327.985	-4615.478	287.4934	0.8527268	0.9570075	11.40297
17172	-4327.086	-4612.517	285.4313	0.879373	1.090817	12.39669
17178	-4324.986	-4611.245	286.2595	0.8791929	0.9714161	12.0259
17184	-4330.82	-4615.268	284.4478	0.7741543	1.102478	12.95778
17190	-4314.27	-4597.689	283.419	0.7776325	1.098136	13.49265
17196	-4312.957	-4595.093	282.1356	0.7524958	0.8859387	14.28237
17202	-4319.28	-4608.644	289.364	0.8840888	0.968875	10.39989
17208	-4323.384	-4611.185	287.8014	0.9116741	1.112193	11.13177
17214	-4324.644	-4611.217	286.5729	0.8702649	1.099233	11.80196
17220	-4310.263	-4595.78	285.5176	0.8288477	0.9070404	12.47406
17226	-4310.193	-4599.145	288.952	0.9383257	0.9413424	10.60263
17232	-4329.567	-4612.778	283.2105	0.8946575	1.025891	13.576
17238	-4346.915	-4629.226	282.3113	0.8073696	0.9675213	14.1181
17244	-4345.755	-4631.058	285.3033	0.8374801	1.151267	12.4563
17250	-4326.168	-4613.014	286.8458	0.7805769	1.060455	11.72537
17256	-4328.432	-4613.268	284.8355	0.625314	0.9848004	12.89281
17262	-4335.991	-4621.325	285.3341	0.7632954	1.028542	12.53884
17268	-4325.555	-4610.906	285.3509	0.7457336	1.086671	12.51022
17274	-4343.339	-4626.153	282.8146	0.748842	0.9321955	13.90655
17280	-4338.007	-4620.754	282.7466	0.7970611	0.9510711	13.90655
17286	-4336.899	-4623.371	286.4715	0.8292912	0.8792286	11.9923
17292	-4325.453	-4604.218	278.7642	0.8129012	0.8792286	15.99827
17298	-4320.019	-4604.324	284.3054	0.6776793	0.944602	13.16273
17304	-4318.769	-4604.199	285.4303	0.6776793	0.8595988	12.62534
17310	-4320.246	-4605.482	285.2358	0.7568561	0.9672755	12.62534
17316	-4309.803	-4596.848	287.0451	0.8077065	1.034334	11.62031
17322	-4302.24	-4587.708	285.4681	0.824569	1.023133	12.43991
17328	-4309.532	-4597.247	287.7143	0.7799087	0.9618733	11.32289
17334	-4309.022	-4594.713	285.6916	0.7307133	1.049246	12.35915
17340	-4310.444	-4596.159	285.7146	0.7785501	0.9776372	12.35915
17346	-4304.837	-4588.766	283.9289	0.7415433	0.9993575	13.29611
17352	-4306.525	-4594.4	287.8745	0.7858937	1.011928	11.20951
17358	-4309.531	-4595.725	286.1944	0.8161645	0.8850205	12.14041
17364	-4336.594	-4620.537	283.9427	0.9461909	1.021202	13.17132
17370	-4323.2	-4605.705	282.5047	0.8162871	1.085898	13.953
17376	-4317.644	-4602.309	284.6657	0.9039609	0.9734474	12.8422
17382	-4311.61	-4596.474	284.8644	0.7390598	0.9407941	12.8422
17388	-4307.315	-4594.966	287.6515	1.008709	0.9527753	11.24098
17394	-4317.923	-4608.935	291.0124	1.055304	0.9357485	9.459886
17400	-4304.867	-4589.534	284.6669	0.7862561	0.9971348	12.89036
17406	-4306.885	-4593.162	286.2768	0.9015346	0.9967423	11.99183
17412	-4301.32	-4587.81	286.49	0.782026	0.9065149	11.99183
17418	-4313.236	-4599.654	286.4183	0.782026	0.9750566	11.99183
17424	-4319.228	-4607.652	288.4245	0.8822453	1.029124	10.86213
17430	-4335.308	-4620.281	284.9727	0.7370189	0.9894378	12.7609
17436	-4324.341	-4609.183	284.8422	0.759908	1.134714	12.74455
17442	-4322.081	-4606.894	284.8129	0.8471223	1.111572	12.72548
17448	-4325.852	-4607.416	281.5644	0.7282411	1.066523	14.49539
17454	-4320.926	-4602.528	281.6023	0.7794541	0.9760346	14.49539
17460	-4336.794	-4623.588	286.7939	0.9239819	1.051831	11.6819
17466	-4343.697	-4631.37	287.6732	0.9147558	0.9155453	11.29929
17472	-4341.087	-4627.743	286.6564	0.8740515	1.029761	11.79098
17478	-4327.177	-4614.472	287.2952	0.8740515	0.9833002	11.4814
17484	-4322.535	-4609.435	286.9003	0.9428268	0.9872026	11.64978
17490	-4340.789	-4626.152	285.3634	0.6855277	0.8728243	12.64842
17496	-4333.187	-4618.372	285.1849	0.869742	0.8677114	12.64842
17502	-4335.71	-4620.606	284.896	0.9177571	1.105454	12.64842
17508	-4312.274	-4598.291	286.0172	0.8931733	0.9681737	12.1467
17514	-4331.895	-4618.218	286.3224	0.8748836	1.01509	11.97243
17520	-4336.245	-4623.195	286.9499	1.015597	0.9666809	11.59676
17526	-4315.249	-4604.45	289.2015	0.956533	1.192596	10.33608
17532	-4303.303	-4591.605	288.3021	0.9237946	0.9659032	10.9377
17538	-4302.645	-4588.033	285.3872	0.7473143	0.960868	12.55494
17544	-4295.562	-4582.417	286.8549	0.8816278	0.968892	11.71521
17550	-4309.259	-4595.811	286.5524	0.8066985	0.968892	11.91225
17556	-4307.964	-4596.001	288.0372	0.9620985	1.128723	10.9739
17562	-4304.183	-4592.328	288.1447	0.8600615	1.122801	10.9739
17568	-4310.005	-4594.977	284.9723	0.8468201	1.064669	12.66559
17574	-4307.999	-4595.563	287.5642	0.7425668	1.064669	11.36767
17580	-4315.262	-4601.532	286.2702	0.7756018	1.014254	12.05188
17586	-4320.64	-4605.131	284.4911	0.6662466	1.123241	12.9814
17592	-4324.407	-4606.233	281.8268	0.8496941	0.9588687	14.35183
17598	-4325.25	-4612.653	287.4038	0.7890205	0.9613472	11.48079
17604	-4323.297	-4606.686	283.3888	0.7847761	0.8483965	13.63741
17610	-4311.702	-4599.407	287.7049	0.8231261	1.056825	11.25585
17616	-4325.487	-4609.304	283.8171	0.7396	1.297742	13.21503
17622	-4321.817	-4605.762	283.9446	0.829986	1.052248	13.21503
17628	-4305.828	-4592.972	287.1436	0.7687724	0.9610003	11.62755
17634	-4320.523	-4607.604	287.0806	0.7674383	1.024971	11.62755
17640	-4329.599	-4615.849	286.2504	0.9030347	1.047357	11.97884
17646	-4315.715	-4602.435	286.7205	0.9086819	1.044641	11.73188
17652	-4332.786	-4618.336	285.5496	0.8988343	0.9241012	12.41145
17658	-4324.446	-4611.012	286.5664	0.8704147	0.960983	11.87592
17664	-4310.117	-4597.245	287.1287	0.9751706	1.138978	11.43766
17670	-4299.273	-4585.182	285.909	0.7101257	1.176015	12.19554
17676	-4311.332	-4595.769	284.4372	0.8285506	1.040367	12.96568
17682	-4302.965	-4586.588	283.6228	0.9674318	1.025288	13.3244
17688	-4302.203	-4587.416	285.2134	0.7702696	0.8155869	12.7162
17694	-4298.98	-4583.218	284.2386	0.7351558	0.9047934	13.18949
17700	-4310.82	-4597.513	286.6926	0.9109772	0.986853	11.77505
17706	-4317.234	-4604.047	286.8124	0.7912522	0.986853	11.77505
17712	-4322.968	-4611.783	288.8151	0.8513148	0.8340142	10.78168
17718	-4299.428	-4587.909	288.4809	0.8513148	0.9853415	10.87158
17724	-4293.814	-4582.19	288.3759	0.8221684	0.9853415	10.94191
17730	-4290.553	-4579.293	288.74	0.7595078	1.00956	10.77119
17736	-4297.31	-4585.101	287.7918	0.8479989	0.9715058	11.24155
17742	-4318.824	-4606.458	287.6344	0.7949774	0.7564102	11.47751
17748	-4329.901	-4615.509	285.6081	0.886163	0.9010515	12.4004
17754	-4305.619	-4589.516	283.8971	0.6999069	1.008101	13.32971
17760	-4298.886	-4587.402	288.5158	0.8403777	0.8666196	10.92501
17766	-4303.84	-4591.251	287.4108	0.7749324	0.9751948	11.47711
17772	-4305.297	-4590.973	285.6763	0.8877258	1.128476	12.24652
17778	-4302.621	-4592.383	289.7623	1.012409	1.072012	10.06958
17784	-4300.104	-4589.036	288.9317	0.9091394	0.9401054	10.62928
17790	-4306.076	-4591.168	285.0922	0.7347068	1.117983	12.63551
17796	-4292.91	-4576.408	283.4976	0.7693485	1.048961	13.48037
17802	-4283.231	-4569.041	285.81	0.7701436	0.9569893	12.32488
17808	-4292.373	-4582.153	289.7803	1.010937	0.9368879	10.13184
17814	-4284.025	-4573.371	289.3463	0.9553248	0.967985	10.37221
17820	-4302.191	-4588.736	286.5456	0.8754981	0.9478112	11.89126
17826	-4307.392	-4593.998	286.6065	0.8747447	0.8912709	11.89126
17832	-4306.372	-4592.155	285.7828	0.8912181	0.9287172	12.29133
17838	-4307.374	-4591.315	283.9412	0.7361189	0.8506753	13.37449
17844	-4300.161	-4582.143	281.9814	0.7136203	1.026039	14.30725
17850	-4292.38	-4578.513	286.1326	0.839886	1.023568	12.08535
17856	-4293.547	-4581.657	288.1098	0.8823422	1.110126	10.98663
17862	-4309.254	-4597.343	288.0882	0.791804	0.7489317	11.24662
17868	-4324.713	-4608.905	284.1916	0.866724	1.041678	13.07286
17874	-4308.213	-4597.485	289.272	0.906405	1.007777	10.41584
17880	-4336.917	-4617.757	280.8397	0.7593405	1.205588	14.78901
17886	-4351.06	-4633.389	282.3294	0.8676846	0.960239	14.08134
17892	-4338.789	-4625.125	286.3361	0.8159613	0.8032816	12.11496
17898	-4330.383	-4613.225	282.8423	0.8169084	1.051218	13.79469
17904	-4334.997	-4622.987	287.9898	1.009306	0.840255	11.12755
17910	-4333.511	-4616.468	282.9562	0.8765721	1.070099	13.69524
17916	-4326.258	-4610.288	284.0299	0.7456455	1.070099	13.20565
17922	-4319.328	-4608.911	289.5838	0.9020005	0.7981063	10.37356
17928	-4319.091	-4605.861	286.7703	0.8056421	1.011404	11.77668
17934	-4319.441	-4605.804	286.3624	0.7713484	0.8625865	12.08906
17940	-4338.454	-4626.35	287.8966	0.8144651	0.9487322	11.21656
17946	-4332.877	-4620.315	287.4384	0.957036	1.290789	11.21656
17952	-4326.879	-4614.681	287.8028	1.048972	1.074538	11.07756
17958	-4336.139	-4627.473	291.3335	1.066309	1.312449	9.100993
17964	-4326.803	-4617.44	290.6372	1.208849	0.8645677	9.617474
17970	-4318.838	-4605.952	287.1139	0.8919527	0.9740025	11.57173
17976	-4316.47	-4601.932	285.4625	0.7104502	0.9845544	12.5223
17982	-4315.158	-4603.701	288.5425	0.8860389	1.042661	10.79137
17988	-4314.543	-4603.191	288.6486	0.6934109	0.8490435	10.94276
17994	-4322.375	-4609.454	287.0794	0.6924218	1.119924	11.62031
18000	-4326.589	-4615.306	288.7168	0.9350647	0.8977359	10.75212
18006	-4324.308	-4612.246	287.9376	0.8682091	0.7969565	11.25504
18012	-4318.697	-4604.42	285.7231	0.7797965	1.012595	12.33581
18018	-4338.587	-4623.093	284.5057	0.8273386	0.9643555	12.97016
18024	-4319.45	-4604.929	285.4794	0.7211211	0.9222668	12.54159
18030	-4318.535	-4603.671	285.1361	0.7688009	1.233703	12.54159
18036	-4326.361	-4609.838	283.4767	0.9536751	0.9635293	13.43967
18042	-4331.252	-4617.506	286.254	0.8304758	1.163272	11.95869
18048	-4323.086	-4611.026	287.9402	0.7751834	0.9304321	11.22436
18054	-4335.749	-4616.971	281.2216	0.606664	1.012683	14.76286
18060	-4342.134	-4624.544	282.4103	0.7900603	1.150826	13.9846
18066	-4325.083	-4608.438	283.3551	0.8311558	0.873533	13.61624
18072	-4335.649	-4620.466	284.817	0.7679936	0.9348642	12.85503
18078	-4341.841	-4624.759	282.9178	0.8136137	0.9973543	13.78464
18084	-4336.849	-4622.43	285.5809	0.7433783	1.173436	12.3504
18090	-4323.472	-4613.039	289.567	0.7595833	1.111861	10.2856
18096	-4313.352	-4602.278	288.9258	0.7627692	1.216265	10.57178
18102	-4322.193	-4608.383	286.1899	0.7719548	1.094779	12.05529
18108	-4315.489	-4601.874	286.3852	0.7911336	0.8826412	12.05529
18114	-4315.653	-4604.919	289.2657	0.9335445	1.094763	10.36089
18120	-4310.767	-4598.935	288.1686	0.7731903	1.094763	11.02045
18126	-4314.842	-4602.824	287.9824	0.9488345	1.149459	10.9997
18132	-4318.943	-4603.705	284.7625	0.703172	1.145757	12.81038
18138	-4321.485	-4604.814	283.3286	0.757099	1.161666	13.52016
18144	-4328.806	-4614.928	286.1212	0.8985915	1.131739	12.00727
18150	-4330.736	-4620.371	289.6348	1.033763	0.9272214	10.20169
18156	-4323.715	-4609.278	285.563	1.034773	1.240709	12.1774
18162	-4327.36	-4613.29	285.9305	0.9731026	0.9182821	12.1774
18168	-4319.594	-4602.034	282.4398	0.8811941	1.079202	13.95626
18174	-4320.271	-4603.399	283.1277	0.8695999	1.011525	13.63937
18180	-4316.047	-4599.362	283.3152	0.8695999	0.8266618	13.64445
18186	-4310.248	-4590.077	279.8291	0.9527782	1.155096	15.23473
18192	-4300.697	-4584.842	284.1451	0.9508722	0.9013604	13.12789
18198	-4303.79	-4586.873	283.0833	0.8502387	0.9981496	13.67938
18204	-4305.199	-4590.59	285.3917	0.8414319	1.002448	12.48162
18210	-4333.06	-4618.004	284.9437	0.9244393	1.167303	12.59083
18216	-4336.607	-4621.138	284.5318	0.8974916	1.06866	12.86647
18222	-4316.123	-4602.378	286.2547	0.8635663	0.856246	12.10086
18228	-4324.587	-4605.93	281.3428	0.7706654	0.9439307	14.65146
18234	-4317.338	-4602.915	285.5774	0.8711123	0.9672736	12.38793
18240	-4322.75	-4605.452	282.7025	0.7524136	0.9953176	13.92917
18246	-4315.324	-4599.823	284.4993	0.8561404	1.075712	12.90139
18252	-4317.635	-4602.637	285.0013	0.8321822	0.945073	12.72017
18258	-4314.798	-4601.411	286.6128	0.8321822	1.09518	11.80298
18264	-4319.866	-4602.855	282.9891	0.8244668	0.8824997	13.80452
18270	-4318.909	-4600.237	281.3283	0.7686393	0.9519233	14.65571
18276	-4307.174	-4593.111	285.9366	0.8192711	0.9033268	12.26282
18282	-4322.935	-4607.191	284.2557	0.6889317	0.973254	13.16731
18288	-4319.403	-4606.512	287.1091	0.7900102	0.8963045	11.67021
18294	-4330.92	-4612.081	281.1604	0.8020098	1.110992	14.64477
18300	-4326.878	-4612.157	285.2794	0.8333719	0.9041521	12.59738
18306	-4327.687	-4616.059	288.3723	0.7960237	0.9926301	10.95365
18312	-4331.885	-4622.177	290.2925	1.083301	1.04557	9.766441
18318	-4315.102	-4602.52	287.4187	0.9459495	0.9611993	11.39102
18324	-4323.554	-4611.57	288.0159	0.821294	1.057391	11.09377
18330	-4320.655	-4602.938	282.2831	0.6419281	1.041039	14.18048
18336	-4315.802	-4599.835	284.0335	0.7626615	1.033822	13.21311
18342	-4328.031	-4611.699	283.6679	0.7433571	0.9581479	13.4525
18348	-4343.105	-4630.349	287.2447	0.8920839	1.186494	11.39829
18354	-4324.39	-4609.171	284.7812	0.8680722	0.936364	12.82075
18360	-4341.044	-4623.11	282.0667	0.7258125	0.9593373	14.29149
18366	-4332.739	-4617.585	284.8458	0.8287635	0.8372902	12.86405
18372	-4304.415	-4591.462	287.047	0.7191044	0.9965235	11.68513
18378	-4303.662	-4588.325	284.6628	0.8599212	1.011457	12.84672
18384	-4302.051	-4587.282	285.2312	0.8378097	0.9741568	12.58195
18390	-4309.643	-4594.665	285.0219	0.9824398	1.005734	12.59904
18396	-4317.346	-4604.185	286.8394	0.9897999	1.178823	11.56263
18402	-4306.496	-4590.328	283.8319	0.7818883	0.9174837	13.36946
18408	-4319.811	-4602.697	282.886	0.6571458	0.9836066	13.88951
18414	-4306.15	-4594.366	288.2156	0.6805443	0.9451045	11.12166
18420	-4318.969	-4610.152	291.1832	0.8038022	1.006781	9.464112
18426	-4308.887	-4597.531	288.6444	0.8038022	0.9913967	10.80759
18432	-4310.422	-4595.061	284.6396	0.7525706	1.064719	12.88773
18438	-4307.296	-4596.442	289.1458	0.7471805	1.017419	10.56067
18444	-4303.159	-4587.652	284.4922	0.7943903	1.017419	12.96652
18450	-4297.905	-4584.852	286.9467	0.9676339	0.9867469	11.61281
18456	-4285.452	-4572.066	286.614	0.8072764	1.095932	11.81498
18462	-4314.172	-4600.811	286.6387	0.7815268	1.097046	11.81498
18468	-4319.541	-4603.628	284.0873	0.955529	0.9440477	13.13195
18474	-4318.012	-4603.762	285.7498	0.9263455	1.055297	12.22377
18480	-4304.343	-4587.911	283.5682	0.749518	0.8952358	13.53566
18486	-4297.309	-4583.673	286.3636	0.7699531	0.9723568	12.02807
18492	-4299.779	-4586.127	286.3483	0.855418	0.9028399	12.02957
18498	-4302.141	-4587.963	285.822	0.7167606	0.9239064	12.3645
18504	-4308.495	-4593.485	284.9906	0.8190397	0.9768086	12.71554
18510	-4306.351	-4593.455	287.1041	0.8575991	1.162178	11.50108
18516	-4332.542	-4621.344	288.8027	0.9014643	0.9922597	10.67294
18522	-4326.26	-4615.183	288.9227	0.7747219	0.9582391	10.69465
18528	-4324.425	-4610.333	285.9078	0.7643525	1.188001	12.16239
18534	-4311.594	-4594.285	282.6914	0.7306646	1.079533	13.90368
18540	-4319.294	-4603.936	284.6415	0.7723644	0.8840028	12.97246
18546	-4321.787	-4607.373	285.5859	0.7379664	1.010908	12.42993
18552	-4315.318	-4600.935	285.6172	0.7198011	0.9460079	12.4575
18558	-4314.936	-4600.839	285.903	0.8769346	0.9430263	12.22827
18564	-4297.624	-4582.211	284.5869	0.8054105	1.04488	12.89758
18570	-4298.703	-4581.06	282.3575	0.5692997	1.04488	14.17763
18576	-4305.331	-4592.081	286.7502	0.753775	1.162641	11.73999
18582	-4317.68	-4603.342	285.662	0.8034721	1.02489	12.34896
18588	-4303.08	-4588.496	285.4158	0.7884594	0.9486693	12.5252
18594	-4308.803	-4594.972	286.1694	0.7466457	0.9486693	12.15427
18600	-4317.464	-4603.754	286.2898	0.7728141	0.7499734	12.19515
18606	-4309.161	-4594.511	285.3492	0.7141067	0.8448246	12.65725
18612	-4327.919	-4615.026	287.1069	0.891894	0.998251	11.56265
18618	-4325.523	-4611.226	285.7026	0.7310644	1.016003	12.3701
18624	-4317.371	-4603.311	285.9396	0.7991787	0.8625697	12.29503
18630	-4337.771	-4623.437	285.6658	0.7860649	1.174661	12.28335
18636	-4325.677	-4610.837	285.1599	0.737884	1.198258	12.5612
18642	-4326.422	-4612.22	285.7979	1.028051	1.31275	12.0272
18648	-4321.38	-4609.631	288.2509	0.8317221	1.071218	10.95829
18654	-4342.558	-4627.394	284.8362	0.7630869	1.112185	12.7568
18660	-4324.596	-4610.024	285.4279	0.9061117	0.9439226	12.4602
18666	-4335.622	-4619.695	284.0725	0.776381	1.145284	13.13134
18672	-4333.436	-4617.477	284.0413	0.6752514	1.131969	13.2064
18678	-4335.307	-4619.985	284.6778	0.6497262	0.9578296	12.97648
18684	-4328.477	-4613.362	284.8851	0.8580487	0.9858044	12.74543
18690	-4353.011	-4635.759	282.748	0.7523609	0.8299964	13.99752
18696	-4353.155	-4635.985	282.83	0.9539234	0.8330725	13.84864
18702	-4344.621	-4629.147	284.5261	0.6471745	1.045668	13.0111
18708	-4341.375	-4624.623	283.2476	0.7053337	1.006456	13.66501
18714	-4330.469	-4611.945	281.4764	0.637159	0.9376241	14.6548
18720	-4319.69	-4601.175	281.4845	0.6127345	0.9533349	14.6548
18726	-4319.521	-4604.137	284.6157	0.8114627	0.8927919	12.96056
18732	-4303.267	-4590.735	287.4678	0.7837443	1.151737	11.35443
18738	-4304.41	-4589.669	285.2596	0.8111132	0.9924836	12.57141
18744	-4321.597	-4608.704	287.1072	0.7848209	1.051462	11.59112
18750	-4323.278	-4610.739	287.4614	0.9021291	0.8750108	11.4397
18756	-4310.359	-4594.169	283.8099	0.815782	1.022079	13.30767
18762	-4314.837	-4599.098	284.2613	0.7649313	1.022079	13.0995
18768	-4312.357	-4596.756	284.3995	0.6266762	1.022079	13.0995
18774	-4321.427	-4608.084	286.657	0.7961657	0.9936596	11.85003
18780	-4305.124	-4590.66	285.5364	0.8517404	1.123265	12.34067
18786	-4324.101	-4612.04	287.9381	0.9200108	1.082037	11.07054
18792	-4311.867	-4596.379	284.5121	0.7877118	1.018485	12.9591
18798	-4312.46	-4597.516	285.0563	0.8042483	0.9833291	12.68562
18804	-4330.555	-4615.812	285.257	0.8773149	0.8383689	12.62412
18810	-4326.037	-4610.809	284.7725	0.7841341	1.06101	12.804
18816	-4312.6	-4597.065	284.4654	0.7566219	1.007829	13.00502
18822	-4296.828	-4581.409	284.5809	0.8182746	1.056143	12.88836
18828	-4300.178	-4587.627	287.4483	0.844373	0.9807772	11.4182
18834	-4303.314	-4588.993	285.6786	0.6380115	0.9598505	12.46061
18840	-4312.908	-4597.012	284.1036	0.7141814	1.004917	13.21665
18846	-4309.249	-4596.146	286.8973	0.8429401	1.12971	11.63214
18852	-4307.174	-4591.786	284.6126	0.762517	0.938111	12.96242
18858	-4314.33	-4598.896	284.5656	0.5758347	1.025235	13.03798
18864	-4314.209	-4601.195	286.9863	0.9187001	1.112005	11.55451
18870	-4300.497	-4583.812	283.3155	0.7005611	1.167589	13.55357
18876	-4301.201	-4589.532	288.3305	0.7713973	1.115951	10.92629
18882	-4297.178	-4583.277	286.0995	0.8369875	1.024598	12.1036
18888	-4302.985	-4590.405	287.4195	0.8974293	0.9206046	11.43822
18894	-4306.847	-4592.598	285.7505	0.9171486	1.105836	12.20337
18900	-4327.785	-4612.021	284.2365	0.7868399	1.140532	13.04288
18906	-4314.067	-4600.215	286.1474	0.7324292	1.045151	12.12271
18912	-4313.864	-4603.746	289.882	0.9269963	1.131028	10.0227
18918	-4323.25	-4613.134	289.8848	0.9009497	1.156777	10.0227
18924	-4329.761	-4617.946	288.185	0.7916686	1.029759	11.03475
18930	-4327.703	-4611.594	283.8908	0.9680017	0.833128	13.29058
18936	-4338.308	-4625.795	287.4875	0.7600879	0.9583639	11.45376
18942	-4318.335	-4606.502	288.1676	0.7967973	0.9700827	11.07243
18948	-4322.876	-4609.183	286.3071	0.7660692	0.9765641	12.05735
18954	-4335.219	-4622.9	287.6809	0.8659114	0.9806458	11.28534
18960	-4323.816	-4606.789	282.9731	0.9820875	1.014009	13.65994
18966	-4330.065	-4614.172	284.1069	0.7187229	0.9409552	13.24653
18972	-4340.157	-4625.033	284.8757	0.749922	1.011004	12.79343
18978	-4316.817	-4603.358	286.5411	0.8127845	0.9932183	11.9021
18984	-4316.175	-4600.484	284.3089	0.7968033	0.8897704	13.12937
18990	-4317.835	-4601.522	283.6869	0.7775212	1.101759	13.35186
18996	-4319.696	-4606.989	287.2926	0.8317315	1.032706	11.47921
19002	-4328.589	-4613.9	285.3107	0.7732692	1.143179	12.48969
19008	-4312.144	-4597.421	285.2774	0.828908	0.9086874	12.59819
19014	-4326.502	-4609.661	283.1592	0.6890432	0.9036027	13.77458
19020	-4325.73	-4609.496	283.7662	0.6705049	1.129424	13.353
19026	-4325.2	-4612.256	287.0558	0.7580567	0.977279	11.67034
19032	-4330.255	-4614.004	283.7497	0.8573798	0.9884416	13.3347
19038	-4331.868	-4616.659	284.7908	0.7727753	1.107951	12.77739
19044	-4315.377	-4600.886	285.5096	0.8266125	1.025177	12.4162
19050	-4319.315	-4606.055	286.7397	0.8362364	1.027738	11.76826
19056	-4325.124	-4610.815	285.6907	0.7143721	0.765598	12.52781
19062	-4314.162	-4599.334	285.1719	0.7685985	1.053086	12.60817
19068	-4324.896	-4608.303	283.4066	0.7827682	1.058288	13.51599
19074	-4323.554	-4608.79	285.2354	0.7178473	1.040651	12.60776
19080	-4314.906	-4599.402	284.4965	0.7247251	0.965063	13.02789
19086	-4320.418	-4605.608	285.1907	0.7143277	0.9279282	12.6923
19092	-4315.481	-4600.675	285.1938	0.7921823	1.066666	12.57773
19098	-4307.891	-4592.915	285.0234	0.80018	0.9703476	12.71172
19104	-4319.162	-4601.94	282.778	0.7683091	0.9617075	13.89946
19110	-4326.611	-4610.11	283.4981	0.7748998	0.9546091	13.52616
19116	-4311.053	-4594.997	283.9441	0.7280436	1.123105	13.23369
19122	-4308.727	-4593.767	285.0402	0.7280436	1.083062	12.68298
19128	-4307.702	-4594.379	286.6775	0.747866	1.050948	11.83512
19134	-4306.414	-4593.192	286.7773	0.7395001	0.9591802	11.83512
19140	-4321.378	-4605.424	284.0469	0.6216871	0.9532199	13.32146
19146	-4319.229	-4602.079	282.8502	0.8091342	0.9391379	13.85302
19152	-4323.142	-4608.348	285.2058	0.6454194	0.9579276	12.70397
19158	-4318.018	-4604.674	286.6565	0.8013003	1.018202	11.83485
19164	-4321.909	-4610.159	288.2503	0.8101713	0.930349	11.04375
19170	-4323.327	-4608.474	285.147	0.7061738	1.051227	12.65455
19176	-4327.932	-4610.149	282.2174	0.733193	1.051227	14.16214
19182	-4325.78	-4612.139	286.3597	0.6339778	0.961974	12.10658
19188	-4329.661	-4614.923	285.2619	0.6678171	0.8683027	12.71309
19194	-4326.234	-4611.95	285.716	0.8063646	0.9818506	12.34171
19200	-4315.487	-4599.325	283.8381	0.696608	0.8185843	13.46762
19206	-4323.859	-4611.003	287.1439	0.75172	0.8762617	11.68348
19212	-4325.594	-4612.077	286.4832	0.7317529	0.9038948	12.02311
19218	-4324.216	-4610.517	286.301	0.6797456	1.14131	12.02311
19224	-4318.628	-4600.284	281.6557	0.7553502	1.030866	14.45192
19230	-4313.774	-4594.396	280.622	0.7915397	1.030866	14.96821
19236	-4312.356	-4595.522	283.1655	0.7627124	1.132281	13.61568
19242	-4326.256	-4614.326	288.0693	0.8380697	0.9554888	11.11016
19248	-4317.871	-4606.885	289.0141	0.7668493	0.9797989	10.63925
19254	-4310.336	-4595.236	284.9002	0.7227959	0.7963896	12.91555
19260	-4309.511	-4594.543	285.0325	0.8704842	0.9754264	12.66772
19266	-4306.467	-4589.079	282.6123	0.7495802	0.8696423	14.04614
19272	-4300.911	-4583.83	282.9188	0.6517305	0.9098671	13.91517
19278	-4307.782	-4592.447	284.6649	0.7672992	0.8257251	12.997
19284	-4305.05	-4593.183	288.133	0.7994011	1.018249	11.06386
19290	-4311.122	-4595.883	284.7606	0.6982598	1.055689	12.85752
19296	-4326.895	-4611.602	284.7079	0.712313	1.033282	12.88892
19302	-4340.103	-4625.43	285.3265	0.8041225	0.9766268	12.54853
19308	-4341.595	-4621.607	280.012	0.6974032	0.9581922	15.37
19314	-4340.298	-4625.273	284.9755	0.741289	1.08931	12.70671
19320	-4343.398	-4628.224	284.8262	0.6546921	1.019399	12.86442
19326	-4331.865	-4615.854	283.9897	0.6192335	0.9814155	13.33744
19332	-4335.428	-4623.929	288.5015	0.7157088	1.227853	10.8138
19338	-4336.551	-4624.381	287.8305	0.8376318	1.121953	11.15061
19344	-4326.896	-4614.969	288.0737	0.858321	1.0527	11.04644
19350	-4327.582	-4613.164	285.5814	0.8259698	1.098437	12.34259
19356	-4313.226	-4600.672	287.446	0.8422588	1.016305	11.40193
19362	-4330	-4617.867	287.8666	0.79322	0.9170161	11.26087
19368	-4317.96	-4605.704	287.7442	0.7269684	1.107012	11.26087
19374	-4329.695	-4616.94	287.2448	0.7378765	1.106629	11.5165
19380	-4328.216	-4615.876	287.6602	0.9621898	0.9341777	11.27094
19386	-4316.795	-4604.586	287.7905	0.8318524	0.9341777	11.27094
19392	-4331.216	-4614.436	283.2203	0.5994538	0.9330347	13.77309
19398	-4330.968	-4612.692	281.7233	0.8465082	0.9356602	14.41965
19404	-4330.59	-4617.645	287.055	0.9102621	0.800431	11.69228
19410	-4317.695	-4604.623	286.9285	0.8110326	0.9188807	11.74088
19416	-4325.511	-4613.808	288.2972	0.7844089	1.031705	10.9788
19422	-4312.379	-4596.217	283.8377	0.7844089	0.990616	13.32575
19428	-4315.916	-4601.841	285.9254	0.7920716	0.8780254	12.2972
19434	-4331.028	-4614.21	283.1814	0.7677331	1.157657	13.59296
19440	-4323.183	-4608.674	285.4908	0.6384256	0.8585332	12.61492
19446	-4331.439	-4614.142	282.7028	0.6193054	1.015651	13.98754
19452	-4326.344	-4608.862	282.5179	0.7158892	1.107914	13.98754
19458	-4322.979	-4610.224	287.2443	0.731202	0.9522285	11.59931
19464	-4308.672	-4589.974	281.302	0.7767718	0.9966532	14.64146
19470	-4319.349	-4604.637	285.2885	0.7769537	0.872305	12.64014
19476	-4335.402	-4620.331	284.9285	0.7991791	0.9325378	12.78205
19482	-4323.052	-4608.104	285.0517	0.7450168	0.7949661	12.82611
19488	-4312.595	-4597.181	284.5862	0.7450168	1.063541	12.92
19494	-4317.539	-4602.287	284.7482	0.7335107	0.8970225	12.92977
19500	-4339.006	-4625.545	286.539	0.8348498	0.8325432	11.98157
19506	-4332.906	-4616.214	283.308	0.7371897	1.082303	13.57899
19512	-4334.269	-4619.238	284.9685	0.8068229	1.013883	12.71406
19518	-4331.113	-4617.715	286.6022	0.6986446	1.061619	11.89475
19524	-4318.233	-4604.872	286.6399	0.7750966	0.9354641	11.90114
19530	-4314.502	-4599.064	284.5627	0.8065952	0.9402579	12.96426
19536	-4315.101	-4599.719	284.6183	0.6544293	1.035907	12.96426
19542	-4321.905	-4610.722	288.8163	0.7247481	0.840131	10.84373
19548	-4317.978	-4601.855	283.877	0.8003546	0.8886326	13.35259
19554	-4335.105	-4620.025	284.92	0.8649961	0.8716459	12.78649
19560	-4309.229	-4593.572	284.3423	0.8381256	0.8983482	13.08568
19566	-4324.242	-4608.89	284.6477	0.7161501	1.057079	12.90625
19572	-4327.162	-4609.366	282.2038	0.6784676	1.001999	14.22257
19578	-4322.973	-4608.597	285.6242	0.7047084	0.9535461	12.45764
19584	-4310.416	-4597.501	287.0857	0.6397023	0.8994798	11.75914
19590	-4312.359	-4599.608	287.2485	0.7774801	0.8234402	11.64656
19596	-4295.349	-4579.685	284.3358	0.6715754	1.009488	13.11575
19602	-4298.621	-4584.749	286.1281	0.7401886	0.9727414	12.16621
19608	-4310.267	-4598.401	288.1343	0.8238334	0.8706125	11.13115
19614	-4298.257	-4582.986	284.7289	0.7020954	0.9419898	12.93126
19620	-4298.682	-4583.557	284.8751	0.7438726	0.774593	12.93126
19626	-4321.04	-4606.191	285.1511	0.6547718	1.076205	12.66677
19632	-4310.371	-4595.562	285.1909	0.660265	0.9036966	12.73378
19638	-4317.014	-4601.884	284.8699	0.7816124	1.103485	12.73378
19644	-4307.74	-4590.438	282.6982	0.6904926	0.9477021	13.98874
19650	-4336.224	-4615.584	279.3598	0.7300392	1.130713	15.60374
19656	-4345.343	-4630.325	284.9815	0.7457603	1.051573	12.71994
19662	-4348.388	-4634.792	286.4042	0.7678445	1.008307	11.98908
19668	-4321.042	-4603.899	282.8568	0.8873839	1.053539	13.74944
19674	-4324.756	-4609.293	284.5371	0.7567184	1.044754	12.94885
19680	-4332.873	-4616.222	283.3487	0.7743814	0.9760134	13.59259
19686	-4321.292	-4602.007	280.7153	0.7007064	0.8302045	15.07674
19692	-4320.98	-4606.456	285.4762	0.7641831	0.9884555	12.48516
19698	-4323.136	-4603.028	279.8918	0.7843913	0.9882546	15.37132
19704	-4316.707	-4600.788	284.0815	0.8096844	0.785741	13.30259
19710	-4317.599	-4603.476	285.8775	0.7679548	0.8355308	12.3596
19716	-4327.406	-4612.446	285.0399	0.7758152	0.8862912	12.76208
19722	-4327.854	-4611.86	284.0066	0.7819345	0.9931458	13.23797
19728	-4320.925	-4604.384	283.4588	0.8362341	0.8969051	13.54649
19734	-4333.457	-4617.583	284.1253	0.8571624	1.055619	13.10529
19740	-4326.702	-4610.289	283.5873	1.035731	1.071302	13.28428
19746	-4315.225	-4601.98	286.7558	0.9457564	1.002287	11.71584
19752	-4318.357	-4604.162	285.8051	0.8067194	1.083298	12.24347
19758	-4309.651	-4594.18	284.5297	0.7670598	1.083298	12.92819
19764	-4336.567	-4622.166	285.5992	0.7735647	1.100896	12.35944
19770	-4338.776	-4621.191	282.4145	0.880603	1.090223	13.96433
19776	-4346.149	-4630.977	284.8288	0.831907	1.032983	12.76395
19782	-4316.948	-4605.765	288.8169	0.8127335	0.8142734	10.81289
19788	-4301.14	-4586.368	285.2288	0.7370186	1.0368	12.60317
19794	-4299.601	-4586.342	286.7414	0.7317537	0.9507221	11.86247
19800	-4300.245	-4588.058	287.8129	0.7739023	0.9328742	11.29025
19806	-4299.214	-4585.832	286.6178	0.7251649	0.9598995	11.92546
19812	-4309.13	-4596.817	287.6871	0.6718282	1.037081	11.3543
19818	-4314.63	-4602.237	287.6068	0.6884113	1.104142	11.3543
19824	-4300.33	-4585.881	285.5502	0.7202134	1.080797	12.4226
19830	-4308.137	-4593.513	285.3764	0.7873138	0.868456	12.59117
19836	-4314.964	-4599.211	284.2469	0.8006563	0.9242054	13.14035
19842	-4315.715	-4600.829	285.1134	0.8868855	0.8437666	12.69072
19848	-4319.532	-4604.136	284.6034	0.750257	0.884471	13.00348
19854	-4321.664	-4606.245	284.5809	0.7240154	0.9297858	13.00348
19860	-4325.498	-4612.01	286.5113	0.7287608	1.009898	11.95279
19866	-4314.087	-4600.05	285.963	0.6890469	0.9465842	12.29301
19872	-4320.2	-4606.029	285.8291	0.6452019	1.129042	12.29301
19878	-4319.526	-4605.839	286.3135	0.8662333	1.024932	11.97653
19884	-4337.331	-4620.953	283.6222	0.5581966	1.048119	13.52573
19890	-4333.701	-4617.25	283.5489	0.6314621	1.048119	13.52573
19896	-4325.763	-4612.378	286.6143	0.8231378	1.048119	11.83025
19902	-4312.931	-4597.348	284.4167	0.7856472	1.056561	12.99051
19908	-4318.258	-4603.193	284.9343	0.8123673	0.8908489	12.79545
19914	-4330.295	-4615.732	285.4364	0.7643786	1.075298	12.46157
19920	-4331.108	-4616.199	285.0908	0.6559	1.091544	12.69006
19926	-4306.028	-4593.044	287.0158	0.7413363	0.9351784	11.72268
19932	-4317.568	-4603.109	285.5408	0.6690003	1.15891	12.4168
19938	-4313.54	-4601.512	287.9717	0.8663715	0.9424371	11.15355
19944	-4330.252	-4618.038	287.7866	1.020043	1.137467	11.07064
19950	-4339.588	-4627.417	287.8291	0.778141	0.9325189	11.27978
19956	-4336.583	-4622.282	285.6991	0.8126529	1.025188	12.32471
19962	-4315.279	-4599.566	284.2874	0.7383534	0.960775	13.13181
19968	-4315.49	-4601.742	286.2515	0.8881704	1.066514	11.97645
19974	-4352.942	-4641.007	288.0644	0.8353214	1.000159	11.09034
19980	-4330.023	-4615.226	285.2027	0.6886215	0.9381342	12.69381
19986	-4325.759	-4612.639	286.88	0.8268665	1.139728	11.6448
19992	-4322.868	-4608.558	285.6896	0.7987628	0.8648006	12.42419
19998	-4318.057	-4603.469	285.4114	0.7077603	0.8214885	12.64208
20004	-4315.228	-4600.926	285.6983	0.6971969	0.8463283	12.48341
20010	-4309.845	-4595.719	285.8738	0.7382791	0.9246679	12.32587
20016	-4316.584	-4600.568	283.9844	0.705879	0.9246679	13.32578
20022	-4325.331	-4614.615	289.284	0.9154748	1.06576	10.37511
20028	-4326.436	-4614.185	287.7488	0.7978721	0.9281024	11.31391
20034	-4308.513	-4592.413	283.8994	0.8152387	1.071898	13.23644
20040	-4323.69	-4608.536	284.8469	0.7830324	0.9446999	12.82631
20046	-4310.981	-4596.793	285.8128	0.6934705	0.9549809	12.36444
20052	-4316.206	-4600.504	284.2978	0.7214318	1.253688	12.99364
20058	-4311.306	-4599.114	287.8078	0.7868047	1.133833	11.18338
20064	-4312.562	-4599.076	286.5139	0.8457986	1.109058	11.84076
20070	-4315.799	-4602.212	286.4131	0.7615716	1.323182	11.84076
20076	-4303.869	-4591.012	287.1436	0.8135951	1.323182	11.43194
20082	-4302.098	-4588.864	286.7659	0.7744633	1.132876	11.73504
20088	-4310.566	-4597.639	287.0724	0.8442855	1.01447	11.5971
20094	-4297.935	-4585.242	287.3066	0.71234	1.008304	11.54689
20100	-4311.708	-4599.158	287.4507	0.7018942	0.880313	11.54689
20106	-4311.761	-4596.083	284.322	0.7018942	0.880313	13.1773
20112	-4316.296	-4597.794	281.4977	0.7271645	1.041475	14.54294
20118	-4325.091	-4610.541	285.4492	0.7246125	1.102746	12.4622
20124	-4329.935	-4613.367	283.4315	0.7468929	1.040969	13.53034
20130	-4324.208	-4610.106	285.8979	0.8068547	0.9644756	12.25592
20136	-4328.041	-4612.705	284.664	0.8695474	1.188844	12.75511
20142	-4315.208	-4600.468	285.2605	0.860929	0.8751009	12.60936
20148	-4318.799	-4603.777	284.9778	0.7523728	0.8398299	12.83359
20154	-4313.545	-4600.961	287.4154	0.7328114	0.8856464	11.54615
20160	-4312.7	-4600.72	288.0195	0.8009671	0.743664	11.2812
20166	-4320.409	-4605.883	285.4744	0.7289358	1.129497	12.43399
20172	-4306.546	-4591.12	284.5739	0.7289358	0.9921587	12.97116
20178	-4298.123	-4582.73	284.6072	0.7673732	0.9227236	12.97116
20184	-4304.88	-4590.706	285.8253	0.8088722	1.10796	12.21978
20190	-4307.781	-4592.128	284.3471	0.7680469	0.8681046	13.13687
20196	-4313.974	-4598.119	284.1447	0.8577295	0.9740073	13.13687
20202	-4323.36	-4605.54	282.1796	0.7769429	0.9740073	14.19868
20208	-4310.34	-4593.311	282.9701	0.7494553	1.209484	13.68838
20214	-4343.803	-4627.714	283.9108	0.7189765	0.8827594	13.38065
20220	-4313.922	-4596.263	282.3415	0.6765984	1.005248	14.15046
20226	-4303.576	-4590.512	286.9364	0.8282588	1.021373	11.67296
20232	-4312.067	-4595.382	283.3152	0.6588408	1.003062	13.65582
20238	-4310.633	-4593.625	282.9915	0.7206339	1.073926	13.75595
20244	-4310.224	-4596.104	285.8807	0.8353749	0.9776529	12.24299
20250	-4324.755	-4612.135	287.3796	0.8788515	0.9182871	11.47006
20256	-4317.345	-4600.871	283.5265	0.8020596	0.9981848	13.4743
20262	-4338.91	-4623.242	284.332	0.8966285	1.189879	12.91329
20268	-4342.706	-4624.085	281.3789	0.8315934	1.189879	14.47955
20274	-4333.089	-4618.542	285.453	0.8315934	0.975085	12.46917
20280	-4322.491	-4606.923	284.4315	0.7494543	1.116905	12.97214
20286	-4331.318	-4617.659	286.3412	0.7692392	1.05508	11.99739
20292	-4334.704	-4621.142	286.4372	0.7427512	0.8693713	12.06102
20298	-4308.758	-4596.558	287.8002	0.8300503	1.012193	11.22514
20304	-4318.779	-4604.908	286.1296	0.853782	1.067781	12.05736
20310	-4316.275	-4600.633	284.3579	0.8142494	1.038554	13.01524
20316	-4328.834	-4613.987	285.1536	0.7905129	1.171103	12.54954
20322	-4336.169	-4622.141	285.9716	0.7417127	0.8223784	12.33208
20328	-4334.927	-4621.68	286.753	0.762213	1.034382	11.79661
20334	-4346.285	-4629.556	283.2707	0.7090864	0.8484935	13.73789
20340	-4348.34	-4632.352	284.0122	0.7998433	0.9947786	13.2249
20346	-4353.193	-4638.122	284.9289	0.7037552	1.13417	12.72895
20352	-4343.407	-4627.121	283.7147	0.7847323	1.099654	13.33466
20358	-4336.913	-4621.548	284.6352	0.7722651	0.9944363	12.91554
20364	-4323.456	-4610.02	286.5632	0.8004097	1.006923	11.88986
20370	-4333.221	-4618.452	285.2309	0.7567163	0.9706472	12.62619
20376	-4344.634	-4627.687	283.0522	0.6049591	0.9318006	13.85812
20382	-4343.352	-4629.785	286.4332	0.7183234	0.8817538	12.06876
20388	-4339.16	-4623.605	284.445	0.7098479	0.9079307	13.0936
20394	-4329.716	-4617.498	287.7823	0.8576765	0.8706615	11.2976
20400	-4325.206	-4609.553	284.3469	0.8884242	0.9608584	13.02283
20406	-4332.894	-4619.549	286.6547	0.915924	0.7331386	11.94112
20412	-4326.124	-4611.562	285.4372	0.8926413	1.140208	12.36304
20418	-4317.301	-4603.019	285.7185	0.7634351	0.9813698	12.36304
20424	-4326.663	-4611.371	284.708	0.770693	0.9899193	12.88083
20430	-4319.475	-4607.691	288.2163	0.819723	0.9904643	11.02406
20436	-4320.606	-4606.917	286.3105	0.8973326	0.9904643	11.97976
20442	-4315.503	-4600.105	284.6022	0.7218527	0.9629092	12.9756
20448	-4314.284	-4602.921	288.6371	0.9886655	1.171765	10.62519
20454	-4312.635	-4596.769	284.1344	0.8199597	0.9278775	13.18679
20460	-4318.522	-4604.744	286.2216	0.7828086	0.9465667	12.1093
20466	-4334.236	-4620.89	286.6539	0.7933	0.9465667	11.87829
20472	-4331.044	-4617.883	286.8391	0.7102925	1.153792	11.72041
20478	-4323.611	-4608.784	285.1731	0.8559745	0.9683342	12.60581
20484	-4323.194	-4610.134	286.9395	0.8399837	0.9128914	11.72334
20490	-4320.932	-4604.745	283.8129	0.7818644	0.9458554	13.36381
20496	-4317.61	-4602.827	285.2171	0.9264715	1.017452	12.52051
20502	-4335.664	-4623.331	287.6664	0.9264715	0.9512265	11.27703
20508	-4332.15	-4619.035	286.8849	0.9382141	0.935894	11.68785
20514	-4347.312	-4632.051	284.7388	0.8088191	1.069861	12.80429
20520	-4332.116	-4620.689	288.5733	0.8448394	1.050519	10.79285
20526	-4319.792	-4610.992	291.2	0.9786088	1.050519	9.340358
20532	-4322.348	-4610.546	288.1977	0.8905874	1.03417	10.97404
20538	-4322.079	-4607.401	285.322	0.9179381	0.8862995	12.54126
20544	-4316.97	-4602.049	285.0793	0.7022449	0.848404	12.80177
20550	-4316.985	-4598.869	281.8841	0.7611623	1.149082	14.27313
20556	-4301.051	-4585.043	283.9921	0.8407973	0.9091167	13.26026
20562	-4313.811	-4602.4	288.589	0.8853918	0.9091167	10.83869
20568	-4314.892	-4602.044	287.1519	0.8279831	0.8255882	11.66935
20574	-4311.406	-4594.702	283.2958	0.7921577	0.910852	13.64616
20580	-4310.801	-4594.016	283.2154	0.8775015	0.9062097	13.64616
20586	-4306.535	-4589.908	283.3727	0.6733178	0.9505555	13.64616
20592	-4306.91	-4591.144	284.2342	0.8133809	0.9728367	13.11401
20598	-4324.089	-4607.252	283.1628	0.8222006	0.9821349	13.66106
20604	-4303.316	-4585.514	282.198	0.7085485	0.9923852	14.21497
20610	-4311.331	-4594.537	283.2061	0.7788301	0.9760318	13.66429
20616	-4313.671	-4596.951	283.2792	0.7782156	0.9067192	13.66429
20622	-4319.972	-4604.438	284.4659	0.807862	0.9087452	13.03131
20628	-4322.677	-4607.131	284.454	0.8180423	0.9104352	13.03131
20634	-4334.537	-4622.992	288.4543	0.8571641	1.074021	10.83697
20640	-4331.397	-4618.231	286.834	0.8471068	0.8518399	11.80972
20646	-4322.032	-4607.044	285.0122	0.7064766	1.02482	12.73795
20652	-4332.629	-4619.785	287.156	0.9411959	0.9895256	11.51576
20658	-4324.268	-4610.951	286.6831	0.9091291	0.9709404	11.78946
20664	-4331.538	-4618.452	286.9139	0.820712	0.8389285	11.78946
20670	-4325.229	-4608.99	283.761	0.7337375	1.00958	13.38207
20676	-4324.85	-4611.781	286.9314	0.7665608	0.8987658	11.77386
20682	-4315.5	-4601.773	286.2723	0.8095707	0.9518376	12.06605
20688	-4321.592	-4606.809	285.2164	0.7506842	0.8125452	12.72669
20694	-4313.245	-4600.849	287.6033	0.8762621	0.9981592	11.31132
20700	-4320.851	-4608.145	287.2948	0.8811755	0.9779972	11.48071
20706	-4328.647	-4617.683	289.0352	1.13837	1.009505	10.41747
20712	-4338.251	-4625.508	287.257	0.8489842	0.9671059	11.52309
20718	-4329.273	-4612.004	282.7308	0.7526904	0.8320769	14.00503
20724	-4330.528	-4617.443	286.9144	0.7612555	0.9837549	11.73905
20730	-4334.805	-4619.862	285.0573	0.8600423	0.8572765	12.72592
20736	-4340.391	-4625.953	285.5617	0.6713363	0.9506972	12.50911
20742	-4325.525	-4611.067	285.5426	0.80079	0.9062922	12.47606
20748	-4322.302	-4608.454	286.1517	0.8871071	1.000193	12.06284
20754	-4333.943	-4617.917	283.9732	0.7646446	0.9372175	13.29416
20760	-4336.966	-4622.291	285.3251	0.8274697	0.9216268	12.56691
20766	-4343.178	-4625.213	282.0353	0.6926697	1.135247	14.23676
20772	-4329.43	-4615.975	286.5459	0.7498778	0.9695612	11.9449
20778	-4330.948	-4619.251	288.3026	0.8409736	0.8814932	11.02774
20784	-4317.927	-4602.713	284.7854	0.8343724	1.015053	12.79439
20790	-4306.148	-4592.227	286.079	0.783358	1.056028	12.12635
20796	-4311.445	-4598.635	287.1897	0.8651157	0.894142	11.59011
20802	-4333.278	-4617.434	284.1564	0.8226142	1.019164	13.12553
20808	-4319.606	-4602.064	282.4581	0.8076235	1.137527	13.95694
20814	-4315.186	-4600.737	285.5507	0.8538515	1.137527	12.32537
20820	-4326.109	-4611.809	285.6998	0.7864531	1.02195	12.33964
20826	-4324.063	-4608.27	284.2068	0.7288184	0.9562012	13.1811
20832	-4307.402	-4596.012	288.6103	0.9565276	0.9699298	10.75682
20838	-4310.125	-4596.884	286.759	0.8812779	1.039298	11.72877
20844	-4326.74	-4611.626	284.8856	0.9694876	1.017461	12.67072
20850	-4320.386	-4607.505	287.1192	0.7907442	1.026033	11.59469
20856	-4311.523	-4593.685	282.162	0.7742192	0.9030981	14.24778
20862	-4310.933	-4595.967	285.0344	0.8847859	0.9105574	12.69455
20868	-4314.821	-4604.387	289.5665	0.9011022	1.028439	10.25318
20874	-4333.143	-4618.514	285.371	0.8204645	0.9970278	12.50614
20880	-4334.223	-4620.248	286.0249	0.8224205	0.9970278	12.16434
20886	-4331.807	-4619.374	287.5675	0.952977	0.9655283	11.30719
20892	-4319.017	-4606.865	287.8475	0.8026889	0.8452375	11.30719
20898	-4332.507	-4618.251	285.7445	0.7811704	0.8452375	12.41621
20904	-4310.343	-4599.273	288.9298	1.041374	0.8852747	10.59172
20910	-4329.074	-4616.174	287.0996	0.7742284	0.83523	11.71896
20916	-4324.114	-4607.506	283.3921	0.7265557	0.7632256	13.7178
20922	-4322.778	-4610.663	287.8846	0.9081184	0.83907	11.23627
20928	-4323.701	-4614.027	290.3261	1.015314	0.9525266	9.833639
20934	-4321.753	-4606.139	284.3851	0.8598773	0.9045005	13.04869
20940	-4322.118	-4609.324	287.2051	0.9001396	0.8572104	11.58507
20946	-4313.796	-4601.601	287.8052	1.028551	1.011643	11.11894
20952	-4328.182	-4614.553	286.3704	0.9106755	1.051827	11.91002
20958	-4324.028	-4610.526	286.4979	0.8421988	1.028772	11.89089
20964	-4319.167	-4605.023	285.8554	0.9727904	1.187233	12.08133
20970	-4324.437	-4607.08	282.6435	0.7623691	0.9755343	13.96495
20976	-4323.354	-4606.846	283.4919	0.7430168	1.11545	13.46447
20982	-4325.781	-4611.057	285.276	0.8167802	0.9203499	12.59874
20988	-4332.237	-4618.834	286.5969	0.8423434	0.8230247	11.95314
20994	-4341.41	-4628.258	286.8487	0.7806237	1.052129	11.72805
21000	-4314.079	-4598.679	284.5999	0.8256257	0.9171175	12.94775
21006	-4325.714	-4611.872	286.1585	0.8498338	0.9156773	12.12424
21012	-4343.071	-4627.199	284.128	0.7456357	0.7815129	13.31435
21018	-4348.564	-4634.008	285.4437	0.8030785	0.9365164	12.50965
21024	-4338.986	-4625.19	286.2042	0.6631975	0.8530738	12.23355
21030	-4335.232	-4619.251	284.0193	0.7691492	1.110821	13.1791
21036	-4324.521	-4610.024	285.503	0.9083246	0.9177537	12.43428
21042	-4314.512	-4597.24	282.7279	0.7259244	1.020418	13.91678
21048	-4329.797	-4614.156	284.3593	0.7716131	0.885641	13.11864
21054	-4321.716	-4604.819	283.1033	0.7303587	0.885641	13.79227
21060	-4323.524	-4607.807	284.2825	0.8544182	0.8272412	13.1496
21066	-4316.438	-4599.517	283.0787	0.6784876	1.016267	13.7615
21072	-4329.418	-4612.933	283.5157	0.9131851	0.7821874	13.54489
21078	-4331.206	-4614.77	283.5637	0.7707144	0.8638369	13.54489
21084	-4335.721	-4622.338	286.6169	0.8400595	1.041352	11.82349
21090	-4326.431	-4610.375	283.9439	0.8555321	1.041352	13.20756
21096	-4333.665	-4614.939	281.2748	0.8244613	1.104309	14.57711
21102	-4335.65	-4616.646	280.9955	0.7467255	1.005999	14.81085
21108	-4328.574	-4613.852	285.2772	0.8217944	1.117743	12.49397
21114	-4336.554	-4621.311	284.757	0.6171947	0.9260301	12.96954
21120	-4324.932	-4614.153	289.2211	0.9989547	0.8925299	10.45692
21126	-4324.777	-4612.731	287.954	0.8465511	0.9667325	11.16001
21132	-4320.402	-4605.365	284.9629	0.7504834	0.7908763	12.87196
21138	-4303.209	-4588.286	285.077	0.7167381	0.9438422	12.74153
21144	-4313.821	-4599.947	286.1264	0.7866436	1.045532	12.10516
21150	-4321.296	-4606.256	284.9602	0.77879	0.8141311	12.84438
21156	-4322.443	-4611.683	289.2401	0.8412145	0.97868	10.48219
21162	-4308.412	-4594.432	286.0195	0.7410633	1.067106	12.17389
21168	-4314.461	-4601.484	287.0237	0.7050029	1.097775	11.65352
21174	-4325.216	-4610.631	285.4148	0.8481261	1.118474	12.40823
21180	-4319.822	-4604.733	284.9104	0.7716893	0.9789082	12.78084
21186	-4311.363	-4596.212	284.8486	0.7269396	1.08807	12.78084
21192	-4319.954	-4604.946	284.9918	0.6976437	0.9716165	12.78084
21198	-4312.257	-4595.811	283.5537	0.654643	0.9716165	13.55064
21204	-4305.556	-4589.58	284.0238	0.641945	1.061466	13.267
21210	-4315.234	-4600.429	285.1955	0.7057598	1.101913	12.60457
21216	-4331.56	-4619.331	287.7711	0.8913515	0.9108406	11.26296
21222	-4325.694	-4613.452	287.7579	0.8814583	0.9900581	11.23197
21228	-4324.727	-4608.607	283.8798	0.6637039	0.8074605	13.46982
21234	-4328.331	-4613.461	285.1298	0.8382163	0.8612281	12.69724
21240	-4339.111	-4618.059	278.9482	0.6759218	1.182551	15.82028
21246	-4326.581	-4606.993	280.4117	0.7973283	1.005477	15.08694
21252	-4331.634	-4615.03	283.3964	0.7973283	0.9434524	13.57336
21258	-4335.14	-4617.471	282.3311	0.7466655	0.9720298	14.13693
21264	-4321.475	-4605.826	284.3502	0.8151796	0.9239903	13.0792
21270	-4308.384	-4596.249	287.8644	0.8582009	1.109343	11.12815
21276	-4309.768	-4597.806	288.0378	0.8859047	0.9074345	11.12815
21282	-4310.891	-4596.011	285.1205	0.7078936	0.9704876	12.70913
21288	-4310.419	-4599.848	289.429	0.7567728	0.8075569	10.52527
21294	-4317.976	-4602.84	284.8647	0.6579821	1.013218	12.84586
21300	-4326.406	-4614.67	288.2642	0.826854	1.142144	10.91943
21306	-4328.829	-4614.518	285.6883	0.905265	0.8503299	12.37788
21312	-4318.896	-4606.793	287.8965	0.8624549	1.213939	11.06019
21318	-4323.767	-4608.437	284.6704	0.8280005	1.003082	12.86372
21324	-4316.857	-4602.84	285.9838	0.7857672	0.8337003	12.29598
21330	-4307.949	-4591.448	283.4984	0.679269	0.9686779	13.56814
21336	-4331.087	-4614.609	283.5228	0.7861046	1.119524	13.42411
21342	-4316.273	-4601.899	285.6254	0.7861046	0.9015636	12.44324
21348	-4314.207	-4599.318	285.1108	0.7167695	1.04315	12.67195
21354	-4311.032	-4596.865	285.8335	0.7238585	0.8775428	12.38089
21360	-4301.493	-4585.683	284.1897	0.7015336	0.8753935	13.24904
21366	-4303.517	-4587.292	283.7747	0.8030983	1.195475	13.24904
21372	-4312.353	-4592.601	280.2484	0.9251682	1.060858	15.07733
21378	-4316.821	-4599.552	282.7307	0.7904143	1.170426	13.80912
21384	-4313.962	-4597.178	283.2154	0.7508306	0.7441028	13.80912
21390	-4310.195	-4594.824	284.629	0.7976569	1.021893	12.89136
21396	-4314.948	-4599.706	284.7583	0.8790078	1.021893	12.78177
21402	-4313.999	-4598.563	284.564	0.9130632	0.839892	12.96521
21408	-4317.141	-4604.749	287.6083	0.8196639	0.9085128	11.38689
21414	-4333.502	-4619.716	286.2138	0.8683167	0.9980723	12.04136
21420	-4325.488	-4609.888	284.4002	0.6695294	0.9980723	13.08925
21426	-4319.486	-4604.948	285.4626	0.7777793	0.9711659	12.4943
21432	-4322.278	-4604.625	282.3464	0.8804028	0.9711659	14.06009
21438	-4325.963	-4610.086	284.1225	0.8173783	0.9945026	13.15862
21444	-4310.8	-4593.133	282.333	0.8417281	0.9312776	14.10856
21450	-4305.004	-4591.995	286.9918	0.9263885	1.048186	11.57911
21456	-4311.624	-4601.46	289.8363	0.9627838	0.9927589	10.09747
21462	-4343.317	-4628.348	285.0313	0.8267518	1.036903	12.65923
21468	-4328.611	-4613.022	284.4108	0.9363591	0.7981655	13.05794
21474	-4318.5	-4606.826	288.3264	1.023273	1.075508	10.81624
21480	-4317.313	-4601.515	284.2025	0.7408047	1.069627	13.1187
21486	-4326.095	-4612.011	285.9165	0.7872814	1.018702	12.22794
21492	-4317.681	-4603.216	285.5348	0.7807768	0.9347899	12.47478
21498	-4327.453	-4614.509	287.0554	0.9609602	1.029542	11.53724
21504	-4340.572	-4627.114	286.5415	1.034281	0.8880865	11.84372
21510	-4317.491	-4603.519	286.0285	0.9984629	0.835662	12.16064
21516	-4313.071	-4600.782	287.7106	0.8901072	1.054372	11.21909
21522	-4318.407	-4603.724	285.3173	0.809017	0.831091	12.63264
21528	-4323.44	-4608.597	285.1572	0.7093067	1.081424	12.63264
21534	-4325.463	-4612.017	286.5541	0.7335521	0.9595027	11.95453
21540	-4349.196	-4631.154	281.9582	0.767356	1.064438	14.27215
21546	-4344.204	-4627.067	282.8621	0.7755595	0.9567951	13.85472
21552	-4314.545	-4600.805	286.2596	0.869454	1.079697	11.97548
21558	-4320.497	-4604.603	284.1065	0.8177667	0.9120249	13.21116
21564	-4333.394	-4622.39	288.9964	0.9163331	1.022664	10.54761
21570	-4335.25	-4620.305	285.0549	0.9021559	1.092695	12.58
21576	-4329.182	-4614.03	284.8484	0.7906509	0.9682719	12.80886
21582	-4341.048	-4625.133	284.0846	0.8917784	1.034359	13.11914
21588	-4334.565	-4620.682	286.1167	0.6933509	0.8902679	12.24197
21594	-4328.982	-4619.692	290.71	1.080263	0.9269055	9.611164
21600	-4317.022	-4605.15	288.1277	0.801156	0.9867441	11.08218
21606	-4314.614	-4605.22	290.6057	1.034634	1.022075	9.63905
21612	-4317.992	-4605.397	287.4046	0.7838999	0.8238686	11.56135
21618	-4316.229	-4602.489	286.2603	0.8685466	0.8476852	12.10039
21624	-4340.133	-4627.999	287.8656	0.7639168	0.9072741	11.28218
21630	-4308.161	-4594.939	286.7774	0.8199162	0.9919083	11.7757
21636	-4308.945	-4597.466	288.5202	0.83497	0.9482642	10.8795
21642	-4315.888	-4604.442	288.554	0.7768368	0.9718495	10.8795
21648	-4326.875	-4615.483	288.6079	0.895267	1.048032	10.7495
21654	-4330.516	-4614.724	284.2083	0.7288398	1.182783	13.0681
21660	-4314.368	-4598.619	284.2505	0.8363646	0.8933718	13.13713
21666	-4329.48	-4618.587	289.1069	0.7746789	0.915533	10.62156
21672	-4328.417	-4614.388	285.9709	0.8485767	1.051796	12.15082
21678	-4329.695	-4616.488	286.7937	0.8754251	1.097202	11.68493
21684	-4338.09	-4620.275	282.185	0.6624168	1.126296	14.17907
21690	-4335.895	-4619.438	283.543	0.871926	1.003708	13.42658
21696	-4329.787	-4617.887	288.1005	1.072037	0.8908269	11.00723
21702	-4323.761	-4608.645	284.8844	0.8324183	1.010222	12.74636
21708	-4331.803	-4617.592	285.7885	0.9813382	1.138677	12.13438
21714	-4319.25	-4603.912	284.6614	0.8886825	1.03653	12.81969
21720	-4341.164	-4623.055	281.8915	0.9701772	0.9698626	14.25007
21726	-4327.156	-4613.23	286.0748	0.9743114	1.117402	11.99887
21732	-4316.307	-4599.918	283.6101	0.8613787	1.008301	13.39484
21738	-4319.904	-4605.177	285.2736	0.8736623	0.9866893	12.53455
21744	-4330.536	-4612.619	282.0835	0.9539998	0.9866893	14.15005
21750	-4326.754	-4611.408	284.6541	0.8988327	1.145267	12.7652
21756	-4321.641	-4606.723	285.0818	0.7794645	0.9632356	12.6959
21762	-4304.31	-4591.438	287.1276	0.7725197	0.9205502	11.65609
21768	-4304.307	-4594.777	290.47	0.8997812	0.9205502	9.836358
21774	-4326.882	-4614.33	287.448	0.9882268	1.032374	11.31629
21780	-4329.187	-4615.959	286.7721	0.9139541	0.9807845	11.73521
21786	-4322.398	-4608.245	285.8469	0.8292413	1.010097	12.24679
21792	-4326.551	-4611.19	284.6387	0.8853732	1.0143	12.84459
21798	-4342.722	-4629.334	286.6122	0.969696	1.0143	11.77205
21804	-4330.853	-4617.627	286.774	0.786393	1.036262	11.77205
21810	-4332.607	-4617.067	284.4602	0.8952701	0.9151333	12.98527
21816	-4332.534	-4620.09	287.5568	0.8999801	1.221445	11.21499
21822	-4327.944	-4613.452	285.5078	0.7691792	0.9381641	12.49303
21828	-4326.44	-4612.189	285.7486	0.7606964	1.164637	12.25806
21834	-4313.706	-4594.557	280.8512	0.6916562	0.950171	14.94336
21840	-4310.56	-4597.688	287.1278	0.826756	0.950171	11.61137
21846	-4313.443	-4598.685	285.2422	0.7419554	1.024447	12.59992
21852	-4303.364	-4592.131	288.7668	0.905104	1.061634	10.65415
21858	-4300.735	-4586.76	286.025	0.8311521	1.127614	12.09464
21864	-4296.047	-4583.317	287.2702	0.9583996	1.005141	11.43889
21870	-4296.178	-4585.648	289.4702	1.025423	1.109135	10.19807
21876	-4314.55	-4600.442	285.8914	0.8270013	0.9456667	12.25892
21882	-4328.788	-4611.519	282.7309	0.8659852	1.139404	13.78425
21888	-4328.879	-4612.306	283.4268	0.8178541	1.080783	13.47618
21894	-4306.129	-4591.166	285.0365	0.8443423	0.8886025	12.72688
21900	-4312.394	-4598.223	285.8289	0.8640947	0.8886025	12.30392
21906	-4305.511	-4591.634	286.1226	0.8662857	0.9070996	12.13918
21912	-4312.984	-4598.841	285.8575	0.857506	0.8384591	12.32159
21918	-4310.514	-4602.271	291.7568	0.9896235	0.9367564	9.100621
21924	-4312.454	-4601.018	288.5643	1.010562	0.9367564	10.77066
21930	-4323.934	-4609.885	285.9507	0.8737228	0.8647527	12.24912
21936	-4331.897	-4616.679	284.7816	0.7701057	1.003492	12.83578
21942	-4319.682	-4605.845	286.1627	0.7448892	1.090826	12.08555
21948	-4320.145	-4606.249	286.1038	0.8429683	0.8524542	12.19252
21954	-4322.582	-4608.878	286.2954	0.804274	1.053038	12.00405
21960	-4310.618	-4596.974	286.3555	0.8847728	0.8851482	12.02053
21966	-4310.092	-4596.55	286.4579	0.8922908	0.8117418	12.00648
21972	-4316.648	-4600.931	284.2832	0.8972064	0.9644634	13.04943
21978	-4315.38	-4603.195	287.8158	0.918454	0.9624432	11.19702
21984	-4324.537	-4612.377	287.8402	0.894044	0.9624432	11.19702
21990	-4309.993	-4598.054	288.0614	1.003073	0.9804115	11.01448
21996	-4310.691	-4598.533	287.8427	0.9280228	0.8955911	11.21491
22002	-4304.368	-4593.535	289.1675	0.9566286	0.8640548	10.52376
22008	-4305.304	-4591.585	286.2812	0.8558683	0.9442985	12.04135
22014	-4305.411	-4594.609	289.1985	0.8528754	0.8571487	10.56599
22020	-4320.816	-4607.801	286.9842	0.8269059	0.9604622	11.68077
22026	-4308.557	-4595.594	287.0372	0.8121126	0.9604622	11.66081
22032	-4305.208	-4593.466	288.2581	0.7893323	0.9976288	11.01434
22038	-4298.098	-4585.792	287.694	0.9627044	1.184965	11.12695
22044	-4297.178	-4580.814	283.6368	0.7936389	0.9174333	13.46472
22050	-4311.925	-4596.867	284.9422	0.8627823	0.8364108	12.79669
22056	-4300.721	-4584.792	284.0705	0.7612421	1.07722	13.17295
22062	-4304.536	-4588.191	283.6555	0.8523749	0.9035068	13.43222
22068	-4293.129	-4577.093	283.9643	0.9128565	1.109352	13.13374
22074	-4302.523	-4588.414	285.8912	0.9162745	1.093939	12.13623
22080	-4305.796	-4591.329	285.5332	0.8070368	0.9088457	12.4763
22086	-4307.904	-4594.67	286.7663	0.8256254	0.9088457	11.82358
22092	-4298.93	-4585.19	286.2603	0.772226	1.055989	12.03758
22098	-4306.022	-4588.04	282.0184	0.8182383	0.9957794	14.24944
22104	-4297.892	-4584.575	286.6835	0.846377	0.9518014	11.83227
22110	-4330.955	-4613.96	283.0051	0.8085292	0.8985648	13.79538
22116	-4332.723	-4615.622	282.8997	0.7503378	1.059347	13.79538
22122	-4313.443	-4598.386	284.9429	0.6899496	0.8598984	12.87241
22128	-4320.456	-4605.17	284.7137	0.7842805	0.9880815	12.87177
22134	-4311.243	-4595.056	283.8133	0.8442825	0.8471124	13.38687
22140	-4316.04	-4603.049	287.0084	0.9119576	0.9698609	11.61865
22146	-4309.286	-4598.007	288.7211	0.9804566	0.9343779	10.70552
22152	-4315.125	-4599.844	284.7194	0.773255	0.8782617	12.93477
22158	-4327.319	-4614.731	287.4123	0.8274082	0.8782617	11.50254
22164	-4330.584	-4618.429	287.845	0.7727405	0.8782617	11.30488
22170	-4317.729	-4605.613	287.8842	0.7784138	0.8381802	11.30488
22176	-4307.83	-4595.448	287.6189	0.7232045	1.156395	11.30488
22182	-4320.087	-4604.454	284.3665	0.7422569	0.8385571	13.15747
22188	-4303.131	-4587.833	284.7024	0.7902653	0.8089704	12.97568
22194	-4315.912	-4604.069	288.1573	0.8015629	0.8235771	11.15862
22200	-4311.414	-4600.62	289.2057	0.9420132	0.8979656	10.4918
22206	-4327.598	-4616.56	288.9616	0.9274149	1.161512	10.4918
22212	-4337.31	-4620.651	283.3408	0.7041057	0.9966606	13.62235
22218	-4334.256	-4618.605	284.3491	0.5726989	0.8757592	13.23294
22224	-4318.634	-4603.138	284.5043	0.8417091	0.9729223	12.95884
22230	-4335.638	-4620.059	284.4215	0.8070938	1.093088	12.95884
22236	-4333.806	-4621.23	287.4248	0.9407936	1.100402	11.31933
22242	-4326.095	-4609.811	283.7165	0.8405933	0.9900936	13.35979
22248	-4335.764	-4618.9	283.1357	0.8405933	0.8642769	13.73055
22254	-4331.931	-4618.13	286.1996	0.8599671	1.099738	12.00189
22260	-4315.351	-4601.364	286.0133	0.8510399	0.8593822	12.23144
22266	-4306.693	-4591.696	285.0028	0.7540514	0.8597746	12.80797
22272	-4309.231	-4593.574	284.3435	0.7540514	0.8968728	13.1296
22278	-4321.448	-4605.342	283.8935	0.7501967	0.8362203	13.40049
22284	-4329.048	-4612.668	283.6199	0.8184605	1.030771	13.40049
22290	-4310.013	-4594.286	284.2731	0.7592837	0.9105158	13.1558
22296	-4321.135	-4606.169	285.0343	0.779375	0.9584059	12.72328
22302	-4316.101	-4599.879	283.7779	0.7057396	1.048822	13.36789
22308	-4316.361	-4598.51	282.1492	0.7595348	1.112477	14.1539
22314	-4304.708	-4589.545	284.8371	0.7084889	1.025494	12.82766
22320	-4307.563	-4590.741	283.1787	0.6393193	1.1383	13.67002
22326	-4304.328	-4587.459	283.1314	0.7102991	1.112455	13.67002
22332	-4297.437	-4584.318	286.8809	0.7851117	1.059715	11.70506
22338	-4300.704	-4585.188	284.4836	0.867363	1.048242	12.91735
22344	-4296.416	-4580.882	284.4664	0.8021811	0.9691843	13.00106
22350	-4305.69	-4590.869	285.1787	0.775501	0.9330735	12.66388
22356	-4307.591	-4592.331	284.7407	0.6489489	0.9328089	12.95778
22362	-4325.695	-4616.232	290.5365	0.8996833	1.169136	9.674228
22368	-4321.302	-4608.943	287.6403	0.881473	1.018038	11.2789
22374	-4316.42	-4601.118	284.6984	0.8384312	0.9237236	12.88619
22380	-4317.995	-4603.343	285.3486	0.657531	0.8677317	12.67365
22386	-4327.223	-4612.289	285.0663	0.7882677	1.087936	12.63565
22392	-4325.24	-4609.553	284.3124	0.7440448	0.8565201	13.17411
22398	-4313.104	-4600.685	287.5811	0.7379128	0.9413599	11.42568
22404	-4323.984	-4613.418	289.4339	1.014763	0.9909908	10.28268
22410	-4322.236	-4609.183	286.9471	0.6964969	0.9809948	11.75729
22416	-4320.006	-4609.944	289.9372	0.8629297	1.204863	9.992763
22422	-4313.508	-4599.568	286.0599	0.8312765	0.9669783	12.15738
22428	-4333.281	-4617.511	284.2304	0.8639556	0.9065258	13.12583
22434	-4335.207	-4620.46	285.2534	0.8554885	0.9869546	12.55442
22440	-4317.688	-4602.907	285.2187	0.7180897	0.9033676	12.6894
22446	-4292.219	-4577.452	285.2334	0.8796682	1.041488	12.52415
22452	-4306.074	-4594.473	288.3993	1.030178	1.11748	10.75386
22458	-4312.463	-4601.359	288.8962	0.8178126	1.217806	10.55775
22464	-4308.656	-4597.731	289.0745	0.8263897	1.011687	10.5595
22470	-4319.574	-4608.395	288.8218	0.9450862	1.153827	10.5595
22476	-4341.836	-4629.095	287.2595	0.8632148	0.9676178	11.51407
22482	-4352.676	-4638.821	286.145	0.7295821	0.9233407	12.18976
22488	-4350.486	-4634.539	284.0537	0.8225044	1.066352	13.1552
22494	-4304.944	-4591.014	286.0703	0.9315491	0.9275286	12.12106
22500	-4329.449	-4613.628	284.1787	0.7610857	1.023803	13.14356
22506	-4330.715	-4615.036	284.3205	0.7202812	0.9957036	13.10555
22512	-4326.9	-4611.143	284.2433	0.8539274	0.8930208	13.13194
22518	-4324.729	-4612.149	287.4204	0.8914522	0.8944625	11.45555
22524	-4309.34	-4595.506	286.166	0.8550997	1.134357	12.00536
22530	-4326.757	-4613.491	286.7343	0.727583	1.032188	11.82555
22536	-4325.887	-4612.536	286.6491	0.758544	1.019221	11.86049
22542	-4301.436	-4585.423	283.9867	0.7991564	1.01038	13.23042
22548	-4290.642	-4574.89	284.2478	0.810911	0.938601	13.12667
22554	-4302.84	-4586.797	283.957	0.6932907	1.116727	13.24807
22560	-4306.954	-4591.761	284.8068	0.6770453	0.9873909	12.87949
22566	-4327.311	-4611.646	284.3352	0.7423463	0.8407715	13.17238
22572	-4305.873	-4593.335	287.4619	0.8393681	1.052435	11.3767
22578	-4302.995	-4590.085	287.0902	0.8600598	1.021269	11.57606
22584	-4306.553	-4595.3	288.747	0.9566394	1.021269	10.65806
22590	-4308.81	-4595.124	286.3142	0.8290184	1.004888	12.00593
22596	-4299.831	-4583.092	283.2609	0.8058567	1.032086	13.59282
22602	-4307.764	-4597.581	289.8166	0.9837478	1.068885	10.0577
22608	-4297.743	-4588.198	290.4548	1.075836	0.95759	9.731183
22614	-4309.827	-4599.6	289.7729	1.08084	1.016691	10.0562
22620	-4307.113	-4597.348	290.2349	0.9706805	0.9404421	9.911829
22626	-4303.047	-4592.757	289.71	0.9636476	0.9001429	10.21424
22632	-4312.965	-4596.255	283.2899	0.7875108	0.7810335	13.72806
22638	-4321.509	-4607.259	285.7506	0.9408514	0.8404814	12.33265
22644	-4310.146	-4599.256	289.1105	0.8500353	0.8539343	10.61553
22650	-4291.63	-4580.851	289.2207	0.8998053	0.9688618	10.46685
22656	-4301.723	-4589.885	288.162	0.9099203	0.9068694	11.05086
22662	-4331.999	-4615.861	283.8617	0.7574578	1.10892	13.26801
22668	-4330.426	-4618.874	288.4481	0.8794394	0.9464474	10.895
22674	-4330.147	-4616.091	285.9434	0.7380665	0.9546109	12.27334
22680	-4316.486	-4603.29	286.8044	0.8617192	0.9466963	11.76395
22686	-4323.387	-4611.229	287.8421	0.7761868	1.029664	11.22242
22692	-4319.266	-4605.51	286.2438	0.7242116	1.117489	12.04109
22698	-4311.521	-4600.058	288.5367	0.7516965	0.9734146	10.9009
22704	-4308.066	-4595.859	287.7931	0.7151808	0.762201	11.43249
22710	-4307.285	-4594.03	286.7449	0.7901097	0.8578348	11.88249
22716	-4314.438	-4601.364	286.9252	0.8414307	0.8629205	11.75859
22722	-4316.217	-4604.465	288.2486	0.921487	0.8739241	11.01823
22728	-4313.851	-4598.196	284.345	0.8545928	0.8739241	13.0896
22734	-4304.629	-4588.472	283.8437	0.8870828	0.9213472	13.30654
22740	-4306.412	-4590.499	284.0872	0.7202847	0.8512515	13.30654
22746	-4321.174	-4608.956	287.7816	0.7220132	1.044865	11.27467
22752	-4318.606	-4603.978	285.3717	0.8837485	0.9028275	12.52382
22758	-4303.629	-4587.96	284.3308	0.7867749	0.9249218	13.10357
22764	-4302.793	-4587.598	284.8048	0.8115669	1.061027	12.77293
22770	-4303.048	-4587.985	284.9373	0.8030363	0.9490056	12.7665
22776	-4314.525	-4600.646	286.1216	0.8851481	0.9623709	12.09955
22782	-4308.6	-4594.302	285.7019	0.8150343	1.205634	12.23525
22788	-4320.375	-4606.977	286.6014	0.8646195	1.033031	11.82296
22794	-4322.161	-4606.247	284.0858	0.8363483	1.151151	13.09054
22800	-4318.436	-4601.426	282.9892	0.7054659	0.8466628	13.8869
22806	-4319.417	-4604.661	285.2441	0.7668808	0.7908909	12.71711
22812	-4308.197	-4592.163	283.9665	0.7814864	1.070123	13.21998
22818	-4325.664	-4605.003	279.3385	0.7827986	0.8618906	15.72723
22824	-4323.371	-4608.074	284.7031	0.8644514	0.8927262	12.88755
22830	-4330.434	-4616.586	286.1526	0.9505758	0.8838291	12.09277
22836	-4313.821	-4599.381	285.5599	0.833521	1.057925	12.36983
22842	-4316.079	-4604.539	288.4601	0.9015269	0.9535191	10.87326
22848	-4328.093	-4616.422	288.3296	0.9284832	1.119299	10.84285
22854	-4335.257	-4621.69	286.4335	0.8624838	1.032867	11.9118
22860	-4348.388	-4632.157	283.7689	0.618136	0.9702352	13.45862
22866	-4345.418	-4629.66	284.2414	0.7806438	0.9702352	13.1287
22872	-4334.597	-4620.205	285.6079	0.6910594	1.039129	12.42848
22878	-4335.769	-4616.495	280.7263	0.6859381	1.039129	14.96473
22884	-4333.602	-4620.777	287.1757	0.775055	0.9874919	11.59337
22890	-4341.135	-4626.685	285.5492	0.8683429	1.028646	12.37205
22896	-4342.319	-4627.967	285.6472	0.792503	1.258643	12.25192
22902	-4327.747	-4611.287	283.5402	0.7279101	0.9722029	13.51932
22908	-4345.744	-4628.537	282.7929	0.6682043	1.133262	13.85762
22914	-4325.66	-4612.503	286.843	0.8174113	0.8435218	11.82544
22920	-4355.358	-4638.325	282.9669	0.7826277	0.8490615	13.85706
22926	-4351.261	-4637.507	286.2464	0.8691942	0.8685809	12.09507
22932	-4332.225	-4619.064	286.8392	0.7765498	0.9687541	11.77833
22938	-4324.667	-4608.099	283.4314	0.7099974	0.9214358	13.61256
22944	-4325.899	-4613.043	287.1442	0.9299642	0.8759342	11.59038
22950	-4338.03	-4624.242	286.2126	0.6572124	1.009725	12.14602
22956	-4336.669	-4622.628	285.9592	0.8075135	1.100412	12.15433
22962	-4339.099	-4622.36	283.2603	0.6603632	1.080413	13.64457
22968	-4332.786	-4619.911	287.1242	0.6987858	1.080413	11.61278
22974	-4312.364	-4597.404	285.0395	0.8239598	1.145297	12.60355
22980	-4305.055	-4592.085	287.0303	0.8517743	0.8727338	11.69262
22986	-4310.086	-4591.813	281.7267	0.8517743	1.198023	14.28524
22992	-4320.841	-4608.117	287.2761	0.9950223	0.9253272	11.45954
22998	-4315.739	-4601.133	285.3941	0.9039568	0.9256035	12.48892
23004	-4337.761	-4622.586	284.825	0.8893801	0.9925908	12.75684
23010	-4331.14	-4618.08	286.9395	0.8688813	0.7906462	11.78028
23016	-4336.77	-4623.163	286.3937	0.7966593	1.221964	11.87661
23022	-4329.481	-4615.173	285.692	0.9625178	0.8503439	12.34608
23028	-4334.562	-4620.16	285.5981	0.8384944	1.048874	12.35186
23034	-4333.091	-4618.689	285.5975	0.7910581	1.099618	12.35186
23040	-4332.98	-4618.149	285.1694	0.6729137	0.961002	12.70697
23046	-4326.99	-4613.128	286.1384	0.9008809	0.961002	12.08333
23052	-4329.245	-4614.185	284.9401	0.8155796	1.123699	12.66985
23058	-4327.563	-4613.592	286.0293	0.8588215	0.8116931	12.24747
23064	-4317.799	-4604.569	286.7701	0.8615657	0.9341505	11.78879
23070	-4302.527	-4589.236	286.7094	0.7919721	1.064223	11.78879
23076	-4308.39	-4595.2	286.8104	0.8189112	0.9363142	11.78879
23082	-4311.416	-4595.419	284.0029	0.8358758	1.146139	13.1362
23088	-4310.539	-4594.753	284.2139	0.7782151	0.9854181	13.1362
23094	-4314.28	-4596.82	282.5403	0.9173769	1.032973	13.90837
23100	-4322.5	-4605.567	283.067	0.7546888	1.032973	13.71952
23106	-4314.398	-4599.37	284.9723	0.9198958	0.9647163	12.67902
23112	-4311.586	-4594.116	282.5304	0.8416974	1.009503	13.96473
23118	-4320.172	-4608.601	288.429	0.9779647	1.040033	10.80403
23124	-4327.597	-4613.151	285.5535	1.091388	1.014343	12.26087
23130	-4325.485	-4611.374	285.8885	0.9096222	0.8681297	12.26087
23136	-4324.671	-4607.187	282.5161	0.8951298	1.076599	13.91073
23142	-4347.282	-4628.438	281.1557	0.9006036	0.9834897	14.65998
23148	-4337.385	-4619.504	282.119	0.8848798	1.008395	14.15621
23154	-4325.267	-4608.798	283.5309	0.8779239	1.02796	13.41729
23160	-4338.555	-4622.131	283.576	0.6639773	0.8572037	13.59779
23166	-4323.601	-4610.377	286.7758	0.7776519	1.083159	11.75219
23172	-4316.291	-4600.606	284.3153	0.8334064	0.9528392	13.07217
23178	-4317.188	-4602.364	285.176	0.8476296	1.006881	12.58843
23184	-4319.187	-4602.931	283.7441	0.8020335	0.8849049	13.42288
23190	-4321.685	-4608.717	287.0319	0.8714751	0.8738086	11.68088
23196	-4310.346	-4597.892	287.5458	0.7721466	1.050587	11.36891
23202	-4319.742	-4605.226	285.484	0.8262333	1.07242	12.40598
23208	-4306.266	-4590.279	284.0122	0.6734081	0.8682875	13.35994
23214	-4308.27	-4595.252	286.9821	0.8129604	0.9132765	11.71502
23220	-4314.932	-4600.067	285.1346	0.6981662	0.8462724	12.77637
23226	-4306.759	-4595.023	288.2641	0.8509251	0.9559057	11.00116
23232	-4332.252	-4616.994	284.7428	0.909534	0.9179721	12.82933
23238	-4335.531	-4621.585	286.054	0.8450939	0.9173861	12.18028
23244	-4331.07	-4615.654	284.5842	0.8777046	1.01597	12.87605
23250	-4330.896	-4613.558	282.6619	0.8145013	0.9235273	13.95644
23256	-4323.124	-4608.899	285.7751	0.8270909	1.077191	12.25147
23262	-4327.702	-4608	280.2977	0.6405645	1.061743	15.19856
23268	-4334.499	-4618.809	284.3104	0.9085332	0.9166351	13.05544
23274	-4343.895	-4627.608	283.7128	0.84614	0.9416052	13.38468
23280	-4330.275	-4617.502	287.2273	0.7411725	0.9532723	11.60241
23286	-4322.855	-4607.924	285.0697	0.7532445	1.101731	12.6454
23292	-4330.573	-4618.848	288.2755	0.9650884	1.000738	10.91149
23298	-4344.978	-4632.589	287.611	0.7956586	1.047943	11.32386
23304	-4329.046	-4619.586	290.54	1.051234	1.227679	9.565562
23310	-4315.967	-4598.619	282.6518	0.7675348	1.058371	13.91553
23316	-4314.474	-4598.424	283.9498	0.7488366	0.8282815	13.37671
23322	-4316.296	-4598.867	282.5714	0.7788438	1.079482	13.94094
23328	-4310.399	-4594.043	283.644	0.8047931	0.9449997	13.44006
23334	-4328.198	-4613.266	285.068	0.7984776	1.065067	12.64072
23340	-4340.256	-4626.488	286.2312	0.8457236	1.021101	12.03212
23346	-4350.409	-4631.315	280.906	0.8713326	0.9066618	14.84586
23352	-4328.258	-4611.305	283.0465	0.8561434	0.9908978	13.69919
23358	-4334.097	-4617.553	283.4562	0.8032584	0.9510574	13.53509
23364	-4331.048	-4615.71	284.6623	0.8451124	1.083777	12.81834
23370	-4334.089	-4618.547	284.4586	0.7354464	1.083777	12.98138
23376	-4330.544	-4616.237	285.6929	0.7686801	1.102954	12.31218
23382	-4324.178	-4608.147	283.9697	0.7613039	0.8930395	13.32226
23388	-4325.514	-4611.611	286.0971	0.6119687	0.8315351	12.32879
23394	-4319.597	-4604.33	284.7338	0.6119687	1.230934	12.83386
23400	-4319.529	-4605.224	285.6954	0.679332	0.9112962	12.45693
23406	-4314.197	-4601.58	287.3831	0.8363288	1.093903	11.39895
23412	-4325.423	-4608.682	283.259	0.6269326	1.116236	13.64526
23418	-4332.484	-4616.169	283.6852	0.6492015	1.025252	13.45734
23424	-4354.916	-4639.684	284.7677	0.7497844	0.8630034	12.93061
23430	-4329.339	-4613.574	284.2354	0.7469493	0.9852134	13.1414
23436	-4332.93	-4618.464	285.5342	0.7414884	0.8650618	12.53484
23442	-4334.391	-4616.026	281.6351	0.7447455	0.8990471	14.53824
23448	-4321.591	-4603.134	281.5434	0.7410938	0.9081297	14.58251
23454	-4327.072	-4609.796	282.7247	0.7055064	0.90556	13.99032
23460	-4328.664	-4611.839	283.1752	0.8175767	0.6877989	13.83276
23466	-4329.204	-4613.042	283.8387	0.7532852	1.099562	13.28661
23472	-4320.044	-4607.048	287.0036	0.8518065	0.9935349	11.64004
23478	-4303.66	-4586.602	282.9423	0.711161	1.14629	13.75169
23484	-4311.388	-4596.177	284.7891	0.746478	1.0375	12.82676
23490	-4327.126	-4612.986	285.8605	0.6897737	1.003885	12.31561
23496	-4327.617	-4613.434	285.817	0.7593519	0.9780078	12.31561
23502	-4320.049	-4607.588	287.5393	0.8345136	1.10922	11.31072
23508	-4319.793	-4603.575	283.7818	0.7017751	1.151341	13.31833
23514	-4316.41	-4604.028	287.6175	0.8028159	1.051032	11.31513
23520	-4328.101	-4616.095	287.9935	0.8028159	1.051032	11.11839
23526	-4311.67	-4597.366	285.6958	0.7114966	0.9755218	12.40502
23532	-4316.521	-4606.506	289.9848	0.8233818	0.9755218	10.1019
23538	-4315.718	-4603.129	287.4102	0.702804	0.8574468	11.58088
23544	-4323.062	-4607.992	284.9302	0.7707539	0.9894907	12.76543
23550	-4341.45	-4631.258	289.8089	0.9248578	1.105281	10.07473
23556	-4329.958	-4616.899	286.9407	0.8740713	1.042719	11.63589
23562	-4341.169	-4628.248	287.0792	0.8558211	0.9241109	11.63589
23568	-4333.085	-4618.023	284.9373	0.7279357	0.9006883	12.83224
23574	-4330.394	-4614.407	284.0131	0.6817022	0.9945454	13.28597
23580	-4333.126	-4621.533	288.407	0.8394241	1.017313	10.89981
23586	-4334.182	-4617.853	283.6704	0.869404	0.9520987	13.38895
23592	-4314.872	-4597.708	282.836	0.7507694	0.9506357	13.88442
23598	-4331.456	-4612.847	281.3913	0.6848327	1.022937	14.62936
23604	-4311.761	-4597.134	285.3729	0.8113225	0.9541157	12.53265
23610	-4316.138	-4599.74	283.6019	0.7499416	0.8754925	13.52915
23616	-4314.137	-4596.887	282.7501	0.6999244	1.060818	13.89842
23622	-4322.676	-4608.468	285.7924	0.8427332	0.9711902	12.28858
23628	-4321.675	-4605.913	284.2377	0.6945118	0.9711902	13.17488
23634	-4328.605	-4617.015	288.4102	0.9730475	0.9963418	10.83907
23640	-4325.152	-4615.625	290.4725	0.9074411	0.9977985	9.789031
23646	-4327.102	-4616.207	289.1054	1.16547	0.9753094	10.38446
23652	-4321.38	-4609.31	287.9306	0.8566154	0.9421589	11.18032
23658	-4318.968	-4604.549	285.5805	1.003487	1.128055	12.23634
23664	-4317.204	-4606.103	288.8996	0.9038123	1.062425	10.58474
23670	-4306.736	-4592.096	285.3597	0.8014032	0.8990634	12.57506
23676	-4314.663	-4598.209	283.5463	0.6661637	0.9803156	13.54389
23682	-4327.528	-4615.315	287.7872	0.8521975	0.998139	11.22767
23688	-4325.024	-4609.573	284.549	0.8182913	0.9249399	12.97372
23694	-4333.367	-4620.23	286.8629	0.7479499	1.085375	11.72117
23700	-4334.411	-4618.042	283.6312	0.6797517	0.9147282	13.52823
23706	-4318.433	-4601.977	283.5438	0.7067619	1.1112	13.45839
23712	-4320.44	-4603.411	282.9709	0.8093725	1.195923	13.66304
23718	-4319.877	-4602.167	282.2898	0.7369969	1.213322	14.04604
23724	-4316.071	-4602.423	286.3518	0.7917582	0.9978894	12.00937
23730	-4323.586	-4607.988	284.4023	0.7556274	1.027502	13.02825
23736	-4323.548	-4611.152	287.6044	0.7686854	0.8893666	11.42647
23742	-4315.885	-4601.831	285.9456	0.7686854	1.130148	12.16737
23748	-4324.763	-4611.187	286.4248	0.8115954	1.080815	11.91891
23754	-4324.471	-4611.328	286.8573	0.651853	1.102738	11.7658
23760	-4307.055	-4590.664	283.6091	0.8230961	1.080804	13.37875
23766	-4315.995	-4601.742	285.7471	0.7893736	0.9510926	12.3508
23772	-4314.442	-4601.294	286.8527	0.8332076	0.8405334	11.81392
23778	-4329.097	-4619.471	290.3738	0.8945478	0.9511728	9.87286
23784	-4332.95	-4618.275	285.3249	0.7872855	1.191547	12.4526
23790	-4327.832	-4614.011	286.1795	0.8180808	1.0961	12.03601
23796	-4323.885	-4610.058	286.173	0.7546783	1.172926	12.03601
23802	-4335.508	-4622.82	287.3117	0.8804273	0.9821433	11.47004
23808	-4337.087	-4624.411	287.3244	0.6931867	0.8896441	11.61213
23814	-4338.994	-4623.106	284.1118	0.7798305	1.017369	13.17189
23820	-4342.044	-4627.64	285.5955	0.7567179	1.114003	12.36385
23826	-4339.49	-4629.869	290.3796	0.9172891	1.092391	9.784561
23832	-4339.53	-4630.591	291.0602	1.0729	1.094429	9.342377
23838	-4323.013	-4612.565	289.5517	0.7787563	1.145451	10.26746
23844	-4337.403	-4624.467	287.0634	0.9014579	1.041584	11.55804
23850	-4331.308	-4617.375	286.0667	0.7361822	1.199616	12.08892
23856	-4332.512	-4621.17	288.6579	0.6920613	1.105032	10.80158
23862	-4331.071	-4618.938	287.8674	0.8188927	0.9659011	11.22027
23868	-4319.384	-4607.687	288.3032	0.8938229	0.9727248	10.94915
23874	-4335.136	-4622.24	287.1036	0.8198173	0.8976843	11.65675
23880	-4334.568	-4619.529	284.9612	0.6893516	0.8907267	12.84551
23886	-4332.905	-4613.214	280.3089	0.8090786	0.9722962	15.1513
23892	-4330.57	-4616.062	285.4919	0.9448028	0.9559633	12.40017
23898	-4316.138	-4602.531	286.392	0.8439649	0.9559633	11.98341
23904	-4314.101	-4599.505	285.4039	0.8793153	0.9998132	12.45688
23910	-4331.739	-4617.492	285.7533	0.8074773	0.9998132	12.31228
23916	-4337.232	-4622.893	285.6612	0.8775832	1.074503	12.28587
23922	-4332.414	-4621.663	289.2491	1.014894	0.9522862	10.40048
23928	-4319.692	-4604.423	284.7316	0.8359359	0.8421043	12.91683
23934	-4333.637	-4619.429	285.7918	0.8391993	0.997533	12.27684
23940	-4325.652	-4609.806	284.1543	0.7205447	0.8676468	13.262
23946	-4325.937	-4613.898	287.9611	0.8192572	0.8487161	11.23705
23952	-4313.508	-4598.757	285.2488	0.8074146	0.9000087	12.62914
23958	-4314.162	-4602.71	288.5481	0.8337816	0.9609242	10.85866
23964	-4312.566	-4599.164	286.5981	0.6881449	0.9236944	11.97486
23970	-4321.174	-4604.181	283.0072	0.7405201	1.217785	13.67006
23976	-4316.828	-4602.271	285.4433	0.8415045	1.110568	12.40063
23982	-4321.117	-4607.457	286.3397	0.6748697	0.8953154	12.13244
23988	-4326.834	-4609.155	282.321	0.5681148	0.9853538	14.22765
23994	-4314.876	-4602.954	288.0782	0.802292	0.794688	11.21734
24000	-4306.345	-4590.929	284.5844	0.6789152	0.9377449	13.02078
24006	-4323.381	-4607.988	284.6067	0.6900577	0.906237	13.02078
24012	-4319.209	-4603.48	284.2711	0.8460828	1.093808	13.01646
24018	-4308.068	-4592.468	284.4009	0.7227314	0.8116843	13.16587
24024	-4313.649	-4599.587	285.9375	0.8392123	0.8820042	12.26406
24030	-4342.229	-4624.663	282.4341	0.7563524	1.179379	13.97654
24036	-4339.663	-4623.171	283.5082	0.7548898	1.071885	13.47095
24042	-4322.512	-4608.414	285.9014	0.7144117	1.072844	12.24649
24048	-4319.186	-4607.545	288.3586	0.7455033	1.066493	10.94941
24054	-4320.713	-4605.227	284.5145	0.650377	1.198976	12.94227
24060	-4320.015	-4606.176	286.161	0.7587824	1.11033	12.0697
24066	-4320.805	-4605.995	285.1896	0.7875366	1.227206	12.50686
24072	-4322.544	-4612.201	289.6572	0.9178033	1.227206	10.10107
24078	-4325.986	-4613.156	287.1707	0.7262019	0.9948491	11.61768
24084	-4347.653	-4635.298	287.6451	0.7490765	0.9243715	11.39572
24090	-4321.164	-4608.652	287.4878	0.8184522	0.9589828	11.42278
24096	-4311.271	-4596.84	285.5688	0.7019271	1.108637	12.40886
24102	-4324.585	-4610.252	285.6676	0.6796098	1.02828	12.40886
24108	-4330.369	-4615.575	285.2064	0.6297119	1.140431	12.62008
24114	-4320.748	-4607.571	286.823	0.7409898	1.039665	11.76846
24120	-4323.2	-4608.853	285.653	0.6091562	0.8751863	12.53606
24126	-4320.301	-4605.488	285.1866	0.7149587	0.9592283	12.6771
24132	-4328.295	-4613.069	284.7745	0.797426	1.039345	12.8069
24138	-4329.444	-4612.283	282.839	0.7318264	0.9644612	13.88528
24144	-4333.307	-4615.095	281.7889	0.7018157	1.034984	14.40857
24150	-4329.511	-4615.431	285.92	0.7163204	0.9602747	12.2938
24156	-4322.507	-4607.479	284.9724	0.9180412	0.86393	12.73607
24162	-4307.615	-4590.441	282.8261	0.7084852	0.9674976	13.90245
24168	-4319.424	-4601.154	281.73	0.6727548	0.9915608	14.47638
24174	-4306.328	-4591.919	285.5907	0.7037434	0.9264592	12.49034
24180	-4314.955	-4599.851	284.8963	0.787886	0.8901233	12.82837
24186	-4323.671	-4607.326	283.654	0.7216585	0.9642512	13.46768
24192	-4327.924	-4614.033	286.1091	0.7810194	0.9187364	12.18422
24198	-4330.647	-4617.428	286.7806	0.9595865	0.9733915	11.71087
24204	-4329.965	-4615.736	285.7707	0.9570407	1.187364	12.13365
24210	-4325.823	-4611.696	285.8724	0.8575432	1.184857	12.13365
24216	-4323.536	-4608.657	285.1213	0.7646757	1.072297	12.62698
24222	-4307.096	-4593.216	286.1202	0.9130854	1.029009	12.05084
24228	-4331.109	-4617.144	286.0351	0.8414038	1.19887	12.05084
24234	-4324.584	-4608.902	284.3179	0.8954331	0.9697552	13.02948
24240	-4312.584	-4598.82	286.2363	0.7931815	1.031646	12.05147
24246	-4309.874	-4593.794	283.9207	0.7461068	1.047949	13.27318
24252	-4301.47	-4587.194	285.7236	0.8669282	1.047949	12.2721
24258	-4316.004	-4598.5	282.4955	0.8455008	0.881267	14.05029
24264	-4312.333	-4596.312	283.9792	0.8455008	1.025847	13.20231
24270	-4325.38	-4609.833	284.4533	0.8160551	1.025847	12.97113
24276	-4336.414	-4620.872	284.4586	0.7024777	1.140865	12.97113
24282	-4332.475	-4616.052	283.5764	0.9085206	1.315789	13.24467
24288	-4334.017	-4618.86	284.8424	0.8565945	1.121423	12.70045
24294	-4325.844	-4611.004	285.1609	0.7528091	1.002203	12.64806
24300	-4338.961	-4624.262	285.301	0.7312157	0.8886703	12.64806
24306	-4340.873	-4625.812	284.9389	0.8473172	1.136134	12.64806
24312	-4323.901	-4607.881	283.9807	0.7942636	0.8206376	13.3416
24318	-4318.16	-4603.869	285.7096	0.7571137	1.009328	12.35632
24324	-4321.929	-4606.303	284.3741	0.6860037	0.8693219	13.16477
24330	-4332.661	-4620.657	287.9962	0.7882134	0.8638552	11.22599
24336	-4338.013	-4626.138	288.1253	0.8140317	1.030257	11.05401
24342	-4329.221	-4616.492	287.2711	0.7117351	1.044231	11.5473
24348	-4331.922	-4613.804	281.882	0.6806319	0.9694933	14.40519
24354	-4321.544	-4607.106	285.5623	0.7330416	1.058138	12.42085
24360	-4323.296	-4609.677	286.3809	0.8479519	1.051737	11.93728
24366	-4321.059	-4606.261	285.202	0.7350566	0.9811515	12.64695
24372	-4321.893	-4607.499	285.6059	0.7093667	0.9076424	12.48994
24378	-4322	-4605.16	283.16	0.6964072	1.050071	13.69295
24384	-4320.553	-4607.695	287.1423	0.704754	0.9195192	11.6844
24390	-4325.863	-4613.972	288.1085	0.8801091	0.8474159	11.1288
24396	-4328.175	-4617.457	289.2821	0.9867715	0.8474159	10.45757
24402	-4329.427	-4619.202	289.7747	1.043215	0.9922768	10.08784
24408	-4332.799	-4620.43	287.6314	0.8643743	0.9156532	11.34747
24414	-4351.266	-4638.987	287.7205	0.734936	0.9521736	11.34842
24420	-4343.558	-4630.614	287.0563	0.7682349	1.015842	11.64453
24426	-4338.293	-4626.051	287.758	0.8508189	1.282408	11.10847
24432	-4353.222	-4635.077	281.8556	0.772019	0.8986702	14.41015
24438	-4354.08	-4634.831	280.7506	0.7081508	1.07734	14.92171
24444	-4344.208	-4627.179	282.9718	0.8210627	0.9528503	13.77633
24450	-4346.809	-4632.297	285.4883	0.8073293	1.144889	12.37864
24456	-4345.545	-4633.01	287.465	0.8833306	0.9944166	11.38192
24462	-4353.622	-4639.929	286.3075	0.8714021	1.223019	11.88215
24468	-4342.726	-4625.364	282.6373	0.6859383	0.9771277	14.00698
24474	-4329.9	-4613.249	283.3495	0.7348827	1.099009	13.55055
24480	-4327.106	-4611.081	283.9746	0.8319916	0.9586139	13.24685
24486	-4330.282	-4616.016	285.7336	0.6718395	0.9558045	12.41652
24492	-4315.776	-4601.299	285.5225	0.6918585	1.154419	12.41652
24498	-4327.828	-4612.143	284.3155	0.8448355	0.9874117	13.04775
24504	-4331.376	-4617.218	285.8425	0.7524954	1.078178	12.25471
24510	-4333.117	-4618.948	285.831	0.9271024	0.9088379	12.25855
24516	-4330.136	-4614.408	284.2721	0.8919593	1.04194	13.01775
24522	-4321.616	-4607.963	286.3474	0.8224711	1.178456	11.90711
24528	-4334.191	-4617.928	283.7362	0.9456469	1.17524	13.20426
24534	-4323.043	-4612.771	289.7284	0.9049591	0.8454383	10.26723
24540	-4307.148	-4592.971	285.8227	0.7007172	1.045563	12.30827
24546	-4309.365	-4596.737	287.3723	0.8456424	1.079121	11.40698
24552	-4308.736	-4595.368	286.632	0.7368828	1.079121	11.85059
24558	-4323.808	-4610.355	286.5473	0.7805619	0.9284775	11.9505
24564	-4341.45	-4627.673	286.2232	0.8426754	0.8316803	12.14273
24570	-4328.535	-4613.881	285.3464	0.7621844	1.003918	12.54568
24576	-4330.083	-4617.426	287.3429	0.838989	1.003918	11.46395
24582	-4319.616	-4604.853	285.2369	0.8340672	1.003918	12.56531
24588	-4340.059	-4626.885	286.8263	0.8435795	1.146115	11.66108
24594	-4322.302	-4607.178	284.876	0.7580972	0.9878077	12.80109
24600	-4331.2	-4619.342	288.142	0.893172	1.18176	10.93019
24606	-4326.049	-4612.7	286.6505	0.7915402	0.9643665	11.87136
24612	-4341.696	-4626.954	285.2586	0.9849527	1.006935	12.47387
24618	-4342.275	-4627.782	285.5071	0.9175033	0.951937	12.40864
24624	-4356.878	-4642.623	285.7457	0.9155879	1.0189	12.25001
24630	-4342.372	-4630.049	287.6772	0.9485693	1.0903	11.18811
24636	-4335.43	-4621.343	285.9129	0.8885259	0.968111	12.20357
24642	-4340.934	-4628.411	287.4769	0.8392557	0.9380573	11.42899
24648	-4325.239	-4609.197	283.9587	0.825271	0.9380573	13.26972
24654	-4321.274	-4607.828	286.5543	0.9346026	0.9380573	11.86119
24660	-4325.389	-4611.949	286.5599	0.8699215	0.9631599	11.87842
24666	-4316.596	-4601.182	284.5858	0.8006789	0.9631599	12.943
24672	-4320.012	-4606.785	286.7732	0.7806185	0.9631599	11.81368
24678	-4328.779	-4616.796	288.0167	0.8659029	1.141188	11.02913
24684	-4319.57	-4602.511	282.9409	0.7263706	0.9479631	13.84409
24690	-4317.136	-4599.969	282.8329	0.7234025	1.053556	13.84688
24696	-4332.529	-4618.524	285.9957	0.8574921	0.9814897	12.16947
24702	-4315.467	-4598.711	283.2432	0.7451225	0.9681797	13.66668
24708	-4316.47	-4599.592	283.1221	0.9048145	0.9310557	13.66668
24714	-4319.333	-4604.096	284.7629	0.8782866	1.071943	12.75456
24720	-4327.356	-4611.162	283.8055	0.8408014	1.019944	13.29805
24726	-4319.356	-4606.29	286.9343	0.9058107	1.133452	11.57815
24732	-4318.624	-4603.707	285.0824	0.7713337	0.9872724	12.68708
24738	-4309.118	-4594.088	284.9706	0.7854059	1.028251	12.71672
24744	-4334.069	-4618.508	284.4388	0.8055237	1.229662	12.88716
24750	-4341.384	-4627.012	285.6287	0.842472	0.9447584	12.38825
24756	-4337.228	-4621.598	284.3694	0.7710278	1.049312	13.02631
24762	-4336.422	-4620.557	284.1346	0.8925165	0.9154224	13.15585
24768	-4334.457	-4619.391	284.934	0.8568885	0.9568333	12.73599
24774	-4337.686	-4625.545	287.8587	0.9002585	1.030636	11.14826
24780	-4330.367	-4616.14	285.7737	0.7228671	0.8344056	12.4378
24786	-4324.179	-4610.878	286.6988	0.9495745	1.055317	11.7165
24792	-4321.509	-4608.378	286.8681	0.8699478	0.9758336	11.71071
24798	-4303.064	-4590.395	287.3307	0.8434895	1.032095	11.45343
24804	-4319.65	-4608.47	288.8203	0.9056868	1.046345	10.63349
24810	-4345.191	-4633.797	288.6069	0.887492	0.9967784	10.78058
24816	-4336.188	-4625.199	289.0105	0.9805776	0.9967784	10.51998
24822	-4310.965	-4597.126	286.161	0.8545654	1.125241	12.01257
24828	-4307.077	-4594.654	287.5765	0.8318141	0.9951716	11.35014
24834	-4323.28	-4609.596	286.3164	0.7323525	0.9643592	12.07661
24840	-4325.725	-4610.668	284.9429	0.7425451	0.8263554	12.86489
24846	-4333.406	-4623.511	290.1055	1.061923	0.8683312	9.972847
24852	-4320.011	-4606.024	286.0122	0.837091	1.117105	12.1032
24858	-4328.317	-4610.906	282.5885	0.7429109	1.034794	13.97292
24864	-4326.97	-4609.894	282.9232	0.835778	1.034794	13.75118
24870	-4329.021	-4614.56	285.5392	0.9356069	0.885525	12.41933
24876	-4324.958	-4608.029	283.0703	0.8378339	0.7945986	13.80748
24882	-4326.383	-4611.764	285.3808	1.018459	0.9448718	12.42568
24888	-4335.406	-4622.31	286.9035	0.9469811	0.9448718	11.66862
24894	-4319.648	-4604.263	284.6148	0.7244867	1.014063	12.9408
24900	-4324.029	-4608.513	284.4845	0.9024711	0.9668012	12.9408
24906	-4327.502	-4611.792	284.2908	0.9448719	1.109582	12.9472
24912	-4332.593	-4616.499	283.9064	0.6005456	0.9958625	13.38288
24918	-4324.147	-4607.272	283.1251	0.7272378	1.075522	13.6824
24924	-4331.041	-4616.869	285.8282	0.902883	0.8669132	12.29651
24930	-4333.335	-4620.97	287.6346	0.9090094	0.9602496	11.29795
24936	-4324.04	-4609.43	285.3898	0.7091082	1.266184	12.42622
24942	-4325.256	-4610.263	285.007	0.807926	0.9469399	12.7288
24948	-4320.539	-4605.54	285.0009	0.807926	0.9528244	12.7288
24954	-4336.022	-4621.907	285.8842	0.919828	0.8682509	12.2577
24960	-4328.837	-4611.511	282.6739	0.7074113	1.363065	13.798
24966	-4308.333	-4596.06	287.7274	0.8369849	0.9444664	11.29566
24972	-4303.018	-4587.295	284.2766	0.6730079	1.098482	13.10129
24978	-4297.12	-4581.464	284.3433	0.8779117	0.9457686	13.03829
24984	-4307.362	-4591.144	283.7815	0.85353	1.083437	13.27213
24990	-4342.802	-4628.666	285.8637	0.9492129	0.8895214	12.24087
24996	-4345.006	-4631.112	286.1065	0.8874212	1.036479	12.06759
25002	-4325.939	-4612.157	286.2173	0.7159264	0.991616	12.12238
25008	-4317.527	-4602.721	285.1943	0.8419135	0.8473761	12.66984
25014	-4319.174	-4605.979	286.8043	0.7451413	1.298034	11.65577
25020	-4318.505	-4602.799	284.2943	0.6952078	0.9742757	13.14345
25026	-4309.914	-4596.73	286.8159	0.8351257	1.111736	11.68734
25032	-4313.005	-4597.908	284.9024	0.7839816	1.111736	12.71167
25038	-4312.785	-4597.74	284.9548	0.7866938	1.040717	12.71796
25044	-4332.705	-4620.507	287.8014	0.9464192	1.037935	11.15039
25050	-4329.245	-4617.473	288.2279	0.8370401	0.9340447	11.03935
25056	-4321.096	-4608.866	287.7702	0.9918035	1.256975	11.03935
25062	-4318.34	-4604.882	286.5418	0.8522962	1.047605	11.85314
25068	-4317.982	-4604.725	286.7423	0.7844772	0.9422112	11.83913
25074	-4329.867	-4612.963	283.096	0.8334331	1.092844	13.63397
25080	-4327.287	-4610.863	283.5758	0.8235364	1.075387	13.39852
25086	-4330.143	-4613.754	283.6107	0.8375498	1.0895	13.36619
25092	-4331.681	-4617.281	285.6	0.9932408	1.304501	12.15207
25098	-4324.252	-4608.074	283.8216	0.9163157	1.111643	13.20499
25104	-4331.038	-4618.375	287.3373	0.8905117	1.111643	11.38591
25110	-4314.508	-4599.028	284.5203	0.8398313	1.030918	12.92136
25116	-4332.561	-4619.058	286.4968	0.7280981	1.338062	11.80833
25122	-4327.167	-4613.315	286.1474	0.8609651	1.165095	11.99755
25128	-4334.869	-4623.82	288.9505	1.013761	1.031527	10.51602
25134	-4325.296	-4610.678	285.3817	0.9351289	0.8384999	12.529
25140	-4320.129	-4606.752	286.6227	0.8418824	1.133495	11.77428
25146	-4318.132	-4604.758	286.6266	0.8432813	1.100137	11.78754
25152	-4314.385	-4601.767	287.3822	0.8407114	0.986644	11.45157
25158	-4319.313	-4608.842	289.5291	1.036574	0.9283317	10.25517
25164	-4325.003	-4614.481	289.4777	0.9691273	1.045911	10.25517
25170	-4319.554	-4606.354	286.7997	1.004315	1.000303	11.66334
25176	-4329.22	-4619.71	290.4907	1.076593	1.035639	9.670564
25182	-4330.372	-4620.035	289.6631	0.9799156	1.196551	10.07925
25188	-4329.492	-4615.643	286.1503	0.9274703	1.109226	11.98784
25194	-4312.882	-4600.26	287.3777	0.9024676	1.16736	11.33211
25200	-4318.18	-4605.152	286.9721	1.089291	0.8958184	11.58571
25206	-4335.132	-4624.104	288.9723	1.078779	1.115139	10.42876
25212	-4327.576	-4613.903	286.3267	0.8814235	1.026316	11.961
25218	-4320.205	-4605.623	285.418	0.9089856	1.058995	12.40392
25224	-4323.313	-4609.836	286.5233	0.8558352	1.046109	11.86171
25230	-4322.624	-4603.366	280.7423	0.7345462	0.9327729	14.9869
25236	-4325.491	-4606.695	281.2047	0.8150891	0.921604	14.71211
25242	-4356.676	-4641.361	284.6858	0.8501826	1.065659	12.81244
25248	-4354.891	-4635.99	281.0989	0.8096766	1.163953	14.64774
25254	-4328.078	-4614.807	286.7286	0.8771539	0.9218553	11.80911
25260	-4316.547	-4601.921	285.3747	0.9098878	0.9860309	12.46338
25266	-4314.722	-4598.081	283.3591	0.847508	1.066814	13.50283
25272	-4309.469	-4595.414	285.9448	0.9023588	1.076467	12.12409
25278	-4315.535	-4599.53	283.9957	0.7007491	0.9415989	13.3133
25284	-4318.193	-4603.844	285.6505	0.8824852	1.069087	12.29154
25290	-4320.687	-4609.318	288.631	0.8824852	1.069087	10.73351
25296	-4308.615	-4595.132	286.5164	0.8501172	1.0857	11.84859
25302	-4316.754	-4601.113	284.3585	0.8149916	1.076171	12.99577
25308	-4323.159	-4610.15	286.9917	0.8265655	1.126334	11.59294
25314	-4317.858	-4603.439	285.5802	0.8448763	1.021528	12.37176
25320	-4321.376	-4607.23	285.8541	0.8619836	1.0691	12.19608
25326	-4316.348	-4597.015	280.6666	0.8211678	1.0691	14.91073
25332	-4313.19	-4598.521	285.3309	0.7889795	1.195833	12.44664
25338	-4325.542	-4611.014	285.4721	0.7410984	1.092575	12.44664
25344	-4321.043	-4605.886	284.8433	0.7869579	1.030147	12.78123
25350	-4320.946	-4606.382	285.4366	0.8671147	0.9989801	12.44664
25356	-4316.002	-4604.092	288.0904	0.9755405	0.9849347	11.01135
25362	-4312.798	-4605.022	292.2237	1.009267	1.175581	8.721114
25368	-4316.938	-4605.45	288.5125	0.9537454	1.0312	10.77744
25374	-4320.167	-4602.195	282.0279	0.8116025	1.095208	14.1981
25380	-4303.808	-4594.336	290.5283	0.9851261	1.087402	9.672859
25386	-4308.93	-4599.457	290.527	0.859812	1.228792	9.672859
25392	-4303.137	-4591.916	288.7793	1.014695	0.9942801	10.62474
25398	-4325.021	-4612.333	287.3124	0.6795687	1.160616	11.48598
25404	-4306.118	-4594.754	288.6355	1.037268	1.199515	10.5877
25410	-4304.677	-4591.314	286.6369	0.7680883	1.065197	11.8386
25416	-4302.688	-4586.662	283.9745	0.7946204	1.16812	13.16218
25422	-4308.059	-4595.52	287.4601	0.9031097	0.9061044	11.42213
25428	-4325.207	-4611.642	286.4349	0.676702	0.8726211	12.09484
25434	-4325.785	-4611.845	286.0602	0.8164012	0.9729962	12.16176
25440	-4322.553	-4610.342	287.7894	0.7507573	1.257841	11.15516
25446	-4322.059	-4608.173	286.1149	0.9022772	1.021203	12.06326
25452	-4316.297	-4604.027	287.7301	0.7599654	0.9927687	11.30863
25458	-4308.359	-4593.394	285.0357	0.7479387	0.9927687	12.72068
25464	-4322.464	-4607.148	284.6846	0.785481	0.9346916	12.91488
25470	-4311.085	-4598.577	287.4925	0.7650885	0.8446186	11.51284
25476	-4303.85	-4587.657	283.8068	0.8762982	0.9831611	13.29801
25482	-4316.779	-4601.673	284.8943	0.8604095	0.8866384	12.79366
25488	-4324.256	-4608.374	284.1177	0.7327907	0.9921937	13.20627
25494	-4326.316	-4612.994	286.6781	0.8979313	1.017537	11.77347
25500	-4315.371	-4600.946	285.5747	0.718408	0.969323	12.46782
25506	-4320.925	-4605.695	284.7701	0.7742096	0.8704389	12.91237
25512	-4320.512	-4602.178	281.6653	0.7219782	0.9791361	14.49088
25518	-4314.59	-4598.31	283.7196	0.9704284	0.928776	13.32361
25524	-4327.446	-4611.249	283.8033	0.801881	1.011735	13.32361
25530	-4326.329	-4609.38	283.051	0.7990806	1.028527	13.70705
25536	-4327.587	-4609.727	282.1407	0.7316691	0.9620382	14.24867
25542	-4331.477	-4616.136	284.6597	0.6132369	1.172387	12.89825
25548	-4323.68	-4607.222	283.5418	0.8414243	0.8519858	13.52646
25554	-4335.787	-4619.563	283.7756	0.6148148	1.017486	13.43219
25560	-4324.3	-4609.079	284.7785	0.7945406	1.045733	12.80311
25566	-4331.254	-4617.2	285.9456	0.7946092	1.045073	12.19555
25572	-4334.332	-4618.341	284.009	0.760198	0.9467504	13.27269
25578	-4343.58	-4628.551	284.9707	0.9098117	0.8317363	12.76017
25584	-4332.015	-4617.12	285.1052	0.6810861	0.9945805	12.71835
25590	-4338.036	-4624.071	286.034	0.9184548	0.8818482	12.1725
25596	-4342.586	-4628.286	285.7003	0.8489025	0.881643	12.3828
25602	-4333.746	-4621.758	288.0122	0.9581951	1.031857	11.03694
25608	-4317.075	-4604.797	287.7218	0.7799552	0.9400551	11.3308
25614	-4312.274	-4599.449	287.1757	0.8512202	0.9789747	11.55812
25620	-4333.428	-4620.563	287.1342	0.847971	1.023741	11.55812
25626	-4323.099	-4608.151	285.0526	0.847971	1.023741	12.64382
25632	-4328.346	-4616.154	287.8074	0.6752796	0.8400521	11.39789
25638	-4332.768	-4618.582	285.8143	0.8635635	1.035725	12.23278
25644	-4324.5	-4610.485	285.9849	0.870962	0.8646389	12.23278
25650	-4350.259	-4633.07	282.8118	1.031666	1.022434	13.71358
25656	-4351.083	-4633.341	282.2577	0.7567122	0.8314178	14.24858
25662	-4347.11	-4631.129	284.0191	0.7926212	0.972154	13.237
25668	-4335.724	-4620.572	284.8479	0.8096621	1.030258	12.76694
25674	-4339.679	-4624.714	285.0352	0.7503979	0.9054698	12.76694
25680	-4342.592	-4625.991	283.3991	0.7721098	0.8546887	13.63497
25686	-4347.22	-4624.147	276.9271	0.8153236	1.00255	16.87779
25692	-4337.672	-4614.788	277.1162	0.6999245	0.9306866	16.87779
25698	-4343.982	-4627.135	283.1523	0.823731	1.119067	13.59713
25704	-4345.241	-4633.696	288.4543	0.8561326	0.9409292	10.90697
25710	-4336.023	-4620.165	284.1427	0.8651415	1.107324	13.06676
25716	-4335.957	-4624.121	288.164	0.8571642	1.107324	10.97275
25722	-4341.429	-4627.661	286.2316	0.777928	0.8707316	12.14914
25728	-4334.96	-4621.195	286.2352	0.7254811	0.9155851	12.14914
25734	-4322.271	-4610.585	288.3138	0.9760673	0.9611381	10.90672
25740	-4338.06	-4627.269	289.2095	0.8978094	1.094405	10.40937
25746	-4329.489	-4616.264	286.775	0.7895577	0.8952958	11.84547
25752	-4320.776	-4605.084	284.3076	0.7527358	1.045363	13.06995
25758	-4331.53	-4613.991	282.4607	0.8100991	1.037932	14.00281
25764	-4321.995	-4603.308	281.3135	0.7198774	0.9554011	14.68675
25770	-4339.876	-4622.823	282.9474	0.9520595	1.048463	13.67138
25776	-4335.805	-4619.878	284.0724	0.9222468	1.048463	13.10255
25782	-4329.755	-4614.256	284.5009	0.7910325	1.03116	12.9567
25788	-4326.316	-4609.053	282.7369	0.7548398	1.039704	13.88733
25794	-4325.471	-4609.395	283.9234	0.9381878	0.9292278	13.23421
25800	-4334.116	-4619.994	285.8784	0.6960414	0.9423365	12.33575
25806	-4321.298	-4603.471	282.1729	0.6207737	0.8988573	14.32399
25812	-4318.64	-4602.545	283.9049	0.7406093	0.9256338	13.34848
25818	-4323.972	-4606.796	282.8236	0.7032436	1.027331	13.87539
25824	-4327.403	-4609.046	281.6437	0.6715432	0.8813922	14.58168
25830	-4330.597	-4613.3	282.7031	0.7009753	0.9811247	13.96294
25836	-4331.796	-4614.625	282.8291	0.8466778	0.9698486	13.82798
25842	-4334.884	-4617.433	282.5484	0.7559437	0.8884228	14.06521
25848	-4339.119	-4622.793	283.6734	0.770871	0.8884228	13.47379
25854	-4334.644	-4616.394	281.7497	0.7005376	0.9617255	14.46749
25860	-4333.1	-4617.104	284.0032	0.7262397	0.89943	13.31947
25866	-4328.58	-4613.438	284.8574	0.8900137	0.89943	12.79021
25872	-4341.66	-4629.023	287.3623	0.9295561	1.227539	11.29857
25878	-4353.035	-4639.817	286.7818	0.8319034	1.148506	11.6893
25884	-4344.629	-4629.313	284.6835	0.8823858	1.069157	12.79514
25890	-4339.214	-4623.323	284.1091	0.7987576	0.8702249	13.2434
25896	-4329.427	-4613.468	284.041	0.7071906	0.8083937	13.36293
25902	-4335.977	-4622.359	286.3812	0.8810788	0.863082	12.02174
25908	-4344.131	-4628.314	284.183	0.8498077	1.017626	13.09832
25914	-4328.158	-4614.726	286.5679	0.8304758	0.8700547	11.9467
25920	-4328.517	-4613.435	284.9174	0.7265496	1.058496	12.7598
25926	-4328.767	-4611.148	282.3808	0.6638805	0.9194314	14.18251
25932	-4342.555	-4629.88	287.325	1.025555	0.9218876	11.41992
25938	-4329.152	-4613.954	284.8017	0.7473395	0.8896617	12.8989
25944	-4329.689	-4613.017	283.3285	0.7255489	0.9916293	13.62023
25950	-4324.467	-4608.511	284.0439	0.7257815	0.9206478	13.28673
25956	-4326.533	-4611.506	284.9729	0.7445336	0.9206478	12.79394
25962	-4332.404	-4621.385	288.9812	0.9416731	1.018907	10.54423
25968	-4325.497	-4610.708	285.2119	0.8637636	0.9306318	12.602
25974	-4331.184	-4614.683	283.4991	0.8057793	1.005777	13.48263
25980	-4324.196	-4608.474	284.2773	0.6801258	1.08699	13.10282
25986	-4326.534	-4609.51	282.9761	0.8510908	0.9920678	13.73772
25992	-4328.964	-4611.432	282.4672	0.7796359	1.23524	13.92217
25998	-4333.098	-4618.59	285.4921	0.7514518	0.9824823	12.48661
26004	-4338.424	-4621.541	283.1176	0.7031322	0.8549404	13.81668
26010	-4343.267	-4626.522	283.2549	0.7960156	0.8798848	13.68284
26016	-4332.028	-4616.866	284.8378	0.8356948	0.9606186	12.79504
26022	-4325.511	-4610.456	284.9453	0.8095426	0.8840277	12.79504
26028	-4321.305	-4606.224	284.9194	0.750974	0.9636628	12.79504
26034	-4312.136	-4598.462	286.3258	0.9530979	0.9053061	11.98892
26040	-4334.908	-4617.825	282.9171	0.7273171	0.8933827	13.8861
26046	-4339.397	-4622.586	283.1892	0.792072	0.8061124	13.76246
26052	-4328.49	-4612.953	284.463	0.7879446	1.242578	12.87799
26058	-4328.369	-4611.012	282.6431	0.8082205	1.046611	13.90481
26064	-4331.592	-4619.585	287.9928	0.7962037	0.9697386	11.16442
26070	-4339.692	-4626.233	286.5403	0.738224	0.9925372	11.94179
26076	-4334.478	-4621.624	287.1455	0.7970783	0.9925067	11.59505
26082	-4332.756	-4614.216	281.4597	0.6822332	0.8265633	14.70329
26088	-4332.725	-4615.851	283.1263	0.7258846	1.004607	13.71823
26094	-4334.655	-4621.574	286.9195	0.7483091	0.9783148	11.74607
26100	-4323.297	-4604.457	281.1605	0.7239222	0.9550961	14.764
26106	-4329.848	-4614.671	284.8234	0.6726447	0.8738256	12.93553
26112	-4329.729	-4619.559	289.8297	0.916801	0.865706	10.19583
26118	-4338.585	-4625.789	287.2041	0.7514957	0.8978917	11.6398
26124	-4328.847	-4615.348	286.5017	0.8707459	0.8689563	11.96084
26130	-4314.682	-4597.418	282.7356	0.7101693	0.9314854	13.96792
26136	-4311.49	-4591.819	280.3292	0.7494604	0.9935711	15.1605
26142	-4316.877	-4600.234	283.3567	0.8347824	0.9183712	13.58824
26148	-4322.317	-4608.257	285.94	0.9294396	1.073674	12.11387
26154	-4326.45	-4607.425	280.9746	0.7959642	1.017811	14.79012
26160	-4327.232	-4609.701	282.469	0.7394825	1.017811	14.04533
26166	-4327.518	-4615.313	287.7947	1.19723	0.8174205	11.14505
26172	-4319.755	-4608.642	288.8873	1.090066	0.9810313	10.5355
26178	-4317.725	-4604.979	287.2537	1.032815	0.9953075	11.41377
26184	-4312.429	-4598.69	286.2613	0.8813304	0.8308268	12.10322
26190	-4342.487	-4630.042	287.5551	0.8170493	0.9418563	11.39763
26196	-4327.064	-4612.771	285.7071	1.04828	0.9529739	12.2357
26202	-4330.315	-4615.471	285.1564	0.8086359	1.139582	12.55332
26208	-4327.633	-4613.184	285.5502	0.8988437	1.06593	12.33688
26214	-4329.527	-4613.456	283.9287	0.8494813	1.127831	13.17633
26220	-4329.874	-4613.876	284.0013	0.7395322	0.9953059	13.26164
26226	-4353.154	-4636.776	283.6218	0.6960353	1.116179	13.42107
26232	-4324.917	-4608.926	284.0086	0.7578347	0.9853595	13.25353
26238	-4323.762	-4608.354	284.592	0.737669	0.9262062	12.9926
26244	-4323.898	-4607.534	283.6365	0.9240298	0.8807288	13.41781
26250	-4317.688	-4603.736	286.0479	0.7649931	0.9405658	12.21243
26256	-4305.592	-4591.952	286.3594	0.7141767	0.9405658	12.07652
26262	-4329.251	-4614.123	284.872	0.8260336	0.9513415	12.78727
26268	-4341.972	-4625.832	283.8597	0.8640311	1.065674	13.23478
26274	-4346.927	-4633.887	286.9608	0.8317532	1.065674	11.636
26280	-4324.51	-4606.464	281.9547	0.7289423	0.885639	14.38848
26286	-4324.158	-4607.056	282.8977	0.9113	0.9553767	13.7666
26292	-4325.564	-4609.117	283.553	0.7937457	1.118498	13.40491
26298	-4324.252	-4608.06	283.8079	0.7499354	0.9059534	13.40491
26304	-4330.551	-4613.015	282.464	0.6785484	1.235761	13.97599
26310	-4334.239	-4619.228	284.9896	0.6913056	0.9612075	12.79084
26316	-4333.638	-4616.992	283.3538	0.742458	1.044784	13.57108
26322	-4322.579	-4609.663	287.0835	0.8349114	1.002348	11.6025
26328	-4334.632	-4618.134	283.5017	0.8108096	1.040117	13.46113
26334	-4334.362	-4618.537	284.1757	0.7129563	1.018961	13.1726
26340	-4319.465	-4607.78	288.3153	0.9559712	1.018961	10.88593
26346	-4304.499	-4592.847	288.348	0.9602059	0.9820739	10.88593
26352	-4318.489	-4606.166	287.6777	0.7790043	1.010388	11.3169
26358	-4317.414	-4602.397	284.983	0.780637	0.8601637	12.80424
26364	-4319.731	-4605.781	286.0494	0.6765936	1.030646	12.21024
26370	-4309.042	-4593.311	284.2697	0.75951	1.043291	13.08716
26376	-4313.197	-4597.203	284.006	0.8145646	0.9990369	13.21827
26382	-4312.169	-4593.591	281.4217	0.7257368	0.9990369	14.60472
26388	-4320.031	-4607.585	287.5543	0.973299	1.004267	11.28296
26394	-4318.881	-4604.602	285.7212	0.8740648	0.8537624	12.37494
26400	-4327.789	-4610.656	282.867	0.7659454	0.8757084	13.90206
26406	-4328.876	-4612.659	283.7831	0.7659454	1.042223	13.33723
26412	-4324.192	-4608.476	284.2843	0.8430654	0.8740765	13.12708
26418	-4319.41	-4603.593	284.1828	0.7938085	1.018572	13.12708
26424	-4316.713	-4602.439	285.726	0.7777143	0.8614619	12.41816
26430	-4327.07	-4613.275	286.2049	0.8222692	0.779554	12.19485
26436	-4344.641	-4630.581	285.9404	1.002224	0.8521373	12.19485
26442	-4326.377	-4614.087	287.71	0.9406717	1.258467	11.09704
26448	-4333.62	-4621.634	288.0142	0.9368131	1.057419	11.03413
26454	-4337.247	-4620.928	283.6811	0.7882668	1.08222	13.35879
26460	-4312.881	-4598.056	285.1756	0.8686821	0.9096776	12.62991
26466	-4323.124	-4608.031	284.907	0.7128706	0.7555352	12.94283
26472	-4320.111	-4605.718	285.6071	0.7062447	1.095546	12.39299
26478	-4322.722	-4608.458	285.736	0.958315	0.9621027	12.26262
26484	-4325.211	-4614.848	289.6369	1.005413	0.9198373	10.2196
26490	-4308.74	-4593.906	285.1665	0.8281776	1.051886	12.58055
26496	-4319.623	-4607.725	288.1027	0.8490205	0.9202006	11.10629
26502	-4320.945	-4607.083	286.1378	0.7959866	1.016253	12.10926
26508	-4319.078	-4603.002	283.9245	0.8491384	1.048456	13.21741
26514	-4318.679	-4605.052	286.3728	0.890707	0.9746542	11.95905
26520	-4321.789	-4605.542	283.7529	0.8269613	0.9704692	13.35833
26526	-4313.468	-4599.802	286.3342	0.9529669	0.9704692	11.94894
26532	-4309.482	-4597.834	288.3516	0.959679	0.9704692	10.89049
26538	-4309.688	-4597.41	287.722	0.965362	1.05126	11.17526
26544	-4313.569	-4601.168	287.5992	0.8459385	1.123308	11.26665
26550	-4310.317	-4596.984	286.6664	0.6912024	0.9587514	11.91847
26556	-4308.312	-4596.376	288.064	0.7921751	0.889386	11.17373
26562	-4314.379	-4599.72	285.3403	0.8393107	1.003191	12.50909
26568	-4319.231	-4604.532	285.3012	0.7846679	1.100532	12.50909
26574	-4308.811	-4595.72	286.9087	0.857087	1.032259	11.66682
26580	-4306.763	-4589.963	283.1998	0.9502463	1.099657	13.5161
26586	-4316.739	-4603.109	286.3701	1.02402	0.9803668	11.88787
26592	-4306.776	-4592.236	285.4593	0.8499998	1.029268	12.42814
26598	-4310.867	-4596.324	285.4563	0.8530015	1.029268	12.42814
26604	-4308.911	-4596.073	287.1621	0.7996997	0.8999064	11.63546
26610	-4301.948	-4588.151	286.203	0.821845	0.8883897	12.131
26616	-4310.681	-4596.972	286.2905	0.9088856	1.140021	11.90965
26622	-4312.912	-4600.168	287.256	0.8244483	0.933386	11.55475
26628	-4307.187	-4594.416	287.2296	0.7685334	1.0141	11.55475
26634	-4311.338	-4596.422	285.0841	0.7929202	0.8565821	12.74734
26640	-4319.954	-4606.339	286.3855	0.960467	0.9537434	11.92721
26646	-4319.504	-4602.699	283.1945	0.7891568	0.978304	13.66373
26652	-4329.862	-4616.217	286.3542	0.6841214	0.963417	12.08251
26658	-4319.739	-4605.49	285.7512	0.9146062	1.060532	12.22659
26664	-4348.992	-4635.745	286.7531	0.8973466	0.8010319	11.85631
26670	-4327.521	-4616.171	288.6507	0.8533369	0.9787034	10.78507
26676	-4324.177	-4610.921	286.744	0.8763112	0.9464436	11.78797
26682	-4319.669	-4606.376	286.7065	0.785706	0.9987276	11.82697
26688	-4311.482	-4598.099	286.6168	0.8347058	1.040072	11.82697
26694	-4320.678	-4607.671	286.9938	0.7397381	1.17427	11.61471
26700	-4336.624	-4625.373	288.7489	0.9469909	1.054997	10.6449
26706	-4339.302	-4626.754	287.4527	0.8923759	0.8789623	11.44705
26712	-4336.945	-4625.526	288.5805	0.7931943	1.010572	10.83661
26718	-4330.148	-4618.46	288.3116	0.8714286	0.8420406	11.0302
26724	-4325.8	-4613.93	288.1303	0.8056097	0.8420406	11.15959
26730	-4329.301	-4612.948	283.647	0.8151807	0.850658	13.48623
26736	-4318.876	-4607.078	288.2017	0.8151807	1.005849	11.02604
26742	-4316.354	-4602.415	286.0605	0.946307	1.005849	12.07658
26748	-4312.535	-4596.248	283.7129	0.8068303	0.8539161	13.45446
26754	-4316.975	-4603.595	286.6206	0.8890671	0.829622	11.91243
26760	-4327.535	-4615.596	288.0614	0.9086743	0.9039401	11.10582
26766	-4317.529	-4603.121	285.5913	0.7465594	0.9455163	12.4573
26772	-4325.657	-4610.89	285.2334	0.891483	0.9777614	12.55091
26778	-4317.276	-4603.556	286.2795	0.8398919	0.8673795	12.09377
26784	-4302.658	-4587.268	284.6101	0.789452	1.027628	12.90254
26790	-4314.784	-4600.4	285.6164	0.8826038	1.176237	12.25806
26796	-4316.774	-4603.027	286.2531	1.008032	0.9975968	11.9482
26802	-4322.945	-4609.495	286.5504	0.8694148	0.8799489	11.9298
26808	-4328.999	-4617.289	288.2893	0.859041	0.8984021	11.01559
26814	-4353.694	-4638.699	285.0051	0.7556306	1.10696	12.67526
26820	-4346.733	-4633.275	286.5417	1.002373	1.043264	11.77701
26826	-4332.229	-4621.791	289.562	0.9067312	0.8226036	10.36751
26832	-4343.927	-4632.87	288.9439	0.8993661	1.132104	10.52975
26838	-4347.469	-4637.07	289.6017	1.0614	1.014855	10.15743
26844	-4318.959	-4604.271	285.3123	0.8248488	0.8102024	12.63956
26850	-4325.053	-4613.274	288.2214	0.860178	0.9191872	11.03886
26856	-4333.433	-4625.653	292.2199	0.9609163	0.9956139	8.838596
26862	-4321.743	-4609.628	287.8846	0.9959326	0.9528035	11.12563
26868	-4312.677	-4597.649	284.9727	0.8587204	0.8409552	12.78024
26874	-4326.291	-4610.917	284.6259	0.8432784	1.045242	12.85739
26880	-4331.039	-4615.764	284.7255	0.71184	0.9183976	12.94091
26886	-4342.785	-4626.897	284.112	0.8669382	1.004798	13.13298
26892	-4336.771	-4621.148	284.3768	0.8188435	1.140514	12.95329
26898	-4330.662	-4617.523	286.8611	0.8112578	0.9973701	11.73362
26904	-4331.795	-4621.246	289.4512	1.074514	0.9973701	10.23884
26910	-4339.959	-4625.281	285.322	0.8076694	0.9820109	12.54619
26916	-4334.64	-4617.013	282.3735	0.8001103	1.037149	14.05359
26922	-4334.305	-4616.252	281.9472	0.7041231	0.830223	14.43736
26928	-4340.48	-4621.557	281.077	0.7972404	1.011113	14.73991
26934	-4322.155	-4606.898	284.7431	0.9303546	0.9352607	12.80879
26940	-4333.953	-4618.781	284.8284	0.6849883	0.9121602	12.90484
26946	-4330.054	-4614.652	284.598	0.7609936	1.038885	12.91792
26952	-4314.426	-4598.757	284.3302	0.8139291	1.02779	13.03529
26958	-4322.272	-4607.154	284.8822	0.6920746	0.933282	12.86148
26964	-4310.126	-4597.7	287.5748	0.7190148	1.002775	11.40602
26970	-4320.84	-4604.845	284.0044	0.7083622	0.9032582	13.32599
26976	-4320.315	-4603.828	283.5135	0.8060469	0.9717479	13.49285
26982	-4312.268	-4598.224	285.9562	0.7911141	1.048559	12.19009
26988	-4313.366	-4601.709	288.3434	0.9156136	1.012758	10.89561
26994	-4308.544	-4595.971	287.4263	0.9046522	0.9263832	11.42765
27000	-4312.045	-4600.355	288.3095	0.9214514	0.9429263	10.94751
27006	-4307.882	-4596.47	288.5885	0.8387568	0.9108729	10.86244
27012	-4302.448	-4590.93	288.4824	0.8274664	1.025317	10.86244
27018	-4317.124	-4606.056	288.9317	0.9494502	0.9818444	10.58559
27024	-4328.91	-4615.175	286.264	1.020186	1.088937	11.88996
27030	-4326.683	-4613.914	287.2306	0.908511	1.05337	11.46104
27036	-4324.824	-4610.317	285.4938	0.7923475	0.9786358	12.46649
27042	-4325.042	-4610.187	285.1453	0.8348801	1.192925	12.52072
27048	-4315.862	-4601.938	286.076	0.8295732	1.130023	12.0677
27054	-4310.185	-4593.107	282.9226	0.7002534	1.321581	13.6899
27060	-4313.194	-4595.637	282.4425	0.6650547	1.090052	14.06165
27066	-4319.003	-4603.2	284.1962	0.7532173	1.03116	13.1348
27072	-4323.287	-4610.502	287.2157	0.8164764	0.9425302	11.57498
27078	-4318.977	-4602.14	283.1627	0.6734401	1.123849	13.6675
27084	-4335.281	-4623.651	288.3699	0.7673292	0.9995198	10.96631
27090	-4326.711	-4611.148	284.4374	0.6561525	1.126463	13.01305
27096	-4329.228	-4613.429	284.2006	0.8471035	1.177396	13.01305
27102	-4338.372	-4622.083	283.7104	0.7982672	1.052603	13.353
27108	-4325.739	-4612.216	286.4764	0.9325819	0.9796625	11.88049
27114	-4315.36	-4600.485	285.1252	0.8039678	0.9060299	12.69192
27120	-4319.011	-4605.304	286.2928	0.9101872	1.063134	11.94506
27126	-4321.115	-4607.985	286.87	0.9486946	0.9371837	11.68944
27132	-4323.11	-4609.824	286.7132	0.8795346	0.9042605	11.82574
27138	-4316.281	-4603.259	286.9783	0.9326827	0.9495568	11.63445
27144	-4314.313	-4598.709	284.3964	0.8108254	0.9198057	13.05978
27150	-4318.508	-4604.035	285.5264	0.7939362	0.940591	12.46914
27156	-4316.655	-4603.759	287.1034	0.900622	1.092675	11.51215
27162	-4318.144	-4602.504	284.3596	0.7806051	0.9811702	13.0615
27168	-4331.731	-4615.466	283.7349	0.7003324	0.995051	13.42053
27174	-4312.275	-4599.633	287.3579	0.8438438	0.9313428	11.49247
27180	-4310.283	-4599.955	289.6721	0.8959054	1.11215	10.15858
27186	-4310.971	-4600.736	289.7652	1.059214	1.079272	10.03984
27192	-4312.927	-4598.922	285.9951	0.8702739	0.9249474	12.19366
27198	-4316.009	-4603.945	287.9362	0.900476	0.9576117	11.146
27204	-4303.934	-4587.216	283.2821	0.8883326	0.9777464	13.56709
27210	-4302.136	-4585.531	283.3949	0.7853597	0.9681127	13.56709
27216	-4309.604	-4596.929	287.3246	0.8478487	0.9015028	11.52446
27222	-4325.083	-4610.379	285.296	0.7082804	1.109577	12.54722
27228	-4321.052	-4607.845	286.7937	0.9357867	0.7985781	11.81655
27234	-4318.738	-4605.619	286.881	0.7933282	0.8424368	11.81882
27240	-4303.364	-4589.081	285.7171	1.001695	0.9655292	12.24801
27246	-4300.752	-4588.147	287.3943	0.7669309	0.8820321	11.54142
27252	-4312.239	-4601	288.7606	0.839426	0.8539765	10.8046
27258	-4310.373	-4597.55	287.177	0.8290546	0.9462438	11.58658
27264	-4316.825	-4599.369	282.5443	0.7026623	1.162968	13.9548
27270	-4330.786	-4611.487	280.7012	0.7195906	0.9462438	15.00861
27276	-4303.202	-4589.724	286.5224	0.9078795	0.8649953	11.933
27282	-4311.79	-4595.562	283.7723	0.7539717	0.7862179	13.49183
27288	-4314.76	-4599.567	284.8069	0.7539717	0.8211507	12.93279
27294	-4317.684	-4601.724	284.04	0.7380837	1.008846	13.23524
27300	-4311.736	-4598.912	287.176	0.9567696	1.033622	11.47431
27306	-4315.445	-4601.945	286.4996	0.7777183	0.8813381	12.00335
27312	-4303.975	-4588.851	284.8756	0.7894942	0.8738032	12.8476
27318	-4311.364	-4597.652	286.2885	0.7023915	0.9442221	12.11762
27324	-4303.899	-4589.477	285.5778	0.7879425	1.043332	12.39158
27330	-4305.707	-4591.415	285.7077	0.7245996	0.976297	12.39158
27336	-4307.738	-4593.542	285.8034	0.6889318	0.9186969	12.39158
27342	-4310.103	-4599.454	289.3514	0.9415783	0.9157133	10.40551
27348	-4314.149	-4597.357	283.2088	0.7277715	0.9861443	13.68403
27354	-4307.35	-4596.468	289.1183	0.9167104	0.8690318	10.56761
27360	-4310.141	-4596.244	286.1032	0.8093848	0.867346	12.20165
27366	-4311.156	-4601.265	290.1094	0.9512336	1.071841	9.919179
27372	-4317.092	-4604.546	287.4537	0.7111251	1.013929	11.46767
27378	-4317.439	-4603.234	285.7947	0.7262903	1.175129	12.24711
27384	-4322.796	-4608.53	285.7338	0.9178868	1.127541	12.20126
27390	-4323.897	-4607.366	283.4689	0.9235095	1.163987	13.35983
27396	-4323.755	-4614.206	290.4509	0.9748521	0.9067906	9.81464
27402	-4314.034	-4599.833	285.7986	0.837382	0.9198428	12.31605
27408	-4319.647	-4607.478	287.8316	0.9328388	0.9198428	11.20454
27414	-4317.544	-4604.333	286.7893	0.8295728	0.9377096	11.79349
27420	-4310.061	-4595.093	285.0321	0.7958199	0.9660804	12.71177
27426	-4314.48	-4602.644	288.1644	1.00487	1.065969	10.91551
27432	-4310.901	-4599.597	288.6965	0.9762567	0.9891248	10.69104
27438	-4318.106	-4605.25	287.1442	0.9231194	0.886927	11.58765
27444	-4318.285	-4605.061	286.7755	0.9897382	1.197136	11.58765
27450	-4343.101	-4631.158	288.0564	0.9194564	0.9961955	11.05255
27456	-4340.579	-4628.711	288.132	0.9417848	0.9231932	11.04072
27462	-4333.51	-4618.005	284.4946	0.8367128	0.9038068	13.00416
27468	-4336.909	-4623.646	286.7366	0.8367128	0.924591	11.82451
27474	-4338.255	-4624.173	285.9175	0.9765503	0.9570664	12.1612
27480	-4336.575	-4621.988	285.4129	0.680818	0.8238566	12.65393
27486	-4325.508	-4610.46	284.9525	0.7881386	1.174454	12.65393
27492	-4324.313	-4607.346	283.0332	0.8021493	0.9825522	13.73848
27498	-4323.186	-4611.676	288.4905	0.8021493	1.125318	10.82184
27504	-4325.157	-4613.327	288.1696	0.8693181	0.9863943	11.0247
27510	-4317.869	-4609.049	291.1798	1.02972	1.151066	9.274544
27516	-4310.89	-4602.586	291.6968	1.162895	1.064924	8.972827
27522	-4312.56	-4604.801	292.2408	1.160749	1.013129	8.712324
27528	-4319.014	-4604.31	285.2954	0.8694258	0.8964398	12.57462
27534	-4318.108	-4601.785	283.6775	0.7898168	0.957373	13.4238
27540	-4319.811	-4605.182	285.3711	0.8044851	0.8805098	12.57805
27546	-4316.426	-4601.873	285.4474	0.7999791	0.9616419	12.49574
27552	-4319.18	-4606.075	286.8952	0.9167838	0.9274878	11.69828
27558	-4328.267	-4615.349	287.0816	0.8894587	0.8938697	11.63403
27564	-4313.88	-4601.197	287.317	0.8383098	0.9626443	11.4997
27570	-4306.275	-4591.378	285.1034	0.8981386	0.9341015	12.63869
27576	-4303.839	-4590.448	286.6098	0.9727949	0.9315974	11.81582
27582	-4312.157	-4601.739	289.5821	0.933963	0.9557	10.26616
27588	-4301.258	-4588.665	287.4065	0.8940392	1.049599	11.37849
27594	-4305.804	-4589.257	283.4523	0.8462802	1.014683	13.48132
27600	-4321.219	-4607.315	286.0964	0.7926254	0.9074586	12.19109
27606	-4316.767	-4604.384	287.6162	0.9028884	0.8055636	11.39967
27612	-4323.769	-4609.879	286.1102	0.7898284	0.8958014	12.19191
27618	-4316.927	-4602.639	285.7122	0.864767	1.054225	12.27602
27624	-4321.571	-4606.777	285.2063	0.7852563	0.9788717	12.61976
27630	-4319.276	-4599.614	280.3378	0.8415856	1.010315	15.09979
27636	-4319.573	-4604.332	284.7586	0.7490544	0.8451772	12.94618
27642	-4309.882	-4595.794	285.9111	0.722496	1.141975	12.20388
27648	-4312.999	-4597.532	284.5334	0.694994	1.024737	12.99303
27654	-4317.266	-4603.497	286.2312	0.7760743	1.019584	12.06922
27660	-4315.487	-4600.943	285.4564	0.7418892	1.029653	12.48574
27666	-4301.811	-4587.848	286.0369	0.952025	0.8970478	12.14482
27672	-4300.448	-4586.602	286.1544	0.745659	0.9136681	12.18185
27678	-4317.348	-4600.882	283.5346	0.7140225	0.9824853	13.52399
27684	-4322.241	-4608.266	286.0254	0.7274021	0.8877815	12.27319
27690	-4330.658	-4615.017	284.3587	0.7257436	0.8811076	13.14536
27696	-4338.554	-4627.356	288.8017	1.023552	0.895321	10.66253
27702	-4303.13	-4589.014	285.884	0.7002313	0.9967691	12.30163
27708	-4310.738	-4596.93	286.1916	0.7304318	1.067048	12.08971
27714	-4312.667	-4598.486	285.8192	0.6413887	0.8677788	12.43696
27720	-4309.559	-4594.547	284.9879	0.792553	0.9838461	12.72702
27726	-4307.748	-4596.045	288.2966	0.7947372	1.078642	10.95007
27732	-4323.607	-4610.616	287.0091	0.7319948	0.8427485	11.78381
27738	-4321.853	-4608.173	286.3202	0.7663888	0.9334116	12.07362
27744	-4324.393	-4610.789	286.3962	0.8438302	1.116749	11.89955
27750	-4340.375	-4627.299	286.9239	0.8377694	0.8912541	11.7449
27756	-4334.352	-4620.777	286.4255	0.764117	0.9123398	12.03158
27762	-4323.528	-4607.504	283.9752	0.8563162	0.8006562	13.32439
27768	-4321.359	-4611.503	290.1444	0.955571	1.217386	9.829191
27774	-4324.009	-4611.338	287.329	0.9345398	1.101551	11.37213
27780	-4319.223	-4604.406	285.1826	0.8055699	0.8170932	12.71296
27786	-4333.476	-4620.112	286.6357	0.8888951	0.9099709	11.85809
27792	-4324.375	-4610.725	286.35	0.7322409	1.099126	11.99039
27798	-4320.326	-4606.513	286.1869	0.8860132	1.058133	12.01546
27804	-4312.787	-4598.931	286.1442	0.7664326	1.04212	12.10817
27810	-4310.744	-4592.004	281.2603	0.683503	0.9261239	14.74898
27816	-4310.682	-4597.144	286.4622	0.7918892	1.041926	11.92905
27822	-4308.919	-4592.605	283.686	0.7313636	0.922185	13.46886
27828	-4315.813	-4601.374	285.5602	0.8220535	1.049473	12.37988
27834	-4310.016	-4595.398	285.3813	0.9054214	0.9347432	12.48983
27840	-4314.947	-4601.847	286.8997	0.7852258	1.024865	11.71283
27846	-4320.447	-4606.826	286.3785	0.8516273	0.8045606	12.07346
27852	-4321.7	-4607.979	286.2784	0.8194164	1.006582	12.02871
27858	-4325.171	-4610.697	285.5255	0.8679638	0.9033683	12.45161
27864	-4319.194	-4607.082	287.8878	0.760013	0.9937301	11.2256
27870	-4303.042	-4590.014	286.9715	0.7811577	1.061619	11.65885
27876	-4310.137	-4593.848	283.7108	0.7950194	1.003387	13.37954
27882	-4314.575	-4599.303	284.7285	0.8454296	1.229108	12.71594
27888	-4308.118	-4592.62	284.5014	0.917974	1.02129	12.89546
27894	-4322.492	-4611.538	289.0455	0.8626128	0.9922085	10.56594
27900	-4314.583	-4600.748	286.1658	0.7146915	1.03129	12.12935
27906	-4303.941	-4591.881	287.9395	0.8173663	1.036335	11.14647
27912	-4319.76	-4604.813	285.0529	0.8192197	0.9433618	12.70098
27918	-4324.648	-4608.343	283.695	0.7462708	0.8484609	13.49841
27924	-4334.148	-4618.539	284.391	0.7395514	1.016435	13.04816
27930	-4321.941	-4607.678	285.7374	0.7099772	1.032498	12.35455
27936	-4307.913	-4592.65	284.7364	0.7676431	1.063178	12.83028
27942	-4312.456	-4597.251	284.7949	0.7968981	1.143387	12.74584
27948	-4306.686	-4591.67	284.9839	0.7706943	1.093244	12.68511
27954	-4305.913	-4590.593	284.6796	0.7706943	0.916306	12.93533
27960	-4302.438	-4585.916	283.4777	0.8120537	0.979817	13.50407
27966	-4310.915	-4596.88	285.9646	0.9516853	0.9838603	12.13531
27972	-4318.868	-4604.075	285.207	0.7781594	0.8004028	12.7247
27978	-4297.508	-4583.795	286.2876	0.8593029	1.06744	11.9722
27984	-4318.355	-4604.692	286.3366	0.8858828	1.212557	11.86411
27990	-4312.743	-4597.105	284.3615	0.6782831	1.420405	12.91334
27996	-4300.953	-4589.049	288.0962	0.8317164	1.098962	11.02567
28002	-4311.212	-4595.625	284.4133	0.7273409	1.07172	13.01506
28008	-4310.401	-4598.417	288.0162	0.9014907	0.9511537	11.1071
28014	-4312.703	-4595.925	283.2217	0.9060017	1.019272	13.56767
28020	-4304.163	-4589.979	285.8155	0.814058	1.07893	12.23634
28026	-4307.407	-4592.867	285.4599	0.8419913	1.07893	12.40711
28032	-4316.415	-4599.419	283.0046	0.8451101	0.9754139	13.73479
28038	-4321.371	-4603.683	282.312	0.8494098	0.9744167	14.09229
28044	-4331.951	-4618.559	286.6082	0.7948223	1.039932	11.85234
28050	-4318.379	-4603.75	285.371	0.8785878	0.9147788	12.52019
28056	-4327.297	-4609.589	282.2916	0.7925828	1.199056	14.0227
28062	-4322.644	-4608.83	286.1862	0.7129029	1.152892	12.06028
28068	-4310.834	-4595.955	285.1209	0.9184461	0.9746508	12.59713
28074	-4322.781	-4609.003	286.2214	0.8579258	1.076283	12.0031
28080	-4315.143	-4598.134	282.9918	0.9685755	1.09864	13.61509
28086	-4324.226	-4614.361	290.1348	0.9192193	1.12057	9.898745
28092	-4318.238	-4603.203	284.9655	0.8636337	1.013155	12.6864
28098	-4321.734	-4606.734	284.9999	0.9309305	1.013155	12.63346
28104	-4317.276	-4602.465	285.1888	0.8384411	0.9192994	12.63346
28110	-4312.391	-4598.169	285.7782	0.8826172	1.053457	12.23271
28116	-4302.638	-4588.162	285.5243	0.7034032	1.111326	12.43
28122	-4312.575	-4595.43	282.8553	0.7951386	0.914567	13.87109
28128	-4308.109	-4594.983	286.8739	0.8537909	0.7887059	11.82365
28134	-4315.182	-4598.51	283.3279	0.7041008	0.9882607	13.63341
28140	-4304.887	-4592.256	287.3687	0.8696094	0.8059013	11.54629
28146	-4315.642	-4600.293	284.6513	0.9032985	1.02683	12.82228
28152	-4307.102	-4589.265	282.1627	0.8809886	0.9475138	14.16769
28158	-4311.449	-4596.056	284.6078	0.7801213	1.073981	12.88537
28164	-4316.084	-4599.175	283.0909	0.6704565	0.9945346	13.7706
28170	-4317.959	-4602.757	284.7986	0.6581527	0.8223901	12.98621
28176	-4319.759	-4608.598	288.8393	0.947764	0.8833386	10.68942
28182	-4316.719	-4606.383	289.6643	0.9656835	1.219217	10.07581
28188	-4316.777	-4604.768	287.9916	1.036477	0.8151228	11.12756
28194	-4312.098	-4600.531	288.4331	0.8575603	0.9329121	10.92171
28200	-4314.517	-4599.785	285.2677	0.8040951	1.037336	12.54774
28206	-4312.169	-4598.889	286.7196	0.9355549	1.075747	11.70276
28212	-4304.284	-4591.778	287.4937	0.8969655	0.9942108	11.35988
28218	-4304.633	-4590.718	286.0853	0.8650719	0.9476336	12.13692
28224	-4309.733	-4597.389	287.6563	0.8389095	0.9502173	11.32868
28230	-4342.584	-4627.024	284.44	0.8465899	0.9893852	12.98103
28236	-4328.666	-4612.728	284.0619	0.8520365	1.298548	13.02898
28242	-4333.98	-4618.23	284.2503	0.8039497	1.055175	13.06819
28248	-4332.345	-4616.147	283.8027	0.7383422	0.9163688	13.40786
28254	-4318.04	-4601.12	283.0795	0.7631045	1.059357	13.69547
28260	-4313.529	-4597	283.4708	0.6914057	0.977195	13.57166
28266	-4320.423	-4608.399	287.976	0.7817496	0.7520474	11.30856
28272	-4322.716	-4607.005	284.2891	0.7355129	0.8967126	13.16759
28278	-4321.454	-4606.463	285.0094	0.7793336	1.067563	12.67996
28284	-4316.633	-4599.382	282.7489	0.6441258	0.835488	14.0499
28290	-4335.674	-4620.16	284.4863	0.7945723	0.9904247	12.98349
28296	-4329.354	-4617.08	287.7264	1.051081	0.9270748	11.19372
28302	-4312.755	-4594.348	281.5935	0.7684441	0.7894357	14.61194
28308	-4317.183	-4599.772	282.5885	0.7851562	1.040379	13.94823
28314	-4320.51	-4604.451	283.941	0.8398509	0.9990176	13.23889
28320	-4347.311	-4637.002	289.6907	0.9743747	1.013363	10.15716
28326	-4362.362	-4648.277	285.9144	0.9505843	0.8891124	12.21396
28332	-4346.445	-4632.389	285.9439	0.9770472	0.9110558	12.17243
28338	-4346.803	-4634.291	287.4881	0.9404252	1.092819	11.2901
28344	-4331.589	-4612.368	280.7787	0.8442665	0.9484671	14.90286
28350	-4347.522	-4632.465	284.9428	0.8285786	1.062703	12.69139
28356	-4342.167	-4629.656	287.4893	0.8959185	0.874445	11.42867
28362	-4341.906	-4631.749	289.8433	0.8638854	1.088029	10.09718
28368	-4335.086	-4622.848	287.7612	0.7524626	1.000153	11.2924
28374	-4321.793	-4606.308	284.5157	0.7498141	1.031863	12.97006
28380	-4323.684	-4609.723	286.0392	0.7623573	0.9983506	12.18752
28386	-4333.672	-4616.368	282.6959	0.7100948	1.180374	13.86428
28392	-4321.773	-4606.702	284.9286	0.8185642	0.9016415	12.78907
28398	-4320.854	-4603.028	282.1742	0.7876063	1.067556	14.14819
28404	-4351.02	-4634.072	283.0518	0.7030906	1.053519	13.74388
28410	-4342.288	-4626.552	284.2648	0.7990576	0.9877934	13.0977
28416	-4329.939	-4614.303	284.3642	0.727067	0.9445619	13.1065
28422	-4325.402	-4611.157	285.7549	0.7646858	0.8859199	12.3958
28428	-4332.16	-4616.689	284.5289	0.6899556	0.9985161	13.01152
28434	-4327.781	-4609.443	281.6627	0.7769445	0.9349857	14.48742
28440	-4328.232	-4612.87	284.6376	0.8209589	0.8218239	12.98564
28446	-4317.932	-4603.905	285.973	0.8187755	0.8940492	12.24935
28452	-4315.538	-4601.476	285.9378	0.7079078	0.8848994	12.33067
28458	-4322.136	-4604.863	282.7269	0.7777743	1.059865	13.87051
28464	-4324.904	-4604.505	279.6017	0.6256435	1.123903	15.5359
28470	-4327.86	-4610.799	282.9391	0.8267706	1.069215	13.73037
28476	-4326.92	-4607.343	280.4236	0.7318316	0.8452359	15.2026
28482	-4317.95	-4603.807	285.8567	0.84582	0.99456	12.24112
28488	-4317.841	-4604.69	286.849	0.7978767	1.024031	11.73312
28494	-4330.125	-4613.077	282.9518	0.8692444	0.9811177	13.74665
28500	-4325.286	-4608.48	283.1936	0.8043009	0.956953	13.66769
28506	-4317.274	-4600.531	283.257	0.7453459	0.8546037	13.72264
28512	-4311.555	-4595.204	283.6484	0.8030387	0.9839252	13.41795
28518	-4322.33	-4603.843	281.5135	0.7939359	0.878604	14.5873
28524	-4322.707	-4605.382	282.6757	0.8412578	0.878604	13.96055
28530	-4311.24	-4597.123	285.8831	0.7285687	0.878604	12.35202
28536	-4315.11	-4599.722	284.6128	0.7035035	0.9200837	13.00292
28542	-4302.883	-4587.241	284.3574	0.8809579	0.9106897	13.04865
28548	-4311.32	-4597.126	285.8058	0.8136501	0.831069	12.37579
28554	-4317.152	-4603.29	286.1377	0.8612965	0.9270057	12.12286
28560	-4320.506	-4606.79	286.2844	0.7145501	0.9270057	12.12286
28566	-4321.603	-4606.951	285.3478	0.8535853	0.9270057	12.53852
28572	-4312.745	-4599.025	286.2807	0.9566596	0.7997167	12.07266
28578	-4315.939	-4602.096	286.1573	0.8080724	1.055865	12.07266
28584	-4301.112	-4585.88	284.7674	0.7638099	0.8994712	12.90267
28590	-4322.799	-4609.681	286.8824	0.7913622	0.8679861	11.80417
28596	-4325.903	-4607.869	281.9658	0.8714322	0.9322529	14.28293
28602	-4328.323	-4609.773	281.4495	0.8530285	0.8429464	14.61047
28608	-4325.69	-4609.791	284.1008	0.7738021	1.064338	13.15703
28614	-4326.434	-4608.412	281.9786	0.7906538	1.235275	14.16973
28620	-4333.736	-4619.421	285.6848	0.7638348	0.9606672	12.3914
28626	-4328.997	-4613.356	284.3587	0.8202015	0.8965218	13.08752
28632	-4331.076	-4616.209	285.1335	0.642222	0.9923875	12.72499
28638	-4316.404	-4601.44	285.0356	0.7355625	0.9969889	12.72499
28644	-4333.159	-4619.927	286.7684	0.7133998	1.096652	11.78303
28650	-4322.435	-4609.973	287.5385	0.7483782	1.021883	11.39978
28656	-4313.514	-4598.717	285.2028	0.8142906	1.131901	12.52986
28662	-4321.374	-4607.263	285.8893	0.8375999	0.9894425	12.2311
28668	-4315.06	-4600.341	285.2805	0.7458297	0.9532636	12.61533
28674	-4318.783	-4603.68	284.8972	0.7256599	1.026688	12.78682
28680	-4305.764	-4590.812	285.0478	0.7532703	0.9965805	12.70961
28686	-4314.362	-4599.289	284.9269	0.8290047	1.042394	12.70961
28692	-4310.905	-4595.373	284.4679	0.7352316	0.7733652	13.1482
28698	-4309.88	-4592.618	282.7377	0.7997877	0.8893363	13.9438
28704	-4317.735	-4599.72	281.9851	0.6897765	0.8005911	14.44302
28710	-4323.622	-4609.829	286.2072	0.7734923	1.03801	12.0737
28716	-4333.431	-4621.008	287.5772	0.9750651	0.8598175	11.34983
28722	-4331.549	-4615.061	283.5127	0.7542042	0.9193419	13.54857
28728	-4322.356	-4607.08	284.7234	0.8696097	0.9193419	12.85938
28734	-4315.427	-4599.575	284.1477	0.7306636	0.9155234	13.23307
28740	-4326.361	-4610.859	284.4984	0.8612897	0.9155234	12.98287
28746	-4320.955	-4605.394	284.4396	0.7678462	1.066592	12.98287
28752	-4330.331	-4615.649	285.3185	0.7706325	0.9481946	12.58541
28758	-4318.878	-4603.932	285.0542	0.9043998	1.079929	12.58541
28764	-4313.228	-4600.637	287.4084	0.8933345	0.895376	11.46033
28770	-4324.714	-4610.127	285.4128	0.8261306	0.904468	12.53152
28776	-4332.049	-4614.687	282.6381	0.7783031	1.193911	13.85275
28782	-4322.103	-4604.9	282.7972	0.7435056	1.058027	13.85275
28788	-4314.126	-4598.589	284.4634	0.7605158	1.058027	12.97853
28794	-4314.013	-4602.521	288.5074	0.8750085	0.8484652	10.92192
28800	-4330.001	-4617.683	287.6828	0.7768943	1.115083	11.26298
28806	-4323.984	-4613.077	289.0928	0.8720669	1.118707	10.47231
28812	-4328.72	-4612.531	283.8106	0.8087424	0.9176244	13.36648
28818	-4317.181	-4600.135	282.9535	0.7513151	0.8938234	13.85451
28824	-4327.998	-4614.731	286.733	0.826917	1.157092	11.71341
28830	-4327.304	-4612.354	285.0504	0.7224441	0.9376914	12.75573
28836	-4305.012	-4588.027	283.0149	0.7219737	0.9321967	13.81658
28842	-4319.395	-4603.175	283.7793	0.7331285	1.145701	13.30601
28848	-4309.745	-4595.143	285.3976	0.7756453	1.191265	12.42093
28854	-4317.705	-4600.019	282.3134	0.718281	1.141659	14.07635
28860	-4309.054	-4592.408	283.3541	0.7343917	1.07718	13.55901
28866	-4314.838	-4600.714	285.8756	0.8525867	1.189892	12.13227
28872	-4312.23	-4597.852	285.6219	0.908359	0.9366267	12.36191
28878	-4306.7	-4591.041	284.3413	0.8443902	1.162449	12.9482
28884	-4319.403	-4605.731	286.328	0.8847034	1.022486	11.96058
28890	-4314.208	-4601.741	287.5327	0.8456612	1.014259	11.35587
28896	-4329.923	-4616.574	286.6509	0.7520628	0.9825874	11.88208
28902	-4324.66	-4611.278	286.618	0.8556463	0.9145956	11.88208
28908	-4318.511	-4601.687	283.1761	0.7375068	0.934794	13.72346
28914	-4325.485	-4611.467	285.9829	0.7692208	0.8061046	12.32178
28920	-4320.526	-4608.55	288.0241	0.8272224	0.9498047	11.14258
28926	-4324.739	-4611.529	286.7895	0.9110608	0.9992879	11.7179
28932	-4327.561	-4615.313	287.7515	0.6935505	0.9229121	11.36995
28938	-4319.311	-4605.228	285.9175	0.8103768	1.046327	12.20135
28944	-4331.561	-4618.943	287.3814	0.8290143	0.9714437	11.46622
28950	-4335.036	-4620.609	285.5733	0.9174671	0.7960757	12.46411
28956	-4342.83	-4626.2	283.3699	0.7806489	1.022083	13.55439
28962	-4308.071	-4593.696	285.6248	0.7778362	1.068536	12.35973
28968	-4315.173	-4600.51	285.337	0.8474961	0.8990989	12.56286
28974	-4327.518	-4614.724	287.2053	0.8950898	1.16066	11.42926
28980	-4319.597	-4606.972	287.3744	0.877715	1.000093	11.42926
28986	-4324.655	-4609.879	285.2243	0.730354	1.000093	12.62783
28992	-4329.966	-4612.932	282.9658	0.6883161	1.069787	13.7881
28998	-4326.557	-4609.527	282.97	0.7656337	0.9686707	13.79756
29004	-4317.609	-4600.704	283.0944	0.639415	0.9704683	13.79756
29010	-4321.003	-4604.03	283.0267	0.837899	1.073092	13.67727
29016	-4328.005	-4611.154	283.1494	0.7151609	1.073092	13.67727
29022	-4324.7	-4613.502	288.8019	0.9711837	0.8936243	10.69084
29028	-4328.596	-4613.712	285.1162	0.8646057	0.9449442	12.64355
29034	-4321.05	-4607.391	286.341	0.8278048	0.9763358	12.00755
29040	-4331.739	-4619.764	288.0249	0.7989687	1.102075	11.07867
29046	-4313.424	-4596.718	283.2938	0.7632312	1.104505	13.56209
29052	-4322.319	-4607.109	284.7897	0.7119669	1.03732	12.84448
29058	-4320.176	-4607.31	287.1343	0.799188	0.8462976	11.68121
29064	-4314.764	-4600.457	285.6921	0.8069455	0.9428864	12.37475
29070	-4328.365	-4613.65	285.2844	0.8226109	0.962081	12.56862
29076	-4327.589	-4612.982	285.3929	0.7522449	0.92557	12.56862
29082	-4335.892	-4620.847	284.9544	0.8382875	1.100561	12.6617
29088	-4347.837	-4633.14	285.3035	0.9222176	0.9627891	12.50641
29094	-4329.689	-4615.486	285.7973	0.8481695	0.804734	12.3782
29100	-4338.005	-4624.192	286.1863	0.9202726	0.9786432	12.03879
29106	-4329.307	-4615.808	286.5018	0.9195866	0.9748538	11.87653
29112	-4335.87	-4621.843	285.973	0.8364042	1.025215	12.16956
29118	-4341.853	-4626.882	285.0289	0.8254227	1.026014	12.66671
29124	-4321.612	-4606.325	284.713	0.8125595	1.036265	12.83258
29130	-4325.852	-4606.191	280.339	0.9012232	0.9656252	15.09166
29136	-4337.117	-4620.677	283.5599	0.8247134	0.9255644	13.48401
29142	-4348.809	-4633.294	284.4845	0.8659706	1.210898	12.84037
29148	-4341.192	-4629.632	288.4406	0.93339	1.122976	10.78032
29154	-4330.451	-4614.477	284.0264	0.7203603	1.15469	13.18005
29160	-4327.715	-4611.958	284.2424	0.7582111	0.8967542	13.18005
29166	-4324.558	-4607.679	283.1203	0.7338963	0.8919407	13.77805
29172	-4320.498	-4603.201	282.7034	0.9054298	1.13941	13.77805
29178	-4334.255	-4621.557	287.3026	0.9662585	0.9577365	11.443
29184	-4329.84	-4616.588	286.7482	0.9345002	1.098575	11.67719
29190	-4329.94	-4617.198	287.2579	0.8712174	0.9427581	11.5242
29196	-4333.461	-4622.538	289.0771	0.8954267	0.8706174	10.59947
29202	-4325.081	-4612.854	287.7724	0.908198	0.9695251	11.22127
29208	-4319.81	-4607.354	287.5439	0.871756	0.8672519	11.41695
29214	-4322.343	-4608.807	286.4645	0.8952881	1.076116	11.85681
29220	-4332.174	-4618.087	285.9132	0.774615	0.9841282	12.2543
29226	-4311.834	-4598.966	287.1318	0.8681436	1.035578	11.54277
29232	-4321.235	-4609.47	288.2349	0.8326897	1.171632	10.91793
29238	-4333.132	-4622.969	289.8367	0.8679667	1.171632	10.05836
29244	-4325.95	-4615.266	289.316	0.9546797	1.160846	10.29163
29250	-4329.99	-4615.288	285.2983	0.8690321	1.05584	12.48868
29256	-4324.472	-4611.527	287.0559	0.7724232	1.170428	11.56697
29262	-4319.142	-4606.689	287.5469	0.7905568	1.07009	11.34894
29268	-4320.46	-4608.769	288.3093	0.9477145	0.8035154	11.01475
29274	-4308.961	-4596.447	287.4861	0.9014823	0.8035154	11.46971
29280	-4308.93	-4595.689	286.7583	0.9062646	1.082189	11.69469
29286	-4314.557	-4600.672	286.1152	0.7898153	0.8254796	12.23033
29292	-4309.501	-4594.42	284.9193	0.7301159	0.9092266	12.83568
29298	-4333.13	-4617.907	284.7774	0.6776356	1.104237	12.83568
29304	-4330.337	-4617.776	287.4387	0.9330308	1.056832	11.33764
29310	-4316.955	-4602.818	285.8638	0.7913543	0.9567203	12.2859
29316	-4330.215	-4616.404	286.1887	0.6457856	1.109105	12.11477
29322	-4343.618	-4625.151	281.5321	0.6178366	1.187608	14.51195
29328	-4336.474	-4618.028	281.5545	0.6949913	1.078369	14.51195
29334	-4322.247	-4606.413	284.1658	0.781852	0.9878186	13.15808
29340	-4348.994	-4632.966	283.9724	0.7902415	0.925043	13.28795
29346	-4336.536	-4618.927	282.3905	0.8398902	1.022756	14.03143
29352	-4340.309	-4624.198	283.8888	0.877257	0.8570482	13.32469
29358	-4330.588	-4616.394	285.8057	0.812922	0.9784373	12.29336
29364	-4328.406	-4614.974	286.568	0.8678632	0.9874771	11.86233
29370	-4325.315	-4613.862	288.5468	0.864011	1.019101	10.81273
29376	-4322.788	-4606.753	283.9653	0.7987818	0.9969672	13.24868
29382	-4323.414	-4609.475	286.0611	0.8389714	0.8200549	12.23617
29388	-4309.588	-4592.333	282.745	0.8462652	1.114576	13.79895
29394	-4317.734	-4601.877	284.1423	0.7913236	1.014641	13.15142
29400	-4308.463	-4592.127	283.6635	0.7589695	1.166077	13.34321
29406	-4309.814	-4598.198	288.3836	0.9238545	0.9189315	10.92067
29412	-4309.215	-4593.403	284.1889	0.724362	1.168541	13.08705
29418	-4315.448	-4598.793	283.3453	0.6789409	0.9381452	13.66419
29424	-4312.531	-4598.085	285.5535	0.8697598	0.9108899	12.4319
29430	-4317.512	-4603.51	285.9986	0.8337918	1.232668	12.05863
29436	-4307.902	-4596.776	288.8738	0.7740268	0.9386599	10.73135
29442	-4309.874	-4598.459	288.5855	0.8470436	1.192921	10.71674
29448	-4305.373	-4594.265	288.8925	0.9025406	1.155475	10.54396
29454	-4321.657	-4608.046	286.3895	0.8065437	1.079107	11.94079
29460	-4313.532	-4599.389	285.8562	0.7983266	1.150992	12.18872
29466	-4315.931	-4599.349	283.4174	0.8288222	1.076107	13.47765
29472	-4329.264	-4612.832	283.5684	0.7840463	0.9682325	13.47765
29478	-4323.514	-4606.578	283.064	0.7293166	1.138832	13.68262
29484	-4319.163	-4606.035	286.8724	0.8550767	0.9382751	11.73649
29490	-4314.727	-4600.412	285.6848	0.8453423	1.116759	12.26978
29496	-4312.407	-4597.994	285.5876	0.8691107	1.109132	12.31173
29502	-4309.782	-4594.675	284.8925	0.8474463	0.9709447	12.75494
29508	-4310.759	-4597.74	286.9817	0.7827602	1.018709	11.67446
29514	-4311.119	-4595.779	284.6595	0.8034531	0.9066477	12.93414
29520	-4305.662	-4592.969	287.3068	0.8034531	1.046554	11.47954
29526	-4299.766	-4583.979	284.2127	0.7524416	1.05789	13.11315
29532	-4334.923	-4621.025	286.1014	0.8136471	0.9129745	12.17444
29538	-4330.514	-4617.972	287.4578	0.9102829	0.893197	11.42686
29544	-4307.563	-4593.826	286.2626	0.8418772	1.050973	12.00257
29550	-4308.101	-4593.899	285.7978	0.9704179	1.131547	12.13861
29556	-4322.242	-4604.209	281.9677	0.9244841	1.135904	14.15135
29562	-4323.85	-4608.148	284.2982	0.8184732	1.043712	13.04147
29568	-4335.262	-4621.712	286.4502	0.9130162	0.9750839	11.90677
29574	-4332.358	-4618.885	286.5267	0.8156379	0.9957456	11.90677
29580	-4324.37	-4608.108	283.7376	0.7688866	0.9957456	13.38316
29586	-4332.723	-4617.044	284.3217	0.8005915	1.143946	12.98986
29592	-4318.639	-4601.263	282.6239	0.8064448	1.01631	13.93105
29598	-4317.606	-4601.446	283.8403	0.6872819	1.023941	13.35763
29604	-4316.876	-4599.252	282.3759	0.700687	0.9668113	14.14028
29610	-4319.402	-4602.254	282.8528	0.8657857	1.028129	13.7755
29616	-4309.89	-4594.822	284.9321	0.846175	1.015392	12.71174
29622	-4323.11	-4606.828	283.7179	0.7153318	1.050123	13.39341
29628	-4328.267	-4612.796	284.5292	0.7788099	0.9889547	12.97014
29634	-4318.685	-4603.175	284.4901	0.7997026	0.9889547	12.9796
29640	-4318.529	-4604.949	286.4204	0.7632364	0.9889547	11.99318
29646	-4315.058	-4604.849	289.7913	0.9052827	1.126386	10.08406
29652	-4332.754	-4619.507	286.7528	0.8497472	1.1276	11.70506
29658	-4328.523	-4613.856	285.3331	0.7445016	1.030544	12.54817
29664	-4322.349	-4608.754	286.4044	0.737295	1.016901	12.0005
29670	-4324.07	-4611.904	287.834	0.8695218	0.9378553	11.22648
29676	-4333.933	-4620.553	286.62	0.7639719	0.9087356	11.93217
29682	-4342.647	-4629.221	286.5742	0.8543638	1.030877	11.84359
29688	-4337.257	-4624.198	286.9405	0.8738586	1.021398	11.64702
29694	-4317.799	-4604.549	286.7494	0.9338371	0.9630772	11.74612
29700	-4310.591	-4597.92	287.3285	0.8951148	0.96489	11.46279
29706	-4312.835	-4600.062	287.2267	0.9652354	0.9961829	11.46279
29712	-4319.275	-4605.002	285.7277	0.9469134	0.8381251	12.34285
29718	-4304.886	-4587.491	282.6048	0.8162782	0.8381251	14.03379
29724	-4312.299	-4595.813	283.5137	0.7431257	0.7797041	13.63574
29730	-4320.241	-4604.612	284.371	0.8343094	1.217001	12.9131
29736	-4324.51	-4607.047	282.5376	0.6606774	1.267965	13.93301
29742	-4325.38	-4611.432	286.0518	0.8031057	1.029092	12.14382
29748	-4310.154	-4594.694	284.54	0.8181259	1.026822	12.9245
29754	-4312.849	-4598.399	285.5498	0.6827499	1.134039	12.4166
29760	-4320.71	-4606.292	285.5821	0.7512744	1.027262	12.4166
29766	-4315.748	-4603.521	287.7739	0.8859406	0.867702	11.28893
29772	-4321.22	-4604.83	283.6091	0.7980359	1.007927	13.42845
29778	-4328.295	-4611.502	283.2069	0.8575989	1.091196	13.56462
29784	-4325.402	-4613.398	287.9954	0.8575989	1.116687	11.0563
29790	-4332.372	-4619.476	287.1043	0.8176237	1.15113	11.52703
29796	-4325.857	-4610.871	285.0145	0.8485214	1.131566	12.61026
29802	-4343.815	-4631.938	288.123	0.8591905	1.300071	10.90528
29808	-4329.88	-4614.183	284.3035	0.8129358	1.093938	13.01679
29814	-4338.7	-4625.699	286.9991	0.855774	1.263585	11.51111
29820	-4334.365	-4622.473	288.108	0.8136617	0.9105442	11.12745
29826	-4327.763	-4614.413	286.6505	0.8197706	1.016957	11.82897
29832	-4331.436	-4617.948	286.512	0.8939527	1.33429	11.71532
29838	-4321.372	-4608.712	287.3393	0.8273044	1.016447	11.46546
29844	-4328.199	-4613.151	284.9514	0.7508614	1.247387	12.64102
29850	-4329.234	-4616.693	287.4593	0.8459137	1.128079	11.33754
29856	-4331.082	-4618.636	287.5539	0.8369801	1.037177	11.33754
29862	-4322.539	-4609.86	287.3213	0.862618	0.9574839	11.48755
29868	-4323.318	-4609.644	286.3257	0.8031565	0.8827426	12.08
29874	-4324.713	-4608.651	283.9383	0.7899006	1.006716	13.26226
29880	-4321.136	-4605.874	284.7389	0.7740101	0.8510033	12.94002
29886	-4325.127	-4610.291	285.1639	0.7442829	0.9574329	12.67462
29892	-4328.507	-4614.147	285.6401	0.793163	1.089743	12.33334
29898	-4334.135	-4622.231	288.096	0.8168042	1.052478	11.05664
29904	-4321.741	-4607.843	286.1017	0.8733268	0.9880941	12.10245
29910	-4330.475	-4618.875	288.4004	0.8087673	1.053534	10.90083
29916	-4321.142	-4609.032	287.8903	0.968612	1.187673	11.0198
29922	-4309.869	-4594.438	284.5694	0.8018897	1.028898	12.91659
29928	-4304.876	-4589.894	285.0182	0.8037819	1.049213	12.6718
29934	-4312.629	-4595.939	283.3098	0.7276548	0.9628884	13.64399
29940	-4312.636	-4597.629	284.9929	0.8219052	1.05563	12.67232
29946	-4309.167	-4594.384	285.2176	0.8265135	1.032891	12.5644
29952	-4314.255	-4600.817	286.5622	0.8720076	0.9541254	11.88096
29958	-4299.173	-4584.461	285.2887	0.8460097	1.14869	12.46068
29964	-4336.867	-4617.702	280.835	0.6995286	1.17077	14.83821
29970	-4320.471	-4606.48	286.0088	0.7554032	0.913272	12.25286
29976	-4321.188	-4607.112	285.9248	0.783677	1.040825	12.21422
29982	-4311.297	-4596.193	284.8964	0.7066052	1.040825	12.78997
29988	-4319.072	-4603.407	284.3349	0.7470861	1.030103	13.06643
29994	-4323.701	-4610.375	286.6734	0.7585051	1.030103	11.84226
30000	-4322.449	-4607.059	284.6098	0.7436607	1.068531	12.90596
30006	-4323.848	-4608.255	284.4071	0.7570811	0.9199332	13.08208
30012	-4332.088	-4616.287	284.199	0.7747449	1.112302	13.08208
30018	-4340.374	-4625.627	285.2534	0.8564482	0.9435666	12.57714
30024	-4322.626	-4607.051	284.4249	0.7920485	1.172183	12.92746
30030	-4334.703	-4622.134	287.4306	0.8021148	1.028112	11.42488
30036	-4335.793	-4620.26	284.4669	0.7622385	1.170593	12.92188
30042	-4330.828	-4619.764	288.9354	0.9466274	0.9712859	10.59077
30048	-4329.597	-4616.066	286.4684	0.769057	1.175773	11.87305
30054	-4304.228	-4593.7	289.4718	0.8218997	0.9208856	10.40221
30060	-4311.353	-4595.851	284.4986	0.8218997	1.105035	12.90529
30066	-4310.781	-4596.282	285.5008	0.7041162	0.9789977	12.50858
30072	-4332.833	-4618.715	285.8817	0.8576862	1.107426	12.16519
30078	-4332.905	-4617.707	284.8018	0.7262772	1.046532	12.82608
30084	-4320.653	-4608.646	287.9922	0.6992515	1.17281	11.11437
30090	-4313.714	-4599.581	285.867	0.7269451	1.061877	12.26336
30096	-4327.478	-4613.101	285.6229	0.7406006	1.103133	12.36317
30102	-4332.579	-4618.334	285.7552	0.8775674	0.9248212	12.31498
30108	-4328.658	-4611.805	283.1463	0.827636	0.9979805	13.6585
30114	-4338.141	-4619.495	281.3543	0.6909528	1.227819	14.54813
30120	-4340.972	-4625.107	284.1348	0.7877063	0.9881275	13.171
30126	-4326.886	-4610.598	283.7116	0.941976	0.9795511	13.31523
30132	-4320.531	-4604.115	283.5833	0.9477887	1.03266	13.35137
30138	-4328.835	-4611.156	282.3216	0.6624447	1.198988	14.07462
30144	-4337.045	-4621.002	283.9573	0.8169568	0.9773251	13.2537
30150	-4324.958	-4609.814	284.8564	0.7651019	0.9867321	12.80825
30156	-4327.498	-4611.589	284.0907	0.8166226	1.029748	13.1574
30162	-4334.473	-4621.683	287.2099	0.9051934	0.9352824	11.53561
30168	-4322.226	-4609.182	286.9562	0.9015031	1.111767	11.57936
30174	-4343.218	-4628.133	284.9151	0.8006447	1.019446	12.74218
30180	-4334.965	-4621.023	286.058	0.8274034	0.9955591	12.14527
30186	-4328.372	-4616.606	288.2337	0.9571892	1.04256	10.91598
30192	-4345.841	-4635.166	289.3243	1.039873	1.059174	10.2919
30198	-4346.428	-4637.293	290.8649	1.039873	0.9012252	9.565289
30204	-4339.295	-4630.707	291.413	1.147199	0.9810663	9.174961
30210	-4340.092	-4629.675	289.5831	1.197311	0.9497707	10.13041
30216	-4316.506	-4603.271	286.765	0.8628566	0.9497707	11.78221
30222	-4325.652	-4610.74	285.088	0.8172322	0.9170567	12.69818
30228	-4333.858	-4619.503	285.6453	0.810573	0.8518692	12.44869
30234	-4333.389	-4618.024	284.6351	0.8307642	1.13437	12.81561
30240	-4332.531	-4619.971	287.4398	0.8806427	0.8647252	11.46817
30246	-4346.128	-4633.633	287.5046	0.8158476	0.8647252	11.46817
30252	-4314.648	-4598.959	284.3116	0.7920592	0.8576651	13.14889
30258	-4308.656	-4595.818	287.1624	1.002482	0.9992133	11.47532
30264	-4345.396	-4627.261	281.8648	0.6152212	1.093155	14.38533
30270	-4309.547	-4595.929	286.382	0.9700364	0.9557723	11.92297
30276	-4306.939	-4594.403	287.4637	1.009789	0.9368231	11.34738
30282	-4315.582	-4603.223	287.6417	0.8648791	0.9542	11.32059
30288	-4306.942	-4592.052	285.1103	1.020132	0.9455972	12.5653
30294	-4314.831	-4599.899	285.0679	0.9690896	0.9455972	12.61392
30300	-4310.853	-4595.527	284.6746	0.8098664	0.9203099	12.91532
30306	-4313.982	-4599.028	285.0458	0.8051501	0.9203099	12.72465
30312	-4315.753	-4605.982	290.2291	0.9885531	1.070539	9.837172
30318	-4325.801	-4610.531	284.7291	0.7771919	0.8847825	12.92391
30324	-4328.893	-4615.174	286.2809	0.7061934	0.8491324	12.17343
30330	-4320.243	-4604.886	284.643	0.7408833	0.901039	12.97839
30336	-4326.23	-4612.837	286.6075	0.7497208	1.052436	11.86995
30342	-4332.333	-4617.279	284.9465	0.8048972	1.01643	12.7252
30348	-4330.096	-4614.386	284.2903	0.7775601	1.139227	13.02033
30354	-4330.255	-4616.455	286.2001	0.8761359	0.9300719	12.08087
30360	-4339.684	-4627.467	287.7822	0.8619447	1.101198	11.17315
30366	-4332.964	-4616.514	283.5501	0.6966552	1.199804	13.41905
30372	-4331.182	-4614.793	283.6108	0.6600638	1.17242	13.41905
30378	-4328.279	-4612.551	284.2728	0.7640656	0.8893907	13.16537
30384	-4329.764	-4614.389	284.6258	0.9175192	1.011951	12.83577
30390	-4337.788	-4632.545	294.7566	1.218683	0.8673582	7.421704
30396	-4326.457	-4618.136	291.6794	1.161888	0.9324177	9.052823
30402	-4339.548	-4626.982	287.4346	0.9517064	1.071195	11.32282
30408	-4325.906	-4613.204	287.2972	0.9904558	1.058733	11.38065
30414	-4320.873	-4606.292	285.4186	0.8589497	1.155734	12.38298
30420	-4307.02	-4593.372	286.3524	0.9025155	0.9562665	11.97337
30426	-4303.794	-4590.538	286.7434	0.9903265	0.9562665	11.72345
30432	-4308.987	-4598.118	289.1317	1.005983	1.075583	10.40267
30438	-4316.936	-4603.982	287.0463	0.8395949	0.8605143	11.69772
30444	-4309.346	-4594.552	285.2059	0.8896933	0.8730826	12.62398
30450	-4314.638	-4601.108	286.4697	0.9035392	1.032973	11.87144
30456	-4317.812	-4601.993	284.1807	0.8441982	0.9957841	13.11374
30462	-4347.01	-4629.82	282.8104	0.781637	1.071857	13.81927
30468	-4342.433	-4626.651	284.218	0.8633887	1.071857	13.04583
30474	-4307.826	-4596.896	289.0699	0.896374	0.9061688	10.58238
30480	-4317.958	-4603.029	285.0711	0.8939017	1.047936	12.59796
30486	-4321.956	-4606.014	284.0576	0.9145051	1.050684	13.11317
30492	-4330.802	-4619.76	288.9579	0.8453946	0.9910326	10.62158
30498	-4320.329	-4607.862	287.5324	0.904964	1.089522	11.28708
30504	-4325.249	-4609.624	284.3753	0.8763896	1.258378	12.87068
30510	-4319.563	-4601.156	281.5932	0.8769282	1.007341	14.4333
30516	-4310.676	-4595.987	285.3113	0.8769282	0.9239233	12.54704
30522	-4321.794	-4606.406	284.6126	0.7767078	1.017113	12.91324
30528	-4323.816	-4608.277	284.4615	0.8082732	1.143767	12.91324
30534	-4312.036	-4598.282	286.246	0.8036466	1.121263	11.99671
30540	-4325.33	-4612.966	287.636	0.7269846	1.038677	11.35137
30546	-4327.959	-4613.352	285.3928	0.6866936	1.003677	12.56098
30552	-4316.618	-4600.307	283.6888	0.7413684	1.022354	13.40906
30558	-4323.449	-4609.875	286.4258	0.7681048	1.123207	11.92048
30564	-4317.824	-4608.786	290.9625	0.9937782	0.9641522	9.503125
30570	-4329.587	-4615.157	285.57	0.8973742	0.8360335	12.45205
30576	-4333.428	-4620.524	287.0958	0.9897057	0.8340977	11.60906
30582	-4313.835	-4597.675	283.84	0.7458506	0.9360072	13.37375
30588	-4309.253	-4597.626	288.3733	0.9056054	1.023506	10.87963
30594	-4336.16	-4622.775	286.6143	0.8611386	0.8868347	11.89684
30600	-4320.985	-4607.378	286.3931	1.07579	0.9904475	11.84353
30606	-4306.155	-4592.907	286.7524	0.9728293	1.114376	11.64732
30612	-4296.879	-4583.914	287.0346	0.8975091	0.8153331	11.7005
30618	-4302.64	-4586.562	283.922	0.8077417	0.8736562	13.33394
30624	-4290.206	-4575.251	285.0443	0.8280156	1.111336	12.61505
30630	-4295.866	-4583.861	287.9941	0.9190604	0.9330904	11.11935
30636	-4308.603	-4594.912	286.3085	0.832012	0.9429903	12.04026
30642	-4288.709	-4577.015	288.3059	0.8531072	1.009615	10.94964
30648	-4289.012	-4576.46	287.448	0.9073499	0.9633206	11.39475
30654	-4308.561	-4599.324	290.7628	1.061597	0.9879664	9.559881
30660	-4318.594	-4608.467	289.8734	1.077091	1.228422	9.902947
30666	-4316.023	-4605.411	289.3879	1.080991	1.076145	10.22838
30672	-4301.737	-4588.358	286.6212	0.7568868	1.130229	11.821
30678	-4301.885	-4588.592	286.7072	0.9308395	1.018705	11.7405
30684	-4305.064	-4593.992	288.9284	0.9708474	0.916772	10.61157
30690	-4305.594	-4594.827	289.2334	1.128026	1.041184	10.30245
30696	-4325.19	-4611.305	286.1148	0.9790661	0.8322638	12.12776
30702	-4320.275	-4608.411	288.1369	0.8753836	0.9253813	11.07171
30708	-4313.266	-4599.362	286.0964	0.8548945	1.059247	12.07832
30714	-4306.781	-4593.07	286.2897	0.9363704	0.9222898	12.00703
30720	-4310.201	-4597.978	287.7776	0.9154122	1.162928	11.11815
30726	-4317.847	-4608.48	290.633	0.9654033	0.8638691	9.748439
30732	-4326.082	-4613.541	287.4587	0.9528519	0.8673815	11.41902
30738	-4316.146	-4603.51	287.3639	0.8127228	1.040273	11.44803
30744	-4307.708	-4593.433	285.7243	0.7857684	0.9586874	12.36047
30750	-4298.085	-4583.73	285.6445	0.8655272	0.9586874	12.36047
30756	-4310.336	-4595.531	285.1958	0.8655272	0.879534	12.63812
30762	-4330.402	-4616.673	286.2711	0.8287888	0.7989535	12.14483
30768	-4316.728	-4600.26	283.5321	0.677572	1.097935	13.48599
30774	-4315.097	-4599.25	284.1529	0.7901719	1.064884	13.12114
30780	-4329.24	-4615.958	286.7175	1.013763	1.115975	11.64337
30786	-4305.071	-4592.935	287.8634	1.091815	1.115975	11.00311
30792	-4310.675	-4597.166	286.491	1.048999	0.9687895	11.81789
30798	-4307.496	-4591.773	284.2772	0.7474603	1.101612	13.06075
30804	-4301.85	-4587.745	285.8943	0.853936	0.9857955	12.22188
30810	-4301.053	-4588.195	287.1415	0.7605292	0.9639681	11.63138
30816	-4313.954	-4599.125	285.1706	0.7819922	0.9336546	12.66441
30822	-4305.118	-4591.927	286.8086	0.893645	1.05652	11.68771
30828	-4312.674	-4599.449	286.7747	0.9674818	1.015532	11.68771
30834	-4307.586	-4590.501	282.9149	0.8511377	1.063407	13.73319
30840	-4302.673	-4587.662	284.9886	0.8574337	0.873571	12.75361
30846	-4318.16	-4603.018	284.8586	0.8691892	0.985435	12.75361
30852	-4312.169	-4595.584	283.4154	0.8339603	0.9136907	13.56082
30858	-4317.614	-4601.477	283.8638	0.8529013	0.9306699	13.30872
30864	-4334.029	-4620.314	286.2846	0.7802781	0.9306699	12.08647
30870	-4309.393	-4598.384	288.9906	0.9106681	0.8705291	10.63693
30876	-4312.513	-4599.518	287.0052	0.8670956	0.8440164	11.71451
30882	-4305.813	-4592.4	286.5872	0.8161619	0.8503934	11.95556
30888	-4317.321	-4600.709	283.3883	0.7888665	1.122514	13.4911
30894	-4317.732	-4603.723	285.9913	0.7178488	0.9384869	12.26767
30900	-4317.598	-4606.666	289.0678	0.9276184	0.9095709	10.56516
30906	-4309.107	-4597.124	288.0178	1.067217	0.869236	11.06554
30912	-4340.26	-4628.688	288.4283	0.9014696	1.025411	10.85195
30918	-4345.2	-4629.445	284.2451	0.8385965	1.062409	13.04927
30924	-4314.904	-4602.873	287.9687	0.8352758	0.8236077	11.23966
30930	-4322.145	-4612.48	290.3351	0.9059089	1.115079	9.802882
30936	-4306.613	-4589.761	283.1479	0.800344	0.9831086	13.67959
30942	-4302.539	-4589.511	286.9723	0.7555181	0.8704142	11.77452
30948	-4312.612	-4599.535	286.9229	0.7524903	1.047056	11.70654
30954	-4337.492	-4619.283	281.791	0.770356	1.158725	14.31214
30960	-4350.449	-4635.346	284.8969	0.8435884	1.039449	12.71915
30966	-4332.391	-4617.58	285.189	0.8253757	0.956597	12.61977
30972	-4327.361	-4612.371	285.0096	0.8575453	1.000986	12.67292
30978	-4319.952	-4603.461	283.5085	0.7531713	1.002062	13.50702
30984	-4327.22	-4617.893	290.6725	0.9717751	0.9140721	9.695382
30990	-4323.201	-4608.23	285.0295	0.8405177	1.009681	12.66695
30996	-4320.495	-4610.014	289.5187	0.8405177	1.004946	10.32234
31002	-4322.552	-4612.277	289.7248	0.8871273	1.004946	10.18952
31008	-4328.627	-4615.106	286.4785	0.8491029	1.004946	11.90966
31014	-4313.781	-4597.486	283.7049	0.5960638	0.941853	13.51853
31020	-4331.038	-4616.002	284.9635	0.9099031	1.022015	12.65884
31026	-4335.448	-4620.208	284.7591	0.9275959	0.9957298	12.76956
31032	-4332.719	-4619.503	286.7849	0.8138604	1.000616	11.77037
31038	-4322.284	-4608.851	286.5662	0.7901609	0.9069758	11.94758
31044	-4331.792	-4619.034	287.2418	0.9127097	0.8810553	11.54546
31050	-4304.864	-4590.507	285.6433	0.8962742	0.8513903	12.40535
31056	-4309.14	-4594.609	285.4683	0.9238141	0.9899125	12.40535
31062	-4311.258	-4593.929	282.6709	0.7970959	1.021398	13.90892
31068	-4303.75	-4588.354	284.6044	0.7404499	0.978989	12.95619
31074	-4305.105	-4591.745	286.6401	0.7948359	0.9626588	11.87598
31080	-4309.804	-4596.719	286.9146	0.8660902	1.300272	11.53397
31086	-4306.201	-4595.336	289.1343	0.9398674	0.9991104	10.47511
31092	-4310.938	-4601.823	290.8857	0.9414283	1.017553	9.542853
31098	-4316.594	-4606.146	289.5518	0.885267	0.8467112	10.36966
31104	-4350.224	-4634.716	284.4918	0.7541998	0.928734	13.03467
31110	-4342.347	-4628.95	286.6026	0.9310575	0.8378636	11.895
31116	-4346.536	-4632.674	286.1388	0.7875044	0.9147991	12.16754
31122	-4315.834	-4599.131	283.2971	0.8194697	0.8770645	13.65036
31128	-4322.797	-4610.021	287.224	0.8062887	0.7850847	11.66787
31134	-4328.369	-4612.858	284.4885	0.8568725	0.8540222	13.0254
31140	-4317.162	-4601.038	283.8762	0.8661047	1.09166	13.21234
31146	-4310.729	-4596.36	285.6312	0.899086	0.9541777	12.35237
31152	-4313.071	-4598.228	285.1561	0.871319	0.9733866	12.60399
31158	-4332.384	-4618.617	286.2333	1.122898	1.069788	11.86179
31164	-4318.595	-4605.082	286.4876	0.7226467	0.8949795	12.03056
31170	-4320.868	-4605.411	284.5429	0.6849481	1.043799	12.98362
31176	-4330.585	-4616.98	286.3953	0.8044591	1.043799	11.95648
31182	-4330.676	-4614.607	283.9312	0.7181113	0.9341946	13.34182
31188	-4311.708	-4596.939	285.231	0.8715422	0.9538459	12.57533
31194	-4320.93	-4605.806	284.876	0.7382645	0.9145921	12.85099
31200	-4323.171	-4606.663	283.4922	0.7382645	1.012871	13.51764
31206	-4324.465	-4607.522	283.0573	0.8064579	1.023254	13.70265
31212	-4329.384	-4613.346	283.9619	0.7447398	1.206475	13.17711
31218	-4324.442	-4609.709	285.2664	0.8953432	0.8809186	12.58505
31224	-4334.676	-4621.892	287.2156	0.8744648	1.011833	11.50784
31230	-4324.671	-4611.193	286.5218	0.8462183	1.011833	11.88502
31236	-4318.751	-4602.46	283.7086	0.799741	1.093357	13.33307
31242	-4311.659	-4595.498	283.8392	0.8443379	0.9177154	13.33307
31248	-4323.291	-4608.607	285.3158	0.8981275	0.9799922	12.50339
31254	-4329.062	-4616.269	287.2069	0.7835986	1.00658	11.56261
31260	-4331.595	-4614.903	283.3081	0.8255732	0.9653481	13.59275
31266	-4340.6	-4625.815	285.2143	0.9663579	1.297515	12.37013
31272	-4332.361	-4615.658	283.2965	0.7616627	0.9127805	13.66057
31278	-4315.224	-4599.387	284.1636	0.8465796	0.9763572	13.13163
31284	-4329.025	-4613.423	284.3979	0.7659493	0.9642205	13.0582
31290	-4329.665	-4616.842	287.1766	0.8633416	0.9232638	11.5815
31296	-4325.951	-4613.738	287.7879	0.8512512	0.9237932	11.26791
31302	-4336.195	-4622.322	286.1268	0.8180504	1.026766	12.0981
31308	-4334.732	-4617.224	282.4922	0.7033859	0.9957233	14.06338
31314	-4330.479	-4615.548	285.069	0.8356919	1.13252	12.58809
31320	-4329.785	-4615.679	285.8937	0.8130035	0.9655599	12.25432
31326	-4322.607	-4611.287	288.68	0.8882034	0.9655599	10.75844
31332	-4315.76	-4602.5	286.7402	0.7750793	1.232246	11.70238
31338	-4313.283	-4598.94	285.6567	0.927409	0.8715891	12.3704
31344	-4324.514	-4610.598	286.0839	0.741788	1.014577	12.16651
31350	-4314.895	-4599.6	284.705	0.8317134	1.100249	12.79512
31356	-4320.524	-4606.093	285.5687	0.7791767	0.9314989	12.45977
31362	-4315.848	-4602.786	286.9373	0.7791767	0.9314989	11.74593
31368	-4312.459	-4600.532	288.073	0.8463153	0.8025366	11.19218
31374	-4311.081	-4594.005	282.9234	0.742643	1.037812	13.79784
31380	-4322.415	-4604.008	281.5931	0.678146	0.8308944	14.63381
31386	-4321.09	-4605.825	284.7351	0.6849553	0.7869247	13.02695
31392	-4309.395	-4593.208	283.8131	0.6746888	0.9717366	13.4055
31398	-4318.93	-4603.865	284.934	0.8185131	0.9504958	12.75936
31404	-4321.937	-4607.194	285.2566	0.8958175	0.9895551	12.5304
31410	-4323.809	-4607.737	283.9284	0.7524977	1.017467	13.28133
31416	-4324.152	-4609.849	285.6969	0.8146486	1.153163	12.26224
31422	-4326.56	-4610.008	283.4475	0.7644744	1.002003	13.53283
31428	-4330.535	-4611.663	281.1272	0.6853377	0.9936728	14.78082
31434	-4334.657	-4618.708	284.0507	0.7444964	0.9087915	13.28002
31440	-4323.881	-4610.226	286.3449	1.01352	0.9642015	11.91509
31446	-4317.554	-4603.469	285.915	0.9305291	0.8706859	12.23468
31452	-4316.17	-4600.389	284.2195	0.7532502	0.9195275	13.1818
31458	-4311.543	-4595.409	283.8663	0.9071197	1.113658	13.18559
31464	-4316.899	-4602.775	285.8762	0.9498351	1.013197	12.16705
31470	-4319.994	-4604.869	284.8754	0.9200706	0.9352977	12.74529
31476	-4325.107	-4607	281.8928	0.7520438	1.063209	14.3146
31482	-4315.82	-4601.61	285.79	0.7379438	0.8367462	12.42009
31488	-4310.479	-4594.844	284.3649	0.8170686	0.9029255	13.08234
31494	-4326.815	-4611.378	284.5631	0.8003263	1.002948	12.93402
31500	-4316.599	-4601.327	284.7279	0.7102217	0.9301611	12.93402
31506	-4316.011	-4601.955	285.9443	0.8038196	0.7724327	12.34478
31512	-4312.787	-4598.48	285.6932	0.8269107	0.978326	12.34478
31518	-4319.096	-4605.798	286.7022	0.8434119	0.8552315	11.8785
31524	-4318.405	-4605.211	286.8054	0.8103684	0.7944223	11.8785
31530	-4324.974	-4608.767	283.7921	0.7653281	0.8984816	13.40932
31536	-4331.717	-4618.219	286.5024	0.8217161	0.8563656	11.99343
31542	-4330.181	-4610.814	280.6333	0.7719408	1.26011	14.8652
31548	-4336.731	-4622.623	285.8916	0.7923082	0.9563354	12.27115
31554	-4328.388	-4613.577	285.189	0.8154164	0.9798109	12.61257
31560	-4323.986	-4612.163	288.177	0.8304541	1.021966	11.02262
31566	-4335.02	-4621.295	286.2742	0.7989846	0.9853153	12.05268
31572	-4322.47	-4607.832	285.3617	0.8304666	0.9714774	12.51923
31578	-4319.611	-4606.136	286.5242	0.9664808	0.9438443	11.85707
31584	-4336.977	-4623.026	286.0493	0.8426434	0.9885969	12.1455
31590	-4322.811	-4604.803	281.992	0.8541723	1.010084	14.23711
31596	-4331.098	-4617.976	286.878	0.8051308	0.8185985	11.82854
31602	-4307.606	-4594.274	286.6678	0.86286	0.9579662	11.82854
31608	-4307.907	-4594.478	286.5717	0.7842328	1.066225	11.86375
31614	-4302.149	-4589.356	287.207	0.7807345	1.0207	11.55677
31620	-4330.924	-4615.719	284.7948	0.7967039	1.083323	12.77481
31626	-4326.806	-4612.631	285.8251	0.9371193	1.01377	12.20003
31632	-4325.127	-4610.23	285.1032	0.7358399	0.9695558	12.7041
31638	-4315.277	-4600.673	285.396	0.7855408	0.9598733	12.53096
31644	-4322.084	-4605.553	283.4689	0.7301563	0.9374102	13.57388
31650	-4324.706	-4608.353	283.6468	0.7325605	0.9739861	13.4606
31656	-4324.836	-4608.465	283.6294	0.8550889	0.8749181	13.4606
31662	-4330.711	-4615.839	285.1287	0.850567	0.8749181	12.6835
31668	-4335.696	-4618.685	282.9893	0.8146394	1.136147	13.67837
31674	-4325.516	-4608.556	283.0397	0.8021583	1.11748	13.66756
31680	-4325.429	-4608.648	283.2189	0.8457327	0.9245552	13.65066
31686	-4328.876	-4614.416	285.54	0.8536405	0.8981982	12.45445
31692	-4319.317	-4604.737	285.4203	0.8512017	0.9435261	12.49295
31698	-4331.623	-4618.919	287.2961	0.8121274	0.9970889	11.50605
31704	-4319.364	-4603.033	283.6691	0.9040289	0.8947018	13.40334
31710	-4317.88	-4600.299	282.4192	0.8621573	1.024016	14.00435
31716	-4320.642	-4609.602	288.9606	0.8890572	0.9440747	10.62251
31722	-4332.419	-4620.819	288.4003	0.9669754	0.7897058	10.96558
31728	-4322.626	-4610.884	288.2585	0.8889237	0.9608912	10.98152
31734	-4318.453	-4611.347	292.8943	1.212344	0.9784727	8.356308
31740	-4308.571	-4598.763	290.1917	1.003004	0.9049427	9.93737
31746	-4313.259	-4597.468	284.2094	0.72894	1.047821	13.13213
31752	-4324.568	-4609.509	284.9414	0.7542893	1.006122	12.75951
31758	-4338.177	-4624.789	286.6122	0.7332154	1.154819	11.82648
31764	-4345.885	-4632.774	286.8893	0.7625042	1.157445	11.66523
31770	-4318.479	-4604.226	285.747	0.6854353	1.042477	12.35725
31776	-4323.965	-4607.332	283.3675	0.7880096	1.076902	13.52437
31782	-4327.643	-4612.631	284.9886	0.8077885	1.154712	12.63407
31788	-4309.122	-4594.995	285.8735	0.7462315	1.02059	12.27079
31794	-4305.219	-4589.785	284.566	0.7460661	1.162462	12.8825
31800	-4307.832	-4592.374	284.5421	0.8040886	1.098155	12.89524
31806	-4313.241	-4594.861	281.6192	0.8081242	0.942443	14.48973
31812	-4308.578	-4593.091	284.5138	0.8214629	0.9594986	12.97155
31818	-4300.537	-4585.93	285.3924	0.8322967	0.8592708	12.56478
31824	-4309.817	-4595.213	285.3964	0.7476474	0.9335283	12.56478
31830	-4332.317	-4617.072	284.7556	0.7102956	0.9533569	12.90694
31836	-4343.522	-4629.349	285.8275	0.7741149	0.9631394	12.31038
31842	-4326.334	-4610.322	283.9881	0.908438	1.068986	13.14332
31848	-4325.048	-4604.577	279.5297	0.8199644	0.8906485	15.59293
31854	-4348.344	-4631.446	283.1019	0.8092852	1.031799	13.67371
31860	-4314.106	-4598.569	284.463	0.7520238	1.18847	12.92098
31866	-4308.13	-4592.247	284.1164	0.822225	0.8638079	13.23112
31872	-4309.06	-4595.561	286.5016	0.7605177	0.8351305	12.03829
31878	-4292.436	-4578.938	286.5024	0.7476419	0.8457862	12.03829
31884	-4302.954	-4587.503	284.5487	0.7379445	0.8457862	13.06075
31890	-4315.925	-4601.347	285.4218	0.8266588	0.9662679	12.49271
31896	-4309.518	-4597.224	287.7058	0.8349229	0.8879553	11.33958
31902	-4306.795	-4594.679	287.8848	0.750907	0.8879553	11.28992
31908	-4307.013	-4592.729	285.716	0.6917854	1.164191	12.31117
31914	-4299.902	-4587.672	287.7701	0.6731994	0.8558106	11.40914
31920	-4316.338	-4602.99	286.6524	0.6931289	0.9058553	11.95385
31926	-4314.75	-4604.772	290.0225	0.9451436	0.7639412	10.14189
31932	-4308.82	-4594.779	285.9587	0.8331486	1.175014	12.10595
31938	-4310.192	-4596.427	286.2357	0.772299	0.9493384	12.10595
31944	-4312.33	-4597.038	284.7079	0.7637582	1.177786	12.79235
31950	-4314.814	-4600.594	285.7801	0.7888819	1.146882	12.23526
31956	-4308.905	-4593.837	284.9316	0.7615846	1.0953	12.71608
31962	-4312.348	-4598.514	286.1663	0.8873761	1.206397	11.955
31968	-4315.378	-4603.458	288.0796	0.865186	0.9327696	11.10295
31974	-4316.185	-4601.733	285.5481	0.7736349	0.999419	12.437
31980	-4325.907	-4612.382	286.4751	0.7366708	0.9198364	12.01584
31986	-4315.897	-4604.687	288.7901	0.8570096	1.196822	10.6024
31992	-4309.901	-4595.446	285.5447	0.7467224	0.9949192	12.45514
31998	-4316.8	-4602.291	285.4911	0.950899	0.85319	12.45514
32004	-4307.105	-4593.006	285.9005	0.868037	1.00231	12.20268
32010	-4325.865	-4615.411	289.5459	1.112954	1.025878	10.15398
32016	-4312.985	-4598.757	285.7722	0.8915755	0.984085	12.26682
32022	-4324.472	-4611.402	286.9301	1.015067	0.9056433	11.64089
32028	-4318.674	-4606.067	287.3933	0.9740721	0.9319796	11.40553
32034	-4333.999	-4618.318	284.3187	0.78413	0.9578815	13.09328
32040	-4332.955	-4621.967	289.0117	0.8654727	0.8351369	10.67045
32046	-4330.357	-4619.633	289.276	0.893137	1.05682	10.39557
32052	-4328.898	-4613.767	284.8686	0.722551	1.05682	12.78813
32058	-4332.403	-4619.555	287.1523	0.8568828	0.9321431	11.59269
32064	-4339.192	-4625.055	285.8633	0.90848	0.9137158	12.2487
32070	-4324.112	-4611.467	287.3557	0.950501	0.9758158	11.41379
32076	-4327.147	-4608.729	281.5827	0.8506043	1.163166	14.37643
32082	-4322.285	-4606.455	284.1708	0.7930829	0.7091464	13.31418
32088	-4322.925	-4609.727	286.8019	0.8651958	0.7873769	11.85609
32094	-4321.26	-4607.226	285.9658	0.8651958	0.9275505	12.21014
32100	-4312.443	-4595.612	283.1689	0.9246857	0.8442438	13.68134
32106	-4329.006	-4614.375	285.3693	0.7728586	0.9795183	12.54099
32112	-4325.079	-4609.87	284.7905	0.8719354	0.9795183	12.79075
32118	-4316.743	-4603.511	286.7679	0.9828283	0.9141436	11.73766
32124	-4324.756	-4613.392	288.6361	0.9272044	0.8031639	10.85448
32130	-4352.785	-4638.924	286.1392	0.8869188	0.9095001	12.11841
32136	-4330.091	-4615.799	285.7074	0.7391073	0.9384802	12.40452
32142	-4329.767	-4616.443	286.6756	0.8730584	0.9666185	11.81452
32148	-4320.748	-4606.798	286.05	0.878679	0.9685017	12.137
32154	-4332.481	-4618.68	286.1991	0.7668812	0.9325623	12.137
32160	-4328.676	-4613.933	285.2571	0.8183555	0.9325623	12.60101
32166	-4332.084	-4619.809	287.7249	0.9924787	1.029343	11.17069
32172	-4345.245	-4633.789	288.5439	0.8321072	0.9630282	10.86058
32178	-4341.424	-4626.225	284.8016	0.7485501	0.9630282	12.85793
32184	-4329.475	-4613.268	283.7933	0.7435579	1.015158	13.35734
32190	-4326.389	-4611.274	284.8848	0.7782781	0.9749985	12.79276
32196	-4338.86	-4625.288	286.4282	0.8835497	1.120643	11.86024
32202	-4340.711	-4627.177	286.4665	0.8558448	1.109146	11.86024
32208	-4341.589	-4627.522	285.9334	0.9453032	1.08829	12.10185
32214	-4333.753	-4621.331	287.5779	0.8746406	0.8840959	11.3879
32220	-4334.618	-4618.684	284.0654	0.8341703	0.9977988	13.17787
32226	-4329.678	-4614.773	285.0948	0.8887379	0.8329837	12.7058
32232	-4321.067	-4602.173	281.106	0.7982204	1.052735	14.70335
32238	-4320.44	-4604.53	284.0898	0.7595057	1.052735	13.17594
32244	-4319.227	-4603.348	284.1211	0.9623526	1.052735	13.05424
32250	-4313.635	-4599.656	286.0212	0.815772	1.003472	12.16639
32256	-4315.383	-4599.479	284.096	0.7268406	0.9155293	13.26195
32262	-4315.705	-4599.733	284.0281	0.855046	1.082934	13.14341
32268	-4323.765	-4608.076	284.3112	0.8018557	0.8587031	13.14341
32274	-4312.898	-4596.042	283.1441	0.7245073	1.011972	13.70594
32280	-4312.186	-4596.29	284.1041	0.7170499	0.9940372	13.22059
32286	-4310.513	-4596.111	285.5979	0.7359339	0.9359705	12.46463
32292	-4315.761	-4601.21	285.4485	0.9375292	0.8872184	12.46463
32298	-4321.545	-4606.11	284.5648	0.8700174	0.93803	12.93143
32304	-4339.246	-4626.774	287.528	0.8227877	0.862248	11.45375
32310	-4336.075	-4619.612	283.5366	0.7402104	1.043605	13.47794
32316	-4323.546	-4611.318	287.7716	0.8324517	1.043605	11.22278
32322	-4320.745	-4609.547	288.8025	0.893327	0.9057923	10.72449
32328	-4332.789	-4620.869	288.0799	0.9838514	0.8042947	11.11551
32334	-4309.627	-4595.498	285.8704	0.8520625	1.011545	12.2219
32340	-4312.385	-4597.205	284.8202	0.7729588	1.17622	12.72988
32346	-4315.615	-4602.462	286.8469	0.8061681	1.097265	11.69328
32352	-4332.743	-4618.12	285.3777	0.922095	1.190542	12.35528
32358	-4319.576	-4606.221	286.6444	0.8033229	1.117097	11.79092
32364	-4321.659	-4607.228	285.5696	0.8033229	1.138692	12.34129
32370	-4312.993	-4597.977	284.9839	0.8752248	0.9392894	12.70999
32376	-4314.835	-4601.399	286.5648	0.8297748	1.021359	11.86621
32382	-4318.168	-4605.388	287.2207	0.8885757	1.014282	11.49656
32388	-4319.646	-4606.705	287.0584	0.8092305	0.943146	11.66061
32394	-4320.179	-4608.635	288.4557	0.9739794	0.8628642	10.8887
32400	-4312.962	-4600.538	287.5759	0.883445	0.9211993	11.36339
32406	-4321.385	-4606.671	285.2858	0.8202949	1.076752	12.51019
32412	-4317.201	-4602.354	285.1532	0.7746614	0.8255805	12.73923
32418	-4314.181	-4600.873	286.6918	0.900027	0.8255805	11.87198
32424	-4310.497	-4592.677	282.1797	0.8264379	0.816734	14.26163
32430	-4314.053	-4600.926	286.8732	0.8138666	0.7706024	11.8562
32436	-4314.907	-4598.112	283.2052	0.7322824	0.9992628	13.67676
32442	-4312.1	-4595.3	283.2006	0.7257586	1.01034	13.67676
32448	-4320.423	-4606.642	286.2186	0.8626141	0.9222898	12.0826
32454	-4319.132	-4603.865	284.7338	0.7565782	0.9343257	12.90456
32460	-4352.83	-4637.929	285.0989	0.8438507	1.00603	12.63094
32466	-4343.835	-4630.052	286.2167	0.9161923	1.079618	11.97349
32472	-4312.494	-4601.286	288.7915	1.002442	1.042345	10.59989
32478	-4313.815	-4603.222	289.4073	0.9592264	0.9894501	10.32668
32484	-4308.918	-4598.361	289.4431	0.9578503	0.8155979	10.40737
32490	-4312.991	-4598.772	285.7814	0.9098447	1.063453	12.21187
32496	-4310.249	-4599.196	288.9475	1.01637	0.9294008	10.57065
32502	-4313.802	-4597.636	283.8334	0.9337049	0.8112877	13.35134
32508	-4315.434	-4601.199	285.7647	0.8726473	0.9161457	12.31739
32514	-4324.864	-4612.526	287.6623	0.8726473	1.123091	11.21974
32520	-4321.651	-4608.752	287.101	0.8299958	0.8456129	11.68293
32526	-4320.556	-4606.325	285.7694	0.7456446	0.8240907	12.4344
32532	-4312.761	-4596.49	283.7289	0.7476384	0.9054046	13.44748
32538	-4304.446	-4591.916	287.4704	0.8777839	0.9054046	11.43039
32544	-4309.436	-4600.564	291.1281	1.010395	0.992336	9.391802
32550	-4310.803	-4595.929	285.1258	0.9992464	0.9954782	12.54151
32556	-4323.237	-4611.66	288.4225	0.9894431	1.076144	10.78324
32562	-4312.996	-4599.242	286.2463	0.9957156	0.9545366	11.98107
32568	-4330.118	-4619.211	289.0936	0.9641104	1.031749	10.46683
32574	-4312.013	-4597.705	285.6926	0.8054329	1.009996	12.3397
32580	-4308.14	-4593.999	285.8596	0.724013	0.9061553	12.351
32586	-4307.449	-4592.958	285.5081	0.7877044	0.8928945	12.50842
32592	-4311.8	-4598.511	286.7113	0.8194028	0.9702273	11.82195
32598	-4321.205	-4607.043	285.8375	0.8172842	0.9702273	12.27888
32604	-4320.702	-4604.169	283.4672	0.7591992	1.029122	13.51145
32610	-4316.818	-4603.495	286.6765	0.9312054	0.9758804	11.77871
32616	-4315.553	-4605.611	290.0583	0.8885518	0.9480537	10.04381
32622	-4311.15	-4597.889	286.739	0.9041233	0.8656832	11.82148
32628	-4312.666	-4596.119	283.4535	0.7845258	1.051106	13.49432
32634	-4336.138	-4619.748	283.6099	0.9134179	1.051106	13.34613
32640	-4335.087	-4618.266	283.1797	0.8392479	1.050645	13.60826
32646	-4321.881	-4608.017	286.1361	0.8673649	0.8376314	12.17171
32652	-4317.006	-4602.106	285.0999	0.8673649	0.9904936	12.62632
32658	-4312.536	-4598.809	286.2735	0.8924531	1.08714	11.95254
32664	-4311.311	-4593.135	281.8245	0.8005599	1.005406	14.35407
32670	-4323.052	-4605.412	282.3599	0.848677	1.071549	14.0183
32676	-4324.859	-4607.491	282.6316	0.7388033	1.102506	13.91933
32682	-4312.339	-4593.427	281.0884	0.7802487	0.9663392	14.76615
32688	-4317.938	-4600.332	282.394	0.9131012	0.9663392	14.02104
32694	-4320.848	-4606.481	285.6328	0.8146287	0.9663392	12.38899
32700	-4334.145	-4617.611	283.4662	0.590193	1.271238	13.48634
32706	-4333.332	-4616.681	283.3489	0.7074712	1.271238	13.48634
32712	-4320.029	-4606.966	286.9372	0.7866759	1.051929	11.67876
32718	-4315.393	-4601.76	286.3668	0.7633801	1.041884	11.99375
32724	-4326.64	-4611.683	285.0426	0.8326574	0.9324533	12.7053
32730	-4326.793	-4615.382	288.5886	0.8441624	0.9603702	10.83227
32736	-4322.847	-4612.674	289.8267	1.001594	0.9603702	10.09946
32742	-4320.763	-4610.597	289.8338	1.022066	0.9339332	10.09946
32748	-4317.769	-4604.248	286.4788	0.8924313	0.9320562	11.92585
32754	-4341.9	-4625.087	283.1877	0.6488463	1.173118	13.6442
32760	-4311.495	-4596.324	284.8295	0.8014969	1.196887	12.70071
32766	-4318.327	-4603.81	285.4826	0.7770655	1.099924	12.41885
32772	-4317.515	-4600.757	283.2417	0.8911856	1.003788	13.57299
32778	-4321.489	-4610.487	288.998	1.081526	1.003788	10.46984
32784	-4309.565	-4594.335	284.7704	0.8486666	1.054126	12.77495
32790	-4312.424	-4599.422	286.9974	0.8427802	1.111782	11.58851
32796	-4312.676	-4599.682	287.0054	0.8115883	1.008082	11.65251
32802	-4308.408	-4594.804	286.3955	0.7083081	1.008082	12.02483
32808	-4306.518	-4592.403	285.8856	0.8388097	1.007291	12.22306
32814	-4302.939	-4587.473	284.5332	0.8388097	0.8960289	12.98738
32820	-4304.058	-4591.004	286.9465	0.9419151	1.052567	11.59244
32826	-4300.128	-4584.414	284.2861	0.7327643	1.036517	13.09596
32832	-4311.726	-4597.657	285.9316	0.8012243	1.088221	12.17797
32838	-4336.129	-4621.558	285.4289	0.819394	1.148158	12.40175
32844	-4304.912	-4590.603	285.6908	0.8422599	1.100567	12.27609
32850	-4311.126	-4597.073	285.9473	0.9448732	0.8466726	12.22439
32856	-4305.986	-4591.169	285.1831	0.8959387	0.8899046	12.62296
32862	-4304.643	-4592.156	287.5126	0.9438536	0.8993191	11.37721
32868	-4303.11	-4586.624	283.5136	0.8289407	0.8993191	13.52045
32874	-4331.457	-4616.626	285.1686	0.7364384	0.9872136	12.66041
32880	-4335.813	-4619.566	283.7527	0.9686966	0.7981765	13.3831
32886	-4321.115	-4608.888	287.7727	0.8857863	0.8407388	11.3055
32892	-4309.5	-4598.456	288.9558	0.9639223	0.9585969	10.5778
32898	-4307.348	-4591.488	284.1399	0.7322132	1.023179	13.17902
32904	-4328.563	-4616.913	288.3495	0.7923909	1.129471	10.89885
32910	-4326.562	-4612.457	285.8948	0.8153506	0.9008978	12.28799
32916	-4320.029	-4605.855	285.8263	0.7179203	1.064506	12.28799
32922	-4321.598	-4612.443	290.8448	0.8834178	0.9377386	9.637876
32928	-4306.814	-4598.151	291.3374	0.9891344	0.9377386	9.322082
32934	-4306.981	-4597.104	290.123	0.8562658	0.8263276	10.09685
32940	-4289.486	-4576.904	287.4184	0.8423166	0.855348	11.50487
32946	-4288.992	-4575.986	286.9939	0.8224913	0.8959326	11.71363
32952	-4294.132	-4582.652	288.5199	0.9713804	0.8815366	10.84555
32958	-4297.197	-4583.993	286.796	0.8505602	0.9365881	11.77965
32964	-4310.128	-4596.876	286.7482	0.8032565	0.8950408	11.8525
32970	-4312.551	-4600.101	287.5493	0.9478821	0.8983009	11.35645
32976	-4310.11	-4597.618	287.5073	0.9899071	0.8983009	11.35645
32982	-4310.082	-4597.966	287.8846	1.129815	1.02265	11.01864
32988	-4308.401	-4593.756	285.3544	0.851002	0.7583613	12.63636
32994	-4307.936	-4593.552	285.6154	0.8539082	0.9205526	12.4025
33000	-4328.843	-4614.061	285.2181	0.8060626	0.9865312	12.59875
33006	-4335.843	-4623.851	288.0077	0.7745628	0.8797619	11.21794
33012	-4296.64	-4582.053	285.4134	0.8726343	0.8991689	12.50993
33018	-4299.229	-4588.694	289.4643	0.8976243	0.8932353	10.38198
33024	-4344.015	-4629.796	285.7803	0.7418599	0.9293755	12.37009
33030	-4301.855	-4590.338	288.4834	0.8912751	0.9860124	10.84897
33036	-4297.597	-4585.869	288.2726	0.9032488	1.004488	10.94349
33042	-4299.582	-4587.648	288.0658	0.8830441	1.004488	11.06237
33048	-4308.013	-4594.854	286.8403	0.7422265	0.9796428	11.7899
33054	-4295.078	-4581.335	286.2572	0.8048369	0.9839744	12.05923
33060	-4298.44	-4582.256	283.8167	0.7484301	1.069856	13.31508
33066	-4312.645	-4595.08	282.435	0.7526836	0.9275845	14.10387
33072	-4303.291	-4587.904	284.6136	0.8136614	0.8832993	12.96588
33078	-4300.723	-4587.738	287.0154	0.7638218	1.037671	11.65701
33084	-4317.431	-4605.024	287.5935	0.7638218	0.8645235	11.449
33090	-4312.761	-4600.77	288.009	0.7324687	0.9156999	11.21887
33096	-4312.836	-4598.192	285.3564	0.7261757	0.8831807	12.62495
33102	-4316.74	-4601.173	284.4326	0.8954261	1.074142	12.91641
33108	-4310.279	-4595.675	285.396	0.7416566	1.18217	12.44361
33114	-4331.133	-4620.247	289.1137	0.7779863	0.9731477	10.58467
33120	-4325.179	-4611.77	286.5912	0.7418947	1.177475	11.82237
33126	-4320.902	-4608.204	287.3018	0.900607	1.294229	11.31608
33132	-4326.321	-4613.147	286.8264	0.7280854	1.084654	11.75096
33138	-4326.903	-4610.149	283.2455	0.7982142	0.9714385	13.63621
33144	-4314.484	-4597.852	283.3683	0.7427594	0.9539492	13.61057
33150	-4336.54	-4623.145	286.6045	0.6929233	1.014614	11.92039
33156	-4331.839	-4618.504	286.6651	0.7955594	0.8594272	11.92039
33162	-4314.362	-4598.412	284.0495	0.7103358	1.209826	13.14799
33168	-4318.381	-4606.024	287.6429	0.8193571	0.9872287	11.32609
33174	-4304.337	-4591.942	287.6047	0.7523769	1.095601	11.32609
33180	-4316.864	-4604.357	287.493	0.9093422	0.868061	11.42343
33186	-4301.248	-4589.834	288.5858	0.9093422	0.9044177	10.83049
33192	-4299.585	-4586.619	287.0341	0.7350711	1.016995	11.67286
33198	-4312.428	-4597.874	285.4459	0.8269571	0.9807895	12.47227
33204	-4317.47	-4603.202	285.7328	0.7604308	0.9552046	12.37112
33210	-4310.659	-4597.486	286.8274	0.8642398	1.032761	11.70527
33216	-4304.458	-4592.595	288.137	0.7761048	1.065229	11.0501
33222	-4312.882	-4598.216	285.3341	0.8584926	0.9423188	12.53471
33228	-4306.687	-4589.132	282.4452	0.8127563	0.8052212	14.13811
33234	-4295.26	-4580.514	285.2544	0.7803077	0.9154051	12.63174
33240	-4310.343	-4597.636	287.2926	0.7733263	0.9810495	11.53659
33246	-4329.414	-4615.195	285.7813	0.7797655	0.9353048	12.3466
33252	-4332.357	-4619.022	286.6654	0.8623358	0.8945672	11.86514
33258	-4331.496	-4616.497	285.0016	0.8647909	0.9778994	12.68545
33264	-4328.28	-4612.613	284.3335	0.7013879	0.9591158	13.12796
33270	-4307.514	-4593.313	285.7983	0.8340801	1.052218	12.24814
33276	-4327.011	-4612.942	285.9307	0.7128287	1.040683	12.24814
33282	-4320.353	-4604.503	284.1505	0.7597285	1.014308	13.16375
33288	-4312.295	-4597.304	285.0094	0.8056795	0.9995458	12.70076
33294	-4321.456	-4609.323	287.8674	1.013114	1.150591	11.02577
33300	-4310.556	-4595.636	285.0795	1.013114	0.8778049	12.62281
33306	-4315.302	-4601.066	285.764	0.9167	0.9544658	12.2738
33312	-4324.977	-4610.297	285.3201	0.6940275	1.026391	12.58331
33318	-4313.555	-4601.377	287.8213	0.7243767	0.9839956	11.2842
33324	-4308.876	-4594.039	285.1634	0.6971967	1.01135	12.67098
33330	-4308.194	-4592.125	283.9307	0.7088479	1.026281	13.29828
33336	-4325.907	-4609.814	283.9068	0.7382436	0.9789392	13.32
33342	-4324.023	-4613.512	289.4893	0.9368536	1.090463	10.24376
33348	-4321.231	-4608.313	287.0816	0.9054866	0.9627315	11.58759
33354	-4313.81	-4596.877	283.0673	0.6302674	0.9985193	13.80162
33360	-4314.031	-4600.797	286.7661	0.797423	0.9985193	11.78985
33366	-4316.636	-4602.241	285.6051	0.7319434	1.097151	12.37987
33372	-4320.646	-4603.889	283.2438	0.6613412	1.114706	13.63604
33378	-4307.684	-4590.469	282.7853	0.7604418	0.9834941	13.88823
33384	-4316.829	-4599.848	283.019	0.7621435	0.770624	13.88823
33390	-4304.63	-4589.822	285.1918	0.7571236	1.304038	12.48805
33396	-4326.22	-4613.082	286.8621	0.7068439	0.990909	11.79102
33402	-4316.309	-4599.597	283.2877	0.6788348	1.143138	13.59067
33408	-4317.112	-4602.744	285.6322	0.7694377	0.8314747	12.489
33414	-4318.513	-4605.382	286.8691	0.8699231	0.8090984	11.80512
33420	-4308.166	-4596.262	288.0965	0.8635634	0.9415484	11.09015
33426	-4309.981	-4597.751	287.7695	0.823447	0.9415484	11.28232
33432	-4317.769	-4604.47	286.7017	0.7017661	1.120907	11.81219
33438	-4320.369	-4606.508	286.1388	0.7029101	0.8931702	12.2238
33444	-4320.646	-4604.588	283.9425	0.777179	1.037007	13.2512
33450	-4323.858	-4610.68	286.8221	0.8638169	0.897221	11.78105
33456	-4317.482	-4603.839	286.3571	0.8295695	1.100884	11.93501
33462	-4332.398	-4615.201	282.8031	0.9522025	0.9920586	13.77503
33468	-4332.919	-4613.049	280.13	0.8095419	0.8606757	15.30521
33474	-4327.523	-4614.792	287.2695	1.073076	1.020165	11.37152
33480	-4326.896	-4611.724	284.8275	0.7741898	0.8912639	12.87064
33486	-4332.555	-4616.978	284.4226	0.8566304	0.9485354	13.00661
33492	-4324.972	-4616.049	291.0778	0.9816374	0.9893099	9.435144
33498	-4326.145	-4613.543	287.3975	1.017667	1.119389	11.28421
33504	-4330.63	-4618.336	287.7063	0.8995211	1.180104	11.15579
33510	-4316.892	-4602.521	285.6285	0.7600891	1.088825	12.35709
33516	-4320.369	-4606.358	285.9894	0.8625793	0.8425268	12.2478
33522	-4330.567	-4613.759	283.1923	0.7849412	1.137123	13.58797
33528	-4320.36	-4603.768	283.4077	0.677248	0.9922025	13.60389
33534	-4314.421	-4597.142	282.7206	0.7244001	0.9069644	13.98186
33540	-4323.029	-4607.377	284.3481	0.8268582	0.9105528	13.08172
33546	-4317.132	-4600.154	283.0222	0.7129632	0.9127376	13.82819
33552	-4313.627	-4598.349	284.7219	0.8368098	0.9582089	12.85606
33558	-4314.929	-4596.909	281.9806	0.7281154	0.9307707	14.35036
33564	-4311.296	-4595.025	283.7291	0.7140672	0.9392398	13.44615
33570	-4319.219	-4602.617	283.3979	0.7352693	0.9392398	13.60705
33576	-4322.576	-4605.247	282.671	0.6812563	0.9392398	14.01221
33582	-4324.272	-4608.118	283.8464	0.703916	1.180449	13.27022
33588	-4322.023	-4606.679	284.656	0.7041163	0.9776827	12.94895
33594	-4317.949	-4600.362	282.4129	0.7011218	0.9617208	14.12362
33600	-4326.34	-4613.605	287.2646	0.8825923	0.9212079	11.5266
33606	-4323.901	-4612.001	288.0997	0.9243613	0.9880469	11.0316
33612	-4306.941	-4590.965	284.0239	0.8039044	0.7882374	13.33394
33618	-4301.252	-4586.828	285.5758	0.9094708	0.965879	12.36953
33624	-4321.282	-4608.593	287.3118	0.7961491	1.010791	11.49906
33630	-4304.968	-4593.265	288.2968	0.8710235	1.069267	10.91466
33636	-4308.463	-4594.528	286.0643	0.9221552	1.069267	12.05503
33642	-4308.327	-4594.886	286.5592	0.9185057	1.014699	11.82624
33648	-4320.198	-4607.519	287.3204	0.885493	1.102565	11.40181
33654	-4306.723	-4594.047	287.3245	0.8795619	1.104493	11.40181
33660	-4308.284	-4591.102	282.8177	0.7935526	1.045228	13.82255
33666	-4306.953	-4590.277	283.3246	0.9578004	1.010016	13.49215
33672	-4316.971	-4600.605	283.6342	1.00865	0.907801	13.35975
33678	-4316.093	-4601.148	285.0548	0.8082298	1.103574	12.62367
33684	-4312.741	-4598.494	285.7529	0.8037976	0.9786898	12.32548
33690	-4339.565	-4621.2	281.6355	0.7083164	1.016919	14.49383
33696	-4345.844	-4627.499	281.6542	0.6871176	0.9689468	14.52008
33702	-4322.116	-4611.708	289.5917	0.9164089	0.9399547	10.27897
33708	-4313.282	-4598.253	284.9705	0.7769651	0.9479547	12.76336
33714	-4315.498	-4600.454	284.9561	0.6617371	1.078724	12.76336
33720	-4328.79	-4613.736	284.9457	0.9091165	0.9583838	12.70185
33726	-4318.456	-4606.707	288.2507	0.8858436	1.123223	10.90463
33732	-4309.009	-4593.784	284.7754	0.7679972	0.8886787	12.90243
33738	-4315.797	-4600.087	284.2901	0.785982	0.8877599	13.14593
33744	-4323.28	-4608.241	284.9611	0.6431946	0.8996504	12.86453
33750	-4320.743	-4605.92	285.1768	0.7925573	0.8091925	12.72755
33756	-4322.444	-4606.859	284.4151	0.7922955	0.927161	13.05562
33762	-4321.463	-4606.371	284.9081	0.7922955	0.9641312	12.77914
33768	-4321.053	-4606.973	285.92	0.7274546	0.9829971	12.27592
33774	-4317.864	-4605.008	287.1439	0.8390125	1.063807	11.53744
33780	-4317.892	-4601.939	284.0472	0.791646	0.9619361	13.22831
33786	-4305.49	-4588.391	282.9015	0.7700958	1.021383	13.80332
33792	-4319.066	-4605.627	286.5611	0.8450581	1.03554	11.85295
33798	-4317.008	-4603.57	286.5623	0.8633522	1.015657	11.85295
33804	-4330.712	-4617.251	286.5392	0.9163885	0.98575	11.85295
33810	-4335.339	-4620.998	285.6584	0.7879894	1.007507	12.36787
33816	-4330.291	-4620.97	290.6795	0.9768833	0.7946865	9.759818
33822	-4334.162	-4619.383	285.2214	0.7189538	1.003036	12.63378
33828	-4313.435	-4600.216	286.7809	0.6661705	0.9580231	11.87215
33834	-4333.58	-4617.98	284.4	0.7159435	0.9610345	13.08477
33840	-4328.795	-4612.936	284.1409	0.8170475	0.9167261	13.19107
33846	-4320.273	-4607.247	286.9737	0.8332128	1.005229	11.65924
33852	-4340.44	-4624.612	284.1716	0.7951496	1.025965	13.12844
33858	-4335.107	-4616.624	281.5177	0.7890128	0.98979	14.52702
33864	-4331.531	-4611.503	279.9727	0.7567884	0.9238961	15.37821
33870	-4354.077	-4639.003	284.9254	0.7842102	0.86656	12.82864
33876	-4329.586	-4614.41	284.8237	0.8077397	0.9338659	12.83142
33882	-4332.319	-4613.399	281.0803	0.7350335	1.260823	14.65268
33888	-4329.838	-4614.249	284.4115	0.6559329	0.9103552	13.13769
33894	-4324.942	-4609.623	284.6806	0.8178931	1.020507	12.85468
33900	-4344.395	-4626.731	282.336	0.8171919	1.069487	14.04803
33906	-4339.97	-4619.859	279.8885	0.8171919	1.063305	15.31799
33912	-4333.774	-4617.474	283.6996	0.881019	0.9902918	13.34747
33918	-4339.244	-4622.787	283.5435	1.004416	1.023166	13.34747
33924	-4336.712	-4621.549	284.8365	0.825584	1.028406	12.76552
33930	-4334.445	-4615.224	280.7784	0.7324156	0.9885799	14.93959
33936	-4341.913	-4627.383	285.4694	0.7339634	1.013477	12.4914
33942	-4345.759	-4631.784	286.0244	0.7072343	0.8453284	12.30885
33948	-4353.115	-4637.588	284.4722	0.8550196	0.8453284	13.03991
33954	-4325.108	-4612.96	287.852	0.7668977	1.048799	11.21235
33960	-4316.488	-4602.628	286.1405	0.7188832	0.8779806	12.22328
33966	-4303.867	-4591.201	287.3343	0.8351661	0.8712041	11.54332
33972	-4314.066	-4598.795	284.7291	0.731045	0.9539557	12.90962
33978	-4316.381	-4601.151	284.77	0.7572828	0.8907504	12.90962
33984	-4319.955	-4608.723	288.7682	1.023855	1.019676	10.61247
33990	-4320.808	-4606.123	285.3151	0.8228521	1.072068	12.49587
33996	-4309.245	-4596.924	287.6793	0.8320666	1.076473	11.25478
34002	-4331.641	-4621.382	289.741	0.9071446	1.009157	10.16828
34008	-4319.81	-4606.72	286.9099	0.7461528	0.9477786	11.76858
34014	-4321.203	-4608.078	286.8745	0.8518445	0.952604	11.72924
34020	-4305.906	-4591.604	285.6978	0.7159434	0.9236179	12.42977
34026	-4317.467	-4602.53	285.0637	0.7564951	0.9986096	12.69859
34032	-4312.765	-4600.2	287.4348	0.8091959	0.9317562	11.47016
34038	-4327.793	-4612.459	284.6657	0.7951606	1.05527	12.85671
34044	-4319.121	-4602.701	283.5795	0.7863683	0.9391578	13.48629
34050	-4320.326	-4604.273	283.9464	0.7170317	0.9181252	13.34332
34056	-4330.77	-4614.529	283.7594	0.7294643	1.093145	13.34332
34062	-4335.122	-4616.981	281.8589	0.7571559	0.81404	14.46532
34068	-4334.034	-4618.976	284.942	0.7792141	1.094829	12.70172
34074	-4325.629	-4608.738	283.1098	0.9034504	1.042169	13.6155
34080	-4330.695	-4615.958	285.2627	0.7089649	0.8503767	12.70172
34086	-4323.967	-4609.578	285.6118	0.7105814	1.075218	12.39827
34092	-4328.052	-4613.487	285.4343	0.6974777	1.029471	12.5205
34098	-4342.013	-4630.196	288.1832	0.8918069	0.9352648	11.03342
34104	-4333.617	-4618.944	285.3266	0.8613026	1.023851	12.49413
34110	-4336.826	-4619.133	282.3064	0.785758	0.9963866	14.11669
34116	-4328.204	-4612.621	284.4171	0.7447886	1.06756	13.0061
34122	-4310.428	-4596.51	286.0817	0.8199735	1.085276	12.09133
34128	-4327.386	-4615.085	287.6986	0.8551539	0.9803713	11.28189
34134	-4330.671	-4614.531	283.8599	0.6499675	0.9196764	13.42221
34140	-4332.646	-4619.184	286.5385	0.8285587	0.9892795	11.89729
34146	-4322.998	-4609.377	286.379	0.8857036	1.035012	11.92702
34152	-4324.982	-4611.324	286.3415	0.8399482	1.073307	11.95126
34158	-4335.678	-4620.642	284.9632	0.8689182	1.001725	12.6908
34164	-4333.467	-4619.33	285.8627	0.803152	1.057506	12.22807
34170	-4321.763	-4606.822	285.0587	0.8467431	0.8741792	12.7223
34176	-4317.67	-4603.863	286.1925	0.8885349	0.7956688	12.15671
34182	-4327.748	-4613.914	286.1663	0.8847214	0.8630299	12.13197
34188	-4326.399	-4610.376	283.9766	0.7481741	1.050095	13.24199
34194	-4318.45	-4601.712	283.2615	0.684731	0.9521539	13.6971
34200	-4313.555	-4596.841	283.2866	0.8463628	1.028484	13.56024
34206	-4314.168	-4600.61	286.4427	0.8863615	1.16884	11.82846
34212	-4305.97	-4592.075	286.1041	0.8484524	1.0088	12.10336
34218	-4313.3	-4599.919	286.6187	0.8355453	1.067952	11.81154
34224	-4316.083	-4602.533	286.4502	0.8368639	0.9253491	11.97351
34230	-4331.144	-4617.363	286.2198	0.6799157	1.001938	12.13449
34236	-4327.571	-4613.636	286.0651	0.7656533	1.072759	12.13449
34242	-4313.715	-4599.85	286.1347	0.7697197	0.9971745	12.13449
34248	-4324.016	-4609.233	285.2176	0.749101	1.053668	12.5942
34254	-4329.321	-4610.668	281.3469	0.787206	1.02377	14.5989
34260	-4312.462	-4598.725	286.2625	0.8257233	0.9370419	12.07078
34266	-4307.465	-4590.67	283.2041	0.8181686	0.9372269	13.66573
34272	-4313.038	-4597.776	284.7375	0.8983652	0.9372269	12.82729
34278	-4307.149	-4592.322	285.1724	0.8038782	1.061287	12.58544
34284	-4339.118	-4623.872	284.7537	0.7929462	1.187849	12.74873
34290	-4336.035	-4622.246	286.2112	0.7909365	1.032824	12.06516
34296	-4328.87	-4615.049	286.1789	0.9210231	0.9362332	12.06516
34302	-4314.103	-4601.506	287.4028	0.8488874	1.078551	11.38961
34308	-4316.223	-4601.223	285.0004	0.8918531	1.025094	12.64745
34314	-4314.696	-4602.021	287.3244	0.9196149	1.076387	11.39467
34320	-4325.104	-4612.676	287.5724	0.8932053	0.9815032	11.32737
34326	-4324.964	-4612.176	287.2115	0.9182404	0.9815032	11.50301
34332	-4339.729	-4625.812	286.0837	0.8209131	0.9936908	12.1362
34338	-4330.461	-4615.641	285.1807	0.8009422	1.080896	12.57296
34344	-4320.924	-4605.212	284.2878	0.924329	0.9458738	13.04295
34350	-4331.613	-4617.84	286.2274	0.8158347	0.8470783	12.14539
34356	-4338.496	-4621.974	283.4782	0.7626186	0.9342376	13.55392
34362	-4336.823	-4624.212	287.3889	0.9265901	1.064085	11.36343
34368	-4338.887	-4628.189	289.3019	1.012392	0.9677008	10.36574
34374	-4341.981	-4631.1	289.1189	0.9879235	0.8974721	10.51352
34380	-4333.238	-4615.416	282.1786	0.6807793	1.089822	14.19038
34386	-4336.816	-4618.834	282.0183	0.6556703	1.084588	14.28902
34392	-4339.089	-4627.06	287.9712	0.8426185	1.069954	11.09974
34398	-4314.14	-4601.958	287.8188	0.7486395	0.9228454	11.30594
34404	-4326.484	-4614.16	287.6763	0.9130364	0.8883516	11.31395
34410	-4338.647	-4622.145	283.4983	0.6904146	0.8649574	13.61992
34416	-4338.813	-4622.93	284.1172	0.6688494	0.9227078	13.27707
34422	-4333.672	-4613.318	279.6458	0.8682116	0.9159768	15.49388
34428	-4335.588	-4616.58	280.9913	0.7915816	1.04489	14.77004
34434	-4331.291	-4615.323	284.0314	0.757667	0.9588719	13.25584
34440	-4344.787	-4628.655	283.868	0.730889	1.311522	13.18724
34446	-4344.733	-4632.145	287.4124	0.8625271	1.256938	11.29432
34452	-4339.869	-4627.295	287.4256	0.8625271	0.9792021	11.42141
34458	-4337.635	-4624.855	287.2202	0.7662439	1.214418	11.46415
34464	-4315.88	-4604.193	288.3136	0.7953627	0.9539328	11.00543
34470	-4322.775	-4608.4	285.6256	0.8905459	0.9614452	12.35583
34476	-4315.763	-4603.254	287.4913	0.794031	0.9307467	11.44913
34482	-4345.141	-4632.003	286.8613	0.7733194	1.180315	11.66358
34488	-4346.192	-4627.904	281.7121	0.7210613	1.182114	14.36776
34494	-4330.475	-4615.659	285.1835	0.8434132	1.056423	12.56151
34500	-4335.029	-4619.873	284.8434	0.7724209	0.9457354	12.83308
34506	-4320.659	-4607.838	287.1786	0.8573584	1.070992	11.50611
34512	-4342.712	-4630.734	288.0221	0.9320467	1.070992	11.02571
34518	-4340.147	-4623.923	283.7762	0.8013908	0.8885837	13.40446
34524	-4330.771	-4616.034	285.2628	0.8654594	0.9817135	12.54707
34530	-4331.706	-4617.053	285.3469	0.7682249	1.007484	12.54045
34536	-4336.359	-4619.424	283.0654	0.7707272	1.05387	13.70154
34542	-4344.276	-4630.138	285.862	0.8592454	0.8831243	12.29232
34548	-4339.747	-4622.997	283.2503	0.7701283	0.8545482	13.71329
34554	-4337.144	-4623.241	286.0969	0.6927855	1.139743	12.12352
34560	-4345.424	-4628.422	282.998	0.7243256	0.9408493	13.8194
34566	-4342.859	-4626.81	283.9509	0.7120941	1.00297	13.29811
34572	-4331.132	-4619.152	288.0193	0.9328617	0.994453	11.06589
34578	-4330.084	-4616.361	286.2775	0.8136373	0.994453	12.03854
34584	-4332.569	-4619.494	286.9254	0.7193735	0.9731346	11.76086
34590	-4330.471	-4614.41	283.9397	0.779356	1.213415	13.16758
34596	-4351.861	-4634.495	282.6346	0.7732897	1.213415	13.84832
34602	-4320.241	-4605.113	284.8718	0.8724427	0.9610332	12.75799
34608	-4309.179	-4594.23	285.0512	0.737526	0.8186708	12.81577
34614	-4314.272	-4598.412	284.1391	0.9152251	0.8431588	13.18303
34620	-4328.254	-4615.965	287.7111	0.7953687	0.9646868	11.315
34626	-4307.482	-4592.889	285.407	0.8375209	1.003496	12.47514
34632	-4311.827	-4597.364	285.5368	0.9061899	0.884316	12.4366
34638	-4324.147	-4609.94	285.7923	0.9061899	0.884316	12.30351
34644	-4311.552	-4596.095	284.5428	0.8672155	1.056911	12.88234
34650	-4315.176	-4601.224	286.0481	0.8672155	0.9025235	12.18014
34656	-4320.614	-4607.117	286.5037	0.8489954	0.9445236	11.92871
34662	-4317.212	-4603.799	286.5863	1.099689	0.7355475	11.87936
34668	-4322.407	-4607.81	285.4027	0.952804	0.7355475	12.57296
34674	-4320.03	-4604.429	284.3984	0.7613893	0.8831531	13.10504
34680	-4333.714	-4621.951	288.2372	1.034678	0.8575659	10.97446
34686	-4336.699	-4626.554	289.8549	0.9021096	1.002986	10.11425
34692	-4332.347	-4621.208	288.8614	0.7945716	0.9539114	10.71875
34698	-4332.424	-4620.07	287.6457	0.9091296	1.018448	11.2614
34704	-4324.707	-4610.072	285.3648	0.6967753	1.052231	12.54557
34710	-4323.03	-4610.33	287.3001	0.8254596	1.078573	11.45555
34716	-4334.241	-4622.222	287.9816	0.9852123	1.102474	11.0036
34722	-4326.48	-4613.952	287.4719	0.8540079	1.109116	11.33582
34728	-4351.125	-4640.53	289.4053	0.8200331	1.044663	10.3722
34734	-4334.647	-4618.86	284.2136	0.5902908	1.054569	13.19862
34740	-4321.15	-4605.704	284.5535	0.7770951	1.054569	12.92481
34746	-4330.325	-4617.968	287.6429	0.8648951	1.028838	11.28065
34752	-4323.786	-4608.772	284.9863	0.6421616	0.8802328	12.86296
34758	-4315.18	-4598.889	283.7095	0.7990692	0.962394	13.39968
34764	-4320.284	-4605.312	285.0275	0.7157581	1.030805	12.72208
34770	-4327.956	-4612.973	285.0173	0.7561653	1.000232	12.72208
34776	-4328.969	-4614.914	285.945	0.7617199	0.9271669	12.27515
34782	-4327.004	-4612.258	285.2546	0.7251766	0.9864834	12.62187
34788	-4339.511	-4624.72	285.2094	0.8051094	0.9525997	12.62187
34794	-4336.915	-4621.904	284.9887	0.8036374	0.9883344	12.71847
34800	-4328.558	-4611.227	282.6684	0.758165	0.9395247	13.97353
34806	-4326.705	-4610.67	283.9647	0.8344711	1.064131	13.19635
34812	-4324.077	-4609.728	285.651	0.8431285	1.0461	12.32327
34818	-4327.64	-4609.748	282.1078	0.8558418	1.312418	14.0357
34824	-4334.188	-4618.88	284.692	0.929525	1.237227	12.68756
34830	-4313.944	-4602.899	288.9557	1.005498	1.097235	10.48468
34836	-4308.683	-4597.501	288.8183	0.9120565	1.097235	10.60587
34842	-4316.171	-4602.403	286.2327	0.9457954	0.9396584	12.02228
34848	-4317.326	-4606.48	289.1538	1.04126	1.126381	10.34772
34854	-4308.958	-4595.815	286.8563	0.8729589	1.072282	11.66578
34860	-4310.79	-4597.924	287.1339	0.7484468	0.9197864	11.66578
34866	-4317.543	-4602.975	285.4324	0.7163371	1.084084	12.48436
34872	-4313.087	-4600.933	287.846	0.7974785	0.9578381	11.24702
34878	-4307.089	-4593.689	286.6	0.7944435	0.8515825	11.95953
34884	-4313.482	-4600.12	286.6379	0.8221945	0.9573197	11.86575
34890	-4310.496	-4597.328	286.832	0.7326801	0.8599456	11.86575
34896	-4305.514	-4593.165	287.6514	0.8782568	0.8599456	11.36156
34902	-4299.281	-4584.628	285.3466	0.8005381	0.9335497	12.56318
34908	-4311.636	-4597.87	286.2343	0.7283839	1.04247	12.08083
34914	-4306.351	-4591.35	284.9989	0.7960429	0.8204873	12.81145
34920	-4304.729	-4593.25	288.5209	0.9375063	1.121147	10.73692
34926	-4303.733	-4590.534	286.8016	1.00645	0.9092401	11.7105
34932	-4293.601	-4579.438	285.8377	0.8410335	1.174249	12.16528
34938	-4299.006	-4584.807	285.8011	0.8958855	1.153783	12.16528
34944	-4309.693	-4596.821	287.1283	0.8908152	0.8392624	11.64068
34950	-4305	-4591.431	286.4311	0.7432683	0.8392624	12.08161
34956	-4305.034	-4590.444	285.4101	0.8383959	1.009966	12.4697
34962	-4303.255	-4585.219	281.9638	0.6992769	0.9957017	14.33938
34968	-4305.635	-4589.811	284.1766	0.8490586	1.195995	13.01604
34974	-4302.324	-4589.159	286.8344	0.7949223	1.150461	11.68027
34980	-4312.031	-4597.695	285.6639	0.8211053	1.009057	12.34696
34986	-4309.737	-4595.385	285.6482	0.7606121	1.08796	12.34696
34992	-4334.055	-4621.704	287.6498	0.7935193	1.032206	11.31265
34998	-4317.125	-4605.365	288.2401	0.8387002	0.8972328	11.05269
35004	-4312.604	-4595.407	282.8034	0.7877064	1.124161	13.79447
35010	-4321.716	-4609.798	288.082	0.7564829	1.003484	11.12067
35016	-4315.61	-4603.848	288.2385	0.6918019	0.9145503	11.12067
35022	-4317.453	-4605.415	287.9616	0.7937114	0.9192051	11.20968
35028	-4314.496	-4601.127	286.6312	0.7468746	1.114929	11.82835
35034	-4317.018	-4604.951	287.9339	0.7989918	0.9253208	11.21801
35040	-4330.897	-4618.314	287.4167	0.7716721	0.9253208	11.50282
35046	-4317.987	-4603.594	285.6071	0.681311	0.9167429	12.49887
35052	-4320.917	-4607.594	286.6769	0.7996132	1.055324	11.8062
35058	-4309.878	-4595.933	286.0556	0.760908	0.8748576	12.24738
35064	-4314.103	-4599.685	285.5822	0.8248488	0.9110563	12.44026
35070	-4324.121	-4613.943	289.8214	0.7280869	0.9573223	10.24775
35076	-4322.277	-4605.247	282.9701	0.7280869	1.034626	13.78277
35082	-4322.675	-4605.94	283.2657	0.7280869	1.069706	13.61188
35088	-4330.792	-4614.062	283.2695	0.8121807	0.9802176	13.61188
35094	-4326.357	-4612.539	286.1817	0.7685623	1.092416	12.0625
35100	-4340.06	-4627.74	287.6801	0.7809599	1.068934	11.28484
35106	-4331.89	-4618.102	286.212	0.7113911	1.068934	12.08805
35112	-4328.283	-4614.41	286.1269	0.7965139	1.068934	12.08805
35118	-4320.023	-4604.88	284.857	0.7252446	1.077463	12.78255
35124	-4332.537	-4618.046	285.509	0.815148	1.352209	12.2723
35130	-4327.984	-4611.611	283.6268	0.7545605	1.29972	13.30529
35136	-4327.737	-4614.23	286.4929	0.8590069	1.095402	11.85145
35142	-4315.628	-4601.592	285.9645	0.9256462	1.040669	12.11959
35148	-4330.532	-4611.668	281.1366	0.7056261	1.121146	14.70217
35154	-4325.243	-4612.176	286.9327	0.7579691	1.18784	11.63084
35160	-4331.881	-4614.762	282.8807	0.7267876	1.030688	13.83186
35166	-4336.638	-4622.441	285.8028	0.8810885	1.050459	12.22216
35172	-4330.515	-4613.517	283.0026	0.7394756	0.9752247	13.79071
35178	-4332.957	-4616.932	283.9752	0.8784945	1.059695	13.17021
35184	-4338.445	-4622.547	284.1022	0.766424	1.044138	13.17021
35190	-4321.087	-4606.446	285.3597	0.9125746	1.029843	12.4471
35196	-4324.475	-4612.225	287.7498	0.8468186	1.111163	11.19321
35202	-4320.227	-4608.037	287.8101	0.9434043	0.9508268	11.19321
35208	-4318.068	-4603.076	285.0079	0.8718044	1.087375	12.62284
35214	-4321.464	-4608.841	287.3775	0.7648908	1.064426	11.45375
35220	-4318.163	-4606.792	288.6292	0.8557358	1.030882	10.76781
35226	-4313.039	-4601.681	288.6421	0.7999525	0.9812199	10.81624
35232	-4314.903	-4602.165	287.2625	0.7327766	1.145736	11.49123
35238	-4317.174	-4605.263	288.089	0.7722715	1.145736	11.03811
35244	-4313.673	-4599.51	285.8373	0.7210483	0.9729569	12.3277
35250	-4317.312	-4602.809	285.4968	0.7703535	0.9834222	12.47385
35256	-4325.642	-4611.844	286.2017	0.847796	1.015821	12.04916
35262	-4327.895	-4612.011	284.1163	0.6441901	0.8671697	13.3217
35268	-4335.752	-4619.442	283.69	0.7099671	1.237824	13.32247
35274	-4337.773	-4623.494	285.7207	0.7406858	0.7836013	12.48712
35280	-4330.695	-4617.296	286.6006	0.8782173	0.9321169	11.86971
35286	-4321.807	-4608.964	287.1576	0.8568797	0.9875386	11.56005
35292	-4331.271	-4616.594	285.3224	0.957376	1.180399	12.37037
35298	-4324.573	-4609.523	284.9494	0.7629703	1.169232	12.67103
35304	-4315.686	-4600.594	284.9076	0.7667886	1.169232	12.69081
35310	-4315.452	-4604.106	288.6545	1.034225	1.047528	10.65247
35316	-4323.456	-4610.052	286.5957	1.004645	1.327712	11.61657
35322	-4310.882	-4599.504	288.6219	0.9474996	1.357234	10.57318
35328	-4307.033	-4595.807	288.7739	0.9367794	1.187798	10.57318
35334	-4311.597	-4599.722	288.1249	0.8741676	1.193393	10.94376
35340	-4309.827	-4594.064	284.237	0.9011884	1.239373	12.93806
35346	-4316	-4605.916	289.9156	0.8222257	0.9814122	10.13575
35352	-4315.036	-4601.598	286.5615	0.9040825	0.9079013	11.89005
35358	-4318.449	-4604.383	285.9342	0.8804417	0.8754402	12.24802
35364	-4310.876	-4599.823	288.9473	0.850279	1.038341	10.60002
35370	-4315.145	-4603.385	288.2393	0.8555459	0.9486448	11.01571
35376	-4321.552	-4609.085	287.5329	0.9093432	0.8902109	11.38982
35382	-4326.192	-4610.571	284.3788	0.8081019	0.9724795	13.04178
35388	-4321.725	-4606.604	284.8785	0.8491988	1.263179	12.62086
35394	-4312.105	-4599.137	287.0316	0.8491988	0.9561677	11.64664
35400	-4309.377	-4596.981	287.604	0.9078897	1.016737	11.28471
35406	-4321.632	-4605.802	284.1701	0.7860128	0.9185359	13.191
35412	-4325.519	-4611.543	286.0244	0.8457562	0.9932921	12.1544
35418	-4332.045	-4616.242	284.1973	0.7263093	1.030376	13.14862
35424	-4322.74	-4606.293	283.5537	0.9408956	1.104207	13.33497
35430	-4318.51	-4604.69	286.1808	0.8143813	1.103084	12.03388
35436	-4316.982	-4601.872	284.8908	0.8634604	0.8319675	12.8257
35442	-4331.404	-4619.45	288.0468	0.8680695	0.9664414	11.10029
35448	-4333.714	-4618.506	284.7923	0.7164093	1.214775	12.75628
35454	-4328.604	-4613.747	285.1429	0.774578	1.005143	12.64455
35460	-4333.129	-4617.932	284.8028	0.6407844	1.067715	12.85948
35466	-4326.49	-4612.513	286.0233	0.7937138	1.047914	12.15405
35472	-4337.71	-4628.139	290.4291	1.078098	0.8986243	9.776377
35478	-4343.089	-4628.156	285.0677	0.7799759	1.105656	12.63065
35484	-4345.608	-4626.206	280.5982	0.6441404	1.038879	15.05272
35490	-4330.088	-4614.206	284.1182	0.7389375	0.968724	13.21519
35496	-4318.213	-4605.728	287.5148	0.8246722	0.9460881	11.41241
35502	-4323.4	-4605.953	282.5535	0.6280528	0.9329627	14.10412
35508	-4324.087	-4608.743	284.6558	0.8218348	0.906788	12.92643
35514	-4316.946	-4602.624	285.6779	0.7977386	0.8340866	12.44891
35520	-4319.691	-4603.787	284.0959	0.7768621	0.9167262	13.23532
35526	-4306.065	-4589.222	283.1566	0.7193027	0.9398187	13.74025
35532	-4305.172	-4592.354	287.1818	0.8814735	1.158322	11.44976
35538	-4305.204	-4590.117	284.9129	0.9029097	1.135857	12.63278
35544	-4308.225	-4589.939	281.7137	0.8156281	1.046596	14.3827
35550	-4312.161	-4597.335	285.1739	0.6563797	0.9470848	12.72076
35556	-4307.824	-4592.501	284.6774	0.7982742	0.976057	12.88974
35562	-4320.699	-4607.1	286.4015	0.8834229	1.037343	11.91532
35568	-4316.273	-4600.968	284.6958	0.7613607	0.9623072	12.90667
35574	-4322.63	-4608.412	285.7822	0.9096774	1.01794	12.23455
35580	-4323.121	-4611.405	288.284	0.881543	1.01794	10.94189
35586	-4327.419	-4611.917	284.4976	0.7550725	1.223511	12.8856
35592	-4314.778	-4599.866	285.0882	0.719234	0.9119646	12.75194
35598	-4326.279	-4611.595	285.3158	0.6949446	1.146259	12.52642
35604	-4320.231	-4605.155	284.9243	0.7039369	0.9553119	12.82146
35610	-4322.353	-4608.357	286.0035	0.7709841	0.9553119	12.22446
35616	-4337.16	-4618.782	281.6217	0.6306686	1.057556	14.52068
35622	-4329.122	-4615.176	286.0542	0.729291	0.9946911	12.19887
35628	-4340.736	-4625.967	285.2314	0.7916527	1.016785	12.58358
35634	-4324.738	-4608.048	283.3102	0.7125209	1.075602	13.59393
35640	-4332.988	-4617.551	284.5628	0.7712794	1.195127	12.856
35646	-4316.007	-4602.47	286.4632	0.8193245	0.857404	12.01452
35652	-4321.525	-4605.243	283.7184	0.788785	0.9299578	13.41796
35658	-4335.76	-4623.844	288.0841	1.112791	0.9551033	10.95872
35664	-4325.538	-4608.118	282.5802	0.7696757	0.9279616	14.0196
35670	-4330.658	-4611.493	280.8349	0.7495153	0.8769267	14.96243
35676	-4337.274	-4619.484	282.2106	0.6935744	0.8225638	14.31095
35682	-4335.168	-4617.84	282.6722	0.7204589	1.100446	13.90874
35688	-4340.571	-4622.426	281.8551	0.8128282	0.9767873	14.34678
35694	-4347.386	-4626.162	278.7759	0.8453442	0.9264964	15.94913
35700	-4330.79	-4620.505	289.7147	0.8570536	0.8527327	10.29532
35706	-4316.114	-4601.24	285.1265	0.7889835	0.9906473	12.65315
35712	-4323.629	-4609.35	285.7214	0.8610807	1.075584	12.26251
35718	-4324.548	-4610.292	285.7437	0.7889256	0.951925	12.35238
35724	-4332.408	-4617.894	285.4862	0.7084596	0.8053183	12.61263
35730	-4327.693	-4612.794	285.1014	0.721454	0.7915513	12.8146
35736	-4333.168	-4618.133	284.9643	0.6592577	0.9726517	12.8146
35742	-4346.799	-4631.187	284.3881	0.7521347	0.9522334	13.07689
35748	-4343.84	-4627.075	283.2344	0.8218173	1.047174	13.59066
35754	-4326.273	-4610.462	284.1893	0.7190502	0.9571671	13.19479
35760	-4320.649	-4603.025	282.3765	0.8062613	0.9182202	14.1116
35766	-4324.747	-4607.043	282.2964	0.7126547	1.00438	14.15562
35772	-4325.361	-4610.398	285.0368	0.7844446	0.9865977	12.70436
35778	-4326.718	-4606.921	280.2029	0.7133059	0.973062	15.25521
35784	-4332.671	-4615.106	282.4354	0.7281568	0.973062	14.09187
35790	-4313.869	-4598.697	284.828	0.7448796	0.973062	12.84073
35796	-4317.481	-4603.745	286.2635	0.7500736	0.8364668	12.16713
35802	-4320.954	-4607.087	286.1325	0.8280199	1.086752	12.05989
35808	-4329.173	-4615.543	286.3701	0.7643184	0.9131863	12.05989
35814	-4326.394	-4612.934	286.5396	0.7090592	0.8109343	12.05989
35820	-4326.532	-4612.352	285.8198	0.6863508	1.078998	12.30062
35826	-4326.404	-4614.731	288.3268	0.8545817	1.094895	10.89486
35832	-4313.876	-4599.419	285.5434	0.7091042	0.8098272	12.57976
35838	-4322.784	-4608.223	285.4397	0.7725035	0.8448163	12.57976
35844	-4321.499	-4603.661	282.1621	0.7645524	1.101703	14.14976
35850	-4312.454	-4599.529	287.0749	0.9281214	0.8676618	11.63239
35856	-4322.362	-4608.369	286.0079	0.7797631	1.04225	12.17221
35862	-4321.11	-4604.429	283.3188	0.7166067	0.8553719	13.70501
35868	-4314.677	-4596.024	281.3477	0.637564	0.9593824	14.70948
35874	-4315.487	-4603.255	287.7684	0.7716471	0.9317164	11.31539
35880	-4321.824	-4606.387	284.5629	0.756515	1.041261	12.93728
35886	-4319.941	-4604.727	284.7853	0.6948988	1.03227	12.8582
35892	-4317.709	-4603.818	286.1091	0.7408106	1.226909	12.05204
35898	-4310.504	-4598.993	288.4895	0.8312731	0.9857184	10.8774
35904	-4298.714	-4588.643	289.9288	1.061746	0.8940482	10.05105
35910	-4313.414	-4606.059	292.6457	0.9205503	0.8700069	8.704473
35916	-4312.412	-4597.349	284.9372	0.7764541	0.9859917	12.76065
35922	-4319.233	-4603.783	284.5504	0.6105045	1.065242	13.00772
35928	-4323.856	-4610.105	286.2496	0.784072	0.9197186	12.1088
35934	-4302.352	-4588.016	285.6635	0.8083574	1.178267	12.27129
35940	-4298.725	-4585.627	286.9023	0.7770369	1.023918	11.71625
35946	-4295.551	-4583.545	287.9945	0.8621176	1.023918	11.10062
35952	-4302.374	-4589.357	286.9832	0.794676	1.031045	11.66111
35958	-4301.645	-4586.138	284.4928	0.6997591	1.165902	12.94302
35964	-4312.227	-4601.947	289.7206	0.974972	0.9116021	10.19623
35970	-4312.036	-4599.542	287.5054	0.845798	0.9772956	11.38948
35976	-4316.09	-4600.793	284.703	0.845798	0.8981614	12.89426
35982	-4304.942	-4592.843	287.9012	0.9517194	0.9763587	11.12743
35988	-4315.204	-4603.213	288.0097	0.8192654	1.09231	11.08076
35994	-4312.594	-4596.132	283.5377	0.7034082	1.078722	13.47904
36000	-4322.399	-4610.958	288.5587	0.9582209	1.042663	10.74503
36006	-4332.883	-4619.888	287.0049	0.9626255	1.195828	11.4825
36012	-4331.638	-4616.89	285.2517	0.8425162	1.161893	12.47562
36018	-4333.362	-4618.499	285.1366	0.7374262	0.8742179	12.73864
36024	-4329.456	-4613.328	283.8721	0.8680184	0.7804511	13.38435
36030	-4327.409	-4611.919	284.5101	0.9760168	0.9873162	12.87834
36036	-4327.237	-4612.402	285.1647	0.944732	1.072708	12.51043
36042	-4304.835	-4589.558	284.723	0.6824708	0.9587974	12.93542
36048	-4315.814	-4600.282	284.4686	0.7993084	1.124895	12.92312
36054	-4313.365	-4595.314	281.9495	0.7197995	1.026249	14.32045
36060	-4310.889	-4598.209	287.3205	0.9051418	1.026249	11.42957
36066	-4316.817	-4602.81	285.9932	0.8422328	1.086414	12.12534
36072	-4304.247	-4589.022	284.7748	0.6542373	0.9039779	12.95328
36078	-4312.474	-4597.374	284.9008	0.6945134	0.904781	12.86633
36084	-4322.568	-4607.381	284.8133	0.6806339	1.002579	12.86633
36090	-4311.743	-4599.333	287.5905	0.7563519	0.8687802	11.45201
36096	-4320.148	-4608.182	288.0343	0.8609877	1.027452	11.07853
36102	-4313.763	-4597.831	284.0682	0.8438688	0.8143128	13.27423
36108	-4317.482	-4600.933	283.4503	0.7971729	1.317925	13.36714
36114	-4310.429	-4595.307	284.8773	0.7810615	1.329703	12.62852
36120	-4326.606	-4610.163	283.5575	0.7798445	1.10119	13.41813
36126	-4327.912	-4613.851	285.9392	0.8876964	1.156484	12.09627
36132	-4318.016	-4604.853	286.8371	0.8810277	0.9560034	11.73173
36138	-4320.582	-4606.092	285.51	0.911696	0.929089	12.42259
36144	-4318.176	-4602.762	284.586	0.7968302	1.059447	12.89519
36150	-4312.481	-4598.138	285.6576	0.8255212	1.129206	12.28836
36156	-4306.348	-4591.995	285.6466	0.9058774	1.055056	12.28836
36162	-4308.654	-4594.467	285.8128	0.8114069	0.9823311	12.28836
36168	-4316.635	-4603.449	286.814	0.8621256	0.9660787	11.74824
36174	-4316.424	-4603.336	286.912	0.7641472	0.9660787	11.74824
36180	-4319.426	-4607.202	287.7764	0.9691492	0.9660787	11.18916
36186	-4325.192	-4610.417	285.224	0.8031501	0.7916106	12.70823
36192	-4310.305	-4595.27	284.9648	0.7529598	0.9512288	12.77706
36198	-4318.721	-4603.558	284.8364	0.67162	0.9562574	12.88344
36204	-4304.389	-4589.041	284.6525	0.8556017	0.9562574	12.88344
36210	-4313.9	-4600.494	286.594	0.8444451	1.105835	11.80123
36216	-4309.54	-4597.723	288.1825	0.9004066	0.9018408	11.04792
36222	-4311.296	-4597.427	286.1308	0.8419035	1.125674	12.03474
36228	-4302.974	-4589.427	286.4531	0.8560736	1.125674	11.85914
36234	-4318.102	-4604.023	285.9217	0.8864534	1.045454	12.15991
36240	-4348.161	-4634.951	286.7898	0.8410043	0.9048295	11.80551
36246	-4328.59	-4611.516	282.9262	0.8158466	1.065708	13.7445
36252	-4323.091	-4605.578	282.4871	0.8594479	1.043765	13.9606
36258	-4343.916	-4624.711	280.7951	0.8374944	1.065283	14.83766
36264	-4336.594	-4622.22	285.6263	0.7396463	0.9457416	12.44254
36270	-4331.304	-4614.68	283.377	0.7526095	0.7693023	13.70832
36276	-4317.666	-4601.79	284.1237	0.6993603	1.012246	13.21016
36282	-4312.369	-4599.15	286.7812	0.8682186	1.024059	11.7318
36288	-4317.912	-4606.066	288.1538	0.8535853	1.024059	11.0216
36294	-4318.616	-4607.452	288.8356	0.8535853	0.9024703	10.72985
36300	-4323.605	-4612.536	288.9311	0.7630022	0.8979192	10.72985
36306	-4324.598	-4610.199	285.6011	0.858858	1.111497	12.30892
36312	-4323.31	-4612.373	289.0628	0.9794494	1.050661	10.46532
36318	-4333.391	-4622.371	288.9798	1.019576	1.201782	10.41518
36324	-4335.136	-4623.285	288.1484	0.8425267	0.927963	11.08146
36330	-4325.602	-4609.04	283.4388	0.7564948	1.069194	13.50752
36336	-4328.043	-4612.849	284.8065	0.7612662	0.9283028	12.86759
36342	-4314.323	-4598.571	284.248	0.7500512	0.7837598	13.24831
36348	-4325.684	-4614.936	289.2528	0.9683138	1.111408	10.34126
36354	-4318.319	-4604.511	286.1918	0.8529853	1.129979	11.99511
36360	-4314.752	-4597.98	283.2275	0.6906583	1.057174	13.65736
36366	-4317.84	-4602.484	284.6436	0.74245	0.9634038	12.94306
36372	-4316.383	-4600.267	283.8843	0.8268689	1.020916	13.26383
36378	-4329.55	-4615.258	285.7076	0.69291	0.8457292	12.48113
36384	-4323.308	-4611.995	288.6868	0.8857792	1.009744	10.73276
36390	-4331.6	-4621.207	289.6068	0.8590264	1.068849	10.23361
36396	-4327.054	-4615.736	288.6825	0.9958555	1.28193	10.54802
36402	-4317.374	-4603.518	286.144	0.8452698	1.231954	11.97712
36408	-4312.935	-4599.124	286.1886	0.7418082	1.005082	12.11681
36414	-4315.241	-4600.129	284.8879	0.6735215	0.917028	12.87713
36420	-4297.809	-4580.249	282.4396	0.8049034	1.089133	13.99108
36426	-4311.423	-4594.849	283.4261	0.872599	0.9727027	13.50319
36432	-4311.699	-4597.057	285.3585	0.8212786	1.013119	12.50384
36438	-4294.551	-4582.01	287.4593	0.8168611	1.083515	11.37435
36444	-4298.446	-4585.996	287.5496	0.8709848	0.9380786	11.37435
36450	-4305.37	-4592.019	286.6496	0.7793302	1.090474	11.81367
36456	-4321.664	-4605.772	284.1086	0.9177559	1.028296	13.09626
36462	-4297.47	-4584.377	286.9064	0.8840461	0.8991902	11.72536
36468	-4307.969	-4595.605	287.6351	0.9577256	0.8991902	11.30592
36474	-4319.027	-4605.135	286.1083	0.825015	0.9163408	12.163
36480	-4313.517	-4602.383	288.8662	0.7819884	1.08805	10.65349
36486	-4318.479	-4607.567	289.0882	0.8213923	0.8350882	10.65349
36492	-4309.32	-4595.964	286.6441	0.7785225	1.042157	11.84096
36498	-4317.192	-4603.982	286.7899	0.7689492	0.9086219	11.84096
36504	-4311.979	-4598.84	286.8608	0.6979948	0.9086219	11.84096
36510	-4311.634	-4599.846	288.2127	0.8100113	0.9093811	11.0752
36516	-4322.223	-4610.468	288.2451	0.8157593	0.8743867	11.0752
36522	-4320.558	-4605.111	284.5538	0.8715979	1.014004	12.89604
36528	-4324.713	-4614.263	289.5495	0.9216948	1.014004	10.25874
36534	-4313.346	-4602.711	289.365	0.9494816	0.9335257	10.38428
36540	-4309.311	-4597.716	288.4053	0.8041548	1.069027	10.89293
36546	-4323.252	-4610.361	287.1086	0.7820021	0.9482209	11.64586
36552	-4323.506	-4606.356	282.8497	0.723741	1.121805	13.80475
36558	-4315.523	-4598.666	283.1427	0.6957642	0.8595728	13.80475
36564	-4317.786	-4602.243	284.4571	0.7356116	0.8979697	13.0795
36570	-4327.144	-4609.037	281.8931	0.7708113	0.9716851	14.35156
36576	-4327.943	-4614.085	286.1423	0.7594809	1.03491	12.11645
36582	-4316.563	-4600.73	284.1669	0.8064202	0.8983859	13.19333
36588	-4316.26	-4601.052	284.7911	0.7661241	0.840851	12.92294
36594	-4324.729	-4610.558	285.8293	0.7655385	1.09304	12.24753
36600	-4320.902	-4603.855	282.9526	0.7831554	1.001081	13.78046
36606	-4320.769	-4605.082	284.3138	0.7681215	0.8469323	13.1665
36612	-4324.631	-4610.575	285.9433	0.7738471	1.013953	12.22341
36618	-4322.918	-4606.987	284.0688	0.6995333	1.125111	13.18275
36624	-4338.587	-4622.499	283.9119	0.7574654	1.016272	13.28793
36630	-4320.752	-4605.134	284.3814	0.738621	1.055033	13.03408
36636	-4319.7	-4603.759	284.0593	0.8852521	0.9452721	13.18238
36642	-4325.46	-4609.688	284.2272	0.7464997	0.9175886	13.18238
36648	-4310.959	-4596.316	285.357	0.7190882	1.197578	12.46867
36654	-4314.327	-4597.808	283.4811	0.604607	1.085639	13.55635
36660	-4327.578	-4615.996	288.4179	0.6587226	0.8023157	11.10994
36666	-4306.693	-4594.035	287.3418	0.78983	0.9350552	11.52712
36672	-4341.441	-4625.848	284.4068	0.7898044	0.9537248	13.04677
36678	-4340.066	-4624.487	284.4212	0.8916681	0.9724789	12.9763
36684	-4318.697	-4601.896	283.1996	0.7032033	1.008982	13.68972
36690	-4336.523	-4623.994	287.4707	0.8468595	1.042999	11.37293
36696	-4327.437	-4614.14	286.7028	0.8792293	1.042999	11.75731
36702	-4324.349	-4610.887	286.5388	0.9281921	1.068801	11.80447
36708	-4319.63	-4606.476	286.8462	0.8272445	1.062183	11.69996
36714	-4328.043	-4612.74	284.6962	0.7661777	0.886986	12.94552
36720	-4312.547	-4599.813	287.2657	0.870573	0.9316262	11.52654
36726	-4316.153	-4600.693	284.5391	0.7863723	0.9316262	12.99177
36732	-4328.118	-4617.791	289.6729	0.9318387	1.022956	10.18395
36738	-4329.883	-4619.186	289.3026	0.9528604	0.8348287	10.47212
36744	-4312.638	-4598.258	285.6208	0.7974818	0.7888469	12.5063
36750	-4323.479	-4610.462	286.9832	0.8354005	1.160657	11.57655
36756	-4304.934	-4592.011	287.0763	0.8220793	1.160657	11.53487
36762	-4313.327	-4601.757	288.4292	0.9493747	1.014682	10.83194
36768	-4317.266	-4604.407	287.1413	0.9436721	1.090772	11.47074
36774	-4320.208	-4608.003	287.7945	0.7712721	0.9815992	11.27495
36780	-4320.321	-4607.076	286.7552	0.7831278	1.094741	11.75442
36786	-4325.95	-4611.539	285.5884	0.7824703	0.8700044	12.48243
36792	-4317.097	-4601.664	284.5671	0.822789	0.9850428	12.92961
36798	-4311.618	-4597.976	286.358	0.6625676	0.9382159	12.10543
36804	-4332.109	-4616.29	284.1812	0.8136413	1.205036	13.02799
36810	-4306.138	-4592.549	286.4103	0.7977471	0.8971443	12.03048
36816	-4316.14	-4600.737	284.5973	0.7819407	1.106961	12.87377
36822	-4309.308	-4594.065	284.7569	0.7225733	1.002688	12.87377
36828	-4321.757	-4605.695	283.9379	0.7315545	0.9187465	13.33984
36834	-4303.519	-4589.947	286.4287	0.7176767	1.161266	11.92733
36840	-4323.619	-4611.025	287.4066	0.7440238	1.120831	11.42189
36846	-4316.167	-4604.051	287.8845	0.8364631	0.97584	11.19679
36852	-4312.365	-4596.786	284.4205	0.6984456	1.210256	12.9611
36858	-4316.69	-4598.753	282.063	0.8087004	1.080235	14.1887
36864	-4318.258	-4602.729	284.4711	0.7459625	0.9082142	13.06112
36870	-4324.389	-4610.481	286.0914	0.7101172	0.9864622	12.19375
36876	-4312.621	-4600.358	287.7372	0.8615452	1.000485	11.24773
36882	-4312.207	-4593.688	281.4812	0.7203575	0.9668789	14.59355
36888	-4318.78	-4603.302	284.522	0.8401296	0.9668789	12.95368
36894	-4312.477	-4594.724	282.247	0.8218237	0.9520735	14.15217
36900	-4328.544	-4614.244	285.7003	0.8578498	0.9520735	12.33896
36906	-4309.461	-4595.24	285.7794	0.8358312	0.9520735	12.30922
36912	-4297.566	-4583.309	285.7434	0.8943231	0.9305663	12.30922
36918	-4313.565	-4599.279	285.7133	0.8943231	0.9594616	12.30922
36924	-4329.78	-4615.821	286.0415	0.7354009	0.817128	12.30212
36930	-4325.224	-4610.708	285.4835	0.8078418	0.8430453	12.53958
36936	-4323.229	-4609.216	285.9868	0.8364105	1.032149	12.15879
36942	-4318.222	-4604.402	286.1797	0.8906704	0.931962	12.08288
36948	-4327.51	-4614.058	286.548	0.8906704	0.9964395	11.85612
36954	-4327.817	-4612.073	284.2556	0.9145315	0.8782385	13.10246
36960	-4329.876	-4615.461	285.5842	0.793539	0.8667734	12.48068
36966	-4327.509	-4615.538	288.0289	0.836971	0.9714428	11.12326
36972	-4305.785	-4590.188	284.4028	0.8331892	0.8286943	13.09719
36978	-4302.708	-4587.894	285.1865	0.80413	0.9212686	12.65142
36984	-4312.066	-4598.349	286.2834	0.7969252	1.031395	12.02508
36990	-4321.53	-4609.449	287.9192	0.8296874	0.9744394	11.18292
36996	-4340.083	-4622.552	282.4691	0.716566	0.8747069	14.13457
37002	-4326.327	-4607.787	281.4605	0.8322456	1.024221	14.51653
37008	-4321.663	-4604.207	282.5441	0.6402433	1.122619	14.00619
37014	-4316.292	-4598.797	282.5045	0.7839113	1.013339	14.00619
37020	-4317.008	-4600.782	283.7741	0.7689019	0.8965493	13.4179
37026	-4320.719	-4604.422	283.7027	0.8227009	1.15491	13.29493
37032	-4321.541	-4606.307	284.766	0.9217264	0.9347474	12.80166
37038	-4322.541	-4606.763	284.2218	0.862954	0.8643419	13.15483
37044	-4333.282	-4619.397	286.1148	0.8628778	1.163993	12.01411
37050	-4329.59	-4616.408	286.818	0.8866555	0.9206658	11.75809
37056	-4331.572	-4617.803	286.2313	0.880171	0.9332127	12.06076
37062	-4326.886	-4613.902	287.0164	0.7582126	1.000344	11.67865
37068	-4320.256	-4606.758	286.5025	0.7920605	1.167114	11.84726
37074	-4322.905	-4606.555	283.6493	0.7896975	0.9576237	13.43834
37080	-4321.575	-4605.218	283.6438	0.862774	1.041615	13.35961
37086	-4319.884	-4607.351	287.4668	0.8581037	0.9621762	11.41132
37092	-4322.386	-4608.457	286.0705	0.8494142	1.053596	12.09752
37098	-4299.494	-4586.184	286.6901	0.9761112	1.045634	11.71204
37104	-4300.162	-4586.078	285.9156	0.7921218	0.9507408	12.26176
37110	-4309.397	-4594.028	284.631	0.7567216	0.8627901	12.99826
37116	-4322.469	-4604.539	282.0699	0.7595216	1.11056	14.19589
37122	-4332.003	-4614.785	282.7822	0.8963742	0.9099173	13.85908
37128	-4339.731	-4624.714	284.9831	0.8280735	1.034747	12.68474
37134	-4313.935	-4596.039	282.1039	0.8969683	0.9849527	14.16994
37140	-4313.746	-4598.176	284.43	1.039786	0.9695434	12.89623
37146	-4321.621	-4606.918	285.2965	0.9306418	1.086164	12.44248
37152	-4317.996	-4607.409	289.4129	1.078708	0.9100272	10.3043
37158	-4322.867	-4611.543	288.6761	1.071107	1.049087	10.62099
37164	-4306.308	-4594.516	288.2077	0.8775283	1.077784	10.95367
37170	-4309.314	-4597.584	288.2701	1.118299	1.180793	10.74551
37176	-4301.268	-4589.673	288.4049	0.9925946	1.109397	10.77452
37182	-4313.633	-4600.594	286.9616	0.9071777	1.138697	11.5607
37188	-4317.758	-4604.966	287.2082	0.806546	1.045718	11.52991
37194	-4323.946	-4610.143	286.1965	0.8547088	1.045718	12.033
37200	-4324.074	-4611.966	287.8915	1.108737	0.952735	11.06302
37206	-4327.559	-4615.357	287.7982	1.011619	1.056995	11.10828
37212	-4332.275	-4617.559	285.2834	0.7780649	0.8580352	12.65048
37218	-4331.839	-4615.566	283.7265	0.841068	0.8338086	13.44144
37224	-4329.797	-4617.449	287.6516	1.076909	0.8894657	11.24047
37230	-4312.392	-4601.315	288.9229	0.9355208	0.8033809	10.69963
37236	-4318.09	-4605.208	287.1187	0.8985019	1.049807	11.52654
37242	-4327.744	-4617.71	289.9653	0.9227896	0.9272214	10.08621
37248	-4312.696	-4599.972	287.2759	0.8293599	0.9644152	11.52493
37254	-4320.933	-4602.868	281.935	0.8154635	0.9190273	14.33518
37260	-4311.103	-4597.58	286.4774	0.8133149	1.035512	11.9132
37266	-4310.444	-4597.575	287.1306	0.7127464	0.8554473	11.7229
37272	-4310.072	-4596.014	285.9423	0.7793533	0.8444997	12.31456
37278	-4320.65	-4606.236	285.586	0.7968093	0.9274134	12.44379
37284	-4302.483	-4592.483	290.0001	0.9462291	0.9817451	10.02586
37290	-4312.307	-4601.705	289.3981	0.8762737	1.144338	10.29749
37296	-4307.561	-4594.463	286.9022	0.7640467	1.224413	11.62704
37302	-4335.003	-4620.277	285.2747	0.7364504	0.912468	12.64564
37308	-4330.577	-4613.462	282.8851	0.8334171	1.032923	13.77311
37314	-4325.606	-4610.23	284.6247	0.6919145	1.039254	12.93979
37320	-4319.536	-4607.582	288.0456	0.7339694	0.874659	11.22228
37326	-4302.369	-4588.753	286.384	0.6995947	0.874659	12.10827
37332	-4302.784	-4590.629	287.845	0.9426972	1.127666	11.08527
37338	-4319.121	-4607.136	288.0147	0.8118006	1.085705	11.08527
37344	-4325.32	-4612.849	287.5288	0.9893148	0.8555238	11.37022
37350	-4319.344	-4607.054	287.7096	0.8041039	0.8832829	11.35641
37356	-4315.406	-4601.024	285.6177	0.810142	0.786066	12.50307
37362	-4306.411	-4594.571	288.1604	0.6957072	0.9510122	11.13939
37368	-4327.624	-4617.188	289.5646	0.8331238	0.8428284	10.39265
37374	-4316.276	-4604.681	288.4044	0.7093525	0.9051984	11.02987
37380	-4317.534	-4605.538	288.0041	0.8985996	1.117571	11.02987
37386	-4325.922	-4610.861	284.9391	0.7646264	0.8123249	12.86382
37392	-4336.144	-4622.792	286.6481	0.779974	0.992878	11.86351
37398	-4327.773	-4611.141	283.368	0.7499527	0.9540572	13.60695
37404	-4325.961	-4610.902	284.9407	0.7659516	0.9935693	12.76034
37410	-4322.177	-4608.816	286.6385	0.984296	1.048648	11.73318
37416	-4314.297	-4598.968	284.6709	0.7570167	0.9826447	12.91108
37422	-4324.185	-4612.658	288.4736	0.8222952	1.080921	10.84173
37428	-4331.859	-4620.876	289.0162	0.8758011	0.8974774	10.62626
37434	-4326.37	-4611.272	284.9018	0.7533552	0.979883	12.79431
37440	-4321.166	-4605.348	284.1821	0.7605134	1.108674	13.10003
37446	-4331.429	-4619.482	288.0526	0.7984298	0.8928044	11.17447
37452	-4321.721	-4608.323	286.6015	0.9364182	0.9865993	11.8095
37458	-4327.867	-4615.489	287.6224	0.8624468	0.9095603	11.35657
37464	-4315.496	-4601.937	286.4408	0.8347389	1.074164	11.90177
37470	-4318.353	-4602.937	284.584	0.9023408	1.074164	12.83407
37476	-4314.753	-4595.854	281.1003	0.7343338	0.9064089	14.81634
37482	-4330.077	-4616.604	286.5267	0.8473713	1.170143	11.80437
37488	-4320.372	-4603.045	282.6734	0.7211642	0.9689107	13.97432
37494	-4318.851	-4606.333	287.482	0.7489022	1.214067	11.33649
37500	-4319.574	-4605.504	285.9307	0.7654528	1.205684	12.14183
37506	-4332.625	-4618.818	286.1928	0.6702765	1.113691	12.09766
37512	-4323.52	-4609.929	286.4088	0.7398783	0.9879997	12.01191
37518	-4328.38	-4618.99	290.6097	0.8837454	0.9133702	9.775254
37524	-4313.838	-4601.033	287.1954	0.818099	1.078343	11.51424
37530	-4314.67	-4600.891	286.2218	0.8038874	1.085233	12.02667
37536	-4295.479	-4583.116	287.6374	0.7209406	0.9504489	11.40016
37542	-4296.848	-4585.707	288.8585	0.7799956	1.006036	10.70013
37548	-4311.39	-4600.154	288.7636	0.8500975	1.006036	10.71315
37554	-4338.618	-4624.123	285.5049	0.7728672	1.110627	12.40427
37560	-4346.464	-4628.716	282.2521	0.8635955	0.8088554	14.20965
37566	-4335.7	-4620.196	284.4955	0.8214353	0.886196	13.02161
37572	-4317.177	-4603.569	286.392	0.7452102	1.072939	11.97452
37578	-4321.303	-4607.613	286.3099	0.9316954	0.9849597	11.96502
37584	-4314.01	-4596.837	282.8269	0.7994425	0.9849597	13.84565
37590	-4313.182	-4596.175	282.9923	0.7864158	0.9675733	13.77577
37596	-4309.156	-4596.563	287.407	0.8446825	0.9675733	11.44667
37602	-4312.136	-4600.255	288.1189	0.8691862	0.99757	11.04544
37608	-4309.893	-4593.674	283.7812	0.8780563	0.99757	13.30285
37614	-4310.207	-4597	286.7935	0.9746523	1.02403	11.6698
37620	-4305.734	-4590.983	285.2488	0.8178271	0.900286	12.62359
37626	-4298.494	-4583.668	285.1733	0.8772819	1.155643	12.50124
37632	-4297.74	-4580.734	282.994	0.6868553	0.9353207	13.84391
37638	-4304.865	-4588.609	283.7447	0.6464862	0.9322518	13.47693
37644	-4308.894	-4595.556	286.6618	0.6874276	0.8024379	12.01263
37650	-4310.65	-4596.571	285.9215	0.6123058	0.9976248	12.32746
37656	-4314.498	-4599.258	284.7598	0.7396832	0.9334224	12.90032
37662	-4314.29	-4598.87	284.5801	0.7880433	1.064477	12.90032
37668	-4308.258	-4591.329	283.071	0.6727136	0.8976107	13.8322
37674	-4305.786	-4590.015	284.2285	0.7711617	0.8976107	13.18007
37680	-4313.973	-4600.145	286.1719	0.8902975	0.8931566	12.10883
37686	-4316.715	-4603.789	287.074	0.9025528	0.9710084	11.58868
37692	-4308.944	-4593.361	284.4169	0.7479514	0.8941355	13.09615
37698	-4305.629	-4592.893	287.2631	0.8232354	1.099096	11.46598
37704	-4326.057	-4611.767	285.7097	0.7434416	0.9230452	12.40957
37710	-4311.155	-4596.966	285.8116	0.7002349	0.8690092	12.40957
37716	-4316.982	-4603.883	286.9013	0.7414467	1.080165	11.70707
37722	-4313.176	-4600.171	286.9954	0.8941424	0.8614825	11.69525
37728	-4318.888	-4604.176	285.2889	0.7342048	1.038007	12.57275
37734	-4329.638	-4612.806	283.1674	0.7276501	0.957678	13.7207
37740	-4343.937	-4629.458	285.5213	0.7003603	0.8333159	12.58164
37746	-4348.5	-4633.024	284.5248	0.8384207	1.194965	12.84094
37752	-4316.012	-4605.017	289.0051	0.7983733	1.047359	10.5923
37758	-4298.61	-4586.609	287.9996	0.9878497	1.077822	11.0049
37764	-4303.305	-4591.658	288.3525	0.8869753	0.9236381	10.95368
37770	-4303.34	-4591.644	288.3039	0.9142596	0.9513707	10.94961
37776	-4297.55	-4582.221	284.6703	0.818621	0.8464969	12.95514
37782	-4307.228	-4592.733	285.5056	0.7469132	0.9270842	12.51185
37788	-4313.092	-4600.061	286.9695	0.7439922	0.9213358	11.75311
37794	-4300.673	-4587.163	286.4906	0.8716274	0.9224452	11.93589
37800	-4306.769	-4593.095	286.3257	0.9141335	1.050911	11.93197
37806	-4308.234	-4594.731	286.4974	0.883635	1.073564	11.84699
37812	-4306.482	-4593.661	287.179	1.144789	1.097469	11.34263
37818	-4305.676	-4594.433	288.7571	0.9959655	0.9194148	10.68683
37824	-4320.515	-4608.126	287.6107	0.8658406	1.062929	11.27974
37830	-4320.647	-4605.985	285.3385	0.9406066	1.168617	12.37619
37836	-4339.374	-4627.391	288.0173	1.003161	1.098293	10.97754
37842	-4325.691	-4613.136	287.4453	1.043724	1.075742	11.26686
37848	-4322.044	-4608.207	286.1627	0.9016949	0.8847064	12.11248
37854	-4332.783	-4621.962	289.1782	0.9690025	0.9664259	10.45415
37860	-4338.728	-4622.11	283.3822	0.694115	0.9075035	13.65406
37866	-4332.242	-4619.214	286.9717	0.7481987	1.059003	11.67728
37872	-4309.032	-4593.162	284.1295	0.798835	1.059003	13.13173
37878	-4306.293	-4590.28	283.9872	0.8919105	1.099375	13.13754
37884	-4329.541	-4614.156	284.6157	0.7529881	0.7941969	13.04915
37890	-4320.591	-4603.77	283.1787	0.9602396	0.9743587	13.58521
37896	-4326.523	-4613.815	287.2926	0.839796	0.9474859	11.51992
37902	-4317.763	-4605.064	287.3018	0.8583752	0.9474859	11.50536
37908	-4316.562	-4603.765	287.2034	0.8807266	1.022733	11.50536
37914	-4321.547	-4608.257	286.7093	0.7166747	1.144243	11.78937
37920	-4308.804	-4592.901	284.0972	0.763742	1.04164	13.17548
37926	-4315.085	-4599.261	284.1761	0.741039	0.9029065	13.21995
37932	-4321.876	-4605.53	283.6541	0.8058704	0.915941	13.45019
37938	-4315.075	-4601.812	286.7363	0.781915	0.9038913	11.86483
37944	-4305.131	-4592.272	287.1412	0.8838038	1.029911	11.53254
37950	-4314.14	-4600.541	286.401	0.8955205	1.025616	11.91522
37956	-4316.865	-4603.344	286.4798	0.8320871	1.010091	11.91522
37962	-4304.964	-4593.044	288.0797	0.9217669	0.9259963	11.07702
37968	-4300.326	-4587.614	287.2877	0.8885516	0.9078829	11.51885
37974	-4323.852	-4611.144	287.2914	0.9475589	0.7826114	11.5604
37980	-4336.479	-4619.11	282.631	0.7205652	1.049157	13.95525
37986	-4333.639	-4618.416	284.7768	0.8803468	0.9732742	12.79679
37992	-4315.895	-4603.768	287.8735	0.8546214	1.108007	11.1259
37998	-4310.653	-4595.297	284.644	0.7655741	0.9301864	12.94885
38004	-4304.334	-4591.561	287.2271	0.8399686	1.025354	11.51289
38010	-4305.311	-4592.146	286.8352	0.9123146	1.150326	11.61858
38016	-4316.111	-4602.37	286.2591	0.865483	0.9703465	12.03385
38022	-4334.447	-4625.422	290.9748	0.9564029	1.001785	9.496196
38028	-4322.365	-4608.076	285.7103	0.6617297	0.8293272	12.50573
38034	-4313.716	-4599.304	285.5879	0.7669053	1.034873	12.40154
38040	-4310.612	-4597.279	286.6665	0.7833434	1.034873	11.83045
38046	-4298.539	-4583.582	285.0425	0.7672401	1.131539	12.63803
38052	-4299.865	-4584.911	285.0466	0.8838417	1.004805	12.63803
38058	-4322.201	-4609.397	287.1959	0.9314565	1.004805	11.492
38064	-4317.865	-4605.109	287.2435	0.8838871	1.004805	11.492
38070	-4324.6	-4610.611	286.0109	0.8073387	1.263232	12.05252
38076	-4307.799	-4591.857	284.0577	0.9147264	1.056013	13.11029
38082	-4311.5	-4601.086	289.5866	0.8786304	1.056013	10.24038
38088	-4307.12	-4592.928	285.8083	0.7775035	0.9901986	12.30427
38094	-4308.168	-4596.333	288.1651	0.9325784	1.067152	10.95246
38100	-4331.479	-4616.746	285.2669	0.8955441	0.8657291	12.59341
38106	-4324.08	-4610.31	286.2299	0.9885664	1.002076	11.96813
38112	-4318.942	-4605.158	286.2152	0.9138755	0.9964654	12.0177
38118	-4313.48	-4599.694	286.2139	0.9048055	1.006865	12.0177
38124	-4304.838	-4588.58	283.7429	0.7953338	1.012551	13.35798
38130	-4304.796	-4593.49	288.6944	0.8760251	0.9412837	10.77049
38136	-4306.573	-4590.515	283.9423	0.8319302	1.336299	13.0857
38142	-4311.09	-4596.989	285.8988	0.7645166	0.9850075	12.26658
38148	-4305.388	-4591.971	286.5832	0.9596142	1.104039	11.7476
38154	-4299.565	-4586.065	286.4999	0.7562928	1.1764	11.86299
38160	-4313.569	-4601.696	288.1272	0.8842827	1.033975	11.01437
38166	-4325.175	-4613.55	288.3743	0.8842827	1.010252	10.89712
38172	-4314.764	-4603.574	288.8104	0.9386761	0.9602048	10.66648
38178	-4321.439	-4607.952	286.5132	0.7979115	0.9111891	11.96885
38184	-4320.756	-4606.808	286.0524	0.8070536	0.7934306	12.27361
38190	-4318.548	-4604.723	286.175	0.8102125	1.031261	12.07476
38196	-4311.626	-4597.954	286.3283	0.7481393	0.9943069	12.04627
38202	-4317.553	-4603.575	286.0215	0.8534415	1.024405	12.1358
38208	-4318.273	-4603.874	285.6006	0.8102921	0.8754716	12.45839
38214	-4319.097	-4603.837	284.7398	0.8189916	0.9518158	12.85943
38220	-4316.274	-4600.087	283.8127	0.7339894	0.9976661	13.36125
38226	-4322.021	-4606.178	284.1565	0.7416281	1.051114	13.15139
38232	-4319.187	-4606.754	287.5671	0.9593326	0.9715185	11.30089
38238	-4314.205	-4603.679	289.4737	0.8449299	0.8658404	10.42056
38244	-4323.833	-4607.42	283.5867	0.7904544	0.9873142	13.45472
38250	-4316.458	-4599.917	283.4594	0.7904544	0.9873142	13.52082
38256	-4301.024	-4585.957	284.9329	0.7038859	0.919195	12.83672
38262	-4297.22	-4581.406	284.186	0.7159341	1.026795	13.1617
38268	-4323.404	-4609.325	285.9209	0.8111521	0.9357905	12.25721
38274	-4308.208	-4597.754	289.546	0.8304858	1.003698	10.31392
38280	-4314.433	-4600.315	285.8815	0.7501476	0.8059981	12.3846
38286	-4308.638	-4594.661	286.0236	0.8951032	1.033183	12.10847
38292	-4319.42	-4605.392	285.9717	0.8002228	1.109988	12.14701
38298	-4305.15	-4592.855	287.7045	0.8387826	1.034419	11.25924
38304	-4303.732	-4592.246	288.5142	0.8858024	0.9745652	10.84182
38310	-4315.265	-4603.31	288.0454	1.00124	0.8605415	11.09067
38316	-4301.638	-4585.935	284.2972	0.7823742	1.076772	13.04431
38322	-4312.749	-4599.026	286.2768	0.8603607	0.947294	12.03966
38328	-4323.347	-4605.983	282.6365	0.9037137	0.8912681	13.9413
38334	-4316.369	-4600.507	284.1388	0.8047702	0.918731	13.19744
38340	-4314.54	-4600.686	286.1456	0.7677421	0.9143516	12.17452
38346	-4307.174	-4593.592	286.4176	0.7303206	0.8441913	12.0925
38352	-4302.099	-4588.315	286.2157	0.9203149	0.854733	12.0925
38358	-4306.84	-4593.528	286.6883	0.7612415	1.141077	11.77857
38364	-4301.859	-4584.125	282.2662	0.6789782	0.893927	14.24825
38370	-4306.649	-4591.848	285.1989	0.7793287	0.8751175	12.68388
38376	-4314.39	-4600.357	285.9672	0.7754664	1.057495	12.18803
38382	-4300.6	-4590.671	290.0713	0.9736273	0.9457957	9.99343
38388	-4290.851	-4579.056	288.2046	0.8654477	1.066575	10.96722
38394	-4311.162	-4597.629	286.4665	1.048725	0.8663441	11.88788
38400	-4305.448	-4588.326	282.8778	0.8733367	1.053199	13.74597
38406	-4314.441	-4599.741	285.2995	0.8178368	0.9072637	12.59323
38412	-4305.238	-4593.587	288.3491	0.8699348	1.070404	10.88723
38418	-4305.855	-4594.761	288.906	0.9913683	1.054918	10.53923
38424	-4315.835	-4606.977	291.1422	0.9913683	0.9964903	9.392177
38430	-4317.989	-4605.376	287.3875	0.9150009	0.9317249	11.43958
38436	-4303.798	-4589.427	285.6294	0.8015368	0.9578304	12.40218
38442	-4319.831	-4604.966	285.1349	0.8037719	0.927078	12.67526
38448	-4323.09	-4610.03	286.9396	0.9914398	0.8188199	11.69892
38454	-4312.329	-4599.657	287.3281	0.961991	1.038929	11.3894
38460	-4318.764	-4603.623	284.8589	0.7750147	1.050643	12.76898
38466	-4318.891	-4605.148	286.2567	0.8707518	1.062711	11.98471
38472	-4315.075	-4604.27	289.1951	1.013123	0.9995574	10.40447
38478	-4305.056	-4593.762	288.7052	0.9265476	0.9765158	10.71928
38484	-4325.079	-4612.432	287.3523	1.009005	0.9765158	11.38457
38490	-4327.212	-4610.327	283.1151	0.759093	1.061449	13.67802
38496	-4334.753	-4623.563	288.8106	0.9354016	0.8878336	10.70837
38502	-4323.669	-4609.13	285.4608	0.9059787	0.9160382	12.45843
38508	-4334.646	-4620.413	285.7676	0.9314947	0.9517435	12.2657
38514	-4316.875	-4600.54	283.6646	0.6441483	1.039696	13.46329
38520	-4328.699	-4615.502	286.8035	0.9272569	1.095187	11.65371
38526	-4328.7	-4616.69	287.9895	0.9433657	0.868297	11.14574
38532	-4318.977	-4606.596	287.6189	0.9267024	1.089073	11.23067
38538	-4321.344	-4605.688	284.3441	0.8791727	0.9567147	13.0313
38544	-4319.679	-4602.477	282.7984	0.8398704	0.9718367	13.84637
38550	-4322.851	-4605.754	282.9025	0.8860366	0.8328542	13.84637
38556	-4314.048	-4600.163	286.1145	0.9151515	1.059723	12.03722
38562	-4329.158	-4615.071	285.9133	0.9151515	1.052889	12.14561
38568	-4319.613	-4605.804	286.1914	0.7389355	0.950922	12.14561
38574	-4322.623	-4608.715	286.0917	0.8203075	0.9827268	12.13812
38580	-4325.4	-4613.066	287.6663	0.9763891	1.00513	11.22231
38586	-4326.681	-4614.259	287.5779	1.064817	1.00513	11.22231
38592	-4335.161	-4619.052	283.8907	0.81338	1.110417	13.22314
38598	-4331.238	-4617.084	285.8466	0.7743312	1.110417	12.22553
38604	-4333.919	-4619.56	285.6412	0.8306369	0.9776372	12.37025
38610	-4334.333	-4622.055	287.7228	1.042608	0.9696099	11.17686
38616	-4342.856	-4629.39	286.5343	0.7645048	1.009537	11.92234
38622	-4312.289	-4599.01	286.7209	0.836734	0.9833312	11.80091
38628	-4305.361	-4590.991	285.63	0.8615275	1.136218	12.28062
38634	-4308.985	-4597.408	288.4226	0.8981254	1.126728	10.80643
38640	-4298.116	-4584.002	285.8862	0.7613078	0.879372	12.33288
38646	-4300.01	-4590.85	290.8397	0.9215378	0.7937082	9.705181
38652	-4318.314	-4609.421	291.1064	1.133408	0.7937082	9.45267
38658	-4319.508	-4609.969	290.4613	1.042237	0.8026935	9.835378
38664	-4302.463	-4592.159	289.6968	0.8205081	0.9583862	10.26409
38670	-4314.256	-4603.344	289.0884	0.91158	0.9366054	10.54771
38676	-4312.185	-4598.2	286.0144	0.8036108	1.170582	12.09431
38682	-4304.839	-4588.295	283.4558	0.8036108	0.9218027	13.55111
38688	-4299.382	-4584.524	285.1414	0.9323646	1.076767	12.52698
38694	-4293.986	-4583.994	290.0081	0.9323646	1.121599	9.958002
38700	-4302.927	-4589.924	286.9969	0.8016463	1.098924	11.61648
38706	-4316.399	-4603.966	287.5674	0.9663499	0.8405499	11.3709
38712	-4317.799	-4604.914	287.1158	1.084364	1.021816	11.44514
38718	-4314.369	-4602.199	287.8304	0.9694982	0.9967393	11.14442
38724	-4315.268	-4604.827	289.5589	0.9765255	0.9177845	10.27693
38730	-4313.931	-4600.41	286.479	0.8065188	1.141049	11.86419
38736	-4311.19	-4598.686	287.4954	0.7355237	0.9646575	11.4591
38742	-4332.03	-4615.721	283.691	0.6528718	1.179964	13.37766
38748	-4313.911	-4599.563	285.652	0.9074527	0.9449199	12.3422
38754	-4324.642	-4610.778	286.1358	0.7950588	1.091132	12.07324
38760	-4317.05	-4599.838	282.788	0.8901078	0.9722669	13.82547
38766	-4312.642	-4599.852	287.2098	0.971967	1.15992	11.38708
38772	-4311.017	-4598.371	287.3534	0.9037921	1.028532	11.41189
38778	-4298.899	-4584.236	285.3372	0.8125662	0.958749	12.5481
38784	-4304.462	-4590.564	286.1017	0.8340132	0.8525476	12.19822
38790	-4320.415	-4605.842	285.4269	0.8579626	0.9780406	12.46747
38796	-4318.46	-4604.361	285.9006	0.8859765	0.992801	12.19824
38802	-4319.817	-4602.25	282.4329	0.7696788	1.022351	14.04607
38808	-4334.458	-4619.303	284.8446	0.8528516	1.002323	12.76058
38814	-4314.957	-4600.575	285.6179	0.8058238	0.9648942	12.40211
38820	-4318.244	-4602.066	283.8223	0.8241634	0.9974051	13.3096
38826	-4304.897	-4589.182	284.2851	0.7582487	0.9315648	13.13851
38832	-4324.053	-4609.338	285.2854	0.7373153	0.9950746	12.59502
38838	-4312.698	-4596.414	283.7155	0.8122471	1.143743	13.29894
38844	-4318.749	-4601.133	282.3848	0.8147391	1.025623	14.04597
38850	-4313.15	-4598.302	285.1525	0.740744	0.9325053	12.6959
38856	-4319.505	-4603.94	284.4349	0.7327597	0.9201641	13.08016
38862	-4329.912	-4617.069	287.157	0.7560969	0.9699414	11.62237
38868	-4327.063	-4613.68	286.6167	0.8904675	1.07076	11.78251
38874	-4313.939	-4597.262	283.3227	0.8235041	1.13555	13.50097
38880	-4323.907	-4607.781	283.8736	0.8888141	0.9915046	13.2524
38886	-4322.391	-4605.558	283.1667	0.906246	1.114205	13.54917
38892	-4318.872	-4608.497	289.6255	0.906246	1.073249	10.19675
38898	-4317.649	-4606.799	289.1504	0.7870257	0.7844149	10.67
38904	-4326.477	-4611.835	285.358	0.8088491	0.9581462	12.53957
38910	-4336.821	-4622.202	285.3811	0.8733141	0.9333096	12.50742
38916	-4332.725	-4618.314	285.5888	0.7850112	1.076542	12.3708
38922	-4322.021	-4610.555	288.534	0.9250189	1.028048	10.78287
38928	-4339.963	-4625.937	285.9738	0.9025324	1.024017	12.13527
38934	-4336.721	-4620.104	283.3836	0.7437054	1.13429	13.51137
38940	-4334.579	-4624.537	289.9577	0.9396078	0.8217037	10.14275
38946	-4328.924	-4615.872	286.9477	1.015914	0.9790411	11.59113
38952	-4324.71	-4611.719	287.0087	0.9216093	1.094241	11.54993
38958	-4314.443	-4597.061	282.6171	0.7096407	1.107283	13.93964
38964	-4324.892	-4606.853	281.9602	0.7272841	1.017637	14.31544
38970	-4316.181	-4603.256	287.075	0.8850275	1.336244	11.42495
38976	-4305.116	-4592.689	287.5729	0.9341689	1.092103	11.24937
38982	-4316.509	-4604.121	287.6127	0.8042752	1.191589	11.24937
38988	-4315.708	-4605.34	289.6322	0.9080499	0.9566722	10.25295
38994	-4308.365	-4592.596	284.2308	0.7677627	0.9566722	13.14813
39000	-4313.165	-4597.424	284.2589	0.8167886	0.8685295	13.15714
39006	-4319.546	-4605.722	286.1755	0.8469259	0.9878531	12.07785
39012	-4314.306	-4599.114	284.8081	0.7887455	0.9878531	12.82048
39018	-4304.663	-4592.736	288.0724	1.001524	1.091119	10.95305
39024	-4298.714	-4582.01	283.2956	0.7487151	0.9104176	13.66903
39030	-4306.308	-4592.348	286.0405	0.8581983	0.9270068	12.17514
39036	-4305.174	-4590.21	285.0368	0.7331481	0.8433902	12.8108
39042	-4332.257	-4617.749	285.492	0.755623	1.352536	12.31203
39048	-4318.042	-4603.3	285.2585	0.8562001	0.821095	12.64464
39054	-4321.695	-4606.58	284.8848	0.7261832	0.8922652	12.86525
39060	-4312.915	-4598.564	285.6495	0.9719284	1.029883	12.26513
39066	-4322.665	-4609.426	286.7615	0.9106716	1.145129	11.66036
39072	-4309.269	-4593.987	284.7178	0.7558368	0.8550337	12.95809
39078	-4316.74	-4601.406	284.666	0.7453126	0.9118554	12.95809
39084	-4314.21	-4601.195	286.9856	0.8197889	0.9699169	11.67867
39090	-4315.544	-4600.096	284.5518	0.8673325	1.027452	12.89244
39096	-4313.239	-4597.809	284.5704	0.8192344	1.000687	12.92156
39102	-4318.657	-4607.048	288.3908	0.8584055	0.9917999	10.91167
39108	-4325.367	-4610.506	285.1393	0.8076106	0.9917999	12.63619
39114	-4318.332	-4606.758	288.4263	0.886106	1.023407	10.86212
39120	-4319.234	-4607.292	288.0575	0.7838982	1.062786	11.08885
39126	-4327.274	-4616.788	289.514	0.8532896	0.8813069	10.386
39132	-4338.293	-4622.489	284.1958	0.834088	0.9296257	13.14655
39138	-4342.498	-4629.233	286.7345	0.9729219	1.071651	11.67747
39144	-4341.441	-4625.783	284.3415	0.7790291	0.9548316	13.08576
39150	-4330.624	-4616.842	286.2173	0.8424946	1.071922	12.01546
39156	-4331.188	-4616.619	285.4305	1.048481	1.061814	12.32332
39162	-4311.15	-4596.901	285.7509	0.8817833	0.9098668	12.32332
39168	-4327.104	-4612.332	285.2276	0.9114452	0.9644303	12.55068
39174	-4337.393	-4622.342	284.9495	0.8652269	0.9024593	12.75348
39180	-4320.146	-4606.995	286.8487	0.8483396	0.959646	11.74078
39186	-4319.582	-4604.704	285.1216	0.8470506	0.8925487	12.67893
39192	-4310.629	-4595.913	285.284	0.749158	0.9687407	12.60347
39198	-4321.222	-4603.841	282.619	0.6403469	0.8449345	14.11363
39204	-4311.485	-4595.65	284.1657	0.7072377	1.145653	13.11865
39210	-4333.967	-4619.994	286.0265	0.7443646	0.9766117	12.21496
39216	-4328.599	-4612.791	284.1923	0.7091415	1.07367	13.13847
39222	-4319.077	-4605.224	286.1469	0.6991643	0.9773308	12.17536
39228	-4324.271	-4614.67	290.3986	0.9740667	0.8665513	9.865822
39234	-4318.18	-4604.746	286.5662	0.8102133	0.9916175	11.89114
39240	-4323.766	-4607.619	283.8529	0.7476	1.027067	13.31818
39246	-4317.349	-4604.234	286.8851	0.7953569	1.027067	11.71403
39252	-4307.454	-4589.638	282.1838	0.813182	0.8832317	14.22748
39258	-4305.557	-4592.589	287.0312	0.8280405	0.8951434	11.69172
39264	-4305.753	-4595.003	289.2506	0.8220746	0.9231501	10.51702
39270	-4315.311	-4598.891	283.5802	0.8907963	1.053519	13.3721
39276	-4319.475	-4607.257	287.7818	0.9140401	0.976053	11.20982
39282	-4326.327	-4612.062	285.7343	0.9229025	0.9624132	12.28177
39288	-4324.643	-4608.951	284.3073	0.7910836	1.011011	13.06769
39294	-4324.438	-4606.311	281.8731	0.7162339	0.9998603	14.37541
39300	-4328.288	-4609.374	281.0859	0.8447932	1.048227	14.69189
39306	-4328.52	-4612.04	283.5202	0.7533439	0.9136211	13.5483
39312	-4331.803	-4616.221	284.4173	0.8128145	1.144531	12.93349
39318	-4336.502	-4619.545	283.0422	0.7390376	0.8250107	13.85484
39324	-4329.295	-4614.339	285.0441	0.835782	0.8829385	12.73063
39330	-4325.634	-4608.897	283.2632	0.6984959	1.024835	13.65103
39336	-4328.587	-4611.912	283.3251	0.5970192	1.065735	13.65103
39342	-4309.434	-4593.777	284.3427	0.7276491	0.9387588	13.12051
39348	-4320.004	-4605.822	285.8186	0.7233688	0.9343649	12.35703
39354	-4319.749	-4605.862	286.113	0.7473532	1.063567	12.12362
39360	-4314.772	-4601.119	286.3469	0.8194577	0.7910346	12.11508
39366	-4314.983	-4601.152	286.1686	0.9033778	0.8733128	12.11508
39372	-4336.93	-4623.868	286.9382	0.8214287	1.01102	11.68092
39378	-4343.794	-4626.939	283.1453	0.8246275	0.9466897	13.68776
39384	-4305.552	-4593.18	287.6283	0.7729743	1.018136	11.34186
39390	-4316.993	-4602.971	285.9787	0.783461	1.233643	12.09483
39396	-4329.32	-4616.037	286.7169	0.8554744	1.233643	11.67195
39402	-4316.28	-4599.051	282.7714	0.735016	1.03252	13.88335
39408	-4321.362	-4606.887	285.5244	0.7467547	1.030361	12.44743
39414	-4307.268	-4593.128	285.8598	0.8071935	1.069943	12.22125
39420	-4305.529	-4590.323	284.7933	0.7021907	0.9284205	12.90513
39426	-4297.03	-4583.821	286.7908	0.8379171	0.9947656	11.75777
39432	-4312.873	-4600.037	287.1648	0.8213563	0.9947656	11.57105
39438	-4307.082	-4593.422	286.3397	0.7407213	0.9594562	12.06271
39444	-4309.869	-4596.172	286.3025	0.769603	1.034514	12.02779
39450	-4310.034	-4596.376	286.3414	0.7532742	0.9960397	12.03583
39456	-4319.246	-4605.628	286.3819	0.984826	0.9453059	11.92096
39462	-4292.004	-4580.133	288.1289	0.725902	0.9534612	11.13875
39468	-4291.707	-4576.884	285.1777	0.7202021	0.9877401	12.66387
39474	-4296.798	-4582.945	286.1465	0.8761061	1.046374	12.04758
39480	-4297.067	-4583.804	286.737	0.9058611	1.171888	11.66316
39486	-4287.487	-4575.683	288.1958	0.8637363	1.057701	10.97715
39492	-4296.665	-4584.042	287.3776	0.8847413	0.9083666	11.47362
39498	-4293.002	-4576.12	283.1183	0.7556491	0.934806	13.74404
39504	-4292.624	-4576.392	283.7673	0.7464477	1.041649	13.35584
39510	-4305.699	-4592.703	287.0038	0.921884	0.885699	11.66236
39516	-4307.744	-4595.991	288.2463	0.8630787	0.8796497	11.04676
39522	-4310.799	-4596.68	285.8809	0.8184977	0.8654019	12.31388
39528	-4311.195	-4595.2	284.005	0.7041936	0.9469343	13.30375
39534	-4311.848	-4598.811	286.9635	0.8718283	0.8860608	11.70935
39540	-4306.833	-4592.206	285.3734	0.7712526	0.9804182	12.53922
39546	-4310.274	-4595.48	285.2054	0.7760193	0.9034534	12.66616
39552	-4306.166	-4593.071	286.9048	0.8452755	1.167847	11.60902
39558	-4298.476	-4583.107	284.6311	0.7160425	1.059489	12.91375
39564	-4303.68	-4590.633	286.9529	0.8104857	1.1015	11.6336
39570	-4307.155	-4593.079	285.9241	0.7455101	1.012665	12.24887
39576	-4309.494	-4594.885	285.3914	0.7252333	0.9623508	12.56345
39582	-4336.036	-4618.632	282.5965	0.7455063	0.9534794	14.00979
39588	-4324.626	-4606.91	282.2842	0.822929	1.024437	14.09447
39594	-4313.115	-4596.039	282.9235	0.6453268	0.7804635	13.99221
39600	-4319.628	-4606.417	286.789	0.7941853	0.8634165	11.85407
39606	-4318.701	-4603.236	284.5348	0.7941853	0.8634165	13.02843
39612	-4326.106	-4611.97	285.8644	0.7941853	0.8634165	12.33633
39618	-4332.463	-4615.806	283.3431	0.6646659	0.9286963	13.67792
39624	-4325.898	-4609.695	283.7965	0.7349172	0.9465388	13.39634
39630	-4327.232	-4608.239	281.0072	0.8993801	1.117526	14.67056
39636	-4334.149	-4620.076	285.9273	0.8663656	0.8189003	12.29231
39642	-4344.693	-4630.626	285.933	0.8453255	0.8322209	12.29231
39648	-4333.739	-4620.942	287.2027	0.8725526	1.089795	11.4763
39654	-4325.469	-4609.357	283.8881	0.7070479	0.9309163	13.37173
39660	-4333.632	-4620.196	286.5646	0.8176247	0.896079	11.94022
39666	-4337.22	-4623.189	285.969	0.9219159	1.039861	12.11958
39672	-4327.635	-4614.419	286.7837	0.9864802	1.199826	11.58379
39678	-4336.027	-4620.038	284.0108	0.9087417	1.152825	13.0911
39684	-4345.861	-4629.707	283.8457	0.7976733	0.886295	13.37156
39690	-4345.687	-4633.425	287.7383	0.9841604	0.9559784	11.20669
39696	-4344.87	-4628.675	283.805	0.9700717	0.9559784	13.26468
39702	-4338.711	-4622.904	284.1931	0.9239059	0.9377138	13.09686
39708	-4331.346	-4615.035	283.6887	0.8663533	0.9919246	13.35991
39714	-4325.547	-4614.473	288.9259	0.8408564	1.094309	10.58819
39720	-4335.512	-4619.216	283.7044	0.8363362	0.8173617	13.46527
39726	-4336.32	-4623.86	287.5399	0.9156957	0.8866949	11.38485
39732	-4337.12	-4624.414	287.2939	0.9651649	1.031797	11.40922
39738	-4329.879	-4618.025	288.1462	0.8480323	1.085967	10.99733
39744	-4330.185	-4616.528	286.3431	0.7872725	1.081606	11.97385
39750	-4334.301	-4619.007	284.7059	0.7220343	1.065471	12.86872
39756	-4328.848	-4615.974	287.1255	0.9497775	1.108291	11.46732
39762	-4333.307	-4619.811	286.504	0.8777377	1.211363	11.78152
39768	-4323.175	-4609.869	286.6945	0.7716694	1.116658	11.78152
39774	-4321.356	-4608.147	286.7903	0.9311102	0.9386424	11.73946
39780	-4352.095	-4637.708	285.613	0.7856969	0.9960569	12.39866
39786	-4335.952	-4622.328	286.3761	0.7307012	0.938176	12.06048
39792	-4341.193	-4631.854	290.6614	1.069905	1.239812	9.486147
39798	-4339.466	-4627.378	287.9126	0.9588883	1.034635	11.08733
39804	-4328.744	-4615.912	287.1687	0.7575887	1.01372	11.59248
39810	-4324.327	-4612.154	287.8274	0.8360118	0.846903	11.29931
39816	-4322.723	-4608.163	285.4398	0.9400612	1.075347	12.36826
39822	-4322.073	-4608.514	286.4412	0.8313973	0.9675438	11.9581
39828	-4325.943	-4612.626	286.6831	0.7680125	0.961966	11.86793
39834	-4313.996	-4602.907	288.911	0.9337113	1.0586	10.56499
39840	-4340.036	-4624.564	284.5272	0.9625071	0.871606	12.9401
39846	-4329.868	-4614.754	284.8867	0.8613722	0.9669796	12.75285
39852	-4331.068	-4615.474	284.4062	0.7781933	1.066573	12.99486
39858	-4340.188	-4626.263	286.0748	0.8365421	1.225288	12.02074
39864	-4330.004	-4618.134	288.1295	0.8792352	0.9841309	11.04171
39870	-4337.244	-4625.824	288.5806	0.8703978	0.8875171	10.86322
39876	-4327.684	-4612.016	284.3323	0.7691895	1.140912	13.00206
39882	-4316.179	-4601.851	285.672	0.8172564	0.8699306	12.42076
39888	-4312.395	-4599.03	286.6349	0.9002036	0.9596258	11.82536
39894	-4326.152	-4612.831	286.679	0.8611202	1.068159	11.76658
39900	-4322.074	-4606.948	284.8749	0.8269985	0.9601009	12.78055
39906	-4329.703	-4616.318	286.6151	0.7323275	0.9196808	11.94512
39912	-4314.208	-4601.435	287.2273	0.8556786	0.8176297	11.62027
39918	-4327.822	-4616.032	288.2095	1.003639	0.9288295	10.9646
39924	-4324.973	-4608.878	283.9046	0.7742962	0.9016392	13.34445
39930	-4328.42	-4614.991	286.5713	0.7313005	0.8970359	11.98122
39936	-4326.135	-4610.353	284.2182	0.7313005	1.031216	13.13471
39942	-4322.014	-4612.108	290.0935	0.987704	0.9089819	9.994841
39948	-4314.167	-4602.446	288.2785	0.8970038	0.9089819	10.99538
39954	-4305.442	-4595.018	289.5767	0.8776997	0.9387048	10.30787
39960	-4328.035	-4614.789	286.7541	0.7288536	0.9155459	11.87673
39966	-4337.829	-4624.56	286.7305	0.7665818	0.90238	11.87673
39972	-4299.92	-4586.644	286.7235	0.9096773	1.031737	11.73632
39978	-4296.323	-4583.632	287.3095	0.8044302	0.9464643	11.53009
39984	-4304.057	-4589.434	285.3771	0.8788034	0.8494606	12.55427
39990	-4297.348	-4585.376	288.0275	0.8611915	0.9632443	11.11572
39996	-4299.047	-4586.641	287.5941	0.9301652	0.9632443	11.30643
40002	-4313.843	-4603.067	289.2238	1.031126	0.8175677	10.48284
40008	-4323.128	-4608.91	285.7821	0.95434	1.058978	12.1905
40014	-4330.569	-4615.607	285.038	0.6313075	1.032877	12.75952
40020	-4329.788	-4613.549	283.761	0.7243048	1.047526	13.36767
40026	-4320.03	-4606.226	286.1967	0.8592634	1.005457	12.05115
40032	-4329.83	-4619.579	289.7486	0.9814627	0.8475657	10.21516
40038	-4321.68	-4610.104	288.4232	0.8603347	0.8392393	10.97921
40044	-4346.008	-4634.504	288.4957	0.9611447	0.8985792	10.85384
40050	-4317.027	-4601.683	284.656	0.718204	0.9850278	12.93778
40056	-4326.484	-4612.894	286.4103	0.7160998	1.010168	12.01196
40062	-4319.598	-4606.185	286.5875	0.8276841	0.9013716	11.92002
40068	-4311.456	-4597.69	286.2343	0.8300041	0.9842259	12.0579
40074	-4304.029	-4589.619	285.5902	0.7283033	0.8812664	12.50321
40080	-4310.468	-4595.047	284.5797	0.7566521	0.865047	13.02367
40086	-4308.596	-4596.622	288.0253	0.9316117	0.9920345	11.06468
40092	-4319.205	-4602.086	282.8812	0.814106	1.050796	13.77616
40098	-4322.232	-4608.572	286.3398	0.751639	1.133798	11.96896
40104	-4321.152	-4607.242	286.0898	0.7190856	0.9998386	12.18292
40110	-4318.148	-4604.412	286.2637	0.8845531	1.025057	11.99291
40116	-4310.199	-4593.808	283.6092	0.7777217	0.8407069	13.53117
40122	-4319.975	-4606.658	286.6833	0.7142923	0.9461147	11.90444
40128	-4317.824	-4602.692	284.8677	0.9140268	1.06953	12.68265
40134	-4321.56	-4609.1	287.5402	0.6713803	0.8658948	11.52442
40140	-4312.607	-4599.727	287.1201	0.8544939	1.052593	11.54741
40146	-4310.269	-4598.104	287.8351	0.7743844	1.078698	11.20234
40152	-4312.846	-4600.59	287.7438	0.8266064	0.8871507	11.32451
40158	-4303.458	-4592.76	289.3025	1.075586	1.029219	10.29986
40164	-4302.248	-4587.92	285.6721	0.7519039	1.142622	12.31281
40170	-4304.758	-4588.504	283.7456	0.6538578	0.962945	13.45604
40176	-4305.126	-4591.773	286.6468	0.8463473	0.7469418	11.97254
40182	-4304.318	-4592.849	288.5317	0.8715538	0.9379475	10.85996
40188	-4300.117	-4584.968	284.8509	0.7557	0.9233575	12.85012
40194	-4306.992	-4590.14	283.1489	0.6856177	0.9181401	13.77364
40200	-4322.464	-4605.66	283.1968	0.8294531	0.9739647	13.64396
40206	-4319.34	-4604.951	285.6114	0.7729929	0.9739647	12.4178
40212	-4309.407	-4596.783	287.3767	0.7403273	1.159351	11.42119
40218	-4297.953	-4585.016	287.0631	0.9214799	1.100171	11.51866
40224	-4307.6	-4592.345	284.7447	0.663349	0.979716	12.92294
40230	-4308.239	-4593.28	285.0411	0.8197292	0.9211448	12.71904
40236	-4313.291	-4599.587	286.2961	0.7738895	1.009805	12.04159
40242	-4314.083	-4598.017	283.9336	0.8394038	1.109007	13.18801
40248	-4311.203	-4596.827	285.6244	0.7329321	0.8437376	12.50482
40254	-4314.057	-4598.237	284.1802	0.7142592	0.8437376	13.26576
40260	-4311.108	-4594.438	283.3291	0.6588137	0.9008121	13.70368
40266	-4301.648	-4587.525	285.877	0.724261	0.9079811	12.34078
40272	-4305.106	-4590.084	284.9771	0.8148194	0.9551095	12.73635
40278	-4302.903	-4590.034	287.131	0.8803366	0.8973676	11.61096
40284	-4303.751	-4587.685	283.9338	0.8748423	0.8386506	13.31336
40290	-4314.257	-4599.664	285.4063	0.8377378	1.055556	12.44882
40296	-4320.822	-4605.889	285.0667	0.7187291	1.054187	12.68831
40302	-4313.996	-4598.99	284.9941	0.779109	1.066956	12.68831
40308	-4308.725	-4596.244	287.5187	0.808317	1.052726	11.36311
40314	-4307.169	-4591.37	284.2015	0.6563972	0.9211376	13.24062
40320	-4298.438	-4584.578	286.1399	0.7221654	1.015371	12.14716
40326	-4292.202	-4577.886	285.6844	0.7567552	0.9121945	12.42185
40332	-4294.678	-4580.997	286.3194	0.8155718	0.7713418	12.14377
40338	-4301.176	-4587.072	285.896	0.7000426	0.8412224	12.38195
40344	-4308.316	-4591.29	282.9733	0.7232138	1.14074	13.73196
40350	-4309.082	-4595.03	285.9477	0.7735095	1.106729	12.17502
40356	-4317.768	-4603.249	285.4808	0.7531315	0.9630057	12.50201
40362	-4320.411	-4605.56	285.1492	0.7582686	0.9645789	12.67116
40368	-4327.043	-4612.368	285.3248	0.8581781	0.9751087	12.52207
40374	-4333.874	-4619.677	285.8027	0.9037689	0.9890634	12.24195
40380	-4317.445	-4603.823	286.3784	0.8978915	0.9775306	11.95086
40386	-4307.425	-4593.69	286.2651	0.7943072	1.036308	12.03349
40392	-4325.723	-4609.786	284.0627	0.8290091	0.8738176	13.24973
40398	-4319.706	-4604.888	285.1828	0.8478195	1.01695	12.57959
40404	-4329.219	-4614.282	285.0626	0.9277981	1.135599	12.54202
40410	-4319.207	-4607.031	287.8241	0.8739173	1.021267	11.18499
40416	-4327.723	-4614.833	287.1107	0.9818399	1.081554	11.47134
40422	-4335.264	-4621.787	286.5223	1.089776	0.9580435	11.786
40428	-4338.439	-4624.917	286.4784	0.9534047	1.144905	11.786
40434	-4317.899	-4604.085	286.1852	0.9068863	0.9866514	12.04213
40440	-4324.088	-4608.726	284.6381	0.9038755	0.8914156	12.9016
40446	-4320.361	-4605.973	285.6126	0.8595476	1.198866	12.26168
40452	-4329.113	-4612.746	283.6326	0.8893177	1.003347	13.37121
40458	-4345.469	-4628.954	283.4847	0.6784352	1.170484	13.47589
40464	-4344.574	-4632.551	287.9768	0.8075637	1.163972	11.06985
40470	-4322.133	-4607.935	285.8013	0.9019469	1.015051	12.23009
40476	-4320.866	-4605.901	285.0351	0.8012156	1.071325	12.65334
40482	-4315.454	-4600.594	285.1405	0.7222247	0.968751	12.6922
40488	-4314.608	-4602.342	287.7338	0.803334	1.005958	11.2771
40494	-4320.172	-4605.579	285.4068	0.7177803	1.095728	12.49128
40500	-4327.1	-4609.983	282.8829	0.7909756	0.882657	13.87685
40506	-4315.653	-4598.538	282.8855	0.724979	0.9418461	13.87685
40512	-4332.456	-4616.576	284.1198	0.7861313	1.247471	13.0553
40518	-4317.586	-4604.401	286.8149	0.8715632	0.9299011	11.76248
40524	-4314.594	-4599.019	284.4246	0.7920641	0.9290776	13.04975
40530	-4306.547	-4594.558	288.0113	0.7409359	0.9353259	11.20238
40536	-4318.349	-4602.605	284.2562	0.736899	1.009631	13.1231
40542	-4328.532	-4612.952	284.4206	0.9095356	0.9607062	12.97361
40548	-4308.956	-4593.241	284.2846	0.9252003	0.9799961	13.0259
40554	-4314.28	-4597.145	282.8656	0.9271215	1.06203	13.71999
40560	-4330.331	-4613.826	283.4955	0.7832122	0.8838616	13.56232
40566	-4327.221	-4608.747	281.5261	0.9463451	1.054319	14.4083
40572	-4318.152	-4605.077	286.9252	0.8523833	1.054319	11.64947
40578	-4316.559	-4600.251	283.692	0.8523833	1.125635	13.29888
40584	-4316.064	-4600.385	284.3213	0.7669399	0.9902712	13.0837
40590	-4318.714	-4605.241	286.5269	0.918471	1.207075	11.7502
40596	-4319.351	-4604.762	285.4109	0.8375472	1.024196	12.46241
40602	-4330.497	-4614.154	283.6566	0.8607601	1.053334	13.34813
40608	-4330.654	-4613.407	282.7537	0.8060459	1.053334	13.84521
40614	-4324.106	-4609.169	285.0632	0.7924173	1.119115	12.62004
40620	-4317.835	-4605.664	287.8292	0.9342999	0.9465513	11.19033
40626	-4330.999	-4616.338	285.3393	0.7856817	0.9465513	12.5676
40632	-4326.844	-4613.747	286.9026	0.808406	0.8193345	11.81352
40638	-4332.938	-4616.8	283.8625	0.6565294	0.8193345	13.47533
40644	-4328.209	-4611.049	282.84	0.9092037	1.054994	13.74612
40650	-4332.917	-4618.295	285.378	0.7221799	1.011801	12.54598
40656	-4325.846	-4611.538	285.6917	0.8248911	0.9793251	12.34605
40662	-4311.957	-4598.929	286.972	0.8030162	1.00991	11.67348
40668	-4324.679	-4607.974	283.2949	0.792317	0.9399041	13.63055
40674	-4324.711	-4612.434	287.7226	0.8249441	1.037703	11.25531
40680	-4332.868	-4620.833	287.9654	0.9860574	1.079029	11.02317
40686	-4338.529	-4628.515	289.9863	0.9388014	1.01046	10.0219
40692	-4334.334	-4623.163	288.8286	0.9719171	1.026189	10.60467
40698	-4342.852	-4631.653	288.801	0.8259241	1.057546	10.67983
40704	-4316.645	-4604.582	287.9376	0.9255458	0.902625	11.16254
40710	-4320.926	-4608.333	287.4065	0.8225038	0.8541828	11.52217
40716	-4316.486	-4603.661	287.1747	0.9549731	0.9459522	11.52217
40722	-4317.669	-4607.131	289.4624	1.005537	1.368239	10.09649
40728	-4325.741	-4612.665	286.9239	0.8954887	0.9146777	11.70153
40734	-4324.233	-4608.818	284.5848	0.7467552	0.9146777	12.99797
40740	-4318.543	-4602.989	284.446	0.8877375	1.039683	12.93065
40746	-4318.681	-4608.838	290.1564	0.8871944	0.8681011	10.03815
40752	-4301.313	-4586.934	285.6213	0.8472696	1.098545	12.31065
40758	-4327.273	-4612.307	285.0339	0.8459354	0.9323006	12.703
40764	-4328.308	-4610.867	282.5585	0.7961204	1.124774	13.91686
40770	-4326.029	-4610.503	284.4739	0.7295778	1.125763	12.95621
40776	-4315.471	-4600.737	285.2657	0.9004396	1.059516	12.48743
40782	-4318.009	-4603.307	285.2983	0.7001861	1.039001	12.58506
40788	-4327.802	-4609.423	281.621	0.8787605	1.081222	14.38091
40794	-4335.53	-4622.598	287.068	0.8512068	0.8999372	11.65767
40800	-4321.623	-4608.07	286.4471	0.9672998	0.9817245	11.87652
40806	-4316.875	-4602.97	286.0946	0.8797419	0.9768451	12.10872
40812	-4326.312	-4610.654	284.3415	0.7788832	1.046359	13.03824
40818	-4330.693	-4617.451	286.7581	0.7151359	1.015882	11.82801
40824	-4327.423	-4616.081	288.6582	0.7960759	0.8710702	10.87102
40830	-4315.246	-4602.273	287.0273	0.819426	0.8891707	11.70162
40836	-4317.745	-4603.801	286.0566	0.8126743	1.068029	12.11673
40842	-4329.603	-4619.183	289.5801	0.8933652	1.189895	10.1715
40848	-4326.348	-4616.09	289.742	0.9063523	1.002748	10.1715
40854	-4326.778	-4617.161	290.3834	1.039004	0.8640559	9.841049
40860	-4319.944	-4609.862	289.9183	0.9971962	0.8949268	10.09001
40866	-4324.969	-4613.326	288.3575	1.038111	1.037002	10.81153
40872	-4321.141	-4608.072	286.9302	0.8380735	0.9998627	11.68223
40878	-4321.804	-4606.94	285.1364	0.7094182	0.932266	12.72071
40884	-4327.448	-4615.168	287.72	0.8922401	1.032085	11.22434
40890	-4335.984	-4620.986	285.0014	0.6942219	1.043164	12.74059
40896	-4330.377	-4617.259	286.8814	0.7576158	1.053413	11.7223
40902	-4331.323	-4614.356	283.0324	0.6389416	1.257321	13.69223
40908	-4339.879	-4625.589	285.7096	0.689045	1.036436	12.37792
40914	-4339.043	-4622.896	283.8534	0.7356977	0.9102368	13.3863
40920	-4335.535	-4620.684	285.1496	0.7764415	1.072783	12.60589
40926	-4327.755	-4615.522	287.7674	0.8401249	1.011244	11.23751
40932	-4332.062	-4615.471	283.4094	0.7570883	1.025498	13.54437
40938	-4333.867	-4619.771	285.9045	0.7344247	1.025498	12.25828
40944	-4333.897	-4619.904	286.0068	0.9301306	0.8850434	12.17877
40950	-4325.52	-4610.359	284.8396	0.8326314	1.053771	12.74745
40956	-4328.992	-4610.999	282.0074	0.780759	1.053771	14.24501
40962	-4326.333	-4610.003	283.6692	0.8176967	1.053771	13.36372
40968	-4328.108	-4612.474	284.366	0.9692033	0.9444046	12.97976
40974	-4327.795	-4612.754	284.9595	0.9696223	1.077137	12.60214
40980	-4325.803	-4612.331	286.5273	0.8760354	1.017271	11.86377
40986	-4345.631	-4632.42	286.7892	0.9943416	0.947689	11.70207
40992	-4326.794	-4613.276	286.4814	0.9877056	1.028477	11.82368
40998	-4336.395	-4620.747	284.3519	0.8714587	1.03827	12.98877
41004	-4325.093	-4609.357	284.2647	0.870199	1.132234	12.98877
41010	-4330.891	-4614.816	283.9254	0.7961112	0.8802078	13.33445
41016	-4325.664	-4611.377	285.7134	0.9117052	1.102462	12.22718
41022	-4320.625	-4605.295	284.6701	0.7402208	1.056818	12.8822
41028	-4337.541	-4620.319	282.7785	0.738088	1.047513	13.87053
41034	-4335.644	-4623.709	288.0649	0.9434658	1.022306	11.02197
41040	-4339.757	-4624.819	285.0617	0.8058412	1.367924	12.50375
41046	-4334.186	-4619.848	285.6616	0.8914279	0.9828142	12.32521
41052	-4328.229	-4616.992	288.763	0.9845156	1.14729	10.57279
41058	-4326.714	-4612.709	285.9948	0.8402708	1.21363	12.06578
41064	-4349.148	-4630.009	280.8615	0.7526662	0.9895919	14.88563
41070	-4315.32	-4602.334	287.0143	0.8052736	0.9475365	11.68334
41076	-4323.678	-4609.948	286.2704	0.8886947	1.139284	11.93102
41082	-4328.382	-4612.295	283.9128	0.7903861	0.8688755	13.35049
41088	-4303.221	-4585.882	282.6608	0.7704646	1.092867	13.8924
41094	-4319.038	-4603.024	283.9855	0.8332506	1.040681	13.19787
41100	-4320.517	-4604.649	284.1323	0.7033276	1.040063	13.18943
41106	-4313.178	-4600.54	287.3627	1.056078	1.040063	11.32149
41112	-4335.474	-4622.45	286.9752	0.7704273	0.9830555	11.7029
41118	-4342.795	-4627.869	285.0742	0.7221493	0.8227832	12.80932
41124	-4326.583	-4609.286	282.7027	0.7229996	1.163124	13.86202
41130	-4322.656	-4604.833	282.1769	0.8604864	1.000732	14.14283
41136	-4325.913	-4611.063	285.1506	0.7517651	1.050203	12.62945
41142	-4323.974	-4609.179	285.2057	0.7923309	0.9544447	12.62945
41148	-4312.156	-4598.085	285.9285	0.7601798	1.155033	12.16902
41154	-4307.922	-4593.263	285.3418	0.850571	1.064155	12.47148
41160	-4325.225	-4611.434	286.2093	0.7286104	0.9907707	12.12037
41166	-4320.063	-4603.957	283.8941	0.7286104	0.9765684	13.33283
41172	-4322.039	-4606.149	284.1103	0.8571367	1.055676	13.1131
41178	-4325.472	-4609.794	284.322	0.7726471	0.9292234	13.1131
41184	-4326.179	-4609.832	283.6534	0.7352905	1.010064	13.43693
41190	-4326.862	-4611.625	284.7632	0.7700804	0.9679396	12.86407
41196	-4319.489	-4603.916	284.4272	0.816242	1.047891	12.97346
41202	-4331.949	-4616.996	285.0468	0.712697	0.9775644	12.74127
41208	-4335.803	-4620.779	284.9761	0.806606	0.9548989	12.74127
41214	-4318.097	-4604.75	286.6524	0.8325214	0.9368842	11.86388
41220	-4326.559	-4608.917	282.3577	0.748937	1.252243	13.9874
41226	-4324.505	-4611.601	287.0963	0.8016576	1.252243	11.49357
41232	-4320.143	-4605.018	284.8743	0.7688171	1.026862	12.7762
41238	-4325.956	-4610.861	284.9046	0.6445125	1.126181	12.7762
41244	-4324.793	-4609.608	284.8154	0.9366501	0.9368818	12.76701
41250	-4326.36	-4611.219	284.8597	0.6708827	1.020686	12.83792
41256	-4322.722	-4608.091	285.3688	0.7360888	1.019555	12.53958
41262	-4334.509	-4616.884	282.3758	0.765433	0.8985546	14.14404
41268	-4326.647	-4611.619	284.9726	0.8782437	0.9042844	12.73363
41274	-4320.667	-4606.826	286.1594	0.8734142	0.957832	12.08843
41280	-4317.312	-4602.387	285.0752	0.7574677	1.087912	12.64709
41286	-4301.267	-4588.209	286.9421	0.7965139	0.9380652	11.73079
41292	-4322.65	-4609.98	287.3302	0.8262042	0.911427	11.52727
41298	-4305.735	-4592.683	286.9481	0.855737	0.911427	11.71147
41304	-4317.951	-4604.369	286.4189	0.8902142	1.066835	11.88786
41310	-4316.4	-4607.634	291.2336	0.8575412	1.030025	9.39704
41316	-4318.86	-4605.925	287.065	0.8723232	1.030025	11.57832
41322	-4312.863	-4600.004	287.1408	0.835418	0.9908903	11.57832
41328	-4302.336	-4588.949	286.6132	0.8777614	0.9908903	11.83177
41334	-4300.702	-4586.691	285.9886	0.9578772	1.094245	12.06357
41340	-4306.171	-4596.58	290.409	1.043253	0.921489	9.792432
41346	-4306.46	-4596.76	290.3008	1.12358	0.947981	9.792432
41352	-4315.527	-4606.04	290.513	0.8767212	0.9817022	9.792432
41358	-4310.776	-4601.118	290.3417	1.047965	0.9817022	9.792432
41364	-4318.144	-4610.005	291.8611	0.9429116	0.9817022	9.045591
41370	-4300.781	-4587.579	286.7982	0.843302	0.9649008	11.76693
41376	-4304.511	-4588.145	283.6347	0.7433698	0.959003	13.46926
41382	-4305.332	-4589.518	284.1856	0.9103884	1.038427	13.05493
41388	-4283.702	-4568.774	285.0723	0.7442931	0.9654418	12.71797
41394	-4289.641	-4573.653	284.0114	0.7352214	0.8367997	13.34667
41400	-4292.933	-4579.185	286.2515	0.632635	1.076259	12.10493
41406	-4299.158	-4587.638	288.48	1.05088	1.007664	10.75571
41412	-4296.222	-4583.19	286.9676	0.8953965	1.156969	11.55507
41418	-4301.148	-4590.61	289.4621	0.8383271	0.9281047	10.39466
41424	-4291.962	-4580.07	288.1084	0.9163852	0.9831466	11.03382
41430	-4298.935	-4590.694	291.7591	1.030215	1.053699	9.015749
41436	-4308.509	-4598.297	289.7879	1.094219	1.106727	9.995956
41442	-4304.021	-4596.864	292.8432	1.049495	0.7807671	8.585912
41448	-4294.423	-4585.906	291.4829	0.9098986	1.021397	9.242121
41454	-4287.25	-4577.404	290.1545	0.9761818	1.088937	9.873818
41460	-4286.25	-4571.908	285.6585	0.8254978	0.9303773	12.38944
41466	-4297.012	-4585.221	288.209	1.003086	0.8488888	11.01089
41472	-4304.508	-4592.938	288.4303	0.9048783	0.9807732	10.87245
41478	-4294.403	-4582.688	288.2846	0.9499848	1.083798	10.87245
41484	-4318.481	-4607.438	288.9562	0.9673184	1.082597	10.51165
41490	-4320.342	-4610.506	290.163	0.9039497	1.114104	9.89503
41496	-4319.26	-4603.538	284.2779	0.8903896	1.063309	13.00485
41502	-4318.3	-4602.133	283.8332	0.7813414	0.9443139	13.35435
41508	-4317.861	-4604.613	286.7523	0.8263113	0.9396382	11.81347
41514	-4339.509	-4627.151	287.6425	0.8141573	1.207808	11.2212
41520	-4340.529	-4627.595	287.0665	0.8802141	1.164086	11.508
41526	-4335.736	-4618.016	282.2798	0.8379823	1.138308	14.03325
41532	-4346.333	-4627.057	280.7237	0.8302804	1.168305	14.82927
41538	-4356.333	-4640.093	283.7601	0.8308459	0.9762899	13.34951
41544	-4322.081	-4606.594	284.5127	0.702791	0.9595424	13.03382
41550	-4313.668	-4598.427	284.7586	0.7830678	1.008527	12.83838
41556	-4321.159	-4604.289	283.1295	0.844897	0.9636368	13.67636
41562	-4338.151	-4619.945	281.7941	0.8834185	0.7476055	14.47484
41568	-4329.223	-4611.442	282.2187	0.9575033	1.001558	14.0704
41574	-4342.073	-4624.739	282.666	0.693706	0.8300646	14.0704
41580	-4332.97	-4615.553	282.5828	0.6496771	0.9464106	14.0704
41586	-4328.343	-4616.462	288.1198	0.9193689	0.9038827	11.06969
41592	-4310.555	-4596.677	286.1216	0.7601923	0.9003859	12.19883
41598	-4319.326	-4604.41	285.0841	0.8055533	1.077166	12.62269
41604	-4314.829	-4600.342	285.5132	0.7743523	1.061405	12.42325
41610	-4302.212	-4587.828	285.6167	0.7584079	0.9727594	12.42325
41616	-4312.203	-4598.057	285.8544	0.8412043	1.089017	12.19694
41622	-4311.92	-4596.573	284.6527	0.8914676	1.122856	12.78034
41628	-4313.775	-4598.481	284.7069	0.653697	1.016534	12.92847
41634	-4305.44	-4589.487	284.0472	0.7395216	0.8401823	13.32386
41640	-4324.024	-4611.637	287.6122	1.001628	0.9398391	11.27228
41646	-4315.508	-4600.234	284.7254	0.7850817	1.073332	12.82191
41652	-4313.393	-4598.535	285.1414	0.7507151	0.919229	12.70382
41658	-4304.867	-4590.086	285.2199	0.8517192	1.076282	12.52837
41664	-4338.203	-4621.407	283.2036	0.8156847	0.9916407	13.63823
41670	-4330.042	-4612.104	282.0615	0.7006894	0.948361	14.31307
41676	-4330.572	-4617.792	287.22	0.8910136	0.9553375	11.52681
41682	-4328.684	-4610.703	282.0188	0.8192214	0.8754594	14.3143
41688	-4327.232	-4608.551	281.3198	0.7671012	1.05782	14.60624
41694	-4325.496	-4609.652	284.1562	0.7668966	1.102576	13.11308
41700	-4320.099	-4606.291	286.1916	0.8468895	0.8557049	12.14277
41706	-4315.534	-4599.346	283.8117	0.7545362	1.105525	13.29711
41712	-4348.989	-4631.305	282.3156	0.7143214	1.199734	14.05054
41718	-4343.253	-4628.475	285.2212	0.9151481	0.8953832	12.59001
41724	-4318.265	-4603.322	285.0576	0.7415331	0.8779403	12.77551
41730	-4345.604	-4631.196	285.5919	0.9093337	0.9803557	12.35352
41736	-4334.553	-4620.088	285.5346	0.840579	1.110523	12.35352
41742	-4327.063	-4610.922	283.8597	0.8052101	0.9453422	13.32764
41748	-4341.334	-4626.227	284.8936	0.7538595	1.109694	12.73289
41754	-4332.761	-4620.825	288.0632	0.8691959	1.091241	11.02712
41760	-4329.692	-4617.91	288.2187	0.8302049	1.091241	10.96607
41766	-4321.784	-4610.177	288.3932	0.869956	1.208713	10.79838
41772	-4326.778	-4610.012	283.2339	0.8608261	0.9258545	13.63434
41778	-4333.918	-4619.996	286.0777	0.8313453	1.078657	12.09073
41784	-4345.532	-4629.209	283.6768	0.7555847	0.9703276	13.43503
41790	-4343.413	-4626.659	283.2459	0.815434	1.006015	13.60898
41796	-4341.437	-4624.972	283.5345	0.8883731	1.006015	13.42127
41802	-4329.139	-4614.202	285.0632	0.6676507	0.8862149	12.80631
41808	-4326.629	-4616.466	289.8374	0.9726652	0.8521233	10.17041
41814	-4329.511	-4617.397	287.8852	0.8099607	0.8810223	11.26279
41820	-4316.684	-4602.652	285.9678	0.7213124	1.045265	12.22209
41826	-4313.06	-4600.095	287.0353	0.7876949	0.9875387	11.66013
41832	-4343.054	-4629.037	285.9833	0.7243941	0.9636785	12.25477
41838	-4328.057	-4613.195	285.1388	0.823672	0.8857337	12.68601
41844	-4319.602	-4603.978	284.3755	0.752764	1.02919	13.04283
41850	-4315.781	-4601.675	285.8936	0.7749385	0.913251	12.30275
41856	-4321.794	-4609.753	287.9593	0.7702993	1.096449	11.13075
41862	-4320.068	-4607.61	287.5415	0.7452442	0.9318989	11.44775
41868	-4329.298	-4617.136	287.8383	1.060837	1.03809	11.07111
41874	-4328.514	-4613.107	284.5932	0.9186445	1.043551	12.83602
41880	-4328.693	-4615.077	286.3841	0.8163842	1.019229	11.96864
41886	-4327.987	-4615.284	287.298	0.824809	0.9220376	11.53891
41892	-4336.245	-4622.59	286.3453	0.8153767	1.022111	11.98791
41898	-4324.26	-4612.627	288.3669	1.033097	1.014593	10.82075
41904	-4314.494	-4599.802	285.3078	0.7718145	0.9681235	12.57962
41910	-4331.58	-4615.928	284.3482	0.8480986	0.9564373	13.0455
41916	-4335.715	-4622.894	287.1785	0.816524	0.9564373	11.58681
41922	-4321.012	-4607.285	286.2733	0.7673281	1.042392	12.0402
41928	-4314.609	-4599.57	284.961	0.5549988	1.052806	12.82921
41934	-4321.08	-4605.888	284.8083	0.7067956	0.9029692	12.90907
41940	-4312.83	-4600.959	288.1283	0.8370252	0.9934052	11.05956
41946	-4314.893	-4603.753	288.8605	0.8656891	0.9991334	10.65776
41952	-4309.595	-4598.333	288.7375	0.9900838	1.05767	10.62696
41958	-4315.77	-4602.662	286.8923	0.912826	0.9314816	11.69968
41964	-4334.331	-4623.537	289.2059	0.813515	1.016931	10.49459
41970	-4329.107	-4619.383	290.276	0.9259284	1.055905	9.85282
41976	-4324.75	-4610.301	285.5511	0.7777358	1.155079	12.35656
41982	-4325.256	-4611.038	285.782	0.8470448	1.155079	12.20006
41988	-4331.461	-4617.5	286.0384	0.7086904	1.029062	12.20006
41994	-4341.958	-4626.262	284.3034	0.7646929	0.8389073	13.1784
42000	-4310.598	-4593.472	282.8743	0.8067029	0.9562692	13.83249
42006	-4310.867	-4598.823	287.9563	0.7748415	0.9792171	11.18964
42012	-4319.817	-4606.755	286.9374	0.7759675	0.976811	11.72306
42018	-4325.194	-4609.526	284.332	0.7759675	0.9006922	13.12205
42024	-4314.103	-4598.399	284.2961	0.8308259	0.9792171	13.0694
42030	-4308.995	-4597.08	288.0848	0.777161	0.9925717	11.11412
42036	-4317.191	-4601.446	284.2554	0.7144266	1.082865	13.09838
42042	-4300.55	-4585.613	285.0636	0.727647	1.082865	12.67109
42048	-4302.674	-4587.572	284.8981	0.7869817	1.200149	12.67109
42054	-4308.532	-4594.68	286.1476	0.8324968	1.169694	12.01016
42060	-4320.007	-4600.545	280.5382	0.8151893	1.032514	14.99847
42066	-4318.943	-4601.77	282.8262	0.7384289	0.9146682	13.91555
42072	-4332.991	-4616.219	283.2271	0.7091518	1.083082	13.63514
42078	-4328.241	-4612.564	284.3224	0.7559085	0.9748389	13.097
42084	-4330.345	-4615.549	285.2037	0.7785781	1.059347	12.58326
42090	-4313.241	-4599.957	286.7159	0.8734815	0.86401	11.85049
42096	-4310.462	-4595.945	285.4825	0.7921129	0.8665234	12.53458
42102	-4309.194	-4595.229	286.0348	0.7762374	0.8999317	12.23595
42108	-4310.575	-4600.543	289.9684	0.9327929	1.094312	9.991995
42114	-4318.747	-4607.016	288.2686	0.8320496	0.978246	10.99669
42120	-4311.75	-4600.632	288.8821	0.7656047	0.9420726	10.72955
42126	-4318.2	-4605.215	287.015	0.8978089	1.053469	11.57924
42132	-4319.8	-4608.982	289.1825	0.8967352	0.8022162	10.58452
42138	-4308.488	-4593.691	285.2032	0.6965404	1.262138	12.53172
42144	-4307.694	-4595.656	287.9622	0.7889572	1.042002	11.14657
42150	-4331.92	-4617.835	285.915	0.7615121	0.9587653	12.27367
42156	-4332.667	-4618.643	285.9756	0.708836	1.084383	12.20508
42162	-4324.223	-4609.518	285.2949	0.6278896	0.9838242	12.65294
42168	-4324.237	-4609.47	285.2327	0.7474081	0.9284078	12.65294
42174	-4303.759	-4591.981	288.2222	0.7224144	1.000093	11.06688
42180	-4300.207	-4588.235	288.0277	0.8049393	1.040908	11.10446
42186	-4296.527	-4583.572	287.0447	0.8529547	0.9573949	11.6372
42192	-4294.878	-4581.987	287.1084	0.7892686	0.9573949	11.6372
42198	-4301.691	-4585.79	284.0988	0.7892686	0.9731529	13.19675
42204	-4303.555	-4589.479	285.9246	0.757445	1.099563	12.19888
42210	-4306.079	-4590.244	284.1647	0.7612994	0.9355626	13.19731
42216	-4305.871	-4590.454	284.5827	0.8159305	0.9284763	12.95549
42222	-4292.718	-4577.392	284.6743	0.7191732	0.8963938	12.97603
42228	-4302.163	-4587.976	285.8123	0.6571097	0.9932316	12.3633
42234	-4313.24	-4600.161	286.9212	0.7123882	1.063222	11.72025
42240	-4310.809	-4597.885	287.0769	0.6458907	0.9728564	11.72025
42246	-4314.494	-4597.964	283.4696	0.636621	1.034398	13.57113
42252	-4322.543	-4605.542	282.9995	0.8452685	0.9501732	13.75083
42258	-4317.8	-4604.608	286.8079	0.7221449	0.8581288	11.8849
42264	-4322.359	-4607.345	284.9861	0.6373325	0.9204366	12.84295
42270	-4329.333	-4612.739	283.4062	0.6866733	1.036987	13.57678
42276	-4332.655	-4616.662	284.0073	0.8119375	0.8784683	13.28471
42282	-4337.293	-4621.282	283.9893	0.8241616	0.989007	13.22718
42288	-4324.468	-4608.691	284.2237	0.8239886	0.8090074	13.20694
42294	-4311.825	-4597.49	285.6649	0.6720543	1.007341	12.42499
42300	-4323.599	-4607.428	283.8288	0.7011304	0.9828077	13.37773
42306	-4322.689	-4606.572	283.883	0.7281064	0.9828077	13.33558
42312	-4332.495	-4616.386	283.8915	0.6366186	1.067332	13.33558
42318	-4324.933	-4612.349	287.4154	0.9152006	1.016375	11.37977
42324	-4334.909	-4620.556	285.6475	0.9966375	1.037321	12.24955
42330	-4331.052	-4612.698	281.646	0.6823007	1.097277	14.46191
42336	-4325.646	-4611.215	285.5687	0.6709845	0.8002242	12.59229
42342	-4328.037	-4613.662	285.6248	0.7767151	0.8088339	12.50273
42348	-4315.591	-4600.886	285.2951	0.7497682	0.9362513	12.61491
42354	-4309.134	-4593.967	284.8329	0.7227902	1.028777	12.82072
42360	-4316.347	-4599.095	282.7482	0.8747827	1.151833	13.76492
42366	-4312.141	-4598.988	286.8469	0.9256054	0.982178	11.68933
42372	-4317.137	-4600.91	283.7731	0.8001206	0.982178	13.35561
42378	-4320.78	-4607.451	286.6707	0.928339	0.9658796	11.78858
42384	-4322.171	-4610.215	288.0443	0.7996475	0.8902805	11.17961
42390	-4329.949	-4618.742	288.7934	0.9903895	1.039994	10.60642
42396	-4318.749	-4604.299	285.5497	0.8033772	1.12978	12.35583
42402	-4314.526	-4596.493	281.9669	0.8477744	1.018623	14.24902
42408	-4338.14	-4622.641	284.5007	0.9018345	1.018623	12.90558
42414	-4331.797	-4618.433	286.6369	0.858448	1.083807	11.78226
42420	-4320.342	-4607.082	286.74	0.7593917	1.07947	11.78226
42426	-4336.302	-4622.406	286.1036	0.7573799	1.084418	12.11297
42432	-4317.209	-4603.362	286.1529	0.999214	0.9962231	12.00577
42438	-4302.495	-4588.725	286.2296	0.8147292	0.936842	12.09381
42444	-4300.412	-4584.275	283.863	0.707096	1.19922	13.25134
42450	-4307.452	-4590.249	282.7968	0.8056268	0.9166489	13.89488
42456	-4313.585	-4597.208	283.6234	0.7646334	1.008209	13.43821
42462	-4318.403	-4601.453	283.0496	0.7562296	0.9647962	13.76316
42468	-4313.277	-4597.029	283.752	0.8012173	1.091954	13.31046
42474	-4324.429	-4608.647	284.218	0.7600573	1.101742	13.08495
42480	-4321.219	-4608.033	286.8139	0.9261965	1.036821	11.67792
42486	-4322.22	-4607.856	285.6365	0.8025878	1.061422	12.34428
42492	-4322.947	-4606.264	283.3176	0.8494541	1.061422	13.52602
42498	-4325.368	-4609.518	284.1502	0.914077	1.184556	13.00116
42504	-4317.399	-4604.286	286.8872	0.9568929	0.903584	11.69483
42510	-4311.445	-4596.779	285.3341	0.7823782	0.8586072	12.62151
42516	-4301.287	-4586.438	285.1503	0.6772041	0.9376139	12.72733
42522	-4300.937	-4587.058	286.1208	0.7894168	0.9278618	12.16866
42528	-4302.527	-4589.123	286.5956	0.8382849	1.123482	11.79513
42534	-4318.108	-4601.193	283.085	0.7098645	1.046944	13.72641
42540	-4326.643	-4616.698	290.0552	0.9636648	0.9136722	10.02502
42546	-4323.119	-4608.216	285.0969	0.8887262	0.8167376	12.71448
42552	-4312.834	-4601.159	288.325	0.7867998	0.9505964	11.00574
42558	-4305.153	-4590.693	285.5405	0.8056139	0.9505964	12.45024
42564	-4308.359	-4595.011	286.6521	0.8275874	0.8941549	11.89045
42570	-4327.295	-4611.916	284.6219	0.7911045	0.9368313	12.9434
42576	-4309.142	-4594.208	285.0655	0.6904149	1.121035	12.67103
42582	-4305.334	-4591.619	286.2842	0.6735275	0.8985351	12.16029
42588	-4307.699	-4595.669	287.9692	0.7174197	1.011342	11.19607
42594	-4321.109	-4612.989	291.8796	1.120161	0.9853924	8.940006
42600	-4320.622	-4608.002	287.3793	0.8325488	1.078316	11.41058
42606	-4322.383	-4606.634	284.2505	0.8553	1.126181	13.00678
42612	-4335.366	-4621.361	285.9955	0.9620656	1.02403	12.09286
42618	-4340.238	-4625.276	285.0385	0.7606265	1.208439	12.60796
42624	-4338.525	-4623.128	284.6026	0.9356016	1.057876	12.81515
42630	-4338.503	-4623.13	284.6266	0.8431578	0.9709237	12.89554
42636	-4331.054	-4619.801	288.7467	0.9428978	1.013558	10.66941
42642	-4341.505	-4628.405	286.9003	0.8548163	1.267056	11.56171
42648	-4317.914	-4604.811	286.8963	0.9200365	1.195363	11.56171
42654	-4318.843	-4608.664	289.8209	0.8840053	0.9794349	10.15412
42660	-4336.929	-4621.935	285.0056	0.8832735	1.23285	12.55028
42666	-4345.108	-4627.838	282.7294	0.8149507	1.02031	13.86989
42672	-4330.756	-4616.43	285.6744	0.9259912	0.9821019	12.30092
42678	-4323.275	-4609.712	286.437	0.8562272	0.9821019	11.9396
42684	-4336.375	-4617.909	281.5336	0.8803564	0.9437197	14.49596
42690	-4331.193	-4614.495	283.3016	0.7659075	1.035324	13.59079
42696	-4327.115	-4612.349	285.2344	0.736008	1.035324	12.60155
42702	-4335.137	-4622.233	287.0952	0.8905115	0.9686495	11.58511
42708	-4323.022	-4605.283	282.2607	0.8861017	1.00536	14.0837
42714	-4322.409	-4607.844	285.435	0.9242445	0.8876629	12.47834
42720	-4328.057	-4609.999	281.942	0.689192	0.9928768	14.35736
42726	-4330.097	-4611.849	281.7517	0.8644142	1.007942	14.35736
42732	-4344.373	-4629.741	285.3681	0.6504757	0.9369908	12.62824
42738	-4342.231	-4630.826	288.5952	0.8338181	0.8646663	10.88798
42744	-4328.339	-4615.468	287.1292	0.85475	1.01173	11.56339
42750	-4319.2	-4604.036	284.8365	0.6987899	0.9633276	12.86551
42756	-4307.369	-4595.112	287.7427	0.8997981	1.020004	11.21468
42762	-4314.741	-4602.464	287.7225	0.8366716	1.107251	11.21468
42768	-4324.096	-4611.087	286.9908	0.7442675	0.8646937	11.77407
42774	-4317.842	-4604.704	286.8621	0.7258036	1.004382	11.77407
42780	-4326.451	-4612.923	286.4721	0.8533413	1.004669	11.91095
42786	-4342.813	-4627.048	284.2345	0.7147289	0.9501815	13.17731
42792	-4330.504	-4615.004	284.5001	0.7356108	1.195221	12.90715
42798	-4332.436	-4615.902	283.4656	0.6866423	1.075941	13.52655
42804	-4335.33	-4619.595	284.2643	0.6934834	0.9743858	13.15987
42810	-4334.072	-4618.258	284.1855	0.7436713	1.00283	13.15987
42816	-4335.93	-4620.109	284.1787	0.6689956	1.086944	13.15987
42822	-4333.129	-4616.994	283.8645	0.8729229	1.05841	13.23124
42828	-4331.992	-4618.16	286.1679	0.9964008	1.02935	11.98234
42834	-4318.244	-4600.769	282.5256	0.8156462	1.09961	13.93581
42840	-4313.745	-4599.343	285.5984	0.8622124	1.147263	12.29154
42846	-4315.942	-4597.132	281.19	0.7886551	1.092669	14.64519
42852	-4323.787	-4613.003	289.2155	0.9030002	0.9525636	10.47677
42858	-4319.637	-4605.849	286.2121	0.922617	1.016086	12.00454
42864	-4337.005	-4623.612	286.6071	0.977637	1.016086	11.76969
42870	-4333.689	-4618.466	284.7776	0.8613696	1.028844	12.77734
42876	-4341.275	-4630.247	288.9718	0.9373021	0.9323643	10.59774
42882	-4319.681	-4608.16	288.4782	1.036869	1.057823	10.73836
42888	-4313.796	-4600.305	286.5087	0.834925	1.057823	11.87435
42894	-4307.841	-4592.331	284.4896	0.8475078	0.9602371	12.97023
42900	-4320.203	-4601.4	281.1971	0.8144588	0.9060775	14.72495
42906	-4314.859	-4601.497	286.6378	0.7250575	1.040113	11.87321
42912	-4315.223	-4601.332	286.1083	0.7898186	1.140215	12.06673
42918	-4322.721	-4609.198	286.4763	0.8531306	0.9492891	11.93828
42924	-4324.897	-4613.485	288.5883	0.8531306	0.9492891	10.83372
42930	-4326.167	-4613.263	287.0961	0.7280794	1.231354	11.54137
42936	-4334.308	-4621.452	287.1437	0.9344024	1.15846	11.44198
42942	-4331.116	-4617.382	286.2668	0.8763505	0.9414696	12.03973
42948	-4326.227	-4614.975	288.7481	0.8194743	1.003818	10.7385
42954	-4315.412	-4602.271	286.8589	0.7727876	0.9265808	11.79292
42960	-4316.457	-4600.828	284.3709	0.8030969	1.188417	12.94236
42966	-4326.509	-4614.617	288.1076	0.7965985	1.142432	11.01723
42972	-4318.437	-4609.734	291.2962	1.05529	1.044827	9.25187
42978	-4325.441	-4613.406	287.9649	0.9976614	1.329342	10.9031
42984	-4334.613	-4626.001	291.388	0.9976614	0.9538735	9.281931
42990	-4335.221	-4619.19	283.9693	0.6798595	0.9870541	13.31356
42996	-4331.638	-4615.798	284.161	0.7331391	0.9834199	13.18822
43002	-4329.189	-4616.442	287.253	0.8062483	1.068931	11.49501
43008	-4320.645	-4607.875	287.2298	0.8195946	1.079263	11.49501
43014	-4322.811	-4609.221	286.4101	0.7169806	0.9772292	12.02888
43020	-4334.686	-4621.148	286.4619	0.8204644	1.078104	11.89625
43026	-4335.973	-4619.071	283.0979	0.7097624	0.9670276	13.76103
43032	-4323.031	-4608.162	285.1313	0.8298478	1.005087	12.62185
43038	-4335.644	-4625.112	289.4678	0.9176862	0.9663377	10.32903
43044	-4317.533	-4600.708	283.1754	0.8139522	1.154384	13.57357
43050	-4330.841	-4612.411	281.5702	0.7386218	1.228813	14.41117
43056	-4318.771	-4600.42	281.6483	0.7722841	1.075878	14.42452
43062	-4316.022	-4603.36	287.3379	0.8863839	0.8082098	11.55219
43068	-4319.075	-4603.197	284.1222	1.004401	0.9953383	13.06112
43074	-4323.171	-4610.542	287.3709	0.8990311	1.038288	11.40023
43080	-4342.206	-4630	287.7935	0.9746277	1.029869	11.1439
43086	-4334.32	-4621.087	286.7671	0.8731939	1.281534	11.61543
43092	-4326.141	-4612.653	286.5127	0.9153702	1.281534	11.72626
43098	-4322.048	-4606.33	284.2812	0.7601892	0.9990962	13.10344
43104	-4327.663	-4615.12	287.4568	0.8657051	0.8808826	11.45777
43110	-4329.446	-4613.307	283.8613	0.8094822	1.013444	13.28865
43116	-4343.017	-4626.131	283.1145	0.822813	1.045015	13.65345
43122	-4332.024	-4621.553	289.5291	0.9311108	0.8773097	10.33953
43128	-4330.181	-4616.302	286.1206	0.9488849	0.8407937	12.13543
43134	-4328.937	-4614.693	285.7555	0.8914703	0.8731201	12.33678
43140	-4314.498	-4598.384	283.8859	0.7808422	0.9958484	13.29983
43146	-4317.024	-4598.757	281.7333	0.8022852	0.8990602	14.45758
43152	-4332.295	-4619.974	287.6787	0.9530964	1.16579	11.14888
43158	-4309.81	-4595.871	286.0605	0.9753295	1.004086	12.06237
43164	-4312.511	-4595.762	283.2516	0.914796	0.9582908	13.57954
43170	-4323.131	-4606.466	283.3352	0.7763305	1.085805	13.54283
43176	-4322.448	-4608.188	285.7396	0.8202506	0.9556344	12.33616
43182	-4330.188	-4617.006	286.8177	0.833923	0.8820376	11.80761
43188	-4312.273	-4595.471	283.1976	0.7932545	0.9808422	13.65866
43194	-4329.557	-4619.93	290.3725	1.075106	0.9543366	9.776695
43200	-4339.784	-4624.355	284.5713	0.9682668	0.9736704	12.85776
43206	-4327.874	-4614.741	286.867	0.9625712	1.014388	11.64264
43212	-4329.928	-4614.658	284.7305	0.798538	1.014388	12.84196
43218	-4319.109	-4605.425	286.3166	0.914899	0.9587586	11.98425
43224	-4311.872	-4595.358	283.4865	0.7757811	1.041155	13.4867
43230	-4328.569	-4616.907	288.3378	0.880323	1.078653	10.88359
43236	-4327.646	-4615.262	287.6159	0.9508693	1.078653	11.22472
43242	-4334.221	-4617.697	283.4757	0.7019019	0.9802006	13.56207
43248	-4335.546	-4621.527	285.9816	0.7713941	0.9534019	12.23671
43254	-4331.861	-4619.482	287.6203	0.8289239	0.9453566	11.35539
43260	-4328.598	-4619.699	291.101	0.8852631	1.031982	9.451387
43266	-4333.392	-4621.428	288.0357	0.8560634	1.117636	11.03554
43272	-4325.574	-4612.783	287.2091	0.8978056	0.9697179	11.5212
43278	-4324.053	-4613.435	289.3825	0.9529933	1.166045	10.25511
43284	-4312.845	-4602.391	289.5461	1.016296	0.931542	10.25511
43290	-4314.457	-4600.196	285.7396	0.835072	0.9167875	12.3497
43296	-4321.699	-4608.418	286.7193	0.9630663	0.9167875	11.7719
43302	-4324.536	-4609.349	284.8138	0.8776294	1.221464	12.65817
43308	-4333.99	-4621.821	287.8312	0.8612214	0.8168525	11.30216
43314	-4340.899	-4625.114	284.2143	0.9227246	1.022354	13.04172
43320	-4341.72	-4627.951	286.2314	0.8218102	0.9668038	12.07296
43326	-4325.694	-4611.264	285.5695	0.7088937	0.9234922	12.50034
43332	-4323.379	-4608.993	285.6138	0.6726687	0.9923336	12.45909
43338	-4333.338	-4619.121	285.7835	0.8657064	0.9923336	12.27008
43344	-4338.568	-4621.381	282.8131	0.8012827	0.8762716	13.91135
43350	-4329.463	-4617.295	287.8314	0.9489538	0.978791	11.16412
43356	-4336.053	-4624.858	288.805	0.8718645	1.292383	10.54429
43362	-4324.829	-4613.809	288.9805	0.8953049	1.067383	10.54429
43368	-4314.175	-4598.837	284.6618	0.830165	0.9489476	12.89574
43374	-4310.032	-4597.22	287.1878	0.8650301	1.120973	11.47291
43380	-4318.196	-4602.708	284.5125	0.8672659	1.050394	12.90131
43386	-4316.114	-4602.962	286.8485	0.9990808	1.061011	11.60954
43392	-4325.533	-4612.872	287.3394	0.8317308	1.233955	11.35884
43398	-4323.537	-4611.174	287.6372	0.7857581	0.9870876	11.34676
43404	-4320.316	-4608.794	288.4777	0.9303619	1.185417	10.73302
43410	-4343.281	-4636.189	292.9088	1.119096	1.03935	8.366037
43416	-4333.894	-4614.125	280.2313	0.7400333	1.193208	15.1193
43422	-4332.92	-4617.857	284.9367	0.7807195	0.9383568	12.78423
43428	-4332.51	-4619.952	287.4425	0.9200564	1.108119	11.31717
43434	-4325.06	-4613.507	288.448	1.067956	1.132054	10.70152
43440	-4326.232	-4617.116	290.8846	1.070618	1.051473	9.45782
43446	-4314.863	-4605.119	290.2553	1.00342	1.136175	9.783402
43452	-4327.05	-4613.948	286.8975	0.8439724	1.020641	11.68546
43458	-4331.102	-4618.903	287.8009	1.019459	0.9200945	11.17514
43464	-4331.679	-4618.014	286.335	0.7498336	1.036559	12.02011
43470	-4328.551	-4617.002	288.4505	0.7563445	0.9856761	10.93715
43476	-4322.347	-4606.811	284.4646	0.7563445	0.9598417	13.03084
43482	-4324.015	-4607.823	283.8079	0.7189163	0.895419	13.42694
43488	-4315.04	-4598.739	283.6995	0.7657326	0.9535558	13.42694
43494	-4306.363	-4594.237	287.874	0.8346686	0.9535558	11.21522
43500	-4312.075	-4599.922	287.8471	0.8067502	1.00749	11.21522
43506	-4316.412	-4606.485	290.0734	0.8067502	1.022965	10.03906
43512	-4327.475	-4616.204	288.7291	0.790759	1.041013	10.74433
43518	-4320.167	-4610.806	290.6384	0.9351026	0.8512656	9.769032
43524	-4307.228	-4594.815	287.5865	0.7811867	0.8461437	11.45438
43530	-4317.429	-4604.96	287.531	0.7811867	0.9433922	11.42814
43536	-4317.418	-4601.294	283.8763	0.7564554	1.080398	13.27479
43542	-4311.571	-4597.168	285.5976	0.7795418	1.073796	12.37044
43548	-4320.341	-4606.995	286.6534	0.7533955	1.042264	11.8492
43554	-4305.684	-4592.019	286.3344	0.8228205	0.9963811	12.00305
43560	-4314.907	-4597.463	282.5555	0.6862293	0.9088393	14.08621
43566	-4316.195	-4599.657	283.4616	0.8572325	0.9932121	13.48193
43572	-4326.85	-4609.477	282.6265	0.68419	1.047095	13.97748
43578	-4316.811	-4599.33	282.5188	0.7867393	1.021836	13.99295
43584	-4317.882	-4603.263	285.3812	0.8160924	0.9255397	12.54143
43590	-4304.579	-4592.004	287.4251	0.8181272	0.8936469	11.4919
43596	-4306.461	-4589.737	283.2759	0.84431	1.255312	13.46009
43602	-4307.555	-4593.973	286.4181	0.7296825	0.8229589	12.10527
43608	-4303.673	-4586.932	283.2587	0.7182868	1.009603	13.65087
43614	-4319.56	-4604.178	284.6184	0.8143899	1.079588	12.85923
43620	-4319.691	-4604.184	284.4932	0.8347787	1.043518	12.9317
43626	-4315.167	-4599.857	284.6901	0.7514021	0.931188	12.9317
43632	-4321.457	-4605.294	283.8375	0.7607852	0.8828075	13.39701
43638	-4300.096	-4586.535	286.439	0.8608675	0.8828075	11.99078
43644	-4309.986	-4595.996	286.0099	0.9469205	0.8811367	12.17065
43650	-4324.766	-4611.211	286.4447	0.9529043	0.7627316	12.01226
43656	-4322.442	-4608.662	286.22	0.8336324	0.7749113	12.18396
43662	-4335.739	-4622.598	286.8595	0.9327287	1.07613	11.63095
43668	-4338.117	-4626.534	288.4165	0.8874863	1.043539	10.85622
43674	-4309.718	-4599.005	289.2868	0.8915781	1.068494	10.38486
43680	-4319.996	-4605.391	285.3951	0.7741647	0.9118405	12.56365
43686	-4318.066	-4603.315	285.249	0.8606357	0.9687446	12.56365
43692	-4340.21	-4627.738	287.528	0.8849643	0.9505221	11.37154
43698	-4334.629	-4619.232	284.6032	0.8291868	1.148382	12.82644
43704	-4321.558	-4608.783	287.2244	0.8254773	0.8893228	11.59539
43710	-4315.478	-4603.153	287.6744	0.8150769	1.06565	11.27162
43716	-4317.23	-4605.039	287.8091	0.852396	0.8963858	11.27162
43722	-4317.261	-4606.683	289.422	1.081489	0.9624388	10.26915
43728	-4309.606	-4595.998	286.3921	0.8905497	0.9791465	11.94666
43734	-4343.496	-4631.233	287.7375	0.8626087	0.7638805	11.38345
43740	-4335.911	-4624.641	288.7303	0.9869434	1.131343	10.59624
43746	-4339.977	-4630.624	290.6473	0.9801848	1.053633	9.629649
43752	-4340.82	-4627.778	286.9587	0.9935527	0.8986516	11.64113
43758	-4338.186	-4623.743	285.5576	0.7904443	0.9025553	12.47576
43764	-4341.697	-4627.293	285.5967	0.7904443	0.8886859	12.46324
43770	-4331.995	-4615.336	283.3411	0.7481984	0.8636323	13.67227
43776	-4328.147	-4613.304	285.1571	0.7554175	1.010278	12.64452
43782	-4327.232	-4612.49	285.2575	0.8026443	0.8694947	12.64452
43788	-4326.767	-4612.495	285.7281	0.8050824	0.8694947	12.39815
43794	-4326.17	-4610.384	284.2133	0.7990263	1.163915	13.03766
43800	-4316.897	-4602.881	285.9841	0.7977359	0.9863724	12.20408
43806	-4316.779	-4603.335	286.5561	0.8790651	0.953122	11.88101
43812	-4317.109	-4602.43	285.3214	0.9451289	0.8397281	12.55446
43818	-4317.647	-4600.473	282.8256	0.8764537	0.8382983	13.88802
43824	-4328.075	-4609.865	281.7902	0.7839889	0.7887267	14.50246
43830	-4355.166	-4642.795	287.6289	0.9415684	0.9606964	11.28366
43836	-4349.146	-4637.894	288.7479	0.927889	0.9737993	10.69761
43842	-4336.975	-4618.809	281.8333	0.8456757	0.8982519	14.38377
43848	-4326.906	-4611.48	284.5741	0.9242549	1.065873	12.8319
43854	-4327.957	-4612.005	284.0477	0.8206182	1.049767	13.16757
43860	-4334.964	-4619.777	284.8128	0.8206182	0.9035409	12.84717
43866	-4330.527	-4613.669	283.1424	0.736268	0.9866623	13.71386
43872	-4336.737	-4620.529	283.7912	0.82698	0.9600338	13.34397
43878	-4329.268	-4617.622	288.3542	0.8078993	0.9591769	10.97472
43884	-4330.081	-4613.102	283.021	0.7224297	0.7364563	13.92968
43890	-4330.287	-4614.286	283.9992	0.8654267	1.002092	13.19376
43896	-4335.847	-4624.536	288.6892	0.9497222	1.058295	10.67312
43902	-4332.511	-4617.749	285.2378	0.6943866	0.8128895	12.74463
43908	-4315.325	-4601.138	285.8132	0.8943224	0.8128895	12.34084
43914	-4314.465	-4598.766	284.3011	0.8408531	1.149372	12.97705
43920	-4313.078	-4601.288	288.2098	0.8049466	0.8725635	11.10037
43926	-4324.719	-4609.215	284.4953	0.6972414	0.9558915	13.04771
43932	-4327.031	-4612.537	285.5061	0.8419744	0.8577396	12.50142
43938	-4331.949	-4621.3	289.3507	0.9635758	1.0891	10.30324
43944	-4333.353	-4617.372	284.0194	0.7909836	0.8921018	13.28153
43950	-4314.274	-4599.64	285.3654	0.8689242	0.82966	12.57725
43956	-4321.994	-4606.879	284.8842	0.7425994	0.9998147	12.79861
43962	-4316.637	-4601.439	284.8013	0.7425994	0.9414203	12.87282
43968	-4322.348	-4606.615	284.267	0.8296059	1.020959	13.06349
43974	-4339.499	-4624.977	285.4776	0.7760679	1.220208	12.36593
43980	-4311.764	-4598.363	286.6	0.7259992	0.8209943	12.01348
43986	-4300.119	-4587.829	287.7099	0.7969213	0.9506256	11.32241
43992	-4309.402	-4597.209	287.8067	0.6955341	0.9550157	11.32241
43998	-4308.755	-4593.955	285.1992	0.9020631	0.9995395	12.55181
44004	-4304.793	-4592.097	287.3033	0.7871749	0.9995395	11.51403
44010	-4300.633	-4589.733	289.1002	0.8744625	0.9921399	10.53102
44016	-4299.258	-4589.68	290.4224	0.8484728	0.8203148	9.947066
44022	-4297.079	-4583.703	286.6242	0.8156013	1.017063	11.84482
44028	-4304.443	-4592.629	288.1869	0.9075678	1.051257	10.96211
44034	-4307.93	-4593.532	285.6021	0.810584	0.9802951	12.39971
44040	-4320.268	-4605.421	285.1537	0.8601055	1.010384	12.59171
44046	-4337.403	-4620.351	282.9486	0.7856288	1.049923	13.7564
44052	-4342.076	-4627.23	285.1542	0.6805189	0.9913904	12.69483
44058	-4346.413	-4628.135	281.7227	0.6473189	0.8514178	14.57057
44064	-4350.821	-4634.829	284.0084	0.788701	0.8702266	13.30094
44070	-4340.719	-4626.14	285.4205	0.8172221	0.8382337	12.57034
44076	-4334.229	-4617.244	283.0149	0.8094097	0.9499753	13.76152
44082	-4336.151	-4620.567	284.4162	0.7199062	1.01545	13.04575
44088	-4334.466	-4619.602	285.136	0.786016	0.9461523	12.67351
44094	-4320.147	-4605.418	285.2704	0.7302282	1.138314	12.53541
44100	-4322.599	-4608.837	286.2377	0.7324593	0.9889956	12.1045
44106	-4320.958	-4608.274	287.3165	0.7014542	0.9889956	11.55746
44112	-4325.054	-4609.046	283.9918	0.8520879	0.9595296	13.22698
44118	-4324.94	-4607.692	282.7529	0.7365209	0.9733362	13.92279
44124	-4331.262	-4618.989	287.7267	0.9357592	1.1403	11.14481
44130	-4318.22	-4604.508	286.2877	0.830523	1.032026	12.00499
44136	-4314.898	-4597.826	282.928	0.89797	1.089666	13.68916
44142	-4309.808	-4591.421	281.6122	0.8550323	0.9715155	14.45354
44148	-4321.853	-4604.974	283.1217	0.8668257	1.043803	13.62749
44154	-4308.031	-4594.036	286.0047	0.8072237	1.041731	12.15985
44160	-4325.209	-4615.037	289.828	0.9398931	0.9146732	10.15648
44166	-4326.509	-4617.347	290.8378	0.9426156	0.9631094	9.596484
44172	-4324.288	-4612.555	288.2668	0.8068802	1.041223	10.97809
44178	-4315.028	-4599.862	284.834	0.8707274	0.7894047	12.8774
44184	-4327.872	-4615.715	287.843	0.8639832	0.8887678	11.25214
44190	-4323.318	-4608.59	285.2719	0.7564265	0.9396336	12.62168
44196	-4325.832	-4611.466	285.6342	0.806137	0.9422471	12.40568
44202	-4341.75	-4626.747	284.997	0.7878121	0.8652881	12.79022
44208	-4325.511	-4609.733	284.2226	0.7866097	1.086382	13.07619
44214	-4330.703	-4613.457	282.7539	0.6948289	1.115261	13.87259
44220	-4333.13	-4619.841	286.7109	0.8356209	1.139269	11.72879
44226	-4329.46	-4613.881	284.4209	0.8593203	1.0432	12.9567
44232	-4321.353	-4604.749	283.3961	0.7054344	1.0432	13.56914
44238	-4324.044	-4610.658	286.6143	0.9048643	0.9662363	11.83009
44244	-4334.748	-4619.481	284.7335	0.8652945	0.9730296	12.82727
44250	-4320.522	-4605.73	285.208	0.796957	0.9569078	12.62452
44256	-4322.042	-4610.061	288.0187	0.7320579	1.009027	11.16374
44262	-4314.789	-4600.958	286.1683	0.8767842	1.219154	11.95372
44268	-4317.203	-4603.832	286.6284	0.7600187	0.9840014	11.88889
44274	-4316.871	-4603.793	286.9212	0.8885615	1.010703	11.6549
44280	-4320.655	-4610.041	289.3861	0.9424643	1.062912	10.30875
44286	-4311.396	-4596.037	284.641	0.6860417	1.023126	12.94253
44292	-4313.352	-4597.932	284.5795	0.8557403	0.8981187	12.9533
44298	-4311.738	-4596.421	284.6827	0.7404033	0.9094511	12.9533
44304	-4308.603	-4596.094	287.4902	0.7478558	0.9010209	11.49042
44310	-4310.135	-4597.95	287.8149	0.8460018	0.8720325	11.28588
44316	-4312.416	-4599.806	287.3903	0.7698687	1.04794	11.45273
44322	-4312.689	-4602.442	289.7533	0.9508471	1.076049	10.10472
44328	-4311.799	-4601.716	289.917	0.8795139	0.9816774	10.10472
44334	-4300.139	-4590.154	290.015	0.8468974	1.030072	10.04496
44340	-4298.617	-4587.225	288.6072	0.9453358	0.8899622	10.8086
44346	-4308.376	-4594.291	285.9157	0.8254169	0.8452657	12.30397
44352	-4307.908	-4592.896	284.9881	0.6983228	0.8866585	12.82913
44358	-4304.854	-4589.223	284.3695	0.7057922	0.8220242	13.18475
44364	-4319.326	-4605.416	286.0906	0.8044189	1.054591	12.11004
44370	-4309.278	-4594.629	285.3505	0.8288634	0.9325986	12.5469
44376	-4308.711	-4595.932	287.2207	0.8207548	0.9325986	11.57559
44382	-4318.73	-4607.647	288.9167	0.7766137	0.9420698	10.70558
44388	-4300.791	-4586.743	285.9525	0.7667569	0.9330619	12.26536
44394	-4300.006	-4583.961	283.9555	0.8337953	0.8658839	13.30751
44400	-4303.691	-4588.765	285.0742	0.7580782	1.023958	12.67924
44406	-4297.042	-4584.53	287.4885	0.9023257	1.034821	11.33878
44412	-4303.823	-4588.691	284.8679	0.7257622	1.114575	12.75855
44418	-4307.694	-4589.335	281.6413	0.6931689	1.126945	14.44452
44424	-4304.597	-4593.061	288.4636	0.8808971	0.8414878	10.94593
44430	-4304.064	-4589.743	285.6788	0.6732671	0.9672345	12.43819
44436	-4307.782	-4595.427	287.6444	0.8091409	0.8737248	11.39337
44442	-4326.408	-4612.871	286.4632	0.8200594	1.105274	11.8825
44448	-4313.516	-4600.674	287.158	0.7910152	0.939994	11.61981
44454	-4308.449	-4595.549	287.0999	0.7910152	0.9967097	11.61981
44460	-4322.16	-4603.298	281.138	0.7691771	1.120914	14.66866
44466	-4346.926	-4631.562	284.6355	0.8146394	1.160824	12.8114
44472	-4315.995	-4602.359	286.364	0.7857828	0.9440534	12.03487
44478	-4315.6	-4604.185	288.5847	0.9298497	0.8064866	10.87801
44484	-4312.579	-4597.968	285.3889	0.748158	1.076809	12.49404
44490	-4321.932	-4605.422	283.4897	0.7040197	0.8862906	13.60507
44496	-4334.18	-4623.967	289.7873	0.8689832	1.023215	10.15669
44502	-4333.931	-4617.481	283.5505	0.7530048	0.9533369	13.511
44508	-4324.749	-4607.457	282.7076	0.7486618	0.9258515	13.96558
44514	-4321.786	-4608.333	286.5467	0.8047654	0.9258515	11.9396
44520	-4320.69	-4605.362	284.6715	0.6544851	0.9174891	12.99933
44526	-4322.738	-4606.888	284.1496	0.7959594	1.026635	13.13907
44532	-4317.823	-4602.154	284.3307	0.6571296	0.984277	13.13907
44538	-4314.525	-4598.597	284.0719	0.742	0.9841495	13.2295
44544	-4317.906	-4601.451	283.5446	0.6493684	0.9841495	13.55148
44550	-4311.289	-4596.102	284.8132	0.7430578	0.9361934	12.86926
44556	-4321.344	-4606.352	285.0077	0.7922577	0.8653735	12.78231
44562	-4325.867	-4614.103	288.236	0.8815814	1.006432	10.97298
44568	-4324.094	-4613.533	289.4391	0.9176497	1.059824	10.2955
44574	-4325.887	-4616.212	290.3249	0.9250408	1.015975	9.847985
44580	-4327.974	-4615.405	287.4309	0.8436068	1.112745	11.36099
44586	-4330.344	-4617.909	287.5649	0.8082966	1.105824	11.3127
44592	-4323.065	-4610.986	287.9212	0.8033074	0.994332	11.18516
44598	-4325.478	-4611.484	286.0064	0.9562135	1.130394	12.03777
44604	-4325.604	-4607.696	282.0917	0.7891054	1.308193	14.08042
44610	-4324.705	-4608.786	284.081	0.8222912	0.8981459	13.22986
44616	-4335.856	-4619.619	283.7636	0.8100138	1.243226	13.22986
44622	-4329.036	-4614.221	285.1853	0.8480755	1.042348	12.56517
44628	-4316.318	-4603.15	286.832	0.9240657	1.031706	11.67219
44634	-4314.53	-4598.749	284.2193	0.7045721	0.9876075	13.17057
44640	-4323.134	-4607.318	284.1839	0.9107969	1.003644	13.07338
44646	-4319.163	-4607.275	288.1124	0.7515212	0.8401625	11.19839
44652	-4324.509	-4614.197	289.6878	0.9204421	0.9322261	10.23064
44658	-4329.556	-4615.067	285.5112	0.8692524	0.9322261	12.44237
44664	-4351.594	-4638.052	286.4575	0.8528918	1.218966	11.81532
44670	-4338.78	-4624.615	285.8354	0.9343503	0.9534248	12.22797
44676	-4318.103	-4603.967	285.8639	0.7302783	1.013694	12.28768
44682	-4350.072	-4636.412	286.3396	0.7588958	0.9304691	12.06905
44688	-4346.872	-4635.113	288.2411	0.7789392	0.9304691	11.06482
44694	-4339.427	-4624.052	284.625	0.722528	1.120494	12.8838
44700	-4341.563	-4627.047	285.4839	0.8970244	1.161365	12.32647
44706	-4332.069	-4616.619	284.5504	0.664444	0.965175	13.03117
44712	-4325.684	-4609.705	284.0206	0.8003604	1.067194	13.18347
44718	-4322.554	-4603.193	280.6382	0.683617	0.9450482	15.06047
44724	-4336.161	-4625.598	289.4362	0.9355512	1.099538	10.26787
44730	-4325.3	-4610.615	285.3152	0.7597912	0.881883	12.62965
44736	-4309.266	-4594.086	284.8202	0.7553453	1.130284	12.76049
44742	-4328.62	-4616.281	287.6607	0.8494558	0.9805082	11.30459
44748	-4325.439	-4609.055	283.6163	0.7162032	1.120273	13.41147
44754	-4314.183	-4601.941	287.7576	0.8299878	1.029452	11.23856
44760	-4312.582	-4596.996	284.4139	0.7922873	0.9661702	13.03514
44766	-4321.635	-4604.239	282.6032	0.7111311	0.8914249	14.05835
44772	-4319.621	-4603.718	284.0975	0.8529187	1.030592	13.13456
44778	-4323.664	-4611.792	288.1279	0.9192705	0.9708967	11.02864
44784	-4335.771	-4619.49	283.7189	0.8538062	0.8973777	13.40203
44790	-4326.144	-4612.426	286.2817	0.8210427	1.019374	12.01954
44796	-4328.951	-4615.342	286.3912	0.6914894	1.039895	12.01954
44802	-4334.213	-4623.123	288.9103	0.7743573	0.8811392	10.74438
44808	-4318.06	-4604.587	286.5275	0.7771182	0.9658187	11.94233
44814	-4333.349	-4619.579	286.2306	0.828361	1.018025	12.0431
44820	-4316.952	-4602.967	286.0149	0.7116277	1.089195	12.18076
44826	-4321.795	-4607.89	286.0947	0.7584831	0.9603237	12.18076
44832	-4317.774	-4602.101	284.327	0.7445518	1.055747	13.05891
44838	-4318.595	-4604.103	285.5078	0.7445518	1.012372	12.46647
44844	-4323.574	-4609.838	286.2635	0.7643034	1.034385	12.05094
44850	-4323.663	-4609.842	286.1783	0.6889396	0.9946799	12.15519
44856	-4325.758	-4611.833	286.0746	0.7232409	1.065608	12.15519
44862	-4320.93	-4605.908	284.9781	0.6575871	0.9513291	12.81969
44868	-4335.598	-4620.388	284.7904	0.7686325	0.9513291	12.85959
44874	-4325.64	-4612.318	286.6782	0.6884169	1.133566	11.82542
44880	-4333.573	-4620.353	286.78	0.7594219	0.9552808	11.82542
44886	-4342.432	-4627.802	285.3698	0.6451614	0.9040273	12.64838
44892	-4343.026	-4629.086	286.0603	0.8174694	0.7776997	12.27385
44898	-4349.31	-4638.758	289.4481	0.9054466	0.7776997	10.45581
44904	-4345.167	-4634.006	288.8392	0.9721009	1.036203	10.5939
44910	-4333.268	-4616.831	283.5631	0.735281	0.868338	13.56102
44916	-4323.528	-4606.918	283.3898	0.7089502	1.062386	13.56102
44922	-4327.941	-4617.208	289.2676	0.7570555	0.916696	10.5458
44928	-4317.68	-4604.977	287.2969	0.7834414	0.9465254	11.5476
44934	-4337.841	-4622.754	284.9123	0.74007	0.9481454	12.81275
44940	-4326.559	-4610.538	283.9792	0.6540902	0.8269611	13.4114
44946	-4326.089	-4612.512	286.4229	0.6919479	1.082941	11.98126
44952	-4331.717	-4615.987	284.2701	0.7950741	0.9107724	13.13862
44958	-4323.571	-4606.656	283.0851	0.606701	0.9650832	13.82218
44964	-4320.296	-4606.197	285.9002	0.8374815	0.9258228	12.25975
44970	-4324.959	-4612.166	287.2065	0.9900844	0.9366764	11.49224
44976	-4323.49	-4612.925	289.4341	1.078672	0.9220109	10.28646
44982	-4331.314	-4615.144	283.8303	0.7149275	0.9909592	13.36554
44988	-4337.717	-4620.136	282.4186	0.7495203	1.006184	14.0722
44994	-4331.722	-4620.894	289.1719	1.045924	1.004368	10.39695
45000	-4334.698	-4619.689	284.9912	0.8664082	1.146954	12.6058
45006	-4330.866	-4616.255	285.3894	0.7725912	1.136304	12.45229
45012	-4335.048	-4623.785	288.7367	0.8498651	1.136304	10.66244
45018	-4327.739	-4612.502	284.7627	0.9120715	0.925315	12.81359
45024	-4320.764	-4604.873	284.1089	0.7439367	0.9050698	13.25219
45030	-4312.815	-4599.116	286.3008	0.9255293	1.173286	11.88001
45036	-4316.301	-4606.334	290.0331	1.026683	0.9554871	9.980298
45042	-4305.999	-4596.111	290.1121	1.017337	0.9554871	9.943631
45048	-4324.447	-4610.898	286.4509	0.9850275	0.9554871	11.87936
45054	-4316.475	-4604.991	288.5166	0.9850275	1.039111	10.75485
45060	-4333.577	-4619.869	286.2912	0.7242517	0.8298281	12.17011
45066	-4321.003	-4606.944	285.9414	0.8812254	0.9632837	12.19508
45072	-4311.722	-4595.621	283.8986	0.8102044	1.083597	13.23368
45078	-4311.887	-4599.538	287.6515	0.8805759	1.040757	11.26187
45084	-4315.84	-4602.508	286.6678	0.8427437	1.034594	11.7989
45090	-4307.785	-4593.584	285.7991	0.8106606	0.9080063	12.33633
45096	-4310.616	-4597.929	287.3129	0.7622563	0.9080063	11.57161
45102	-4319.986	-4607.085	287.0983	0.6694889	0.9720206	11.69718
45108	-4324.953	-4607.873	282.9197	0.792677	0.9456782	13.82193
45114	-4328.385	-4616.558	288.1734	0.8343412	1.035516	11.0155
45120	-4322.882	-4608.585	285.7026	0.802038	0.9291554	12.37937
45126	-4337.376	-4620.088	282.7123	0.8911916	0.9120949	13.89682
45132	-4345.183	-4632.347	287.1641	0.7510535	0.8927777	11.66383
45138	-4327.318	-4614.755	287.4362	0.6713908	0.9375847	11.53829
45144	-4324.104	-4611.522	287.4182	0.9318666	1.018269	11.36856
45150	-4320.436	-4607.824	287.3884	0.8619408	0.8953697	11.48723
45156	-4313.926	-4600.997	287.0712	0.8738413	0.8953697	11.64675
45162	-4321.3	-4611.546	290.2459	0.9324375	0.867849	9.967392
45168	-4307.694	-4596.875	289.1804	0.8851715	0.777698	10.60701
45174	-4303.863	-4590.089	286.2259	0.7729823	1.014267	12.07633
45180	-4325.889	-4611.986	286.0966	0.7426878	1.008022	12.16281
45186	-4319.357	-4605.73	286.3723	0.8330285	0.8875941	12.03735
45192	-4317.358	-4603.788	286.4306	0.6828369	0.974629	12.03735
45198	-4330.274	-4618.101	287.8274	0.907158	0.9013955	11.23054
45204	-4313.11	-4600.119	287.0094	0.7624507	1.013124	11.67345
45210	-4317.848	-4603.004	285.1557	0.81565	0.965286	12.63752
45216	-4313.88	-4600.615	286.7346	0.8698137	1.127922	11.70392
45222	-4323.798	-4609.744	285.9456	0.8302771	0.8932898	12.25805
45228	-4312.532	-4599.042	286.5099	0.7416063	0.9221451	11.9938
45234	-4324.802	-4608.605	283.8025	0.7519047	0.9859773	13.36338
45240	-4330.191	-4615.597	285.4062	0.7726408	1.038452	12.49139
45246	-4336.638	-4620.212	283.5746	0.8150946	0.8831542	13.50512
45252	-4328.329	-4612.396	284.0673	0.8093411	0.9381796	13.22151
45258	-4322.32	-4608.48	286.16	0.8597774	0.9837767	12.08138
45264	-4326.833	-4612.813	285.9794	0.944751	1.081663	12.08138
45270	-4325.897	-4612.878	286.9801	0.819297	0.9733398	11.67996
45276	-4320.367	-4607.37	287.003	0.8946557	0.8805685	11.67996
45282	-4317.556	-4603.528	285.9716	0.7406439	0.8626945	12.30879
45288	-4330.625	-4617.628	287.0034	0.7114448	0.9678244	11.72709
45294	-4324.421	-4611.287	286.8664	0.8149972	1.000867	11.72709
45300	-4319.814	-4605.787	285.9733	0.8273151	0.9050969	12.23848
45306	-4316.743	-4603.482	286.7385	0.9075188	0.9336141	11.78157
45312	-4334.815	-4622.819	288.0043	0.8630999	1.00921	11.10258
45318	-4342.53	-4630.858	288.3282	0.8798632	0.9395129	10.96138
45324	-4324.771	-4610.304	285.5331	0.8719503	0.9395129	12.42558
45330	-4329.519	-4617.813	288.2948	0.9259564	0.7521553	11.06618
45336	-4327.313	-4615.338	288.0247	0.9284685	0.8426214	11.1502
45342	-4340.946	-4626.495	285.5488	0.731336	0.9949055	12.46104
45348	-4343.245	-4628.121	284.8762	0.8830265	0.9949055	12.73227
45354	-4333.745	-4616.544	282.7987	0.7175167	0.9765563	13.90718
45360	-4350.216	-4632.693	282.4767	0.8406626	1.168537	13.9157
45366	-4335.648	-4618.319	282.6708	0.704764	1.104491	13.9157
45372	-4334.042	-4621.546	287.5031	0.906135	0.7799194	11.47304
45378	-4329.145	-4615.304	286.1589	0.7845767	0.8034762	12.22361
45384	-4326.733	-4613.632	286.8985	0.6974424	1.000358	11.77199
45390	-4340.275	-4625.352	285.0771	0.7574294	1.007211	12.68668
45396	-4345.771	-4628.487	282.7153	0.7788961	0.937742	13.9394
45402	-4345.387	-4631.455	286.068	0.803312	1.089533	12.10508
45408	-4324.017	-4607.084	283.0665	0.6759576	1.043741	13.75525
45414	-4321.545	-4608.951	287.4065	0.694755	1.042956	11.48608
45420	-4349.299	-4630.839	281.5391	0.691978	1.113065	14.50469
45426	-4353.539	-4637.087	283.5481	0.6798193	0.9007352	13.57916
45432	-4358.171	-4642.931	284.7603	0.8380249	0.9540803	12.83765
45438	-4338.34	-4626.059	287.7182	0.7507184	0.9540803	11.34034
45444	-4322.287	-4606.545	284.2576	0.7764974	1.078868	13.06692
45450	-4323.312	-4606.793	283.4815	0.6312297	1.017636	13.57632
45456	-4321.129	-4605.442	284.3129	0.7356413	0.9230201	13.14051
45462	-4307.802	-4593.619	285.817	0.7956523	1.024255	12.27263
45468	-4325.583	-4611.656	286.0727	0.7438497	1.024255	12.16631
45474	-4320.331	-4606.27	285.9393	0.8027169	1.102281	12.16631
45480	-4318.427	-4606.898	288.4708	0.8439886	0.9025389	10.92604
45486	-4322.922	-4608.445	285.5233	0.7992137	0.9240416	12.47708
45492	-4334.904	-4620.931	286.0269	0.7721442	0.6841881	12.37638
45498	-4342.123	-4627.056	284.9332	0.7107611	0.8406807	12.87796
45504	-4344.782	-4633.228	288.4465	0.8783322	0.8856468	10.9304
45510	-4334.824	-4622.315	287.4908	0.7452895	0.903345	11.49017
45516	-4333.885	-4619.229	285.3435	0.7912295	1.16841	12.45148
45522	-4339.925	-4621.852	281.9278	0.7764389	0.9270843	14.35467
45528	-4337.1	-4625.792	288.6911	0.9007558	0.7155319	10.8959
45534	-4332.983	-4618.748	285.7653	0.7564257	0.8489293	12.41612
45540	-4334.332	-4616.292	281.9606	0.6584223	0.9458159	14.38866
45546	-4327.633	-4612.92	285.2867	0.8774512	1.196021	12.42346
45552	-4324.405	-4609.829	285.4243	0.7308382	1.206438	12.42346
45558	-4329.82	-4613.294	283.4739	0.7398265	0.9303542	13.5701
45564	-4330.984	-4616.782	285.798	0.732522	0.9303542	12.3652
45570	-4333.84	-4619.613	285.7731	0.6915243	0.9944226	12.3652
45576	-4319.494	-4604.823	285.3292	0.7396102	1.05352	12.54111
45582	-4334.946	-4620.948	286.0023	0.8171077	0.9756312	12.19019
45588	-4323.492	-4610.36	286.8682	0.713961	0.8477505	11.86383
45594	-4325.815	-4608.429	282.614	0.7537772	0.9483772	13.99919
45600	-4334.16	-4620.953	286.7931	0.8472145	1.06458	11.71603
45606	-4327.894	-4614.74	286.8454	0.9489198	0.9121629	11.71603
45612	-4313.387	-4601.013	287.6268	0.8422664	1.092862	11.26884
45618	-4315.191	-4604.068	288.8774	0.7778891	0.9529721	10.71957
45624	-4321.526	-4606.716	285.1903	0.9101688	1.149005	12.47839
45630	-4317.753	-4604.623	286.8697	0.8200146	0.8556565	11.803
45636	-4321.699	-4609.153	287.4538	0.8200146	0.8662128	11.49169
45642	-4318.167	-4606.507	288.3403	1.015609	0.914465	10.89782
45648	-4321.208	-4609.797	288.5888	0.8192499	0.9576733	10.84666
45654	-4325.282	-4614.386	289.1043	0.9252494	0.9420575	10.52921
45660	-4322.395	-4608.102	285.7066	0.8435312	1.110219	12.2625
45666	-4320.902	-4611.544	290.6424	1.022806	0.8821568	9.702553
45672	-4316.027	-4602.856	286.8286	0.7635918	0.9168107	11.819
45678	-4321.427	-4609.24	287.8131	0.8052664	0.9168107	11.28265
45684	-4317.739	-4601.499	283.7598	0.8289333	0.8623964	13.41366
45690	-4327.03	-4609.445	282.4155	0.733372	0.8623964	14.1607
45696	-4332.531	-4617.963	285.4312	0.8588166	0.8145767	12.55732
45702	-4329.272	-4615.417	286.1458	0.8486047	0.8868509	12.14778
45708	-4326.575	-4613.073	286.4982	0.7721316	0.9459644	11.97092
45714	-4318.608	-4605.312	286.7035	0.7103019	0.8156313	11.97092
45720	-4326.036	-4614.126	288.0893	0.7868364	0.92672	11.14224
45726	-4323.748	-4611.368	287.6201	0.9176995	0.92672	11.3193
45732	-4311.89	-4597.274	285.3841	0.7430088	0.8525548	12.61949
45738	-4310.909	-4594.941	284.0321	0.8502841	1.015792	13.1775
45744	-4315.886	-4603.023	287.1369	0.9145804	0.9596283	11.55563
45750	-4317.898	-4604.578	286.6798	0.9104659	0.9297636	11.81278
45756	-4321.135	-4607.539	286.404	0.93796	0.8977251	11.96029
45762	-4324.618	-4608.36	283.7425	0.7927153	1.012192	13.35969
45768	-4329.555	-4618.269	288.7144	0.9828324	1.101741	10.62102
45774	-4313.459	-4598.395	284.9358	0.8426591	0.982957	12.72856
45780	-4322.316	-4609.051	286.7348	0.805509	0.8107028	11.90787
45786	-4325.556	-4611.395	285.8381	0.8042936	0.9455898	12.29859
45792	-4320.882	-4606.029	285.1471	0.6857658	1.157574	12.61374
45798	-4314.652	-4600.61	285.9576	0.7531546	0.9733501	12.24804
45804	-4327.248	-4613.271	286.0228	0.8765733	0.8011221	12.24804
45810	-4331.765	-4621.577	289.8114	0.9072093	0.9072009	10.1866
45816	-4318.596	-4605.562	286.9657	0.830602	1.027792	11.65313
45822	-4335.918	-4621.014	285.0965	0.8623781	0.9459057	12.65444
45828	-4340.85	-4623.904	283.0533	0.683339	0.9457044	13.80934
45834	-4337.313	-4624.148	286.8353	0.8213007	1.093101	11.69349
45840	-4325.716	-4612.034	286.3179	0.9207175	1.066105	11.92501
45846	-4316.854	-4604.247	287.3932	0.9264604	1.015288	11.38601
45852	-4332.948	-4623.575	290.6267	0.8918165	0.9466986	9.74351
45858	-4345.525	-4637.912	292.3874	1.001608	0.9466986	8.754759
45864	-4312.196	-4599.204	287.0076	0.8696146	0.9522843	11.65063
45870	-4306.275	-4593.061	286.7865	1.157541	0.8895119	11.65063
45876	-4314.207	-4600.466	286.2596	0.9326607	1.022	11.9715
45882	-4316.022	-4603.992	287.9701	1.100511	1.023069	10.98898
45888	-4316.308	-4602.577	286.2689	0.9063392	0.9875926	11.99824
45894	-4332.689	-4614.845	282.1564	0.7152605	0.9135303	14.27542
45900	-4320.901	-4605.654	284.7523	0.8780462	0.852748	12.87792
45906	-4320.927	-4608.27	287.3435	0.8182717	0.8982316	11.53189
45912	-4315.844	-4602.687	286.8432	0.8164932	1.014534	11.73131
45918	-4324.063	-4609.02	284.9574	0.7688777	1.068637	12.71194
45924	-4313.23	-4601.763	288.5333	0.8711404	0.8263494	10.92362
45930	-4303.513	-4592.22	288.7071	0.8260411	0.9376722	10.792
45936	-4301.798	-4589.134	287.3359	0.7823849	1.179892	11.41098
45942	-4308.331	-4594.635	286.3045	0.7909404	1.19428	11.93872
45948	-4301.225	-4588.745	287.5194	0.8553814	1.036188	11.34647
45954	-4295.742	-4585.485	289.7435	0.8564493	0.9678917	10.21549
45960	-4299.206	-4586.872	287.6665	0.9746978	0.9968007	11.22747
45966	-4304.575	-4591.025	286.4494	0.7841533	0.9968007	11.96301
45972	-4315.758	-4602.229	286.4702	0.8336201	0.9285305	11.96301
45978	-4311.179	-4596.359	285.18	0.8422127	1.04262	12.57086
45984	-4319.815	-4607.248	287.4327	0.8118051	1.034447	11.41547
45990	-4308.752	-4593.643	284.8911	0.875723	0.9670787	12.74301
45996	-4311.782	-4596.495	284.7123	0.7928188	0.9694094	12.87791
46002	-4314.084	-4598.833	284.7483	0.7198966	1.005998	12.87791
46008	-4307.764	-4590.744	282.9802	0.6912583	0.936287	13.84828
46014	-4317.685	-4604.284	286.5984	0.9453302	0.9308983	11.83648
46020	-4327.758	-4616.993	289.2354	0.9282136	0.9030146	10.48059
46026	-4329.64	-4615.056	285.4157	0.8180068	0.9030146	12.53504
46032	-4321.198	-4608.664	287.4664	0.7932208	0.9805896	11.43559
46038	-4321.991	-4603.485	281.4944	0.8437307	0.9980618	14.50649
46044	-4310.261	-4597.305	287.0449	0.8724888	0.9845051	11.6124
46050	-4319.279	-4610.473	291.1937	1.065664	0.8111562	9.431528
46056	-4335.544	-4627.854	292.31	1.074825	0.8040287	8.840597
46062	-4307.241	-4595.373	288.1325	0.9550914	0.8994178	11.04686
46068	-4307.413	-4594.181	286.7681	0.8158569	0.9607326	11.79925
46074	-4307.602	-4594.691	287.0891	0.9032956	1.006987	11.5614
46080	-4307.594	-4598.615	291.0206	1.009618	0.8918572	9.504441
46086	-4307.967	-4597.063	289.0964	0.9562834	1.021635	10.47468
46092	-4309.047	-4596.83	287.7828	0.9562834	1.075833	11.13595
46098	-4311.556	-4596.619	285.0625	0.8082785	0.9162786	12.71657
46104	-4328.743	-4616.393	287.6504	0.9743356	0.885136	11.29727
46110	-4321.008	-4610.146	289.1381	1.010687	1.055651	10.40683
46116	-4322.578	-4606.81	284.232	0.9592873	0.9747422	13.03834
46122	-4316.05	-4603.803	287.7532	0.9527944	1.053565	11.16439
46128	-4308.207	-4598.343	290.1358	0.9657056	1.130031	9.869185
46134	-4315.607	-4602.612	287.0051	0.7606842	0.8894075	11.7438
46140	-4340.634	-4632.175	291.5415	0.9523246	1.316937	9.049327
46146	-4343.571	-4630.996	287.4247	0.9787435	0.9547923	11.37422
46152	-4333.749	-4621.286	287.5367	0.8557818	0.8950673	11.41305
46158	-4325.846	-4608.951	283.1048	0.8252483	1.109224	13.62571
46164	-4331.975	-4619.088	287.1133	0.8932097	1.109224	11.50279
46170	-4345.371	-4632.711	287.3396	0.841922	1.03715	11.44706
46176	-4333.966	-4616.861	282.8946	0.7529799	0.9894122	13.83229
46182	-4339.218	-4623.822	284.6042	0.8796131	1.109907	12.81795
46188	-4346.82	-4633.146	286.3256	0.8437667	0.8238474	12.09347
46194	-4331.748	-4618.867	287.1194	0.9422367	1.011196	11.52304
46200	-4323.099	-4610.795	287.6951	0.9571061	0.9042901	11.27199
46206	-4328.674	-4615.219	286.545	0.9719803	0.9379941	11.84652
46212	-4307.227	-4593.776	286.5483	0.8710781	1.034574	11.84652
46218	-4315.766	-4602.249	286.4827	0.7233137	0.9541265	12.00003
46224	-4323.655	-4612.717	289.0622	0.9840103	0.8746287	10.55849
46230	-4352.745	-4639.065	286.3202	0.8289936	1.017832	11.99608
46236	-4357.448	-4640.214	282.7663	0.7893263	1.043302	13.8524
46242	-4349.236	-4631.998	282.7622	0.8016099	1.034866	13.8524
46248	-4335.27	-4620.777	285.5069	0.8497933	0.8828342	12.48241
46254	-4346.107	-4631.726	285.6196	0.8026493	0.9643002	12.40319
46260	-4317.581	-4603.063	285.4823	0.8516423	1.242313	12.31425
46266	-4315.825	-4601.639	285.8138	0.8372324	0.9090469	12.31425
46272	-4320.365	-4605.546	285.1811	0.9673899	0.954018	12.55134
46278	-4326.686	-4612.468	285.7816	0.9113885	0.8546885	12.32349
46284	-4317.929	-4603.13	285.2011	0.7377073	1.034767	12.6183
46290	-4312.619	-4592.09	279.4715	0.7636104	1.028376	15.57863
46296	-4310.856	-4597.444	286.5872	0.8133876	1.061562	11.84274
46302	-4308.469	-4594.608	286.1397	0.8036082	0.9916078	12.11712
46308	-4318.52	-4598.869	280.3487	0.7186539	1.00312	15.1614
46314	-4316.225	-4598.442	282.2172	0.8271141	0.9631087	14.15897
46320	-4321.203	-4608.771	287.5679	0.8858247	0.9720385	11.33866
46326	-4308.427	-4594.622	286.1948	0.8246252	0.8971637	12.12886
46332	-4306.4	-4592.878	286.4786	0.9149065	0.9931683	11.88143
46338	-4331.335	-4615.406	284.0718	0.7116135	0.9592222	13.25858
46344	-4317.068	-4602.63	285.5619	0.7791515	1.127061	12.36342
46350	-4326.1	-4610.146	284.046	0.7303185	0.8350571	13.3323
46356	-4329.139	-4613.204	284.065	0.7162721	0.8049043	13.34789
46362	-4331.262	-4618.792	287.5304	0.7157056	0.9093126	11.48154
46368	-4327.374	-4612.312	284.9386	0.8992185	1.017161	12.67983
46374	-4309.724	-4593.768	284.0439	0.7262685	1.017658	13.23483
46380	-4313.641	-4599.396	285.7548	0.8996084	1.178356	12.17606
46386	-4311.098	-4596.327	285.2292	0.8399761	1.210872	12.46625
46392	-4319.857	-4603.774	283.9174	0.7926717	1.009085	13.27047
46398	-4315.748	-4601.561	285.813	0.8671802	0.956415	12.27301
46404	-4295.979	-4581.069	285.09	0.9216558	0.9902785	12.6033
46410	-4307.375	-4594.732	287.3567	0.9183564	0.9535758	11.44199
46416	-4315.998	-4604.511	288.5126	0.7954271	1.061248	10.84519
46422	-4298.899	-4586.857	287.9584	0.8679679	0.8636559	11.20417
46428	-4300.865	-4587.164	286.299	0.8198022	1.032196	12.00462
46434	-4299.847	-4582.781	282.9341	0.8587056	0.9259483	13.79095
46440	-4315.04	-4598.119	283.0795	0.7380833	0.9028397	13.79095
46446	-4313.083	-4596.544	283.4612	0.7850134	0.9288753	13.55404
46452	-4311.03	-4599.29	288.2596	0.9943532	1.014375	10.89738
46458	-4311.575	-4596.148	284.5731	0.8193384	1.066122	12.8869
46464	-4328.668	-4613.882	285.2134	0.8487798	0.8334873	12.6646
46470	-4323.791	-4607.778	283.9869	0.8982719	1.03711	13.16519
46476	-4324.883	-4610.945	286.0621	0.8767758	0.9740656	12.12872
46482	-4328.155	-4615.041	286.8861	0.9479633	1.095697	11.59949
46488	-4318.764	-4607.398	288.6337	1.006563	0.9970122	10.70396
46494	-4319.871	-4605.134	285.2633	0.8643133	1.028987	12.5229
46500	-4316.978	-4602.602	285.624	0.9138921	1.02353	12.31194
46506	-4315.875	-4606.647	290.7723	0.9830162	0.8875941	9.651916
46512	-4303.434	-4592.928	289.4943	0.9060205	1.175035	10.21685
46518	-4314.121	-4600.07	285.9492	0.8442559	1.115223	12.13322
46524	-4322.086	-4605.454	283.3676	0.897012	0.8814592	13.57104
46530	-4312.218	-4595.371	283.1526	0.7834376	1.220595	13.57104
46536	-4317.791	-4603.006	285.2144	0.762635	0.9306605	12.65332
46542	-4307.389	-4592.975	285.5865	0.8019618	0.8749306	12.4704
46548	-4311.336	-4596.742	285.4063	0.8297689	1.0212	12.4704
46554	-4321.654	-4606.197	284.5425	0.9929886	0.9429044	12.87638
46560	-4326.592	-4610.291	283.6992	0.8250777	0.9429044	13.40199
46566	-4315.287	-4599.196	283.9087	0.796829	1.089813	13.23235
46572	-4303.542	-4590.397	286.8554	1.031906	0.8774283	11.68716
46578	-4306.422	-4593.956	287.5336	0.8537063	1.043767	11.33609
46584	-4296.743	-4586.566	289.8228	1.00191	0.9435504	10.11055
46590	-4292.397	-4581.276	288.8797	0.8688388	1.110439	10.58988
46596	-4300.494	-4586.419	285.925	0.8688388	0.9897278	12.19606
46602	-4291.414	-4579.814	288.4006	0.9370737	1.038451	10.84115
46608	-4308.516	-4594.333	285.8165	0.9398622	1.038451	12.19046
46614	-4308.605	-4599.111	290.5063	0.8434341	0.9374026	9.837587
46620	-4329.167	-4617.664	288.4969	0.9772073	1.009955	10.7843
46626	-4339.645	-4625.6	285.9548	0.9478672	0.9301229	12.17139
46632	-4307.406	-4594.27	286.8633	0.9727737	0.9651598	11.66517
46638	-4298.927	-4583.065	284.1383	0.7043791	0.9651598	13.22461
46644	-4309.107	-4593.84	284.7334	0.7406921	1.07203	12.84147
46650	-4319.444	-4607.249	287.8047	0.8145669	0.9009955	11.29107
46656	-4324.127	-4611.139	287.0121	0.8336985	0.8814506	11.70652
46662	-4329.695	-4612.577	282.882	0.8502791	1.068433	13.7482
46668	-4322.175	-4608.899	286.7243	0.8391161	0.9945591	11.79198
46674	-4335.405	-4619.922	284.5171	0.9021311	1.039553	12.88623
46680	-4330.789	-4612.8	282.0107	0.9641504	1.002333	14.1744
46686	-4325.496	-4607.557	282.0605	0.7805512	1.143219	14.1744
46692	-4307.117	-4590.535	283.4184	0.9104478	1.019668	13.46305
46698	-4326.264	-4609.85	283.5858	0.8073839	0.9482809	13.46716
46704	-4318.352	-4604.172	285.8207	0.7697814	0.9688254	12.31313
46710	-4327.413	-4613.073	285.6606	0.9485733	1.090982	12.24104
46716	-4325.339	-4613.477	288.1387	0.8805183	0.9408451	11.05958
46722	-4325.941	-4613.815	287.8743	0.9143402	0.9755474	11.16154
46728	-4310.151	-4599.049	288.8974	0.921673	0.8925022	10.66736
46734	-4313.257	-4602.121	288.8635	1.002076	1.137096	10.51565
46740	-4310.946	-4603.113	292.1672	1.028247	1.159605	8.74859
46746	-4318.743	-4610.348	291.6053	1.093024	0.9773235	9.103881
46752	-4314.474	-4602.142	287.6678	0.8563735	1.044876	11.2639
46758	-4315.314	-4602.129	286.8156	0.8910039	0.9587133	11.73625
46764	-4311.255	-4598.419	287.1642	0.8489848	1.106533	11.50063
46770	-4316.164	-4602.206	286.0413	0.7868199	1.032217	12.15621
46776	-4320.883	-4608.037	287.1542	0.8141088	1.010548	11.57216
46782	-4318.759	-4602.901	284.1419	0.7303623	1.079922	13.15058
46788	-4315.784	-4601.342	285.5579	0.7348467	0.9383565	12.48471
46794	-4311.2	-4598.875	287.6746	0.7591517	0.9383565	11.36732
46800	-4319.444	-4605.147	285.7022	0.6611395	0.8878984	12.47606
46806	-4322.985	-4607.073	284.0889	0.8070278	0.943294	13.20873
46812	-4306.131	-4591.272	285.1411	0.8046734	1.209275	12.53124
46818	-4293.891	-4582.398	288.5063	0.8835597	1.209275	10.73169
46824	-4309.132	-4598.176	289.0446	0.8835597	1.079647	10.51068
46830	-4303.228	-4589.168	285.9399	0.7716534	0.8783341	12.30008
46836	-4317.207	-4602.676	285.4691	0.8643673	0.9525876	12.45578
46842	-4324.024	-4611.867	287.8433	0.8131824	0.9029867	11.27051
46848	-4310.41	-4598.367	287.9569	0.8967971	0.9029867	11.16728
46854	-4306.988	-4593.79	286.8017	0.90194	0.8788431	11.78229
46860	-4318.553	-4603.262	284.7087	0.811703	0.9369483	12.88749
46866	-4313.799	-4598.624	284.8252	0.9114662	1.041432	12.7201
46872	-4312.409	-4602.102	289.6929	1.008111	0.9565433	10.16847
46878	-4327.184	-4613.606	286.4216	0.9100155	1.213611	11.80663
46884	-4317.92	-4602.637	284.7164	0.7989892	1.213611	12.75331
46890	-4320.975	-4606	285.0247	0.714274	0.9750189	12.75331
46896	-4310.519	-4594.505	283.9858	0.7412669	1.371653	13.0956
46902	-4303.307	-4586.749	283.4426	0.7588902	0.9198392	13.58227
46908	-4323.934	-4611.27	287.3368	0.8894614	1.083534	11.40045
46914	-4332.423	-4613.331	280.9078	0.9791014	0.9427765	14.76936
46920	-4335.783	-4621.114	285.3306	0.8808833	0.8776264	12.56103
46926	-4333.658	-4618.496	284.8374	0.876773	0.8776264	12.81987
46932	-4346.938	-4631.418	284.4798	0.829229	0.9779613	12.97538
46938	-4350.138	-4633.366	283.2277	0.7767731	0.9378914	13.67458
46944	-4337.722	-4619.532	281.81	0.7308515	1.07572	14.3623
46950	-4340.848	-4625.608	284.7597	0.7856523	0.9002665	12.89485
46956	-4320.222	-4603.972	283.7503	0.7517164	0.9959962	13.38536
46962	-4323.817	-4610.378	286.5605	1.004464	1.148803	11.71462
46968	-4324.165	-4609.654	285.4887	0.7813265	0.942601	12.49422
46974	-4333.2	-4619.892	286.6921	0.8089659	1.174109	11.73623
46980	-4324.644	-4607.216	282.5715	0.8175451	0.9549719	13.9846
46986	-4310.264	-4598.384	288.1202	0.800513	1.067813	11.04481
46992	-4325.15	-4610.708	285.5574	0.8937251	0.8123951	12.47474
46998	-4334.09	-4619.439	285.349	0.8288003	1.072918	12.47474
47004	-4323.182	-4610.9	287.7184	0.8155263	0.9887017	11.28784
47010	-4326.952	-4612.896	285.9436	0.7268103	1.399608	12.07237
47016	-4325.953	-4612.848	286.895	0.6572899	1.091046	11.74897
47022	-4332.259	-4618.111	285.852	0.8983149	0.9623841	12.23328
47028	-4327.395	-4611.875	284.4796	0.7070048	0.9835464	13.03611
47034	-4318.703	-4602.374	283.6715	0.6995842	1.068111	13.41677
47040	-4314.986	-4603.734	288.7476	0.9440452	0.9944772	10.67831
47046	-4325.824	-4611.864	286.0395	0.8623409	1.128021	12.07058
47052	-4336.14	-4621.643	285.5035	0.730456	1.274578	12.35222
47058	-4320.654	-4608.085	287.4312	0.8644931	0.9515713	11.43229
47064	-4325.768	-4613.332	287.5639	0.7130281	0.969764	11.43229
47070	-4330.366	-4614.703	284.3369	0.6896006	0.9406009	13.1423
47076	-4336.239	-4620.478	284.2395	0.866554	0.8917645	13.12809
47082	-4331.446	-4615.747	284.3008	0.7799925	0.9325651	13.11846
47088	-4333.835	-4620.316	286.481	0.8621252	1.113307	11.84739
47094	-4318.775	-4605.628	286.8533	0.7905416	0.9665685	11.76481
47100	-4312.772	-4599.348	286.5757	0.6996983	0.8023912	12.05119
47106	-4313.344	-4599.279	285.9354	0.7002939	0.9602651	12.29417
47112	-4330.309	-4615.401	285.0922	0.7692129	1.107836	12.62245
47118	-4319.865	-4605.302	285.4374	0.6179094	0.9661944	12.59331
47124	-4328.206	-4613.574	285.368	0.7167847	0.993095	12.56374
47130	-4325.163	-4607.972	282.8084	0.7150179	0.9359423	13.92526
47136	-4322.698	-4609.306	286.608	0.6000248	1.059636	11.94419
47142	-4321.762	-4608.229	286.4676	0.7702454	1.116137	11.90097
47148	-4326.797	-4613.232	286.4352	0.7477009	0.8590975	12.06546
47154	-4351.335	-4638.387	287.0522	0.9372224	1.169466	11.48321
47160	-4315.537	-4602.2	286.6623	0.7980048	0.9219126	11.88497
47166	-4317.618	-4600.396	282.7782	0.7061057	0.9202795	13.95411
47172	-4333.804	-4618.532	284.7288	0.7768728	1.204479	12.76248
47178	-4315.962	-4603.295	287.3328	0.6804252	1.041013	11.53308
47184	-4320.854	-4606.992	286.1375	0.7601787	1.081961	12.09505
47190	-4314.692	-4601.606	286.9144	0.7288432	1.003155	11.74583
47196	-4306.346	-4594.634	288.288	0.8123021	1.090714	10.9394
47202	-4329.119	-4618.299	289.1794	0.8241443	1.04061	10.49073
47208	-4320.482	-4609.306	288.8241	0.8688474	1.071592	10.63814
47214	-4337.621	-4622.117	284.4965	0.7582778	0.9087041	13.04124
47220	-4322.769	-4607.811	285.0424	0.7550764	0.9451529	12.73888
47226	-4344.162	-4632.008	287.846	0.8509538	1.235613	11.08291
47232	-4322.648	-4605.08	282.432	0.7417573	1.064038	14.04008
47238	-4309.633	-4594.035	284.4015	0.8528131	0.9211198	13.03457
47244	-4345.532	-4629.748	284.216	0.83576	0.8332983	13.19021
47250	-4333.801	-4622.032	288.2308	0.7677759	0.9546992	11.06284
47256	-4325.541	-4611.497	285.9563	0.8476081	0.8433154	12.27237
47262	-4319.9	-4602.304	282.4049	0.6336243	0.9746772	14.15586
47268	-4315.41	-4596.631	281.2212	0.6675445	1.035743	14.71983
47274	-4306.703	-4589.945	283.242	0.7535529	1.037497	13.62703
47280	-4318.448	-4601.632	283.1831	0.7865136	1.064392	13.62703
47286	-4325.854	-4610.357	284.5029	0.7286648	1.038868	12.98417
47292	-4309.562	-4595.158	285.5955	0.8325446	0.8859877	12.44344
47298	-4296.271	-4582.071	285.8007	0.7128648	0.977667	12.34851
47304	-4298.449	-4584.18	285.7311	0.7542767	1.005658	12.34851
47310	-4303.477	-4587.424	283.9471	0.7219107	0.9341629	13.33157
47316	-4305.774	-4591.716	285.9424	0.756981	0.9305447	12.27711
47322	-4320.883	-4608.686	287.803	0.8732765	0.9041964	11.25943
47328	-4313.813	-4598.313	284.5004	0.751255	0.9715236	13.00866
47334	-4324.154	-4607.329	283.1743	0.7817529	1.019055	13.6569
47340	-4308.687	-4593.174	284.487	0.754516	1.141812	12.92885
47346	-4309.189	-4594.439	285.2499	0.7590543	0.9672495	12.6169
47352	-4310.468	-4595.501	285.033	0.7695221	1.184834	12.6169
47358	-4320.943	-4606.096	285.1526	0.7570747	1.131784	12.58584
47364	-4325.62	-4612.775	287.1549	0.78128	1.068535	11.55953
47370	-4323.829	-4609.317	285.4872	0.7709475	0.8677043	12.54244
47376	-4322.496	-4605.159	282.6624	0.7393278	1.057128	13.92529
47382	-4319.902	-4605.59	285.6877	0.8378225	1.027503	12.31634
47388	-4323.31	-4607.783	284.4728	0.8107498	1.066558	12.94328
47394	-4302.867	-4590.646	287.7794	0.8418234	0.9979479	11.2373
47400	-4335.162	-4621.693	286.5311	0.72747	1.30882	11.80307
47406	-4322.947	-4610.9	287.9531	0.8792482	1.024238	11.11315
47412	-4300.407	-4584.445	284.0375	0.7208009	0.9326588	13.28604
47418	-4303.724	-4589.406	285.6814	0.6373083	0.8790283	12.50438
47424	-4314.16	-4602.512	288.3513	0.826979	0.9228722	10.98619
47430	-4307.801	-4594.195	286.3942	0.8795915	0.9825883	11.94949
47436	-4315.097	-4601.683	286.5854	0.6562441	0.9808819	11.96713
47442	-4319.213	-4605.125	285.9127	0.6976778	1.062684	12.25436
47448	-4331.782	-4620.947	289.1654	0.9420964	0.9133394	10.50424
47454	-4320.352	-4610.563	290.211	1.103352	1.045265	9.798985
47460	-4326.114	-4615.498	289.384	1.031746	1.00774	10.29115
47466	-4321.401	-4611.698	290.2971	0.9614185	0.9498124	9.878767
47472	-4313.451	-4602.402	288.9504	0.835537	1.001202	10.62532
47478	-4312.258	-4598.533	286.2753	0.7846613	1.001202	12.05126
47484	-4305.709	-4592.028	286.319	0.7846613	0.9581986	12.05126
47490	-4319.299	-4605.463	286.1637	0.8216599	1.078002	12.05126
47496	-4304.927	-4591.373	286.4461	0.716495	0.9023722	12.05126
47502	-4307.917	-4592.68	284.7623	0.7242732	0.9027038	12.92402
47508	-4314.774	-4599.367	284.5933	0.7047704	1.090465	12.92402
47514	-4337.377	-4622.893	285.5163	0.8031465	0.9939117	12.44111
47520	-4308.222	-4596.358	288.1367	0.8751336	0.8680067	11.10457
47526	-4312.169	-4599.074	286.9056	0.781464	0.9205471	11.76738
47532	-4309.37	-4592.5	283.1305	0.8710543	1.049161	13.61807
47538	-4310.251	-4594.192	283.9406	0.8548115	0.8764478	13.29823
47544	-4306.595	-4594.484	287.8893	0.9043218	1.012229	11.13964
47550	-4311.532	-4598.138	286.6067	0.8435664	0.8697543	11.91981
47556	-4305.857	-4591.81	285.9527	0.7908142	1.166871	12.1349
47562	-4303.428	-4588.093	284.6658	0.6540584	0.9951135	12.96074
47568	-4317.41	-4605.014	287.6036	0.9296032	1.045037	11.25908
47574	-4312.13	-4599.658	287.5284	0.9339633	1.090899	11.27334
47580	-4306.862	-4593.317	286.455	0.8134855	1.090899	11.89722
47586	-4298.758	-4581.044	282.286	0.8193359	0.7968037	14.22234
47592	-4301.489	-4586.88	285.3913	0.8423561	0.8818818	12.54704
47598	-4303.465	-4587.378	283.9137	0.6729751	1.063976	13.30684
47604	-4295.607	-4582.064	286.457	0.9860811	1.100326	11.80147
47610	-4294.64	-4579.875	285.2347	0.8052778	0.9958535	12.58563
47616	-4303.845	-4589.448	285.6033	0.9355653	0.9418349	12.35459
47622	-4305.22	-4590.84	285.6197	0.8770338	0.9827589	12.35459
47628	-4297.384	-4582.014	284.6303	0.8571476	0.8519063	12.95274
47634	-4300.834	-4583.372	282.538	0.752977	0.9082877	14.06099
47640	-4327.032	-4612.54	285.5081	0.7798058	1.018681	12.44466
47646	-4320.683	-4609.053	288.3699	0.8841687	1.017626	10.89568
47652	-4319.272	-4609.811	290.539	0.972927	1.087773	9.673471
47658	-4323.217	-4613.602	290.3845	1.000027	1.230116	9.673471
47664	-4316.904	-4604.149	287.2447	0.74849	0.9792458	11.57559
47670	-4325.896	-4612.679	286.7828	0.8365824	0.8723292	11.83003
47676	-4324.325	-4613.191	288.8666	0.7936493	0.9386561	10.72483
47682	-4323.627	-4608.734	285.1062	0.7950727	0.9810009	12.66566
47688	-4328.445	-4614.374	285.9284	0.899749	0.9770308	12.18488
47694	-4317.801	-4603.01	285.2085	0.7518302	1.050878	12.59892
47700	-4336.432	-4623.023	286.5915	0.7829255	0.980275	11.89821
47706	-4322.346	-4611.205	288.8588	0.9278268	1.026732	10.61172
47712	-4322.702	-4609.444	286.7423	0.8185524	0.9241328	11.83125
47718	-4327.492	-4612.964	285.4724	0.8209528	0.9426042	12.48207
47724	-4325.216	-4611.986	286.7703	0.8491242	1.010244	11.75457
47730	-4307.89	-4595.643	287.7526	0.776605	0.9158964	11.32981
47736	-4309.044	-4593.256	284.2118	0.814837	1.068046	13.07615
47742	-4320.081	-4608.372	288.29	0.774027	0.9359503	11.03876
47748	-4321.46	-4605.48	284.0198	0.6408395	0.8944134	13.35804
47754	-4332.186	-4618.252	286.0666	0.7441212	1.050299	12.15611
47760	-4317.818	-4603.779	285.9611	0.9127103	1.018063	12.13965
47766	-4314.292	-4601.278	286.9862	0.8508719	0.8973484	11.70204
47772	-4301.711	-4589.941	288.2297	0.8487839	0.8587604	11.07507
47778	-4309.858	-4595.261	285.4029	0.7430185	0.8893404	12.58847
47784	-4306.842	-4592.375	285.5331	0.7952166	0.7334483	12.58847
47790	-4310.671	-4599.356	288.6853	0.7523206	0.9249281	10.84911
47796	-4302.606	-4590.203	287.5975	0.8550796	0.8996289	11.37903
47802	-4303.222	-4591.556	288.3343	0.7639203	0.8996289	11.04116
47808	-4322.261	-4607.661	285.3997	0.8508721	0.8996289	12.52814
47814	-4313.058	-4600.981	287.9222	0.798191	0.8601831	11.26167
47820	-4307.993	-4591.896	283.9031	0.7105425	0.8264478	13.42191
47826	-4308.364	-4594.957	286.5932	0.7929035	0.9462638	11.91035
47832	-4314.696	-4603.363	288.6662	0.7973479	1.104472	10.74226
47838	-4309.583	-4595.731	286.1475	0.6579255	0.9382169	12.21761
47844	-4318.581	-4607.988	289.4065	0.850344	0.9446651	10.4084
47850	-4329.374	-4615.279	285.9058	0.7446493	1.020345	12.25492
47856	-4342.158	-4630.609	288.4505	0.876363	1.007453	10.86276
47862	-4334.494	-4622.075	287.5809	0.8071735	1.003663	11.3563
47868	-4332.619	-4620.746	288.1269	1.042632	0.9463432	10.97783
47874	-4320.193	-4605.57	285.3767	0.8953242	0.7657974	12.59695
47880	-4310.382	-4594.938	284.5565	0.7904578	1.129224	12.87993
47886	-4323.983	-4608.601	284.6176	0.6940909	0.9046659	13.01388
47892	-4311.158	-4597.031	285.8727	0.740273	0.9046659	12.33651
47898	-4300.887	-4589.156	288.2693	0.8163785	0.9141775	11.03953
47904	-4293.268	-4580.432	287.1638	0.8613457	0.9141775	11.59429
47910	-4296.987	-4582.649	285.6616	0.6859645	0.9141775	12.46946
47916	-4309.34	-4595.146	285.8062	0.6271411	0.8366169	12.46946
47922	-4306.495	-4592.003	285.5082	0.7372527	1.048346	12.45172
47928	-4310.236	-4598.049	287.8138	0.5832893	0.9772356	11.3655
47934	-4296.908	-4582.328	285.4196	0.6518093	0.9772356	12.57904
47940	-4340.118	-4625.088	284.9701	0.6710482	0.806363	12.90004
47946	-4327.34	-4613.656	286.3157	0.8217683	0.9619114	12.03161
47952	-4311.527	-4598.21	286.683	0.9164682	1.019912	11.76001
47958	-4309.778	-4597.706	287.9279	0.7538956	0.9962993	11.20646
47964	-4321.454	-4605.206	283.7519	0.7899429	1.035754	13.34424
47970	-4319.893	-4604.07	284.1775	0.7664584	1.076613	13.11493
47976	-4315.645	-4602.481	286.8355	0.7108007	0.9956748	11.80032
47982	-4310.515	-4596.057	285.542	0.7313045	0.9692754	12.47814
47988	-4304.282	-4591.032	286.7499	0.7667637	1.094782	11.76576
47994	-4310.329	-4600.03	289.7015	0.9271486	0.9396146	10.21579
48000	-4321.337	-4608.408	287.0714	0.9110781	0.9433641	11.60048
48006	-4314.346	-4601.73	287.3849	0.8609773	1.125632	11.36977
48012	-4305.194	-4590.939	285.7444	0.8609773	1.182452	12.19972
48018	-4308.231	-4593.514	285.283	0.7175335	0.9919339	12.60823
48024	-4313.179	-4598.101	284.9218	0.6807095	0.9628345	12.83081
48030	-4320.023	-4604.897	284.8738	0.6266013	0.9135628	12.91078
48036	-4307.603	-4594.662	287.0582	0.741517	1.064191	11.633
48042	-4318.764	-4607.759	288.995	0.902622	0.9372226	10.60107
48048	-4323.368	-4608.151	284.7831	0.830168	0.9758594	12.81825
48054	-4311.856	-4596.116	284.2601	0.6538559	0.9555949	13.19269
48060	-4324.809	-4613.558	288.7489	0.896269	0.9871625	10.70654
48066	-4322.673	-4610.954	288.2806	0.8772978	1.224468	10.8464
48072	-4312.945	-4602.529	289.5844	0.9631765	0.963236	10.24552
48078	-4315.141	-4601.018	285.8767	0.8604543	1.235837	12.10692
48084	-4323.981	-4609.718	285.7374	0.7874523	0.8998961	12.38511
48090	-4287.818	-4572.85	285.0318	0.6078535	0.9931006	12.79544
48096	-4286.683	-4574.517	287.8332	0.7757687	0.9382305	11.27575
48102	-4305.048	-4594.842	289.7941	0.8148679	0.9886701	10.19967
48108	-4302.882	-4586.397	283.5158	0.6982452	0.8378127	13.62265
48114	-4316.586	-4598.215	281.6289	0.8461092	1.165541	14.35373
48120	-4312.671	-4600.059	287.3884	0.7649934	1.033554	11.46358
48126	-4309.02	-4596.934	287.9144	0.8131731	0.8602687	11.25784
48132	-4291.237	-4579.224	287.9871	0.8946151	0.9905969	11.10484
48138	-4295.329	-4583.438	288.1095	0.6792756	1.167485	11.0659
48144	-4335.108	-4619.983	284.8751	0.8435304	1.131823	12.68531
48150	-4322.031	-4608.382	286.3512	0.8713583	0.9546458	11.99112
48156	-4321.034	-4603.715	282.6807	0.7172831	0.956926	13.97892
48162	-4315.654	-4602.424	286.7701	0.8051688	0.9209257	11.82554
48168	-4297.824	-4584.593	286.7683	0.8069576	0.9209257	11.82554
48174	-4299.189	-4583.505	284.3152	0.6567832	0.995884	13.14122
48180	-4311.363	-4598.524	287.1605	0.8532517	0.9584385	11.57595
48186	-4297.596	-4583.525	285.9284	0.7200597	0.9570828	12.2892
48192	-4297.74	-4585.271	287.5309	0.8554187	0.9664112	11.37691
48198	-4305.121	-4590.513	285.392	0.8501769	0.8798685	12.54377
48204	-4296.037	-4579.001	282.9633	0.7743908	1.019729	13.76986
48210	-4305.2	-4590.488	285.2881	0.8787614	0.9075393	12.56731
48216	-4291.195	-4574.995	283.8006	0.8554099	1.04805	13.27873
48222	-4297.428	-4583.02	285.592	0.7567446	0.8741803	12.4915
48228	-4323.333	-4608.892	285.5595	0.7760917	0.8861934	12.4915
48234	-4323.093	-4607.325	284.2319	0.7617345	1.094147	13.08051
48240	-4310.883	-4596.083	285.2001	0.7337105	1.069073	12.60367
48246	-4301.987	-4587.779	285.7926	0.8204592	0.9181039	12.329
48252	-4314.956	-4602.118	287.1627	0.6922421	0.8569503	11.71596
48258	-4317.788	-4606.394	288.606	0.8790663	0.8480496	10.86839
48264	-4314.015	-4599.569	285.5539	0.8004896	0.8653795	12.49365
48270	-4298.369	-4586.808	288.4388	0.8104853	0.879706	10.97344
48276	-4314.84	-4600.828	285.9884	0.719837	0.9899919	12.24055
48282	-4311.376	-4595.473	284.0968	0.7086489	0.8919188	13.2842
48288	-4312.288	-4595.157	282.8692	0.7603324	0.891909	13.89464
48294	-4329.671	-4614.31	284.6388	0.7926154	0.9067563	12.95046
48300	-4326.002	-4611.791	285.7883	0.8792956	0.8502585	12.3393
48306	-4336.098	-4623.742	287.6448	0.7336459	0.8890177	11.42384
48312	-4320.371	-4606.249	285.8781	0.8374498	1.07276	12.19457
48318	-4316.255	-4603.168	286.9132	0.7745112	1.0176	11.71512
48324	-4319.839	-4604.944	285.105	0.7189846	1.003057	12.69433
48330	-4312.512	-4597.455	284.9425	0.7826166	1.010077	12.74214
48336	-4310.359	-4594.684	284.3248	0.8245327	0.9670273	13.06425
48342	-4342.202	-4625.432	283.2293	0.8168256	0.8722005	13.68971
48348	-4330.809	-4614.212	283.4029	0.742155	1.128987	13.50466
48354	-4319.169	-4602.199	283.0298	0.753538	1.091317	13.71051
48360	-4349.069	-4632.468	283.399	0.7870847	0.8098813	13.65388
48366	-4343.866	-4627.303	283.4379	0.7474272	0.8105515	13.65388
48372	-4341.744	-4626.469	284.7253	0.8654679	1.009896	12.81213
48378	-4326.552	-4611.55	284.9972	0.786704	1.012196	12.71047
48384	-4324.231	-4608.611	284.3802	0.820334	1.12179	12.95965
48390	-4322.846	-4607.457	284.6104	0.7784862	0.930078	12.95965
48396	-4326.414	-4611.279	284.8653	0.7865858	1.273298	12.65593
48402	-4337.285	-4622.531	285.2456	0.8096726	0.9368974	12.60915
48408	-4331.411	-4613.274	281.8637	0.6916502	1.015832	14.38481
48414	-4329.788	-4613.54	283.7521	0.7532738	0.9983354	13.38239
48420	-4333.176	-4618.66	285.4843	0.9340912	0.9901748	12.39151
48426	-4331.184	-4610.574	279.3904	0.7036616	0.883727	15.72883
48432	-4330.207	-4611.52	281.313	0.7412802	1.043547	14.63022
48438	-4319.753	-4607.711	287.9579	0.8145863	0.9678123	11.17411
48444	-4319.506	-4606.811	287.3041	0.82675	0.9678123	11.50973
48450	-4319.577	-4604.504	284.927	0.9169781	0.862785	12.76091
48456	-4323.745	-4612.14	288.3953	0.9169781	0.7972789	10.98965
48462	-4330.138	-4616.212	286.0737	0.7857994	0.9204864	12.19922
48468	-4333.949	-4618.709	284.7594	0.7257857	1.029756	12.85692
48474	-4328.96	-4613.879	284.9187	0.7249728	0.9127227	12.83673
48480	-4306.051	-4592.26	286.2093	0.8490365	0.9839752	12.06118
48486	-4316.022	-4602.064	286.0425	0.7896782	1.17202	12.08627
48492	-4324.209	-4609.469	285.2597	0.6859887	1.029189	12.61751
48498	-4321.531	-4607.327	285.7957	0.8623422	1.077618	12.22214
48504	-4323.909	-4607.919	284.0094	0.9289113	0.8202153	13.25703
48510	-4327.899	-4615.154	287.2551	0.8163854	0.9473005	11.55181
48516	-4339.069	-4622.423	283.3542	0.8163854	0.9072614	13.60526
48522	-4333.718	-4617.023	283.3049	0.8657032	0.9072614	13.60526
48528	-4338.323	-4625.707	287.3845	0.960793	0.912579	11.42788
48534	-4332.96	-4619.451	286.4909	0.9334662	0.9283238	11.90022
48540	-4336.515	-4624.585	288.0701	0.9907649	1.080638	10.96505
48546	-4339.708	-4627.142	287.4333	0.861363	1.045162	11.38385
48552	-4321.816	-4606.092	284.2761	0.7229719	0.9950467	13.12756
48558	-4316.279	-4600.755	284.4762	0.7229719	1.010388	13.01557
48564	-4334.818	-4621.784	286.9661	0.7862186	0.8806833	11.75582
48570	-4325.117	-4613.167	288.05	0.8135646	0.8350201	11.20161
48576	-4336.978	-4623.433	286.4552	0.8417744	0.8817639	11.99286
48582	-4334.144	-4621.188	287.0443	0.8640027	0.9317194	11.64564
48588	-4341.091	-4625.613	284.5211	0.6785896	1.189411	12.92855
48594	-4340.338	-4625.311	284.9731	0.7982735	0.9259002	12.76299
48600	-4335.212	-4618.692	283.4798	0.6446883	0.8520295	13.66075
48606	-4332.122	-4615.498	283.3763	0.7201793	0.8771655	13.66075
48612	-4337.038	-4620.085	283.0472	0.718587	1.060099	13.73494
48618	-4344.145	-4627.247	283.1018	0.6789408	1.044537	13.73494
48624	-4329.399	-4613.431	284.0319	0.7720049	0.9936318	13.22976
48630	-4325.922	-4610.639	284.7177	0.7708572	0.9211744	12.91273
48636	-4344.178	-4626.353	282.1753	0.6103825	0.9003366	14.3273
48642	-4340.849	-4626.7	285.8509	0.8718843	1.048491	12.20289
48648	-4324.591	-4609.588	284.9967	0.6462978	1.030473	12.77444
48654	-4330.974	-4614.274	283.3	0.9417981	1.0702	13.48289
48660	-4339.037	-4622.569	283.5325	0.7530717	1.0702	13.46011
48666	-4334.896	-4621.685	286.7894	0.9119129	0.9269016	11.75638
48672	-4333.379	-4617.228	283.8487	0.8636266	1.073393	13.23687
48678	-4329.518	-4614.002	284.4847	0.8838241	0.8775522	12.99973
48684	-4350.13	-4633.846	283.716	0.6340985	0.9588978	13.48386
48690	-4350.794	-4636.333	285.5388	0.7685263	1.046486	12.42041
48696	-4343.629	-4626.042	282.4126	0.7216923	1.046454	14.06927
48702	-4339.258	-4624.506	285.2483	0.8067891	1.026033	12.56219
48708	-4335.472	-4621.993	286.5209	0.7726337	1.046211	11.90633
48714	-4333.372	-4619.965	286.5935	0.7731786	0.8779011	11.95869
48720	-4329.767	-4611.708	281.941	0.6985778	0.8404705	14.43741
48726	-4324.076	-4609.537	285.4615	0.741584	1.041427	12.47729
48732	-4330.189	-4614.396	284.2067	0.784893	1.005719	13.12593
48738	-4332.963	-4614.704	281.7407	0.8193277	1.085679	14.3475
48744	-4329.681	-4613.203	283.5226	0.7825373	0.7601883	13.62295
48750	-4330.894	-4614.296	283.4022	0.8244695	0.7601883	13.66368
48756	-4312.536	-4598.811	286.2748	0.8260018	0.9437805	12.06055
48762	-4314.475	-4601.993	287.5183	0.8751789	1.02628	11.34177
48768	-4310.377	-4595.488	285.1113	0.8430559	0.8989198	12.68278
48774	-4334.79	-4620.244	285.4541	0.8041866	0.7198559	12.63392
48780	-4331.895	-4619.472	287.5769	0.8682136	1.040009	11.30773
48786	-4330.18	-4616.508	286.3274	0.6433926	1.017564	12.0893
48792	-4321.958	-4606.293	284.3351	0.7585821	0.9899134	13.08104
48798	-4329.574	-4616.661	287.0869	0.8425974	0.8197154	11.69922
48804	-4314.186	-4599.155	284.9691	0.7338873	1.024124	12.74643
48810	-4333.306	-4618.588	285.2823	0.7719081	0.9063589	12.62664
48816	-4327.288	-4613.622	286.3346	0.7964611	0.9907318	12.01965
48822	-4339.966	-4626.105	286.1385	0.7706608	0.9447533	12.15995
48828	-4347.884	-4630.602	282.7183	0.7422417	0.9707287	13.93916
48834	-4335.916	-4622.577	286.6611	0.9044265	1.263071	11.6625
48840	-4323.306	-4605.624	282.3186	0.7926587	1.202775	14.00696
48846	-4333.827	-4616.356	282.5294	0.651045	1.125185	14.00696
48852	-4327.143	-4610.599	283.4561	0.7100724	0.9560664	13.58086
48858	-4315.662	-4597.528	281.8663	0.6837391	0.9971045	14.39722
48864	-4328.559	-4613.9	285.3412	0.72859	0.9051189	12.6192
48870	-4341.06	-4625.502	284.4415	0.6881651	1.205896	12.95749
48876	-4348.377	-4633.981	285.6034	0.8237526	1.235934	12.26851
48882	-4342.847	-4626.753	283.9062	0.7658727	0.9429946	13.32517
48888	-4337.069	-4619.854	282.7845	0.6864809	1.02433	13.90586
48894	-4347.82	-4630.602	282.7818	0.8023502	1.02433	13.84717
48900	-4343.934	-4629.87	285.9367	0.9284538	0.9371645	12.18704
48906	-4320.409	-4606.322	285.9133	0.9519395	0.9371645	12.18704
48912	-4327.084	-4613.829	286.7448	0.8661085	0.896627	11.82055
48918	-4320.275	-4603.062	282.7873	0.9287337	1.011296	13.78544
48924	-4324.151	-4610.938	286.787	0.8371793	0.8201464	11.85835
48930	-4356.513	-4644.768	288.2553	0.8478524	1.056694	10.95481
48936	-4352.283	-4636.754	284.4713	0.804474	0.9460038	13.00977
48942	-4349.102	-4630.714	281.6129	0.7750264	0.9749817	14.49277
48948	-4348.287	-4632.441	284.154	0.8078968	1.092548	13.0978
48954	-4339.167	-4623.78	284.6125	0.7691298	1.022129	12.91464
48960	-4361.698	-4648.469	286.7715	0.8197445	1.113686	11.71762
48966	-4355.167	-4641.524	286.357	0.9128992	0.9087494	11.99171
48972	-4337.954	-4623.616	285.6611	0.6705479	0.9572783	12.45417
48978	-4344.636	-4628.893	284.2564	0.7676142	0.9584417	13.13395
48984	-4335.123	-4618.125	283.0018	0.771706	1.215283	13.65779
48990	-4331.984	-4617.576	285.5917	0.7021899	1.04643	12.42746
48996	-4328.37	-4614.06	285.6903	0.7869265	1.14978	12.28169
49002	-4322.193	-4606.733	284.5404	0.8105727	1.165727	12.86072
49008	-4329.987	-4615.536	285.5491	0.8020247	1.000591	12.42109
49014	-4332.324	-4615.389	283.0646	0.7442817	0.9360259	13.77711
49020	-4316.583	-4603.328	286.7453	0.8110272	1.141624	11.72256
49026	-4327.618	-4612.153	284.5352	0.7011516	0.9990244	13.00212
49032	-4331.975	-4618.464	286.4883	0.7252884	0.9373392	12.00522
49038	-4340.405	-4626.637	286.2317	0.8507881	1.0686	12.00522
49044	-4335.851	-4619.487	283.6369	0.741918	0.9944984	13.45012
49050	-4336.089	-4619.042	282.9527	0.905157	1.117529	13.65922
49056	-4339.443	-4621.863	282.4207	0.6101043	1.012313	14.14026
49062	-4324.475	-4609.39	284.9146	0.7647379	0.8940591	12.82865
49068	-4328.762	-4614.332	285.5692	0.8403306	0.9069724	12.44124
49074	-4337.848	-4624.11	286.2622	0.7718869	0.8856402	12.12776
49080	-4341.052	-4627.927	286.875	0.768463	0.9784543	11.75867
49086	-4326.542	-4612.338	285.7964	0.8902129	0.9948524	12.24927
49092	-4321.496	-4609.053	287.5568	0.780947	0.932902	11.42055
49098	-4322.39	-4610.033	287.6426	0.7587131	0.894426	11.40881
49104	-4324.497	-4606.124	281.6267	0.7761974	0.9717486	14.4867
49110	-4321.385	-4610.774	289.389	0.8256312	1.007118	10.39717
49116	-4312.804	-4597.6	284.7964	0.8194742	0.8487467	12.88777
49122	-4327.9	-4610.213	282.3127	0.7710672	1.044947	14.09625
49128	-4341.827	-4626.522	284.6952	0.813224	1.07021	12.82454
49134	-4345.034	-4630.861	285.8274	0.6961685	1.07021	12.29589
49140	-4345.771	-4631.457	285.6861	0.7027202	0.9421369	12.4326
49146	-4346.394	-4632.001	285.6074	0.7514136	0.9711392	12.4326
49152	-4348.225	-4633.797	285.5718	0.7881082	0.9700551	12.4326
49158	-4337.941	-4621.651	283.7098	0.6551737	0.9700551	13.47017
49164	-4332.955	-4614.094	281.1386	0.7072615	1.044292	14.73777
49170	-4331.36	-4617.118	285.7576	0.660226	0.8484048	12.47053
49176	-4322.263	-4609.484	287.221	0.6804436	0.8159784	11.71612
49182	-4323.333	-4606.019	282.6861	0.7948529	0.9539439	13.93752
49188	-4321.156	-4609.68	288.5241	0.8376291	0.7923012	10.96688
49194	-4344.599	-4627.887	283.288	0.6792337	0.989839	13.66621
49200	-4322.474	-4610.096	287.6216	0.7920516	1.043216	11.32259
49206	-4323.245	-4612.24	288.9954	0.8467688	0.9156119	10.64221
49212	-4339.859	-4622.871	283.0118	0.7621504	1.049494	13.73601
49218	-4337.447	-4623.987	286.5404	0.7830465	1.003243	11.91273
49224	-4346.795	-4629.907	283.1118	0.6998787	1.203311	13.64336
49230	-4335.197	-4617.183	281.9857	0.6854441	1.010169	14.3277
49236	-4339.382	-4624.113	284.7315	0.8193884	0.8888741	12.89841
49242	-4344.243	-4625.022	280.7789	0.7967083	1.048433	14.87551
49248	-4340.604	-4622.782	282.1775	0.6582868	1.042159	14.22618
49254	-4348.24	-4633.654	285.4148	0.73638	1.042159	12.50396
49260	-4344.005	-4629.893	285.8882	0.7812757	1.062219	12.22383
49266	-4328.612	-4616.483	287.8717	0.8426721	0.9475059	11.21549
49272	-4336.396	-4619.815	283.4191	0.6089365	1.024969	13.6165
49278	-4334.972	-4620.45	285.4781	0.8360239	1.141008	12.37082
49284	-4340.04	-4624.601	284.5613	0.7892608	0.9180667	12.9862
49290	-4331.403	-4616.15	284.7472	0.8624928	0.8543031	12.88776
49296	-4324.951	-4607.593	282.6425	0.787472	0.9681782	13.95635
49302	-4322.308	-4609.155	286.8465	0.7836929	0.9610993	11.7749
49308	-4321.067	-4606.804	285.7367	0.8347829	0.9430654	12.33693
49314	-4334.972	-4616.28	281.3087	0.793475	0.9550719	14.65129
49320	-4324.586	-4606.329	281.7422	0.8212343	0.9527707	14.41369
49326	-4312.774	-4595.639	282.8643	0.7712282	0.8703074	13.90383
49332	-4301.671	-4587.656	285.9845	0.8120525	0.9789275	12.20032
49338	-4306.964	-4592.56	285.5961	0.7919952	0.9768124	12.41432
49344	-4325.067	-4610.961	285.894	0.976858	0.9768124	12.16274
49350	-4320.299	-4607.879	287.5801	0.8170756	0.9049555	11.405
49356	-4312.001	-4598.998	286.9972	0.9711009	1.034514	11.55985
49362	-4308.077	-4593.354	285.2767	0.8446865	1.034514	12.52333
49368	-4323.483	-4607.791	284.308	0.910695	0.880704	13.07578
49374	-4321.653	-4605.983	284.3295	0.8290865	0.9366721	13.07578
49380	-4319.926	-4604.156	284.2305	0.8180588	1.227916	12.98975
49386	-4322.513	-4610.392	287.8791	0.9397189	1.029986	11.1173
49392	-4317.732	-4604.626	286.8935	0.8487491	0.9117008	11.74346
49398	-4310.712	-4598.431	287.7183	0.832301	1.022667	11.26141
49404	-4317.539	-4604.65	287.1117	0.746908	0.866154	11.70869
49410	-4312.967	-4601.541	288.5742	0.7884406	0.9542994	10.87231
49416	-4327.234	-4617.764	290.5297	0.8853003	0.9876652	9.775923
49422	-4303.73	-4593.45	289.7197	0.85332	0.8152807	10.31715
49428	-4308.52	-4595.354	286.834	0.80799	0.8896803	11.80827
49434	-4312.155	-4599.136	286.9814	0.80799	0.960946	11.69186
49440	-4309.042	-4594.328	285.2861	0.7989665	0.902879	12.61252
49446	-4322.202	-4605.586	283.3844	0.6795753	1.040942	13.58978
49452	-4318.561	-4605.034	286.4733	0.7701142	1.121433	11.89552
49458	-4306.507	-4593.564	287.0571	0.8311606	0.9914796	11.62394
49464	-4309.798	-4596.406	286.6074	0.8179869	0.9914796	11.86567
49470	-4306.023	-4592.138	286.1146	0.7069677	0.9851335	12.18404
49476	-4308.544	-4597.401	288.8568	0.8574512	1.113687	10.60631
49482	-4316.157	-4602.969	286.8117	0.8344707	1.068276	11.71113
49488	-4315.698	-4602.907	287.2086	0.883355	0.7934273	11.63047
49494	-4317.59	-4606.784	289.1949	0.9773932	0.7716785	10.55478
49500	-4322.511	-4608.838	286.3268	0.8591527	1.03646	11.96739
49506	-4325.076	-4609.263	284.1868	0.7628538	1.165106	13.06972
49512	-4338.292	-4619.579	281.2875	0.6290891	0.9885992	14.72963
49518	-4350.149	-4638.435	288.2851	0.8090912	0.9885992	10.99461
49524	-4331.893	-4613.723	281.8294	0.8103071	0.8931552	14.40696
49530	-4330.19	-4614.92	284.7305	0.7903793	0.9554147	12.87721
49536	-4329.23	-4615.101	285.8708	0.9319901	1.032547	12.16924
49542	-4324.513	-4608.085	283.5727	0.7780183	0.8948558	13.51874
49548	-4315.757	-4599.699	283.9424	0.8747924	0.8710256	13.29001
49554	-4325.172	-4608.656	283.4841	0.7543272	0.8426794	13.60712
49560	-4338.114	-4620.378	282.2639	0.8496037	0.9134921	14.15008
49566	-4334.51	-4620.23	285.72	0.9243436	1.018542	12.259
49572	-4337.14	-4623.802	286.6615	0.6518062	0.9966498	11.92145
49578	-4336.956	-4623.52	286.5639	0.7654175	0.9808339	11.92145
49584	-4335.752	-4620.453	284.7012	0.9164534	0.9597517	12.82455
49590	-4334.533	-4618.526	283.9929	0.830706	0.9597517	13.23743
49596	-4320.129	-4605.264	285.1352	0.8739912	0.8308268	12.69372
49602	-4333.838	-4620.571	286.7333	0.7992694	0.9743017	11.81882
49608	-4324.579	-4609.136	284.557	0.7627815	1.010942	12.95256
49614	-4317.927	-4605.032	287.1052	0.814831	1.140188	11.53317
49620	-4332.172	-4617.399	285.227	0.8273933	0.9498176	12.60261
49626	-4324.656	-4608.835	284.1793	0.8397261	1.037847	13.0952
49632	-4324.898	-4609.842	284.9446	0.7135039	1.111967	12.72628
49638	-4324.189	-4607.571	283.3821	0.828798	0.8999533	13.58845
49644	-4311.194	-4597.38	286.1861	0.7416762	0.9375004	12.15422
49650	-4312.168	-4594.087	281.9199	0.6353868	1.010826	14.38739
49656	-4308.963	-4595.814	286.8515	0.8764522	1.00331	11.70149
49662	-4313.256	-4596.375	283.1183	0.9632267	1.00331	13.59986
49668	-4322.48	-4609.773	287.2928	0.8474282	0.9510541	11.51385
49674	-4325.217	-4611.401	286.1839	0.8659722	0.9677053	12.07423
49680	-4326.732	-4611.504	284.7725	0.6924862	0.8953226	12.93943
49686	-4328.109	-4614.404	286.2954	0.7427776	1.07961	12.02289
49692	-4348.177	-4633.812	285.6346	0.9726959	0.9277004	12.3267
49698	-4332.49	-4618.872	286.382	0.8685108	1.062335	11.92071
49704	-4340.046	-4626.128	286.0815	0.694977	0.9372393	12.23324
49710	-4327.727	-4612.39	284.6635	0.7230298	1.060179	12.89288
49716	-4331.854	-4617.999	286.1449	0.8267229	1.041686	12.07655
49722	-4323.366	-4609.458	286.0922	0.7639517	1.165986	12.07655
49728	-4331.721	-4617.872	286.1506	0.8581562	1.003971	12.07655
49734	-4325.024	-4608.769	283.7449	0.8043024	1.003971	13.35671
49740	-4347.525	-4630.394	282.8688	0.9476759	0.9774428	13.75095
49746	-4343.568	-4626.549	282.9812	0.7708193	1.042388	13.75095
49752	-4340.512	-4628.003	287.4915	0.9362612	0.7951332	11.45387
49758	-4342.009	-4625.857	283.8475	0.6983461	0.9224135	13.40202
49764	-4328.282	-4612.974	284.692	0.8062615	1.20119	12.76783
49770	-4325.614	-4610.436	284.8221	0.8420571	1.074124	12.74153
49776	-4330.357	-4615.672	285.315	0.7185742	1.074124	12.54923
49782	-4345.466	-4626.697	281.2311	0.8337994	0.9935598	14.65025
49788	-4340.996	-4622.34	281.3435	0.7214039	0.9935598	14.65025
49794	-4310.155	-4594.9	284.7453	0.7767404	1.002374	12.85182
49800	-4310.793	-4595.568	284.7754	0.796766	0.9754516	12.83987
49806	-4309.734	-4593.427	283.6924	0.709024	1.00116	13.43492
49812	-4317.956	-4602.409	284.4525	0.8081424	1.14894	12.91552
49818	-4305.948	-4591.309	285.3605	0.6690405	1.04693	12.56488
49824	-4320.148	-4604.518	284.3708	0.7603667	1.277325	12.92516
49830	-4315.611	-4603.375	287.764	0.6711467	1.164003	11.25264
49836	-4324.434	-4607.956	283.5212	0.7165047	0.8325883	13.61343
49842	-4313.778	-4599.938	286.1607	0.7038083	1.06337	12.12155
49848	-4323.62	-4608.031	284.4114	0.7963326	0.9123157	13.06366
49854	-4327.572	-4614.295	286.7227	0.7617231	1.250223	11.71054
49860	-4318.656	-4602.327	283.6703	0.6885134	0.9879051	13.46394
49866	-4325.367	-4610.53	285.1622	0.7089587	0.9301862	12.7087
49872	-4325.326	-4612.13	286.8047	0.7020851	1.045303	11.79548
49878	-4322.931	-4609.043	286.1118	0.7850669	1.178227	12.04967
49884	-4326.795	-4617.545	290.7504	0.861536	0.9880956	9.671875
49890	-4310.952	-4595.911	284.959	0.6556124	1.012797	12.79826
49896	-4324.705	-4610.446	285.7411	0.8611524	1.036633	12.27172
49902	-4333.222	-4618.218	284.9963	0.715605	0.9510163	12.78024
49908	-4321.898	-4605.652	283.7534	0.7992605	1.027221	13.34293
49914	-4327.441	-4612.859	285.4186	0.7932828	1.077934	12.45447
49920	-4347.451	-4635.418	287.9675	0.7843666	1.293458	11.02877
49926	-4330.508	-4617.062	286.5535	0.7828419	1.013269	11.90078
49932	-4310.941	-4595.385	284.4436	0.6458182	0.9649481	13.09651
49938	-4326.602	-4610.99	284.3887	0.7075255	0.9583027	13.09651
49944	-4323.152	-4606.695	283.5435	0.8451943	1.03041	13.42648
49950	-4315.844	-4602.717	286.8729	0.7924703	0.8689575	11.80796
49956	-4321.865	-4608.056	286.1906	0.7730785	0.9123616	12.14942
49962	-4318.732	-4603.143	284.4114	0.7822871	1.157688	12.94627
49968	-4312.692	-4596.642	283.9503	0.7283396	1.171948	13.20744
49974	-4312.532	-4599.696	287.1634	0.8307733	0.9468649	11.59247
49980	-4325.967	-4613.965	287.9984	0.8311923	0.9508652	11.15339
49986	-4335.861	-4618.77	282.9085	0.8121512	1.227862	13.67961
49992	-4320.743	-4606.043	285.3	0.793254	1.200335	12.45844
49998	-4335.124	-4620.537	285.4128	0.7127694	1.054376	12.51116
50004	-4340.223	-4625.635	285.4119	0.7369173	0.8700083	12.59805
50010	-4349.633	-4636.694	287.0618	0.8804245	1.195794	11.49572
50016	-4348.381	-4633.181	284.7994	0.8230143	0.9373988	12.83416
50022	-4326.484	-4610.603	284.1183	0.6569832	0.9802879	13.2516
50028	-4329.413	-4611.244	281.8318	0.6745818	0.9950016	14.42093
50034	-4317.716	-4601.804	284.0879	0.6325782	0.9666037	13.28732
50040	-4337.87	-4625.845	287.9752	0.7239	0.9620649	11.21563
50046	-4332.573	-4617.314	284.741	0.8434811	0.9306215	12.8576
50052	-4322.1	-4609.401	287.3004	0.7935559	0.9142231	11.55833
50058	-4316.483	-4603.896	287.4125	0.9432319	0.9142231	11.4215
50064	-4321.234	-4607.508	286.2732	0.8856483	1.077737	11.96087
50070	-4322.599	-4607.417	284.8179	0.753004	0.9148735	12.8734
50076	-4314.196	-4600.369	286.1725	0.8587902	0.9231036	12.10818
50082	-4319.485	-4604.905	285.4207	0.7592349	1.083624	12.46835
50088	-4319.483	-4605.811	286.3279	0.8059347	1.100528	11.96277
50094	-4325.469	-4610.664	285.1954	0.7923505	0.9856054	12.61819
50100	-4326.095	-4612.604	286.5091	0.7322257	1.053912	11.92971
50106	-4330.943	-4617.653	286.7102	0.7322257	0.8597581	11.92971
50112	-4317.726	-4603.663	285.9372	0.8292058	1.138003	12.13647
50118	-4316.146	-4603.423	287.2772	0.8774901	0.9466218	11.50869
50124	-4302.123	-4589.59	287.4664	0.7982905	0.9466218	11.45122
50130	-4325.009	-4612.608	287.5985	0.8104186	1.05192	11.32064
50136	-4325.284	-4614.048	288.7645	0.8002453	1.052315	10.71503
50142	-4319.075	-4607.433	288.3575	0.8791951	1.020589	10.90325
50148	-4318.807	-4603.74	284.933	0.8394078	1.025492	12.70962
50154	-4309.387	-4592.605	283.2181	0.7459313	1.178536	13.57558
50160	-4318.771	-4599.522	280.7515	0.7473765	1.074954	14.90213
50166	-4337.312	-4618.401	281.0888	0.5792361	0.9071524	14.90213
50172	-4328.839	-4615.534	286.6952	0.8825076	0.9012174	11.83528
50178	-4315.857	-4599.796	283.9392	0.8246423	0.9012174	13.30055
50184	-4328.586	-4609.72	281.134	0.806016	0.9974096	14.71294
50190	-4327.853	-4610.947	283.094	0.8113002	0.9383369	13.72581
50196	-4322.468	-4606.246	283.7772	0.736611	1.134736	13.31042
50202	-4326.134	-4610.954	284.8194	0.7909462	1.054288	12.77941
50208	-4337.93	-4624.996	287.066	0.8727829	1.093529	11.54583
50214	-4306.832	-4593.951	287.1188	0.7753315	1.070856	11.58031
50220	-4308.697	-4592.19	283.4928	0.7898127	1.039048	13.47721
50226	-4300.94	-4586.864	285.9237	0.9024329	1.022737	12.1621
50232	-4300.918	-4585.368	284.4502	0.7397235	1.02212	13.01436
50238	-4304.81	-4587.875	283.0654	0.6801449	0.9309424	13.81274
50244	-4310.523	-4595.95	285.4277	0.8789653	1.055433	12.41628
50250	-4318.596	-4605.292	286.6959	0.8139122	0.9415421	11.84833
50256	-4325.618	-4610.174	284.5567	0.8062307	1.161262	12.8566
50262	-4314.822	-4599.477	284.6552	0.7742028	1.088556	12.8566
50268	-4313.969	-4598.604	284.6344	0.7809984	0.9288108	12.94658
50274	-4338.367	-4626.272	287.905	1.019009	1.000956	11.07721
50280	-4320.6	-4606.031	285.4308	0.6053971	1.051724	12.559
50286	-4319.696	-4602.355	282.6593	0.6200389	1.025346	14.00474
50292	-4315.301	-4602.338	287.0363	0.840354	0.8561215	11.70512
50298	-4326.245	-4614.375	288.1294	0.9103818	0.9441565	11.04699
50304	-4319.931	-4606.283	286.352	0.7187055	1.000117	12.04623
50310	-4323.429	-4609.523	286.0938	0.8250742	1.028949	12.11056
50316	-4319.07	-4602.992	283.9214	0.7075793	0.8982275	13.37234
50322	-4315.697	-4599.496	283.7989	0.6940567	0.8158273	13.49099
50328	-4323.372	-4608.134	284.7618	0.7202576	1.234037	12.76154
50334	-4326.75	-4611.558	284.8075	0.7553458	1.142094	12.76154
50340	-4330.697	-4616.13	285.4324	0.8319902	0.8842715	12.52969
50346	-4337.004	-4622.505	285.5013	0.7194296	0.9246971	12.52969
50352	-4337.896	-4623.132	285.2356	0.8427906	0.9394067	12.59578
50358	-4331.533	-4617.061	285.5275	0.8997468	1.096441	12.33324
50364	-4322.848	-4611.745	288.8975	0.7912501	0.9046344	10.72886
50370	-4322.123	-4610.911	288.7878	0.9060919	1.076665	10.63514
50376	-4320.344	-4610.575	290.2312	0.9295261	1.05224	9.87635
50382	-4329.737	-4613.416	283.6789	0.8592049	1.010058	13.3593
50388	-4319.966	-4605.151	285.1852	0.7872014	0.9422825	12.64935
50394	-4331.079	-4621.085	290.006	1.033194	0.8570236	10.04694
50400	-4322.264	-4607.099	284.8349	0.8612875	0.9917406	12.76676
50406	-4319.625	-4603.244	283.6185	0.7237862	0.9182777	13.51
50412	-4336.62	-4623.148	286.5282	0.79816	0.9051747	11.96424
50418	-4340.608	-4622.526	281.9177	0.7308618	0.9612099	14.36508
50424	-4326.856	-4614.675	287.8197	0.8345026	0.8894972	11.27936
50430	-4326.077	-4611.04	284.9627	0.707921	1.050729	12.74982
50436	-4330.806	-4619.815	289.0096	1.032107	0.8779307	10.55895
50442	-4323.372	-4609.264	285.8921	0.8026095	0.8831869	12.30612
50448	-4332.963	-4616.933	283.9709	0.7115832	0.8638761	13.36416
50454	-4340.036	-4625.153	285.1169	1.087061	0.85399	12.57867
50460	-4316.492	-4601.984	285.492	0.7391792	1.079073	12.44389
50466	-4316.311	-4600.254	283.9434	0.8029914	1.128954	13.1923
50472	-4325.754	-4608.629	282.875	0.8771387	0.99088	13.77726
50478	-4343.482	-4627.466	283.9839	0.7760109	1.117828	13.19061
50484	-4313.738	-4601.881	288.1437	0.9199144	0.8376672	11.0953
50490	-4309.394	-4595.622	286.2276	0.8128717	0.9676288	12.07917
50496	-4304.502	-4589.97	285.4676	0.8838954	0.9676288	12.43831
50502	-4297.175	-4585.335	288.16	0.975887	0.8536763	11.04797
50508	-4304.6	-4592.991	288.3916	0.8532737	0.8543587	10.99048
50514	-4305.293	-4591.795	286.5026	0.8662396	0.9223211	11.93252
50520	-4310.272	-4594.826	284.5534	0.9693952	1.015899	12.84443
50526	-4302.495	-4587.461	284.966	0.7607141	1.040423	12.72579
50532	-4313.464	-4598.341	284.8766	0.7195742	1.017846	12.80526
50538	-4316.908	-4606.126	289.2173	0.9151493	1.017846	10.43472
50544	-4324.95	-4612.421	287.4711	0.91819	1.146726	11.28472
50550	-4324.986	-4611.887	286.9015	0.8514748	1.02203	11.67873
50556	-4326.689	-4611.826	285.1363	0.9859663	1.083049	12.49865
50562	-4319.066	-4601.604	282.538	0.8910503	1.219473	13.83468
50568	-4326.272	-4610.111	283.8389	0.8006346	0.9822853	13.32111
50574	-4321.294	-4606.248	284.9546	0.8116889	1.040425	12.70524
50580	-4317.97	-4604.568	286.5989	0.8771763	1.040425	11.81394
50586	-4320.685	-4605.26	284.5757	0.846104	0.8690855	12.97689
50592	-4311.909	-4602.603	290.6947	0.846104	1.049941	9.677249
50598	-4305.558	-4594.568	289.0097	0.8923857	0.9588534	10.58694
50604	-4308.388	-4596.891	288.5029	0.9805425	1.087597	10.74012
50610	-4313.389	-4598.029	284.6396	0.8157091	0.9998602	12.88783
50616	-4311.607	-4598.38	286.7737	0.9503231	1.09943	11.6552
50622	-4323.41	-4606.437	283.0263	0.8185218	0.954074	13.74868
50628	-4332.119	-4617.89	285.7702	0.8698987	0.9046586	12.32241
50634	-4318.773	-4604.345	285.5727	0.9429303	0.9603378	12.35669
50640	-4317.906	-4605.452	287.5462	0.953815	1.190529	11.20638
50646	-4323.525	-4609.629	286.1039	0.842678	1.059639	12.08063
50652	-4322.985	-4608.549	285.5642	0.8179805	0.872902	12.47486
50658	-4309.527	-4597.766	288.2396	0.988489	0.872019	10.98895
50664	-4309.115	-4600.08	290.9646	1.000052	1.117167	9.420184
50670	-4304.222	-4592.747	288.5255	0.8689712	0.8704582	10.90271
50676	-4290.129	-4576.507	286.3785	0.8663701	1.016412	11.94689
50682	-4303.631	-4589.767	286.1352	1.029769	1.099825	11.94689
50688	-4321.351	-4605.566	284.2154	0.8357495	1.196931	13.00237
50694	-4322.822	-4608.097	285.2757	0.8398535	0.9257422	12.58391
50700	-4329.52	-4611.672	282.1522	0.6915104	1.093879	14.19656
50706	-4315.525	-4596.571	281.0464	0.8469685	1.192452	14.64259
50712	-4315.084	-4598.028	282.944	0.6731205	1.20286	13.74453
50718	-4328.097	-4613.764	285.6674	0.7137445	1.019747	12.39558
50724	-4320.436	-4606.385	285.9491	0.8718451	1.222727	12.06902
50730	-4316.171	-4602.265	286.0941	0.8823251	1.05172	12.06902
50736	-4322.159	-4608.349	286.19	0.9447285	0.8966231	12.06902
50742	-4307.88	-4595.44	287.5599	0.9399782	0.9533784	11.32453
50748	-4316.782	-4604.256	287.474	0.928072	0.9805702	11.36111
50754	-4319.421	-4607.194	287.7728	0.8486566	1.104523	11.18344
50760	-4320.181	-4605.898	285.7175	0.7743066	0.9592082	12.3697
50766	-4325.866	-4611.765	285.899	0.7317958	0.8314084	12.3697
50772	-4328.351	-4614.557	286.2057	0.7447506	0.9016963	12.16226
50778	-4314.325	-4602.187	287.8616	0.8983111	0.9120504	11.21126
50784	-4320.78	-4609.615	288.835	0.7906669	0.9789117	10.72119
50790	-4328.249	-4612.82	284.5705	0.8665766	1.017132	12.88838
50796	-4320.281	-4607.712	287.4307	0.8866154	0.8705838	11.46639
50802	-4317.142	-4603.125	285.983	0.7524964	0.8972688	12.27684
50808	-4338.392	-4623.86	285.4688	0.7206976	0.9512919	12.53145
50814	-4330.663	-4616.245	285.5815	0.7250174	0.9234884	12.48572
50820	-4316.834	-4601.857	285.0229	0.7971841	0.7982985	12.81188
50826	-4328.179	-4611.754	283.5752	0.7662339	1.041591	13.44541
50832	-4329.951	-4617.308	287.3573	0.9394225	1.066783	11.37189
50838	-4328.853	-4618.39	289.537	1.241361	1.066783	10.07031
50844	-4329.415	-4617.286	287.8714	0.9399472	0.9898141	11.14206
50850	-4341.119	-4624.34	283.2213	0.6884516	0.9741627	13.70428
50856	-4346.78	-4632.115	285.3354	0.8381408	1.04312	12.49179
50862	-4340.507	-4627.246	286.7387	0.8662884	0.9386749	11.80024
50868	-4349.914	-4632.975	283.0612	0.7734254	0.8868623	13.79111
50874	-4341.626	-4624.644	283.0184	0.7514924	0.9474683	13.79111
50880	-4331.586	-4617.91	286.3236	0.8500245	0.964134	12.01155
50886	-4333.475	-4618.83	285.3542	0.7189474	0.840565	12.65468
50892	-4324	-4610.841	286.8416	0.8267032	0.9058988	11.78537
50898	-4331.7	-4618.336	286.6368	0.9199412	1.099217	11.74267
50904	-4327.452	-4612.393	284.9404	0.81023	0.9313031	12.77082
50910	-4333.118	-4619.335	286.2176	0.913508	0.8638462	12.08972
50916	-4340.304	-4626.506	286.2015	0.8056435	0.9804898	12.08972
50922	-4334.85	-4620.521	285.671	0.8056435	0.9316588	12.39255
50928	-4329.576	-4617.153	287.5772	0.8484751	0.9745237	11.35201
50934	-4320.661	-4607.728	287.0671	0.8500285	1.004969	11.60181
50940	-4327.41	-4610.207	282.7972	0.6227711	1.286264	13.81016
50946	-4331.596	-4616.374	284.7776	0.757846	1.12127	12.78567
50952	-4342.718	-4625.491	282.7732	0.6232977	1.000069	13.95698
50958	-4335.772	-4624.101	288.3288	0.9596781	1.000069	10.88676
50964	-4336.109	-4617.127	281.018	0.8656968	0.9437273	14.77049
50970	-4331.219	-4613.831	282.6118	0.7645807	1.14973	13.89379
50976	-4325.588	-4610.445	284.8564	0.8034575	1.127556	12.7179
50982	-4326.613	-4610.619	284.0059	0.839672	0.9560158	13.228
50988	-4336.112	-4620.116	284.0043	0.7601007	1.036959	13.228
50994	-4334.202	-4621.529	287.3265	0.9765474	0.9757952	11.41543
51000	-4341.348	-4628.343	286.9943	0.8496324	0.9473177	11.67072
51006	-4332.192	-4617.7	285.5084	0.9496445	0.9442837	12.39539
51012	-4334.109	-4619.565	285.4555	1.002526	0.9442837	12.39539
51018	-4330.422	-4618.44	288.0186	0.7669108	1.191782	11.05634
51024	-4317.294	-4605.326	288.0326	0.8636587	1.225449	10.98309
51030	-4313.227	-4601.254	288.0271	0.9026165	1.115388	11.01675
51036	-4329.017	-4617.488	288.4705	0.7458457	1.115388	10.8666
51042	-4341.845	-4630.388	288.5427	0.8448154	1.023777	10.82252
51048	-4330.491	-4616	285.5088	0.8025278	0.8671352	12.51507
51054	-4322.79	-4610.21	287.4196	0.8900442	1.041882	11.37766
51060	-4330.982	-4615.997	285.0159	0.7591633	0.8866732	12.78301
51066	-4330.004	-4616.722	286.7181	0.7856819	0.9774393	11.83217
51072	-4333.534	-4615.842	282.3078	0.7575753	1.013206	14.12188
51078	-4325.709	-4610.027	284.3174	0.640142	0.9381119	13.17952
51084	-4321.88	-4608.973	287.0933	0.8668893	1.12659	11.51864
51090	-4322.098	-4610.777	288.6788	0.8665098	0.9050095	10.80384
51096	-4316.995	-4603.122	286.127	0.812352	1.047365	12.09051
51102	-4322.797	-4606.828	284.0305	0.8338271	0.8761317	13.26259
51108	-4331.425	-4614.679	283.2541	0.7855724	1.038471	13.60361
51114	-4327.704	-4615.688	287.9835	1.174307	1.035528	10.93692
51120	-4311.429	-4597.543	286.1144	1.080615	1.035528	11.96315
51126	-4313.391	-4599.572	286.1808	0.8757175	1.10271	12.00207
51132	-4318.808	-4602.041	283.2327	0.6911584	1.112156	13.62752
51138	-4324.824	-4608.04	283.2156	0.7167247	1.06645	13.64535
51144	-4319.889	-4603.28	283.3903	0.6996295	0.9104181	13.64535
51150	-4330.563	-4615.985	285.4217	0.862717	0.8694117	12.52777
51156	-4332.114	-4617.229	285.1154	0.7938661	0.8694117	12.72307
51162	-4322.438	-4608.451	286.0125	0.6474706	0.9617007	12.28072
51168	-4315.743	-4598.245	282.5017	0.7142085	0.9117748	14.09799
51174	-4315.894	-4600.429	284.535	0.6343313	1.055725	13.0081
51180	-4321.78	-4608.608	286.8289	0.67066	1.055725	11.79398
51186	-4312.092	-4597.194	285.1019	0.6650759	1.001499	12.72481
51192	-4340.847	-4628.495	287.6482	0.9355879	1.061272	11.22445
51198	-4334.956	-4625.012	290.0562	0.9531285	0.9063406	10.03416
51204	-4333.952	-4622.043	288.0908	0.9901831	0.9661292	11.01347
51210	-4336.235	-4623.578	287.3429	1.090775	1.070395	11.29844
51216	-4323.437	-4612.701	289.2646	1.090775	1.025676	10.31357
51222	-4329.951	-4612.646	282.6954	0.7252821	1.038107	13.92496
51228	-4326.826	-4610.494	283.6686	0.7117302	0.9296136	13.484
51234	-4322.555	-4611.674	289.119	0.9195207	0.9494333	10.52047
51240	-4320.358	-4606.211	285.8538	0.7863425	1.065467	12.23748
51246	-4322.588	-4607.787	285.199	0.8900906	0.8840547	12.62109
51252	-4324.724	-4610.925	286.2006	0.8197191	0.8840547	12.13588
51258	-4308.069	-4594.636	286.5677	0.7531845	0.8978178	11.97126
51264	-4313.695	-4600.509	286.8141	0.6769409	1.048689	11.80198
51270	-4320.033	-4605.777	285.7442	0.6769409	0.7544176	12.52658
51276	-4301.765	-4587.133	285.3685	0.818328	0.9629303	12.52658
51282	-4303.497	-4588.108	284.6112	0.7643385	1.105134	12.8766
51288	-4316.54	-4604.229	287.6896	0.6720293	0.8174356	11.47478
51294	-4313.564	-4599.434	285.8704	0.7893661	1.002367	12.25934
51300	-4304.49	-4589.539	285.0498	0.6438163	0.9388735	12.79631
51306	-4304.891	-4589.87	284.9794	0.703379	0.9492418	12.79631
51312	-4302.429	-4588.193	285.7632	0.7728869	1.129688	12.26049
51318	-4300.859	-4587.985	287.1266	0.6924767	1.214626	11.55153
51324	-4298.264	-4582.636	284.3713	0.6924767	1.129856	13.02689
51330	-4305.92	-4592.365	286.4454	0.7368425	0.9421713	12.01893
51336	-4301.46	-4587.923	286.463	0.7092077	0.9518837	12.01893
51342	-4305.936	-4593.166	287.23	0.7631092	0.968015	11.58161
51348	-4310.232	-4598.395	288.1639	0.8311012	1.043736	11.01803
51354	-4289.534	-4575.488	285.9541	0.7716475	1.04894	12.20113
51360	-4295.566	-4580.802	285.2361	0.6946091	1.160588	12.56137
51366	-4295.143	-4580.479	285.336	0.7490095	0.9363179	12.59399
51372	-4303.487	-4589.556	286.0683	0.7372904	0.8449403	12.27052
51378	-4309.106	-4598.453	289.3464	1.061468	0.9605744	10.32038
51384	-4325.969	-4612.815	286.8461	0.8032074	0.8636218	11.81944
51390	-4317.637	-4603.356	285.719	0.6914121	1.02798	12.37609
51396	-4332.863	-4618.45	285.5873	0.775559	1.077426	12.37609
51402	-4320.221	-4606.346	286.1246	0.7867476	0.8580693	12.2077
51408	-4323.017	-4608.925	285.908	0.7079494	0.9257612	12.32321
51414	-4324.766	-4611.593	286.8261	0.8658982	1.133981	11.65528
51420	-4316.868	-4604.697	287.8289	0.8077118	0.9377064	11.26158
51426	-4330.688	-4617.804	287.1154	0.6408948	1.138645	11.61949
51432	-4313.172	-4598.373	285.2013	0.7997538	1.094589	12.55614
51438	-4329.733	-4615.44	285.7075	0.6342987	0.993942	12.42945
51444	-4332.58	-4620.522	287.9421	0.7411001	1.017422	11.19475
51450	-4324.607	-4610.473	285.8655	0.8463137	0.8777725	12.30031
51456	-4308.247	-4594.099	285.8514	0.8226914	0.9619786	12.27321
51462	-4324.709	-4609.381	284.6719	0.862778	0.9570184	12.86921
51468	-4340.355	-4627.973	287.6178	0.862778	0.8712136	11.38066
51474	-4319.134	-4605.131	285.9967	0.7427127	0.9360478	12.25323
51480	-4309.961	-4596.352	286.3911	0.7338214	0.8242133	12.11643
51486	-4306.392	-4591.246	284.8535	0.7934212	1.033856	12.77066
51492	-4302.415	-4590.881	288.4661	0.9762817	1.095325	10.75785
51498	-4299.283	-4585.467	286.1845	0.8516915	0.9274041	12.10323
51504	-4299.732	-4585.274	285.5427	0.6598826	1.04435	12.47605
51510	-4321.175	-4603.191	282.0153	0.7288844	0.8516206	14.37665
51516	-4308.467	-4591.576	283.1084	0.7932346	0.9890976	13.70064
51522	-4309.384	-4595.343	285.9589	0.7469412	0.9605033	12.25745
51528	-4304.804	-4593.805	289.0013	0.8144902	1.014949	10.60248
51534	-4295.087	-4579.374	284.2872	0.7083907	1.014949	13.11907
51540	-4313.123	-4600.306	287.1829	0.7881719	1.148334	11.50266
51546	-4319.557	-4606.744	287.1866	0.8208982	0.9509213	11.58328
51552	-4325.344	-4610.208	284.8644	0.7841154	1.10251	12.73582
51558	-4313.357	-4597.403	284.0452	0.8629692	0.8611305	13.24847
51564	-4319.011	-4606.581	287.5706	0.7754558	1.018094	11.37076
51570	-4320.605	-4606.075	285.4703	0.6953274	0.7847622	12.64043
51576	-4309.882	-4596.551	286.6682	0.8072053	0.9735987	11.849
51582	-4315.795	-4602.531	286.7358	0.7647589	0.949179	11.849
51588	-4310.939	-4598.216	287.2765	0.8588413	1.000785	11.48995
51594	-4308.007	-4596.17	288.1629	0.8768776	1.027729	11.0027
51600	-4344.999	-4631.272	286.2733	0.8775172	1.092508	11.95783
51606	-4349.728	-4634.95	285.2221	0.7594315	0.8964848	12.67003
51612	-4317.548	-4604.354	286.8057	0.8827085	0.8688325	11.79602
51618	-4312.371	-4595.24	282.8698	0.8225643	0.9364157	13.83735
51624	-4307.502	-4591.479	283.9768	0.6788369	0.9364157	13.33731
51630	-4305.498	-4589.946	284.4486	0.699957	0.829133	13.14238
51636	-4313.08	-4598.397	285.3165	0.7014675	0.965721	12.61303
51642	-4320.43	-4605.781	285.3518	0.6627012	0.9690623	12.61303
51648	-4316.794	-4600.621	283.8274	0.7435793	1.012289	13.34109
51654	-4324.793	-4610.704	285.9107	0.8699267	1.029903	12.18213
51660	-4311.083	-4599.956	288.873	0.8328188	1.015085	10.66009
51666	-4317.96	-4604.586	286.6261	0.871072	0.9975798	11.825
51672	-4318.445	-4605.223	286.7779	0.7238877	1.053036	11.79417
51678	-4315.868	-4599.99	284.1221	0.773931	1.004303	13.1763
51684	-4320.386	-4607.061	286.6743	0.8400679	0.9182263	11.85882
51690	-4304.905	-4589.821	284.9157	0.8297377	0.9877954	12.74316
51696	-4309.731	-4592.203	282.4718	0.8378439	0.8900347	14.06156
51702	-4315.671	-4596.881	281.2095	0.7910472	1.004754	14.67781
51708	-4316.746	-4599.439	282.6927	0.8603249	0.8369009	13.9661
51714	-4306.053	-4591.837	285.7843	0.7625323	0.8166951	12.4223
51720	-4312.778	-4590.966	278.1882	0.80418	1.207486	16.1351
51726	-4311.887	-4597.505	285.6185	0.715588	1.155581	12.3536
51732	-4308.193	-4593.848	285.655	0.7999108	1.026574	12.3536
51738	-4303.943	-4589.895	285.9512	0.7514693	1.009351	12.23335
51744	-4320.318	-4610.314	289.9954	0.9093175	0.9994424	10.0384
51750	-4322.569	-4608.532	285.9629	0.8944133	1.026165	12.14405
51756	-4322.124	-4607.148	285.0237	0.8463473	0.9706687	12.68738
51762	-4332.426	-4615.653	283.2271	0.7488621	0.9788816	13.66744
51768	-4338.841	-4622.186	283.3453	0.6306654	0.9788816	13.66744
51774	-4304.811	-4588.308	283.4966	0.5938522	1.025559	13.58383
51780	-4301.064	-4582.891	281.8263	0.6114413	1.086469	14.41045
51786	-4303.613	-4587.125	283.5121	0.6726558	0.8987791	13.60269
51792	-4314.44	-4595.579	281.1397	0.632164	0.8956822	14.8548
51798	-4321.68	-4608.302	286.6223	0.7385982	1.088752	11.85001
51804	-4318.571	-4603.442	284.8709	0.774542	0.8234238	12.88747
51810	-4324.98	-4609.004	284.0236	0.6899158	0.8610948	13.34961
51816	-4317.681	-4604.077	286.3961	0.83494	1.001287	11.96198
51822	-4328.882	-4612.255	283.3729	0.7541699	1.114247	13.52102
51828	-4328.864	-4615.938	287.0741	0.808754	0.874563	11.69114
51834	-4333.542	-4617.175	283.6335	0.6294833	1.135956	13.44016
51840	-4320.5	-4604.277	283.7767	0.7698339	0.8833793	13.42352
51846	-4325.279	-4608.932	283.6529	0.8487583	0.9250523	13.42352
51852	-4330.821	-4613.975	283.154	0.7244685	1.054519	13.67924
51858	-4332.999	-4616.199	283.2001	0.8658442	1.098785	13.56023
51864	-4331.042	-4617.906	286.8643	0.8743108	1.171221	11.61343
51870	-4323.512	-4604.47	280.9583	0.7148779	1.171221	14.76628
51876	-4327.532	-4614.424	286.8922	0.8883668	1.171221	11.59156
51882	-4343.278	-4627.669	284.3915	0.7276304	1.172895	12.97802
51888	-4333.469	-4616.15	282.6802	0.7008456	0.844207	14.05095
51894	-4340.728	-4625.343	284.6153	0.8285719	0.973903	12.9074
51900	-4354.616	-4639.916	285.2999	0.7925395	0.8968432	12.61206
51906	-4349.992	-4634.809	284.8172	0.7127678	1.171789	12.76478
51912	-4333.503	-4616.313	282.8099	0.720397	0.871793	13.95756
51918	-4343.416	-4628.987	285.5712	0.8864234	1.118942	12.30652
51924	-4335.047	-4619.785	284.7387	0.8117591	1.118942	12.77898
51930	-4326.142	-4610.967	284.8254	0.8458543	0.993181	12.77898
51936	-4329.042	-4614.969	285.9267	0.8788991	1.005297	12.18178
51942	-4318.861	-4604.542	285.6806	0.8641264	0.792976	12.43789
51948	-4324.849	-4612.067	287.218	0.8425212	1.037958	11.50992
51954	-4335.635	-4621.821	286.186	0.6931837	0.8003053	12.25909
51960	-4335.121	-4620.919	285.7981	0.8146868	0.8003053	12.39791
51966	-4331.481	-4617.405	285.9242	0.8643416	1.165297	12.11215
51972	-4337.812	-4621.219	283.4068	0.8261305	0.9983628	13.52383
51978	-4317.2	-4602.176	284.9756	0.7514136	0.8191212	12.8476
51984	-4312.935	-4596.781	283.8458	0.6445438	0.8865964	13.4509
51990	-4305.489	-4588.844	283.3547	0.6478355	0.9168151	13.68716
51996	-4338.535	-4622.341	283.8055	0.6778241	1.137911	13.3248
52002	-4329.98	-4615.733	285.7528	0.7722991	0.8686322	12.40288
52008	-4313.732	-4600.416	286.6833	0.7900921	0.8884492	11.89698
52014	-4321.765	-4606.895	285.1303	0.7431063	0.9437341	12.70012
52020	-4324.088	-4611.695	287.6069	0.7522799	0.904897	11.42492
52026	-4335.336	-4625.282	289.9455	0.7762465	0.8480055	10.21924
52032	-4344.649	-4630.819	286.1705	0.6874713	0.8713131	12.22782
52038	-4330.538	-4613.791	283.2535	0.6874713	0.8749365	13.74274
52044	-4334.994	-4621.541	286.5471	0.7973034	0.9929549	11.90716
52050	-4326.138	-4611.308	285.1707	0.7389952	0.9904206	12.65631
52056	-4322.599	-4609.612	287.0126	0.7554873	0.9705705	11.69781
52062	-4331.601	-4615.865	284.264	0.785383	0.9657498	13.11685
52068	-4326.018	-4612.335	286.3172	0.785383	1.043407	12.00738
52074	-4317.204	-4604.861	287.6568	0.7298078	0.8949063	11.41621
52080	-4333.492	-4616.317	282.8257	0.8544604	0.9282727	13.84812
52086	-4328.302	-4613.469	285.1675	0.8270999	1.168829	12.52429
52092	-4321.955	-4604.287	282.3319	0.7778459	0.9688662	14.122
52098	-4323.149	-4606.111	282.9615	0.8600458	1.12798	13.6731
52104	-4330.887	-4616.529	285.6418	0.6859995	1.11309	12.37698
52110	-4319.914	-4603.883	283.9686	0.8323233	1.115875	13.17024
52116	-4313.688	-4600.56	286.8725	0.6664299	1.029183	11.78684
52122	-4331.86	-4616.864	285.0043	0.8046353	1.028939	12.68882
52128	-4350.322	-4634.454	284.1317	0.7247509	1.088395	13.15463
52134	-4338.173	-4624.352	286.1794	0.9013541	0.969798	12.05698
52140	-4345.017	-4632.017	286.9997	0.7771181	1.038433	11.65791
52146	-4334.246	-4620.276	286.0295	0.7799717	0.8621592	12.25842
52152	-4338.415	-4624.226	285.811	0.8203769	0.8309263	12.36967
52158	-4329.525	-4615.882	286.3574	0.7614768	0.9447225	12.05062
52164	-4334.027	-4620.107	286.0796	0.670162	1.061567	12.18228
52170	-4320.018	-4606.471	286.4527	0.8833677	0.8787231	11.97419
52176	-4310.483	-4596.684	286.201	0.8554239	1.161446	11.97419
52182	-4323.306	-4607.313	284.0067	0.8070291	0.9765485	13.23362
52188	-4317.824	-4600.736	282.9121	0.7549678	0.98553	13.82424
52194	-4322.328	-4610.587	288.259	0.8770697	0.8734706	11.03633
52200	-4316.841	-4604.312	287.4708	0.7735917	0.9306593	11.47056
52206	-4328.013	-4615.779	287.7661	0.8862788	0.9481407	11.24759
52212	-4316.909	-4604.662	287.7533	0.7746558	1.073528	11.24759
52218	-4325.38	-4612.002	286.6222	0.8559626	1.055841	11.80507
52224	-4310.204	-4598.678	288.4734	0.8559626	1.168605	10.78211
52230	-4317.921	-4605.875	287.9538	0.6965742	0.8439882	11.30784
52236	-4307.859	-4595.579	287.7204	0.7992555	0.9651136	11.30784
52242	-4304.662	-4590.713	286.0513	0.7489948	0.8211998	12.28747
52248	-4320.357	-4606.073	285.7159	0.7236995	0.8076325	12.48365
52254	-4323.696	-4609.191	285.4946	0.7879257	0.9206888	12.49974
52260	-4324.637	-4609.201	284.5638	0.702506	0.9206888	13.0286
52266	-4326.827	-4611.944	285.1174	0.8897239	0.9498978	12.62716
52272	-4331.586	-4614.41	282.8244	0.8057918	0.9630058	13.85528
52278	-4321.739	-4606.963	285.2236	0.8712239	1.099163	12.50508
52284	-4324.886	-4610.63	285.7437	0.8437691	1.018983	12.28841
52290	-4340.43	-4625.904	285.4748	0.8024986	0.8967504	12.51587
52296	-4342.107	-4627.238	285.1302	0.8061473	1.25482	12.51587
52302	-4338.756	-4625.307	286.5508	0.7629216	0.9648788	11.93804
52308	-4333.669	-4619.714	286.0447	0.8261298	1.26602	12.02389
52314	-4331.603	-4615.435	283.8322	0.6302136	1.132641	13.33812
52320	-4323.65	-4607.295	283.6447	0.6521685	0.9264759	13.52907
52326	-4322.731	-4607.097	284.3659	0.806134	1.186259	12.94436
52332	-4343.528	-4625.934	282.4065	0.7708246	1.010056	14.06545
52338	-4346.647	-4630.986	284.3394	0.7599867	0.8733536	13.14203
52344	-4331.977	-4616.957	284.9804	0.9286412	1.19661	12.55607
52350	-4337.101	-4621.085	283.9838	0.8386849	1.024666	13.20406
52356	-4338.154	-4624.47	286.3165	0.8386849	1.02457	11.9895
52362	-4342.187	-4631.269	289.0815	0.8728516	1.154865	10.46063
52368	-4347.739	-4636.415	288.6769	1.017642	1.154865	10.597
52374	-4341.281	-4628.888	287.6066	0.8692601	1.01626	11.3038
52380	-4328.073	-4610.63	282.5577	0.8846085	1.036424	13.91461
52386	-4331.888	-4614.348	282.4604	0.7295766	1.121013	14.004
52392	-4343.178	-4629.79	286.6118	0.8082217	1.121154	11.80345
52398	-4334.74	-4622.876	288.136	0.7424899	1.096888	11.0526
52404	-4338.579	-4626.199	287.6197	0.8669639	1.029664	11.29126
52410	-4323.555	-4612.901	289.3467	0.8273799	1.005651	10.41926
52416	-4315.275	-4602.787	287.5118	0.9920349	0.9779548	11.3093
52422	-4322.356	-4610.44	288.0839	0.8085636	0.8667596	11.16775
52428	-4331.617	-4619.374	287.7567	0.8320266	1.173634	11.16775
52434	-4320.651	-4608.428	287.7769	0.7598927	1.095054	11.23234
52440	-4317.721	-4604.348	286.6271	0.8010301	1.104343	11.80733
52446	-4315.309	-4602.034	286.7251	0.8490163	0.9552593	11.80733
52452	-4321.278	-4608.563	287.2847	0.8106758	0.9189437	11.55495
52458	-4314.622	-4601.741	287.1188	0.8883263	1.05629	11.52853
52464	-4329.308	-4613.999	284.6911	0.6050562	0.9241243	13.01116
52470	-4328.837	-4611.103	282.2662	0.8613685	1.001584	14.09564
52476	-4332.421	-4615.927	283.5064	0.705381	0.8574479	13.61228
52482	-4324.559	-4607.921	283.3613	0.6765705	1.023242	13.61228
52488	-4326.901	-4614.39	287.4889	0.8062144	0.918073	11.45106
52494	-4328.605	-4612.102	283.4975	0.7416656	1.04169	13.49843
52500	-4324.169	-4610.246	286.0771	0.722943	0.9161599	12.2326
52506	-4315.938	-4599.995	284.0571	0.8427662	0.9368064	13.21021
52512	-4319.473	-4607.309	287.8352	0.7286913	0.864647	11.34091
52518	-4311.839	-4599.851	288.012	0.7268908	0.9575185	11.19725
52524	-4327.889	-4615.293	287.4037	0.7159592	0.9495097	11.52544
52530	-4324.664	-4613.287	288.6223	0.8293242	1.010114	10.79602
52536	-4328.283	-4613.165	284.8814	0.7215346	0.9491595	12.83794
52542	-4319.125	-4605.559	286.4334	0.7970349	1.043734	11.94048
52548	-4322.701	-4607.762	285.0612	0.7970349	1.212609	12.57531
52554	-4322.556	-4607.271	284.7151	0.7069359	0.8891904	12.96527
52560	-4318.92	-4603.062	284.142	0.793614	1.013624	13.15095
52566	-4325.801	-4609.275	283.4732	0.6875001	1.013624	13.55345
52572	-4315.758	-4601.242	285.4835	0.7754289	1.041133	12.44836
52578	-4316.792	-4604.106	287.3138	0.6760659	1.104085	11.514
52584	-4319.534	-4605.007	285.4727	0.6571628	1.101177	12.48588
52590	-4329.943	-4617.559	287.6161	0.8332948	0.7771781	11.45382
52596	-4320.039	-4605.017	284.9783	0.8525653	0.8934702	12.75014
52602	-4316.698	-4599.355	282.6575	0.6888973	1.02492	13.9702
52608	-4314.709	-4600.657	285.9486	0.7700669	0.9201636	12.27278
52614	-4325.021	-4611.879	286.8578	0.6855149	1.207806	11.69871
52620	-4313.082	-4598.439	285.3562	0.7215651	0.9387928	12.59642
52626	-4318.944	-4605.263	286.3191	0.6754471	0.8506039	12.16868
52632	-4319.571	-4605.778	286.2063	0.7111956	0.9473176	12.15423
52638	-4330.558	-4614.016	283.4588	0.6191008	1.105391	13.55083
52644	-4318.818	-4605.131	286.3132	0.8159815	1.066799	11.98178
52650	-4317.17	-4603.014	285.8436	0.769719	1.033701	12.26744
52656	-4306.217	-4592.01	285.7932	0.7594257	1.067152	12.28228
52662	-4317.416	-4601.876	284.4606	0.7157065	1.084111	12.99042
52668	-4327.01	-4611.506	284.4965	0.7716705	1.043927	12.96261
52674	-4318.864	-4605.87	287.006	0.8256129	1.181032	11.56032
52680	-4334.673	-4621.963	287.29	0.8791556	0.9935228	11.47607
52686	-4338.205	-4624.948	286.7428	0.8706425	1.03829	11.74329
52692	-4327.455	-4612.247	284.7915	0.9156947	1.182608	12.66756
52698	-4330.208	-4618.335	288.1265	0.8769427	0.8890563	11.0968
52704	-4345.739	-4634.614	288.8752	0.8406889	1.067422	10.62817
52710	-4335.431	-4619.189	283.7582	0.7494069	0.9972046	13.38183
52716	-4338.893	-4626.765	287.8718	0.9263921	0.9436312	11.17373
52722	-4338.181	-4625.883	287.7025	0.7463964	1.004081	11.32423
52728	-4329.858	-4614.919	285.0608	0.7364818	0.895561	12.76642
52734	-4325.834	-4609.991	284.1562	0.9342041	0.9607503	13.09823
52740	-4329.949	-4614.835	284.8854	0.8486189	0.8519961	12.82443
52746	-4338.526	-4623.539	285.0132	0.8166764	0.9689356	12.7092
52752	-4340.405	-4623.817	283.4122	0.7196552	0.9721629	13.59005
52758	-4352.022	-4637.122	285.0999	0.7612044	1.206751	12.57646
52764	-4325.14	-4612.337	287.1969	0.7261673	0.9872196	11.60799
52770	-4330.462	-4618.367	287.9055	0.8331639	0.9300065	11.21238
52776	-4334.486	-4618.74	284.254	0.7547693	0.9583721	13.14191
52782	-4326.925	-4612.251	285.3263	0.8098516	0.8293449	12.62854
52788	-4315.175	-4598.565	283.3906	0.7232797	1.061275	13.55372
52794	-4333.877	-4616.941	283.0641	0.7081148	0.894071	13.81939
52800	-4330.595	-4615.433	284.8378	0.7582131	1.066716	12.78067
52806	-4336.284	-4621.679	285.3947	0.7388777	1.066716	12.50083
52812	-4332.726	-4615.945	283.2198	0.7118209	0.9549393	13.70318
52818	-4342.26	-4626.736	284.4759	0.8489139	1.084396	12.91304
52824	-4312.419	-4595.705	283.2865	0.6845359	0.9634068	13.67818
52830	-4314.208	-4597.689	283.4809	0.7211438	0.9109585	13.5869
52836	-4317.279	-4600.924	283.6447	0.6843025	0.7980728	13.5869
52842	-4328.889	-4616.501	287.6113	0.8660175	0.8229916	11.4109
52848	-4325.139	-4608.075	282.9367	0.6552934	1.129755	13.79136
52854	-4328.301	-4609.611	281.3105	0.7468946	0.8625506	14.72592
52860	-4334.199	-4617.831	283.6319	0.7951089	0.8607834	13.49862
52866	-4333.548	-4618.976	285.4278	0.6770577	1.008009	12.54552
52872	-4332.08	-4615.914	283.8341	0.7164425	1.022426	13.34652
52878	-4329.744	-4611.7	281.9565	0.6687971	0.923281	14.39768
52884	-4323.922	-4608.106	284.1843	0.685181	0.9325687	13.22829
52890	-4343.666	-4634.346	290.6793	1.012971	0.7682113	9.757673
52896	-4332.016	-4615.172	283.156	0.9189145	0.8545247	13.68503
52902	-4341.917	-4630.525	288.6082	0.8907027	1.015015	10.76869
52908	-4334.182	-4618.222	284.0393	0.8604015	1.015015	13.16888
52914	-4321.005	-4606.385	285.3799	0.6540649	1.054525	12.55875
52920	-4331.882	-4618.174	286.2923	0.8226305	0.9515188	12.04898
52926	-4319.567	-4607.996	288.4283	0.8628839	0.9515188	10.91128
52932	-4319.188	-4603.944	284.7561	0.6354018	0.992714	12.92473
52938	-4314.953	-4599.472	284.5192	0.8287559	1.036766	12.92473
52944	-4312.097	-4596.59	284.4928	0.6588796	0.7853689	13.16745
52950	-4317.206	-4600.762	283.5556	0.7220527	0.9305655	13.53679
52956	-4313.781	-4598.129	284.3478	0.5595922	0.8645551	13.24689
52962	-4316.832	-4606.208	289.3769	0.9258817	0.9180772	10.39903
52968	-4311.724	-4598.148	286.4237	0.7587229	0.9180772	12.03211
52974	-4311.055	-4598.904	287.8493	0.8117671	0.7970042	11.3307
52980	-4317.888	-4605.966	288.0778	0.7367198	0.966701	11.15269
52986	-4317.512	-4603.033	285.5211	0.7635381	0.966701	12.47362
52992	-4330.758	-4613.385	282.6264	0.674645	0.966701	14.02396
52998	-4328.35	-4613.726	285.3757	0.764567	1.157087	12.45389
53004	-4362.439	-4647.591	285.1526	0.8331999	1.196635	12.51608
53010	-4327.09	-4611.37	284.2804	0.8179644	0.993275	13.07689
53016	-4320.315	-4599.499	279.1846	0.7726066	1.086332	15.69344
53022	-4321.79	-4602.573	280.783	0.7022759	1.11916	14.8878
53028	-4322.77	-4609.444	286.6738	0.7670184	0.8816638	11.91787
53034	-4316.591	-4600.936	284.3446	0.8825694	0.9465387	13.03478
53040	-4303.239	-4589.313	286.0741	0.6774201	0.9297056	12.25038
53046	-4306.875	-4590.752	283.8766	0.7040308	0.9333229	13.37795
53052	-4311.403	-4595.703	284.3005	0.7814297	0.8852161	13.14434
53058	-4320.253	-4603.729	283.4763	0.8048498	0.8852161	13.56032
53064	-4314.275	-4600.589	286.3148	0.7808074	0.8921914	12.09198
53070	-4339.621	-4622.436	282.8142	0.7666398	0.8585778	13.93896
53076	-4331.534	-4617.915	286.381	0.7950062	1.047742	11.96685
53082	-4328.321	-4616.496	288.1753	0.8120781	1.121426	10.98363
53088	-4330.023	-4616.327	286.3042	0.8120781	0.9645189	12.04128
53094	-4322.811	-4607.05	284.239	0.7606504	0.9566651	13.14758
53100	-4326.207	-4609.818	283.6104	0.8163075	0.8550067	13.50213
53106	-4324.777	-4610.774	285.9973	0.8279348	0.8436298	12.2611
53112	-4332.282	-4620.121	287.8398	0.8365315	1.183724	11.11721
53118	-4319.06	-4605.215	286.1557	0.6696758	0.9359328	12.20847
53124	-4327.13	-4614.484	287.3546	0.7223729	1.010796	11.51526
53130	-4316.382	-4599.407	283.0257	0.7011561	1.049883	13.76025
53136	-4317.12	-4603.8	286.6805	0.7185871	0.9706643	11.89043
53142	-4325.18	-4616.134	290.9546	0.9693238	1.019587	9.490716
53148	-4310.24	-4595.573	285.3333	0.8832743	1.019587	12.4814
53154	-4314.364	-4601.432	287.0682	0.7632014	1.026368	11.63554
53160	-4323.604	-4612.693	289.089	0.822572	1.049451	10.53453
53166	-4324.886	-4611.858	286.9722	0.7208809	1.049451	11.69606
53172	-4319.04	-4606.915	287.8749	0.7349234	1.038156	11.22248
53178	-4312.781	-4597.625	284.8443	0.8342312	0.9834451	12.78026
53184	-4328.508	-4615.334	286.8261	0.8334426	0.9654601	11.75724
53190	-4323.889	-4610.074	286.1852	0.7902102	0.795391	12.21194
53196	-4302.173	-4588.269	286.0956	0.7044104	0.9539069	12.21194
53202	-4318.63	-4608.079	289.4485	0.9605166	1.219354	10.19196
53208	-4314.952	-4603.01	288.0579	0.7790811	1.118156	11.06402
53214	-4323.74	-4604.548	280.8081	0.7096834	1.121911	14.86967
53220	-4315.031	-4602.625	287.5942	0.8569737	1.014883	11.31748
53226	-4315.722	-4603.718	287.996	0.7678093	0.8394333	11.25119
53232	-4310.133	-4597.345	287.2123	0.813231	0.9539781	11.57222
53238	-4310.616	-4597.876	287.2599	0.7909896	1.046323	11.51068
53244	-4315.365	-4600.342	284.9773	0.7090806	1.046323	12.74384
53250	-4321.289	-4608.569	287.2799	0.786277	1.10592	11.47322
53256	-4321.64	-4608.794	287.1537	0.770135	1.1448	11.529
53262	-4338.995	-4625.357	286.3623	0.7842433	1.076217	11.96804
53268	-4347.265	-4633.573	286.308	0.7516336	1.171073	11.96804
53274	-4327.535	-4612.861	285.3267	0.801251	1.185731	12.44706
53280	-4328.525	-4612.346	283.8208	0.738982	0.8870999	13.41454
53286	-4320.605	-4604.295	283.6903	0.7400572	1.011526	13.41454
53292	-4323.742	-4608.622	284.8798	0.7400572	0.8864126	12.86394
53298	-4330.695	-4615.98	285.285	0.6824878	1.180703	12.53293
53304	-4327.955	-4609.623	281.6677	0.8838745	0.8691146	14.46627
53310	-4323.295	-4608.309	285.0137	0.7304193	0.9420567	12.7683
53316	-4321.253	-4606.138	284.8851	0.8887425	0.9139548	12.7683
53322	-4327.548	-4613.211	285.6633	0.7730068	0.8819489	12.44144
53328	-4319.044	-4605.035	285.9907	0.8725464	0.969925	12.17034
53334	-4333.514	-4619.299	285.785	0.7780391	0.969925	12.32687
53340	-4340.31	-4621.711	281.401	0.8349433	1.118729	14.49946
53346	-4345.458	-4631.985	286.5272	0.8349433	0.9027408	11.94694
53352	-4309.604	-4592.94	283.3366	0.7253103	0.9167859	13.65637
53358	-4293.814	-4580.641	286.8264	0.8776553	1.009676	11.71067
53364	-4316.769	-4599.035	282.2659	0.7279073	0.89202	14.22415
53370	-4317.27	-4602.477	285.2074	0.7524442	0.9576306	12.64762
53376	-4323.891	-4608.709	284.8175	0.7261407	1.170605	12.75823
53382	-4315.38	-4600.68	285.3001	0.8201643	0.9017037	12.59487
53388	-4309.148	-4595.815	286.6665	0.8756091	0.9646554	11.81898
53394	-4318.877	-4603.607	284.7292	0.6949766	0.9448489	12.93326
53400	-4311.561	-4593.731	282.1699	0.6258022	0.9514603	14.29404
53406	-4313.442	-4599.712	286.2706	0.7962011	0.9157685	12.09374
53412	-4308.066	-4594.355	286.2894	0.797696	0.8968344	12.09374
53418	-4305.048	-4591.257	286.2092	0.8855549	1.175259	11.94779
53424	-4301.436	-4587.866	286.4298	0.845339	0.8678588	12.01226
53430	-4296.704	-4580.998	284.2944	0.7266781	1.029879	13.09818
53436	-4302.009	-4586.476	284.467	0.8555821	1.007745	12.95279
53442	-4310.414	-4596.201	285.7875	0.7834161	0.9022171	12.35981
53448	-4290.444	-4575.616	285.1723	0.9070016	0.9022171	12.61587
53454	-4311.049	-4600.442	289.3927	1.091866	0.9679114	10.27615
53460	-4299.829	-4589.131	289.3018	1.080988	0.9875909	10.31912
53466	-4299.01	-4584.574	285.5636	0.9514126	1.020137	12.3256
53472	-4305.708	-4590.52	284.812	0.8900983	1.041166	12.73827
53478	-4298.469	-4583.512	285.043	0.8054133	0.8647224	12.75746
53484	-4305.085	-4589.505	284.4199	0.6251143	1.061321	13.06994
53490	-4305.619	-4590.512	284.8932	0.832142	0.9536165	12.77184
53496	-4319.971	-4606.542	286.5703	0.8377338	0.9939853	11.87343
53502	-4322.83	-4608.519	285.6893	0.8377338	0.8031268	12.44087
53508	-4324.784	-4609.886	285.1019	0.5630482	0.9427488	12.80913
53514	-4312.356	-4597.749	285.3926	0.7605681	1.094357	12.47703
53520	-4308.883	-4593.959	285.0766	0.8006076	0.9953505	12.67063
53526	-4304.773	-4587.044	282.2715	0.8109863	1.092934	14.07325
53532	-4308.015	-4590.478	282.4635	0.8109863	0.9016232	14.07325
53538	-4325.523	-4615.511	289.9881	0.9669017	0.8642183	10.08704
53544	-4304.62	-4595.446	290.8255	1.103931	0.9473522	9.526427
53550	-4311.436	-4597.135	285.6988	0.977998	0.8640701	12.32643
53556	-4308.185	-4593.862	285.6773	0.9493506	0.8995645	12.33229
53562	-4310.074	-4594.886	284.8122	0.792572	1.136352	12.74243
53568	-4306.248	-4588.481	282.2332	0.8187082	1.069051	14.10076
53574	-4308.596	-4595.796	287.1996	0.7804431	1.059767	11.54097
53580	-4312.348	-4597.139	284.7912	0.8387449	1.19393	12.7026
53586	-4312.229	-4599.154	286.9247	0.8458939	1.055954	11.65231
53592	-4300.224	-4586.747	286.5231	0.7380069	0.9719142	11.96175
53598	-4311.153	-4596.526	285.3729	0.7807557	0.9708756	12.53961
53604	-4323.078	-4609.457	286.379	0.8056724	0.9332024	12.0226
53610	-4336.009	-4621.801	285.792	0.7500988	0.8379471	12.41197
53616	-4337.371	-4621.239	283.8688	0.6202951	1.153949	13.31424
53622	-4326.787	-4616.148	289.3614	0.8041333	0.8789449	10.49336
53628	-4326.538	-4608.28	281.742	0.639406	0.9720582	14.49765
53634	-4319.185	-4603.604	284.4185	0.5847046	0.910384	13.17108
53640	-4314.479	-4599.868	285.3891	0.7074799	1.057231	12.52479
53646	-4320.095	-4604.886	284.7905	0.7603771	0.992723	12.84184
53652	-4323.189	-4606.432	283.2432	1.008625	1.000936	13.51272
53658	-4324.767	-4609.232	284.4653	0.9357444	0.9489129	12.94305
53664	-4316.219	-4602.341	286.1227	0.7827698	1.232409	12.02061
53670	-4320.329	-4605.048	284.7196	0.7541344	0.9468438	12.90641
53676	-4324.396	-4607.788	283.3919	0.9338896	1.077898	13.43544
53682	-4321.575	-4604.205	282.6297	0.6999202	0.9626959	14.01132
53688	-4327.883	-4611.201	283.3177	0.832758	1.115734	13.50815
53694	-4335.417	-4618.584	283.167	0.6426685	1.006863	13.73915
53700	-4331.459	-4618.988	287.5288	0.7327577	1.080202	11.38362
53706	-4320.07	-4604.722	284.6513	0.7431285	1.016229	12.91101
53712	-4324.742	-4608.068	283.3259	0.8001431	1.078986	13.53866
53718	-4332.669	-4615.755	283.0855	0.7750997	0.9639833	13.73521
53724	-4317.077	-4604.235	287.1575	0.7041747	0.861311	11.70991
53730	-4313.687	-4600.265	286.578	0.6491657	1.081485	11.9234
53736	-4310.86	-4594.629	283.769	0.8042633	0.9338872	13.38145
53742	-4314.455	-4601.344	286.889	0.8504282	1.172199	11.6126
53748	-4309.685	-4596.497	286.8116	0.7889747	0.9960189	11.77181
53754	-4318.821	-4604.501	285.6807	0.7707511	0.9699101	12.385
53760	-4348.23	-4634.656	286.4265	0.8213352	1.170716	11.87002
53766	-4330.922	-4618.101	287.179	0.8958103	1.111246	11.46612
53772	-4337.886	-4625.671	287.7847	0.9337816	1.060781	11.15424
53778	-4328.099	-4610.975	282.876	0.7724644	1.099507	13.7765
53784	-4321.181	-4606.625	285.4436	0.781049	1.097253	12.43839
53790	-4344.233	-4631.781	287.5479	0.8853948	0.9262424	11.37424
53796	-4336.279	-4621.875	285.5957	0.8370756	0.9933886	12.38232
53802	-4328.161	-4613.239	285.0775	0.8870833	0.9935628	12.62607
53808	-4318.001	-4606.04	288.0384	0.9409	1.070848	11.01259
53814	-4342.101	-4630.49	288.3891	0.9876877	1.037315	10.8212
53820	-4345.919	-4633.011	287.0916	0.766655	0.9354332	11.66971
53826	-4333.973	-4621.168	287.1941	0.766655	1.078944	11.5415
53832	-4329.401	-4614.037	284.6362	0.9008102	0.931627	12.88174
53838	-4331.551	-4619.821	288.2699	1.06024	0.7434058	11.01455
53844	-4332.265	-4620.124	287.8584	1.06024	0.8881988	11.1417
53850	-4324.471	-4610.752	286.2809	1.017538	1.022122	11.91604
53856	-4322.974	-4610.292	287.3178	0.9453549	0.8265444	11.52075
53862	-4327.19	-4611.881	284.6904	0.842688	1.064905	12.8143
53868	-4326.688	-4613.467	286.7794	0.8025538	1.06325	11.74721
53874	-4338.689	-4626.909	288.2197	0.7884514	1.113163	10.97676
53880	-4316.601	-4602.447	285.8464	0.7271639	0.9138699	12.35192
53886	-4318.723	-4601.629	282.9056	0.6671738	1.127811	13.80225
53892	-4316.826	-4602.239	285.4137	0.710646	1.073558	12.50225
53898	-4330.371	-4615.818	285.4466	0.8067947	0.9437237	12.50225
53904	-4330.574	-4614.574	283.9994	0.7674731	1.061571	13.21437
53910	-4343.219	-4626.515	283.2963	0.879696	1.140015	13.4834
53916	-4340.84	-4625.573	284.7331	0.8342529	1.131206	12.76434
53922	-4338.367	-4621.905	283.5385	0.8829869	0.9882654	13.4312
53928	-4321.241	-4609.735	288.494	0.9921784	0.9981093	10.78414
53934	-4335.844	-4624.347	288.5021	1.156762	1.049164	10.66726
53940	-4334.936	-4625.872	290.9367	1.197273	1.025936	9.376563
53946	-4320.51	-4612.893	292.383	1.197273	1.02918	8.609108
53952	-4330.192	-4611.831	281.6388	0.7973796	0.9709856	14.46989
53958	-4322.233	-4606.138	283.9049	0.8461574	0.9205813	13.29641
53964	-4307.36	-4591.217	283.8561	0.6943126	1.203605	13.2596
53970	-4316.391	-4604.407	288.0162	0.9808814	1.151021	10.96451
53976	-4314.223	-4602.146	287.9225	1.080671	1.075607	10.99776
53982	-4318.513	-4604.507	285.9943	0.7523616	0.961447	12.23566
53988	-4320.802	-4605.18	284.3777	0.8087468	0.8919834	13.08617
53994	-4333.359	-4617.255	283.8962	0.7564817	0.9859384	13.31233
54000	-4329.818	-4619.335	289.5163	0.9309061	1.156893	10.20071
54006	-4322.424	-4612.752	290.3273	1.022006	1.020299	9.793375
54012	-4311.052	-4598.032	286.9796	0.8454445	1.012971	11.64577
54018	-4317.529	-4600.878	283.3486	0.7121732	1.029815	13.59705
54024	-4322.874	-4606.7	283.8264	0.7900145	1.068344	13.28919
54030	-4325.527	-4616.469	290.9423	0.9195228	0.8978672	9.589821
54036	-4315.312	-4606.013	290.7016	0.9117536	0.9357882	9.699559
54042	-4309.026	-4597.532	288.5066	0.9769727	1.040131	10.76382
54048	-4317.894	-4608.066	290.1716	1.043442	1.03641	9.855811
54054	-4315.409	-4598.949	283.5399	0.9109156	1.024224	13.39736
54060	-4310.42	-4593.912	283.4923	0.6909394	0.9017636	13.60178
54066	-4320.896	-4609.046	288.1496	0.7245089	1.059251	11.07351
54072	-4344.031	-4630.293	286.2612	0.9147863	1.033608	11.97403
54078	-4328.712	-4614.471	285.7594	1.000765	1.068232	12.17356
54084	-4334.148	-4621.132	286.9839	0.8855705	0.9902321	11.63442
54090	-4341.219	-4622.804	281.5854	0.7489362	0.9471837	14.53536
54096	-4332.084	-4616.859	284.775	0.9162888	1.064841	12.732
54102	-4342.158	-4625.467	283.3086	0.9351674	0.9426732	13.54778
54108	-4335.333	-4618.913	283.5797	0.9763852	0.9161994	13.40012
54114	-4346.165	-4634.7	288.5354	1.00052	0.8669692	10.83058
54120	-4331.391	-4619.199	287.8085	0.969936	1.080591	11.11299
54126	-4345.019	-4632.471	287.4521	0.9265605	0.9355831	11.39766
54132	-4348.669	-4634.164	285.495	0.8928915	0.9109347	12.45029
54138	-4351.269	-4635.791	284.5216	0.7789677	0.9619771	12.9883
54144	-4339.244	-4626.106	286.8624	0.7977337	1.044354	11.71585
54150	-4336.797	-4622.438	285.6417	0.7161434	0.978895	12.42898
54156	-4325.464	-4613.769	288.3048	0.8068753	1.000485	10.97917
54162	-4328.948	-4613.513	284.5644	0.8068753	1.000485	12.93121
54168	-4335.148	-4620.806	285.6574	0.9026363	1.058741	12.28257
54174	-4336.717	-4622.326	285.6088	0.8394487	1.011431	12.36486
54180	-4356.32	-4638.135	281.815	0.7451133	1.258783	14.26782
54186	-4348.171	-4629.93	281.7588	0.7028528	0.9681667	14.4582
54192	-4336.114	-4621.312	285.1978	0.7363775	0.9603157	12.65952
54198	-4336.784	-4624.546	287.7629	0.8728389	0.9445139	11.25828
54204	-4332.994	-4618.562	285.5681	0.8999088	1.157092	12.28311
54210	-4330.729	-4614.809	284.0792	0.8999088	0.9394747	13.16759
54216	-4336.785	-4619.613	282.8277	0.8458165	1.161164	13.73437
54222	-4331.899	-4622.648	290.7486	0.8501808	1.220936	9.564633
54228	-4347.253	-4635.311	288.0577	0.9622648	1.112922	10.9707
54234	-4326.048	-4613.206	287.1575	0.7069201	1.074723	11.59393
54240	-4331.931	-4619.304	287.3734	0.7873536	0.9815286	11.48677
54246	-4331.763	-4619.06	287.2967	0.8696149	0.9760449	11.48677
54252	-4344.097	-4627.77	283.6729	0.6420571	0.8806469	13.54533
54258	-4336.19	-4620.535	284.3449	0.7619985	1.026569	13.05526
54264	-4324.86	-4611.869	287.0092	0.7619985	1.016635	11.67202
54270	-4329.208	-4617.718	288.51	0.7895096	0.8598285	10.95867
54276	-4328.969	-4610.974	282.0051	0.715109	0.8598285	14.38433
54282	-4320.028	-4604.649	284.6214	0.7093326	0.9307039	12.98956
54288	-4330.311	-4614.762	284.451	0.6512428	0.8333422	13.16395
54294	-4313.217	-4598.516	285.2986	0.7756331	0.9478993	12.59331
54300	-4342.985	-4627.782	284.7967	0.7602838	0.8422945	12.92222
54306	-4334.989	-4619.591	284.6023	0.831038	0.9550556	12.92297
54312	-4318.746	-4606.005	287.2594	0.8776692	0.9973916	11.4908
54318	-4317.915	-4604.684	286.7696	0.7755088	0.9270337	11.83788
54324	-4316.491	-4601.912	285.4218	0.7658001	0.8922965	12.56507
54330	-4307.564	-4591.826	284.2626	0.7127468	1.011293	13.1315
54336	-4315.835	-4597.026	281.1915	0.6882079	1.113245	14.68653
54342	-4309.159	-4594.499	285.3402	0.7386026	1.197491	12.46727
54348	-4315.969	-4597.496	281.5274	0.7356785	1.014467	14.53688
54354	-4331.721	-4618.983	287.2624	0.6650864	1.257518	11.47582
54360	-4327.43	-4614.348	286.9176	0.8178025	1.213824	11.59566
54366	-4318.071	-4605.991	287.9206	0.8399505	0.9089853	11.21267
54372	-4319.493	-4604.565	285.072	0.7614891	0.8308086	12.78521
54378	-4332.179	-4617.237	285.0579	0.774795	0.9232158	12.73256
54384	-4327.943	-4611.803	283.8599	0.8314148	1.158814	13.20691
54390	-4318.824	-4602.375	283.5514	0.769244	0.9718478	13.49222
54396	-4313.29	-4599.19	285.8998	0.8514677	0.9209287	12.25537
54402	-4326.782	-4610.942	284.1604	0.7085909	0.9209287	13.23494
54408	-4332.378	-4617.468	285.0902	0.7514821	0.9838065	12.69518
54414	-4334.368	-4619.47	285.1024	0.7393087	0.9838065	12.69518
54420	-4337.039	-4619.927	282.8889	0.5996792	1.130321	13.84475
54426	-4335.129	-4618.949	283.8197	0.6592897	0.8959358	13.45151
54432	-4327.801	-4615.024	287.2232	0.8834454	1.097804	11.45599
54438	-4328.983	-4610.054	281.0719	0.7288708	1.009657	14.77867
54444	-4340.558	-4620.433	279.875	0.6561377	1.009657	15.43522
54450	-4319.861	-4609.185	289.3243	0.9696392	1.087741	10.31458
54456	-4325.89	-4614.54	288.6508	0.897998	0.7762419	10.87893
54462	-4328.25	-4615.954	287.7041	0.8255509	1.206568	11.18356
54468	-4317.19	-4603.485	286.2955	0.795715	0.935752	12.06993
54474	-4323.062	-4608.229	285.167	0.7303159	1.105174	12.60502
54480	-4309.975	-4596.387	286.4113	0.7474578	1.160948	11.92104
54486	-4321.594	-4608.244	286.6495	0.7474578	0.9165083	11.92104
54492	-4320.214	-4607.235	287.0209	0.7313027	1.015295	11.68259
54498	-4318.755	-4605.299	286.5441	0.7647018	1.042174	11.90039
54504	-4314.964	-4600.481	285.5175	0.8005257	1.057734	12.40921
54510	-4345.586	-4630.076	284.4898	0.802019	1.174574	12.88744
54516	-4334.197	-4618.966	284.7687	0.8677002	0.83135	12.88744
54522	-4336.56	-4620.526	283.9655	0.8234526	1.07809	13.19475
54528	-4336.383	-4621.593	285.2102	0.7221609	0.9870481	12.64626
54534	-4335.221	-4616.868	281.6474	0.704039	1.126181	14.43613
54540	-4323.484	-4609.793	286.3087	0.6820944	1.009643	12.08294
54546	-4325.143	-4609.991	284.8483	0.6956034	0.967388	12.85883
54552	-4341.57	-4628.341	286.7712	0.8858234	1.025898	11.72688
54558	-4328.412	-4614.69	286.2778	0.8511953	1.150212	11.9416
54564	-4324.642	-4613.336	288.6939	0.8643565	0.9265734	10.78498
54570	-4361.916	-4648.921	287.0054	0.8924703	1.134494	11.54747
54576	-4347.555	-4632.097	284.5423	0.9017503	1.041953	12.87209
54582	-4341.643	-4629.524	287.8813	1.024605	0.9242992	11.12802
54588	-4342.969	-4631.578	288.6089	0.950279	0.9741947	10.75855
54594	-4319.688	-4605.926	286.2379	0.9475169	0.8968141	12.0425
54600	-4316.282	-4598.997	282.7154	0.7846368	1.018516	13.89376
54606	-4321.341	-4605.786	284.4452	0.7846368	0.9504332	13.0313
54612	-4325.198	-4610.107	284.9085	0.8142364	1.225027	12.64029
54618	-4319.047	-4603.996	284.9491	0.7736104	1.225027	12.64029
54624	-4319.382	-4607.581	288.1998	0.8261502	1.06481	10.99122
54630	-4347.72	-4632.039	284.3194	0.8417055	1.037903	13.02132
54636	-4343.023	-4626.789	283.7659	0.7100606	0.996476	13.39863
54642	-4335.87	-4625.548	289.6773	0.9783281	1.054664	10.14094
54648	-4325.341	-4615.467	290.1255	0.9192833	1.205377	9.86371
54654	-4326.565	-4615.368	288.8028	0.865277	0.8663607	10.76168
54660	-4327.516	-4613.319	285.8025	0.8586099	0.9405449	12.29156
54666	-4319.805	-4607.307	287.5016	0.9091875	0.8368744	11.43735
54672	-4334.339	-4620.28	285.9404	0.8392432	1.213095	12.09493
54678	-4316.508	-4604.813	288.3048	0.8942648	0.9631336	10.95324
54684	-4318.352	-4606.078	287.7258	0.9135511	1.037624	11.20734
54690	-4319.727	-4607.273	287.5463	0.8071656	0.865378	11.45054
54696	-4322.084	-4606.994	284.9098	0.8558891	1.167824	12.64392
54702	-4333.122	-4620.63	287.5075	0.8510366	1.107171	11.3197
54708	-4339.272	-4625.068	285.7953	0.9042965	1.107171	12.18604
54714	-4342.448	-4624.718	282.2705	0.8191864	1.202689	14.01822
54720	-4330.718	-4615.652	284.9341	0.8514966	1.061134	12.68479
54726	-4320.705	-4606.886	286.1805	0.7277988	1.070057	12.0954
54732	-4334.143	-4619.767	285.624	0.8022398	0.8267432	12.47903
54738	-4326.472	-4612.677	286.2054	0.7261789	0.8744617	12.18761
54744	-4315.903	-4605.118	289.2142	0.9478752	1.0518	10.40179
54750	-4314.53	-4602.238	287.7084	0.8313509	1.0518	11.25227
54756	-4301.254	-4590.354	289.0998	0.8360502	1.010678	10.54167
54762	-4295.079	-4580.454	285.3748	0.7967514	1.013635	12.50788
54768	-4296.906	-4580.363	283.4572	0.7371888	0.9832596	13.55176
54774	-4315.354	-4605.337	289.9828	0.9756847	0.8362161	10.10184
54780	-4304.575	-4590.915	286.3405	0.7966474	1.124225	11.94964
54786	-4290.968	-4577.808	286.84	0.814104	0.91609	11.78703
54792	-4311.359	-4599.111	287.7516	0.9370545	1.080635	11.15993
54798	-4318.014	-4601.47	283.456	0.8494629	0.9541435	13.50957
54804	-4308.749	-4595.291	286.5418	0.7782248	1.224218	11.80792
54810	-4305.072	-4592.106	287.0338	0.8599872	0.9444591	11.64623
54816	-4311.303	-4597.364	286.0603	0.9107871	1.095858	12.04996
54822	-4307.132	-4593.03	285.8985	0.7891913	1.140909	12.17617
54828	-4302.77	-4588.299	285.5289	0.8875015	1.099236	12.33749
54834	-4296	-4582.197	286.1974	0.8041534	1.067869	12.04782
54840	-4302.743	-4591.322	288.5792	0.9754799	1.027179	10.73314
54846	-4307.518	-4596.36	288.8421	1.021756	1.226536	10.47516
54852	-4317.82	-4602.245	284.4253	0.9252693	1.168052	12.85987
54858	-4318.747	-4606.105	287.3576	0.9611963	0.9352955	11.42911
54864	-4314.792	-4603.167	288.3746	0.9929479	1.057428	10.81586
54870	-4319.071	-4607.31	288.2384	0.7772315	0.8487233	11.11389
54876	-4330.934	-4619.2	288.266	0.9557048	0.9188719	10.96563
54882	-4321.83	-4612.43	290.5997	1.067341	0.9944797	9.639417
54888	-4315.88	-4606.638	290.7574	0.909669	0.9944797	9.639417
54894	-4331.983	-4619.9	287.9172	0.904277	0.8683269	11.20401
54900	-4332.471	-4618.605	286.1344	0.8435844	1.077773	12.05523
54906	-4327.809	-4611.208	283.3992	0.7923118	1.008531	13.54008
54912	-4331.275	-4617.853	286.5785	0.7452612	0.9151723	11.96001
54918	-4323.777	-4609.132	285.3542	0.7493245	0.9494707	12.57718
54924	-4305.474	-4592.455	286.9807	0.7697429	0.9031789	11.74396
54930	-4316.622	-4598.001	281.3797	0.6456876	1.131907	14.60223
54936	-4308.897	-4596.508	287.6113	0.8712536	1.064089	11.276
54942	-4308.481	-4592.892	284.4108	0.7731072	1.04958	13.00358
54948	-4318.7	-4604.971	286.2707	0.7208172	0.9808349	12.09768
54954	-4321.203	-4609.847	288.6438	0.8100167	1.014097	10.7928
54960	-4319.005	-4607.428	288.4226	1.00938	1.036354	10.7928
54966	-4311.712	-4600.27	288.5586	0.9546396	0.9553626	10.7928
54972	-4308.823	-4594.968	286.1455	0.7907036	0.9553626	12.14015
54978	-4322.885	-4607.852	284.9672	0.7620734	0.9553626	12.76882
54984	-4328.975	-4614.905	285.9297	0.7465033	0.9553626	12.27565
54990	-4318.706	-4606.888	288.1823	0.9796249	0.9383446	10.98621
54996	-4329.853	-4619.442	289.5891	1.017136	0.9647877	10.21385
55002	-4319.493	-4603.829	284.3357	0.706758	1.01004	13.09723
55008	-4328.449	-4613.459	285.0099	1.044375	1.056527	12.54717
55014	-4317.393	-4605.702	288.3097	0.9290685	1.031199	10.89667
55020	-4317.068	-4602.781	285.7129	0.9763631	1.031199	12.22914
55026	-4312.861	-4601.485	288.6246	1.008912	1.063338	10.67346
55032	-4315.569	-4601.871	286.3019	0.9358423	1.017279	11.95019
55038	-4321	-4606.955	285.9554	0.9421474	1.1122	12.08039
55044	-4321.707	-4605.879	284.1718	0.8639088	0.9887542	13.11184
55050	-4318.538	-4602.75	284.2123	0.8635611	1.179549	12.99743
55056	-4312.277	-4597.656	285.3796	0.8841689	1.104063	12.4147
55062	-4315.238	-4599.787	284.5486	0.8294588	1.170885	12.84423
55068	-4330.509	-4614.691	284.1827	0.7821785	1.313712	12.99605
55074	-4312.938	-4600.379	287.4409	0.846415	1.205454	11.31089
55080	-4315.999	-4604.723	288.7242	0.8687599	1.214125	10.62293
55086	-4307.457	-4596.736	289.2791	0.8129554	0.9043692	10.51738
55092	-4348.784	-4638.074	289.2901	0.8028358	0.8223587	10.56496
55098	-4342.017	-4625.834	283.8175	0.8293294	0.8662909	13.38127
55104	-4331.766	-4615.324	283.5581	0.7728768	1.186723	13.38127
55110	-4336.111	-4622.829	286.7184	0.9248038	0.8966242	11.80369
55116	-4324.291	-4610.367	286.0766	0.8655788	1.018045	12.104
55122	-4333.386	-4622.898	289.5121	0.8220741	0.8990179	10.3933
55128	-4323.309	-4612.597	289.2874	0.9065344	0.8132164	10.51751
55134	-4329.068	-4614.126	285.0581	0.8753534	1.052838	12.61198
55140	-4328.348	-4613.15	284.8023	0.6792598	0.8799559	12.93953
55146	-4327.987	-4613.449	285.4625	0.7118727	1.171278	12.42949
55152	-4306.978	-4594.585	287.6062	0.7658096	0.9235478	11.40776
55158	-4310.689	-4599.998	289.3096	0.8135353	0.9143644	10.49545
55164	-4337.094	-4623.397	286.3033	0.8218831	1.035288	11.99971
55170	-4331.215	-4614.668	283.4531	0.6733935	1.0348	13.5604
55176	-4321.268	-4607.504	286.2358	0.7040575	1.120423	12.05439
55182	-4344.317	-4629.492	285.175	0.8462748	1.098084	12.54393
55188	-4346.931	-4633.215	286.2837	0.7523011	1.106773	12.01082
55194	-4327.406	-4609.3	281.8943	0.7051249	1.022551	14.35853
55200	-4331.753	-4618.249	286.4961	0.7832694	0.9983006	11.93833
55206	-4320.108	-4606.762	286.654	0.7187657	0.9081629	11.93833
55212	-4327.767	-4615.082	287.3158	0.8464102	0.9237431	11.51738
55218	-4309.716	-4597.46	287.7439	0.814755	0.8512776	11.35149
55224	-4305.597	-4593.24	287.6429	0.7918234	0.9665996	11.35149
55230	-4336.267	-4624.138	287.8701	0.8426976	0.847923	11.27287
55236	-4334.712	-4620.672	285.9606	0.7549965	1.056849	12.20245
55242	-4326.553	-4612.434	285.881	0.7660306	0.8213993	12.36723
55248	-4322.079	-4608.387	286.3083	0.7119198	0.957185	12.09534
55254	-4322.722	-4611.105	288.3826	0.8331431	0.9524915	10.95029
55260	-4327.174	-4612.757	285.5831	0.6786025	0.7290175	12.62606
55266	-4328.901	-4613.853	284.9518	0.7574003	0.7199561	12.9196
55272	-4325.278	-4612.105	286.8273	0.8594686	0.9974473	11.72608
55278	-4308.884	-4592.123	283.2395	0.8360908	1.163538	13.52458
55284	-4306.344	-4590.735	284.3914	0.9214308	0.8937332	13.01947
55290	-4317.772	-4604.359	286.5876	0.8764434	0.9033651	11.8934
55296	-4306.354	-4595.389	289.0358	0.8808525	0.8505966	10.64057
55302	-4311.054	-4599.67	288.6157	1.053111	0.8505966	10.77055
55308	-4319.093	-4603.877	284.7844	0.7188156	1.016088	12.85451
55314	-4328.636	-4614.983	286.3467	0.768713	1.024566	12.01029
55320	-4321.408	-4607.565	286.1564	0.8558077	0.9229539	12.11821
55326	-4343.25	-4625.307	282.0577	0.7758085	0.7931318	14.36543
55332	-4316.56	-4601.804	285.2437	0.8155152	0.864206	12.64808
55338	-4310.619	-4594.075	283.4563	0.8564924	1.113433	13.42499
55344	-4310.869	-4591.676	280.8068	0.8091997	1.113433	14.82291
55350	-4317.189	-4603.102	285.9133	0.7712761	1.069344	12.21242
55356	-4316.992	-4603.651	286.658	0.8270624	0.8503264	11.91295
55362	-4321.345	-4607.899	286.5542	0.714981	1.13062	11.87765
55368	-4323.895	-4610.425	286.5295	0.827675	1.037198	11.87765
55374	-4321.219	-4605.267	284.0484	0.7885398	1.119707	13.14966
55380	-4343.109	-4625.587	282.4771	0.7993632	1.010881	14.01362
55386	-4328.111	-4614.414	286.3022	0.8410955	1.203448	11.90953
55392	-4331.394	-4615.196	283.802	0.660024	1.203448	13.30559
55398	-4324.021	-4610.126	286.1047	0.7486243	1.203448	12.06085
55404	-4318.991	-4604.856	285.8645	0.774718	1.060352	12.24052
55410	-4316.516	-4601.988	285.4727	0.7901927	0.9576558	12.48979
55416	-4308.257	-4594.567	286.31	0.6977533	0.9576558	12.10156
55422	-4312.407	-4594.548	282.1408	0.7280916	0.8988392	14.28504
55428	-4318.632	-4602.518	283.8856	0.7878704	1.133506	13.22806
55434	-4305.033	-4592.173	287.14	0.8130074	1.160599	11.50636
55440	-4304.869	-4591.52	286.651	0.8639525	1.011564	11.80846
55446	-4312.904	-4596.473	283.5687	0.8418007	0.9992017	13.43121
55452	-4320.069	-4608.837	288.7677	0.8082935	0.8877259	10.79757
55458	-4312.055	-4598.071	286.0163	0.7632873	0.8273084	12.29462
55464	-4321.407	-4605.34	283.9336	0.7465248	0.99099	13.29541
55470	-4307.207	-4592.891	285.6843	0.7872341	1.032021	12.34219
55476	-4308.403	-4592.578	284.175	0.7715014	0.8686229	13.22421
55482	-4322.259	-4608.702	286.4426	0.7428111	1.000612	11.98613
55488	-4313.956	-4599.09	285.1339	0.8300767	1.000612	12.62271
55494	-4316.138	-4601.231	285.0929	0.8042725	0.9550764	12.6816
55500	-4334.028	-4621.125	287.0972	0.8890839	1.05555	11.53982
55506	-4311.991	-4598.744	286.7538	0.8478706	1.091318	11.72301
55512	-4321.329	-4605.224	283.8947	0.903196	1.053107	13.20248
55518	-4321.419	-4606.471	285.0518	0.917289	1.007525	12.61647
55524	-4320.335	-4604.721	284.3863	0.7997481	0.9748874	13.04096
55530	-4312.691	-4595.706	283.0153	0.7665492	0.8869083	13.81845
55536	-4312.181	-4597.092	284.9113	0.7991447	0.9369572	12.78861
55542	-4317.819	-4604.222	286.4035	0.7562629	1.031259	11.98369
55548	-4309.498	-4595.188	285.6898	0.8270688	1.001532	12.33427
55554	-4323.443	-4610.485	287.0422	0.7290506	0.8461017	11.76604
55560	-4308.11	-4596.434	288.3245	0.8600083	0.8461017	11.02701
55566	-4293.365	-4581.061	287.6961	0.8249525	1.020084	11.27821
55572	-4297.4	-4584.415	287.0152	0.7964825	0.9068208	11.70993
55578	-4290.759	-4578.399	287.6402	0.7729479	1.053606	11.3176
55584	-4306.4	-4591.815	285.4149	0.7659395	0.8930443	12.56822
55590	-4304.431	-4590.891	286.4607	0.8604826	1.021779	11.90432
55596	-4307.066	-4594.87	287.804	0.9913698	1.054157	11.11729
55602	-4309.446	-4596.785	287.3388	0.8952565	0.9861061	11.44604
55608	-4310.058	-4598.229	288.1711	0.8441165	0.9074461	11.08022
55614	-4316.437	-4602.321	285.884	0.7461432	1.029465	12.26085
55620	-4332.215	-4619.377	287.1614	0.7211822	1.034251	11.60478
55626	-4327.856	-4615.15	287.2941	0.7826005	0.946542	11.54954
55632	-4322.328	-4611.854	289.5263	0.8305296	1.046783	10.30203
55638	-4312.66	-4597.835	285.1757	0.7799882	0.913743	12.67377
55644	-4335.086	-4620.421	285.3358	0.8307941	1.158668	12.43939
55650	-4314.61	-4601.105	286.4944	0.713453	0.8292016	12.07016
55656	-4315.051	-4600.674	285.6229	0.8692123	1.000508	12.34766
55662	-4324.427	-4609.088	284.6617	0.7478206	0.7855979	13.03329
55668	-4308.868	-4595.999	287.1312	0.8022311	0.9202682	11.63881
55674	-4310.373	-4596.14	285.7674	0.7711061	1.060392	12.293
55680	-4310.988	-4596.87	285.8817	0.7387829	1.060443	12.25023
55686	-4312.086	-4597.732	285.6457	0.8821685	1.045584	12.30595
55692	-4307.584	-4593.612	286.0281	0.7889165	0.7770548	12.30595
55698	-4314.23	-4602.454	288.2237	0.7997556	0.7628386	11.16261
55704	-4313.213	-4602.203	288.9894	0.8514677	0.9210928	10.6398
55710	-4315.227	-4604.312	289.0852	0.8946254	0.9210928	10.56691
55716	-4320.039	-4609.253	289.2141	0.767776	0.9191669	10.56691
55722	-4304.762	-4591.008	286.2456	0.6867997	0.8587716	12.19631
55728	-4312.079	-4602.21	290.1304	0.8608953	0.8891142	10.05349
55734	-4323.394	-4609.885	286.4912	0.8343079	0.9672349	11.93065
55740	-4313.957	-4601.569	287.612	0.8254735	1.026779	11.31848
55746	-4319.882	-4608.179	288.2972	0.8131696	0.8595466	11.0579
55752	-4312.95	-4598.394	285.4448	0.7407313	0.9282619	12.54608
55758	-4314.537	-4601.793	287.256	0.7725312	0.9689515	11.56258
55764	-4298.761	-4586.122	287.361	0.7391077	0.9689515	11.52521
55770	-4301.045	-4586.964	285.9191	0.830043	0.9736858	12.22784
55776	-4295.008	-4579.761	284.7527	0.914416	0.8758937	12.84535
55782	-4308.59	-4592.26	283.6696	0.7153117	1.046145	13.42053
55788	-4306.133	-4592.121	285.9877	0.7920781	1.006303	12.19473
55794	-4312.514	-4597.556	285.0415	0.8832318	0.8816604	12.70798
55800	-4318.581	-4604.262	285.6806	0.7771511	0.9095598	12.41464
55806	-4316.354	-4603.536	287.1824	0.7464895	0.8645682	11.6729
55812	-4300.084	-4585.329	285.2454	0.7829081	0.8520636	12.67123
55818	-4301.299	-4587.619	286.3197	0.8282311	0.9557917	12.02947
55824	-4312.691	-4599.123	286.4325	0.7499524	0.9638234	12.00714
55830	-4313.625	-4599.032	285.4074	0.8736734	1.124204	12.39602
55836	-4317.715	-4604.393	286.6787	0.9454453	0.8800531	11.8231
55842	-4318.789	-4604.001	285.2114	0.8067586	1.144656	12.52327
55848	-4321.045	-4608.707	287.6621	0.807174	0.9400726	11.34782
55854	-4313.721	-4597.252	283.5313	0.8809547	1.113304	13.37339
55860	-4310.38	-4596.981	286.6011	0.8696201	0.9978545	11.83867
55866	-4325.61	-4613.947	288.337	0.917786	1.05207	10.87771
55872	-4321.367	-4604.699	283.3319	0.856237	1.014593	13.53869
55878	-4317.97	-4602.676	284.7059	0.861789	0.9669092	12.84673
55884	-4334.516	-4618.418	283.9027	0.8418092	1.045606	13.23401
55890	-4329.954	-4613.373	283.4186	0.757386	1.15844	13.47479
55896	-4313.619	-4603.119	289.5004	0.8524377	1.02058	10.31757
55902	-4315.57	-4597.578	282.0088	0.8064272	0.8800218	14.3235
55908	-4315.006	-4601.725	286.7185	0.8258895	0.9410365	11.83055
55914	-4315.843	-4602.266	286.423	0.7917829	1.074562	11.93328
55920	-4306.873	-4589.759	282.8853	0.7066508	1.00291	13.85411
55926	-4303.721	-4587.881	284.1598	0.8179297	0.8411263	13.22408
55932	-4318.494	-4604.543	286.0499	0.8762185	0.8626685	12.19733
55938	-4300.372	-4585.885	285.5124	0.8326745	1.048227	12.39987
55944	-4308.904	-4595.592	286.6879	0.7536354	0.8843758	11.91593
55950	-4315.966	-4602.63	286.664	0.8946466	1.204338	11.69226
55956	-4320.71	-4606.049	285.3393	0.8900047	1.323981	12.33352
55962	-4321.334	-4608.315	286.9814	0.995335	1.210948	11.47083
55968	-4307.183	-4593.206	286.0227	0.9183931	1.007148	12.1102
55974	-4322.772	-4611.703	288.9316	0.964839	0.9218773	10.61022
55980	-4316.028	-4600.403	284.375	0.9073328	0.9954617	12.98007
55986	-4328.076	-4613.453	285.3768	0.9073328	0.9954617	12.45866
55992	-4323.128	-4606.049	282.9209	0.9006514	1.004657	13.73412
55998	-4323.007	-4607.393	284.3856	0.9648919	1.062231	12.91065
56004	-4331.375	-4617.168	285.7931	0.8079101	1.010926	12.28555
56010	-4321.972	-4607.436	285.4639	0.6839113	0.9707692	12.54269
56016	-4322.323	-4605.246	282.9233	0.7067261	0.9016336	13.8889
56022	-4335.14	-4617.84	282.7002	0.9121832	0.8486783	13.9284
56028	-4322.086	-4608.938	286.8522	0.7539544	0.9779391	11.77844
56034	-4332.146	-4619.679	287.5332	0.9499008	0.7863948	11.4304
56040	-4318.491	-4606.744	288.2534	0.8784562	1.067812	10.9342
56046	-4306.238	-4591.496	285.2585	0.743256	0.9012287	12.65683
56052	-4329.552	-4613.102	283.5493	0.7606039	0.8084716	13.59047
56058	-4326.377	-4612.258	285.8808	0.8363351	1.029701	12.21535
56064	-4303.371	-4590.315	286.9436	0.7931279	0.9239561	11.73954
56070	-4309.788	-4593.733	283.9444	0.7931279	0.9096802	13.30953
56076	-4305.111	-4590.758	285.6471	0.9024251	1.049223	12.29283
56082	-4305.264	-4596.052	290.7881	0.9574976	1.033621	9.577559
56088	-4301.409	-4585.229	283.8201	0.7428657	1.014798	13.34395
56094	-4291.777	-4579.229	287.4521	1.002647	1.014798	11.31564
56100	-4300.222	-4587.63	287.4079	0.9121919	1.157912	11.31564
56106	-4311.187	-4598.65	287.4635	0.9765519	0.9226101	11.3727
56112	-4304.635	-4589.626	284.991	0.7504288	0.9585008	12.76083
56118	-4308.056	-4596.484	288.4278	0.9893157	0.9585008	10.84148
56124	-4307.002	-4594.82	287.8183	0.7679776	0.9861289	11.26181
56130	-4305.785	-4590.411	284.6252	0.7575339	0.8759028	12.99326
56136	-4305.015	-4591.233	286.218	0.8222285	0.9668728	12.07968
56142	-4294.516	-4581.006	286.4896	0.8575337	0.9053137	11.95331
56148	-4313.993	-4599.233	285.2394	0.772989	1.004771	12.59534
56154	-4308.91	-4595.101	286.1911	0.7153214	0.8444456	12.21829
56160	-4312.179	-4597.972	285.7933	0.9330499	1.014604	12.21829
56166	-4310.586	-4595.405	284.8194	0.829335	0.9484896	12.81444
56172	-4308.804	-4594.375	285.5715	0.8713383	1.053015	12.34652
56178	-4314.131	-4599.193	285.062	0.6649773	0.9945633	12.74926
56184	-4336.511	-4621.392	284.8804	0.6447849	1.093	12.8046
56190	-4306.404	-4593.826	287.4222	0.9820982	1.126139	11.28667
56196	-4309.666	-4595.314	285.6481	0.8361059	0.877137	12.41925
56202	-4303.068	-4589.502	286.4335	0.8390552	1.021159	11.93002
56208	-4301.803	-4586.346	284.543	0.8219569	0.9880815	12.94099
56214	-4311.831	-4598.931	287.1001	0.8392751	1.081602	11.55138
56220	-4317.8	-4607.844	290.0437	1.044487	1.173045	9.855815
56226	-4320.66	-4610.415	289.7547	0.9984039	0.8077849	10.22714
56232	-4315.952	-4606.036	290.0839	0.9930229	1.196457	9.850878
56238	-4316.125	-4604.302	288.1775	0.9240061	0.98997	10.99003
56244	-4318.691	-4602.869	284.1778	0.8232144	0.979614	13.13464
56250	-4342.21	-4625.685	283.4749	0.7658058	1.128268	13.45534
56256	-4341.593	-4625.942	284.3492	0.8839617	0.8188387	13.10463
56262	-4348.374	-4632.772	284.3977	0.7108928	1.162179	12.98846
56268	-4332.41	-4619.398	286.9876	0.6957589	0.915275	11.77224
56274	-4336.825	-4619.253	282.4285	0.8954461	1.036406	13.97601
56280	-4324.385	-4608.185	283.7995	0.7705762	0.9536531	13.37241
56286	-4320.41	-4605.862	285.4516	0.8186138	1.155353	12.38696
56292	-4323.818	-4607.315	283.4971	0.7851252	0.9221414	13.53905
56298	-4322.962	-4608.859	285.8965	0.8659637	0.9563453	12.23016
56304	-4330.123	-4611.398	281.275	0.7150665	1.040441	14.66505
56310	-4321.069	-4604.653	283.5842	0.7247274	0.9383017	13.51636
56316	-4322.039	-4608.243	286.2034	0.7333708	0.9119855	12.16366
56322	-4331.233	-4614.523	283.2899	0.582242	0.9553563	13.73382
56328	-4338.882	-4623.237	284.3545	0.6521307	0.9686318	13.13755
56334	-4315.625	-4599.947	284.3221	0.8226891	0.8453174	13.13478
56340	-4322.839	-4610.913	288.0748	0.786344	0.9936674	11.11395
56346	-4320.138	-4606.519	286.3808	0.7834746	1.019253	11.98751
56352	-4327.262	-4611.824	284.5618	0.8747344	1.117725	12.83884
56358	-4330.862	-4616.1	285.2379	0.8512953	1.009574	12.55289
56364	-4326.991	-4616.726	289.7355	1.020941	1.031629	10.09966
56370	-4315.039	-4606.273	291.2343	0.9316539	1.031629	9.356707
56376	-4308.154	-4595.829	287.6745	0.8259903	0.9981956	11.30032
56382	-4310.424	-4598.107	287.6823	0.7629034	0.9947914	11.33106
56388	-4323.357	-4607.342	283.9853	0.8691905	0.8364065	13.29091
56394	-4323.687	-4610.032	286.3447	0.880202	1.169377	11.88257
56400	-4315.289	-4602.393	287.1039	0.880202	0.9818042	11.57896
56406	-4311.571	-4599.383	287.8129	0.880202	0.9268778	11.23795
56412	-4324.355	-4612.471	288.1155	0.8582491	0.9954804	11.05403
56418	-4332.49	-4617.539	285.0485	0.9639256	1.070092	12.56225
56424	-4317.418	-4603.23	285.8122	0.8937004	1.137485	12.16829
56430	-4319.696	-4606.572	286.8762	0.7653098	1.002876	11.74685
56436	-4325.012	-4608.766	283.7538	0.7784914	0.9395185	13.3997
56442	-4336.906	-4620.202	283.296	0.8470184	1.225444	13.46143
56448	-4338.321	-4626.811	288.4895	0.9870586	1.031593	10.77185
56454	-4335.297	-4623.567	288.2696	0.8383399	1.008531	10.97696
56460	-4333.302	-4621.728	288.4257	1.059347	1.072882	10.74654
56466	-4329.09	-4615.217	286.1264	0.8303104	0.926858	12.14499
56472	-4322.338	-4608.971	286.633	0.8353466	0.9477886	11.86658
56478	-4321.479	-4608.327	286.8484	0.7918395	0.9993308	11.74939
56484	-4322.301	-4602.125	279.8239	0.7190102	0.9081215	15.48332
56490	-4305.703	-4589.113	283.4098	0.7494751	0.9050238	13.6124
56496	-4307.908	-4592.157	284.2487	0.750446	0.9116193	13.1725
56502	-4318.013	-4603.751	285.7377	0.8676357	1.003805	12.28698
56508	-4314.587	-4600.511	285.9245	0.8637805	0.8823342	12.25783
56514	-4309.696	-4596.926	287.2302	0.8839579	1.028411	11.48674
56520	-4320.828	-4605.726	284.8974	0.7695897	0.9016392	12.83079
56526	-4321.288	-4606.569	285.2803	0.7432165	0.8315454	12.68587
56532	-4339.599	-4625.154	285.5548	0.8314279	1.117895	12.34427
56538	-4340.065	-4626.152	286.0873	0.8699581	1.040222	12.08479
56544	-4330.553	-4617.683	287.13	0.8171959	0.9143171	11.63498
56550	-4323.052	-4609.551	286.4989	0.8014442	1.012249	11.92009
56556	-4314.286	-4601.206	286.9195	0.8323016	0.945203	11.71997
56562	-4316.958	-4602.79	285.832	0.7522883	1.023059	12.28798
56568	-4295.775	-4578.947	283.1723	0.7765995	0.965747	13.68844
56574	-4298.698	-4582.857	284.1597	0.7215753	0.9420137	13.21705
56580	-4300.425	-4584.936	284.511	0.8031393	1.132246	12.89559
56586	-4307.29	-4594.732	287.4418	0.9396601	1.098101	11.31214
56592	-4299.866	-4587.623	287.7576	0.946656	0.9548538	11.2168
56598	-4315.704	-4599.314	283.6098	0.8476649	1.059006	13.37643
56604	-4341.885	-4629.912	288.0264	0.890835	1.009738	11.0762
56610	-4307.37	-4594.431	287.0613	0.7707379	0.8584945	11.72701
56616	-4318.255	-4605.457	287.2023	0.7796059	0.9479572	11.59827
56622	-4332.652	-4618.106	285.4539	0.86247	1.086695	12.39574
56628	-4338.391	-4623.052	284.6613	0.7702784	0.9861604	12.90732
56634	-4326.6	-4612.723	286.1223	0.9309661	0.8332418	12.14835
56640	-4324.446	-4608.018	283.5713	0.7191937	0.863159	13.56812
56646	-4320.624	-4603.128	282.504	0.8612654	0.8948419	14.02999
56652	-4339.649	-4625.036	285.3873	0.8669839	1.242734	12.35559
56658	-4323.074	-4607.255	284.1814	0.88385	0.964829	13.10911
56664	-4327.902	-4611.769	283.8673	0.6144449	0.9461444	13.42237
56670	-4322.95	-4608.054	285.1038	0.837959	1.020115	12.62422
56676	-4329.508	-4615.952	286.4439	0.7249061	1.040101	11.97448
56682	-4318.375	-4604.124	285.7493	0.8650518	0.9894235	12.28976
56688	-4326.429	-4610.285	283.8558	0.683557	1.089115	13.31902
56694	-4324.158	-4609.168	285.0096	0.7687978	1.089115	12.67473
56700	-4312.058	-4598.488	286.4298	0.8625349	1.068371	11.89585
56706	-4308.064	-4594.693	286.6283	0.7993194	0.9331689	11.89585
56712	-4325.34	-4609.934	284.5939	0.79881	1.144537	12.84888
56718	-4313.316	-4601.502	288.1863	0.8878533	1.144515	10.92719
56724	-4310.761	-4597.288	286.5269	0.8243582	0.8834841	11.96354
56730	-4310.635	-4594.106	283.4711	0.7725914	1.028142	13.50296
56736	-4318.245	-4602.179	283.934	0.8082444	1.032373	13.24186
56742	-4321.063	-4606.35	285.287	0.8684268	1.20292	12.42491
56748	-4339.318	-4623.192	283.874	0.8301257	0.9267375	13.31743
56754	-4329.111	-4613.077	283.9659	0.9284681	0.9632422	13.19879
56760	-4325.077	-4610.137	285.0608	0.8624837	1.038276	12.62458
56766	-4324.761	-4611.645	286.8833	0.73106	1.038276	11.74284
56772	-4348.987	-4635.469	286.4813	0.9125399	1.075768	11.83921
56778	-4347.148	-4634.489	287.341	0.9125399	1.030061	11.413
56784	-4355.074	-4637.01	281.9358	0.906253	1.102099	14.19341
56790	-4312.859	-4599.106	286.2469	0.7329255	0.9881464	12.09993
56796	-4315.76	-4597.646	281.8855	0.8689479	1.219721	14.18431
56802	-4319.367	-4601.707	282.3408	0.8197288	0.901298	14.13252
56808	-4312.53	-4600.789	288.259	0.7792813	1.13788	10.94913
56814	-4313.579	-4599.495	285.9152	0.861927	0.974621	12.21273
56820	-4317.808	-4603.913	286.1045	0.7485176	0.9843786	12.168
56826	-4327.861	-4613.553	285.6922	0.7661991	0.9843786	12.37372
56832	-4316.012	-4604.006	287.994	0.7779282	0.9936591	11.16065
56838	-4312.44	-4598.898	286.4585	0.8813375	0.9744445	11.91935
56844	-4327.424	-4611.915	284.4908	0.7915572	0.987468	12.98424
56850	-4312.191	-4598.959	286.7674	0.8706017	0.9190104	11.79382
56856	-4294.365	-4581.129	286.7644	0.8543504	1.031929	11.74379
56862	-4306.221	-4592.5	286.2794	0.6740254	1.031929	12.09103
56868	-4317.161	-4603.093	285.9319	0.7334157	1.052072	12.23107
56874	-4331.931	-4617.374	285.4432	0.6824326	0.7590301	12.67746
56880	-4308.236	-4593.67	285.434	0.7830341	0.9141887	12.53749
56886	-4305.802	-4592.396	286.5949	0.8671162	0.9563506	11.86527
56892	-4334.479	-4619.437	284.9579	0.9109988	0.8368071	12.76321
56898	-4332.647	-4616.677	284.0296	0.7257003	1.153771	13.17602
56904	-4333.102	-4618.961	285.8592	0.8206179	0.8836968	12.31359
56910	-4316.162	-4604.6	288.4379	0.7668798	1.025923	10.91718
56916	-4309.962	-4598.368	288.4061	0.8253606	0.9044935	10.9686
56922	-4304.354	-4592.514	288.1603	0.8377658	1.034182	11.02126
56928	-4299.607	-4588.118	288.5114	0.8951205	1.155435	10.74783
56934	-4290.733	-4579.424	288.6914	0.8291027	1.105341	10.71199
56940	-4283.528	-4569.997	286.4687	0.7744528	1.144215	11.88483
56946	-4303.608	-4592.434	288.8266	0.9340247	1.006927	10.63558
56952	-4330.109	-4616.804	286.6953	0.7590245	1.030447	11.83037
56958	-4328.942	-4617.428	288.4857	1.013783	0.9791669	10.78721
56964	-4313.64	-4603.739	290.0993	0.9551385	0.793313	10.07764
56970	-4347.239	-4634.166	286.9271	0.7622045	0.8795291	11.78936
56976	-4333.221	-4619.861	286.6405	0.8206966	0.9896237	11.84794
56982	-4336.951	-4624.011	287.0595	0.7626322	0.897981	11.70948
56988	-4322.27	-4608.61	286.3397	0.7110254	0.8267966	12.15355
56994	-4317.765	-4604.416	286.6506	0.7544599	1.0751	11.83368
57000	-4347.591	-4634.346	286.7552	0.9831591	1.024367	11.68515
57006	-4331.913	-4620.484	288.5716	0.8489344	0.9582835	10.83979
57012	-4340.912	-4625.935	285.0233	0.8074351	1.171249	12.60851
57018	-4329.608	-4615.563	285.9548	0.8480997	1.101124	12.13512
57024	-4317.861	-4604.29	286.4293	0.7953983	1.025406	11.95282
57030	-4318.443	-4604.872	286.4291	0.8902787	0.9322517	11.95282
57036	-4326.452	-4614.254	287.8017	0.7128369	0.9876826	11.29853
57042	-4331.896	-4617.509	285.6122	0.7119379	0.8693332	12.50713
57048	-4331.09	-4614.574	283.4842	0.7938773	0.8754333	13.56747
57054	-4328.825	-4612.107	283.2822	0.7760293	0.9224995	13.65512
57060	-4315.227	-4599.84	284.6135	0.8965737	1.074773	12.82143
57066	-4305.644	-4590.697	285.0532	0.8674365	1.074622	12.60777
57072	-4305.709	-4591.889	286.1802	0.7745027	1.100274	12.05636
57078	-4308.566	-4594.854	286.2881	0.8319172	0.8354257	12.11226
57084	-4303.558	-4585.389	281.8311	0.7584775	0.9356623	14.40941
57090	-4304.249	-4589.697	285.448	0.7261987	1.043111	12.49149
57096	-4293.009	-4580.677	287.6681	0.7143581	1.039428	11.34083
57102	-4331.116	-4615.639	284.5223	0.7782655	1.022454	12.95667
57108	-4323.516	-4611.613	288.097	0.7520293	0.9302602	11.15451
57114	-4322.328	-4609.089	286.7606	0.9055636	1.07567	11.69702
57120	-4329.702	-4617.11	287.4083	0.9089805	0.8826122	11.4595
57126	-4331.05	-4620.269	289.219	0.8702947	0.9174271	10.51147
57132	-4323.713	-4607.982	284.2689	0.8576568	0.9174271	13.10303
57138	-4331.036	-4617.381	286.3458	0.7226844	0.8229104	12.14665
57144	-4328.953	-4616.41	287.4572	0.7240036	0.8229104	11.56579
57150	-4325.356	-4612.601	287.2448	0.8055686	0.9419888	11.56579
57156	-4323.923	-4609.899	285.9762	0.7828895	0.8209059	12.30913
57162	-4318.088	-4602.653	284.5651	0.9938145	1.092861	12.78713
57168	-4306.164	-4593.092	286.9284	0.9231937	1.15998	11.55967
57174	-4310.795	-4596.031	285.2352	0.8869241	1.222868	12.43325
57180	-4297.608	-4584.756	287.1486	0.9029518	1.080009	11.49351
57186	-4304.987	-4592.483	287.4961	0.9746842	1.081903	11.27332
57192	-4313.018	-4595.779	282.7616	0.7825353	0.9385197	13.91309
57198	-4310.005	-4592.117	282.1115	0.7289813	1.116841	14.18717
57204	-4310.202	-4594.666	284.4646	0.7861822	1.080683	12.95338
57210	-4327.287	-4609.766	282.4785	0.8874706	1.07829	13.93336
57216	-4329.325	-4613.955	284.6302	0.7712565	1.030553	12.90006
57222	-4323.42	-4612.22	288.8002	0.9225273	0.9887621	10.66505
57228	-4316.05	-4603.253	287.2037	0.8174154	1.119344	11.4903
57234	-4303.686	-4589.261	285.5755	0.7207854	1.042248	12.4283
57240	-4304.164	-4589.608	285.4442	0.7706016	1.128949	12.4283
57246	-4305.799	-4590.177	284.3777	0.9343953	0.9145053	13.00817
57252	-4295.021	-4584.384	289.3637	0.9733227	1.008977	10.33189
57258	-4299.158	-4584.307	285.1484	0.7523949	1.01515	12.64806
57264	-4300.935	-4586.077	285.1416	0.8067527	0.967946	12.64806
57270	-4294.902	-4582.724	287.8221	0.8658383	0.9424374	11.2321
57276	-4296.988	-4583.921	286.933	0.8399995	0.9070406	11.73005
57282	-4339.58	-4622.36	282.7796	0.7976533	0.9572368	13.8858
57288	-4332.817	-4620.396	287.5789	0.8990265	0.9769666	11.32335
57294	-4329.405	-4619.81	290.4049	0.9938011	1.036688	9.758885
57300	-4304.575	-4589.825	285.2504	0.7254369	0.7817077	12.74112
57306	-4300.209	-4586.988	286.7785	0.8804069	0.7802044	11.86484
57312	-4306.348	-4594.816	288.4671	0.7762936	1.005581	10.90749
57318	-4301.626	-4590.048	288.4218	0.9512431	0.8815913	10.90749
57324	-4303.58	-4588.966	285.3859	0.9244914	0.9335764	12.47813
57330	-4301.398	-4591.147	289.7492	0.9473786	0.8878514	10.20919
57336	-4305.584	-4592.379	286.7946	0.9518485	0.8834295	11.75729
57342	-4299.661	-4586.59	286.9292	0.804562	0.8950888	11.75729
57348	-4302.745	-4588.869	286.1239	0.7514478	0.8950888	12.20514
57354	-4295.666	-4582.555	286.8892	0.8399735	0.8641348	11.77744
57360	-4293.609	-4581.785	288.1757	0.783789	0.8851579	11.12204
57366	-4293.105	-4580.672	287.567	0.9006408	1.065604	11.28306
57372	-4294.536	-4580.302	285.7664	0.8230133	0.9511814	12.32319
57378	-4296.104	-4581.708	285.6043	0.884307	1.052027	12.32319
57384	-4316.52	-4605.384	288.8644	1.033757	0.8072807	10.6764
57390	-4313.762	-4597.493	283.7312	0.8160982	1.120991	13.29954
57396	-4314.419	-4598.874	284.4549	0.8050632	0.9865126	12.99642
57402	-4306.101	-4591.876	285.7745	0.8552577	0.9411117	12.30761
57408	-4304.233	-4590.138	285.9048	0.826503	0.8477355	12.30761
57414	-4307.996	-4591.655	283.6595	0.8097867	0.7704458	13.53125
57420	-4319.313	-4603.954	284.6412	0.8103722	1.048567	12.86486
57426	-4325.572	-4614.707	289.1357	0.9957002	0.9395959	10.47709
57432	-4322.879	-4610.128	287.2489	0.9015195	0.9395959	11.51476
57438	-4322.751	-4608.909	286.1584	0.9066693	0.9437336	12.0792
57444	-4324.939	-4611.129	286.19	0.8193012	0.9437336	12.1083
57450	-4337.285	-4622.618	285.3332	0.8751229	0.9304023	12.53301
57456	-4337.42	-4622.815	285.3952	0.7091615	1.037442	12.5307
57462	-4336.603	-4622.568	285.9652	0.8049324	1.013131	12.19625
57468	-4334.257	-4621.577	287.3207	0.8279698	0.9169711	11.52821
57474	-4324.87	-4612.912	288.0417	0.9309803	0.9834059	11.06097
57480	-4319.812	-4608.341	288.5282	1.016914	0.9834494	10.761
57486	-4333.063	-4622.806	289.7424	0.9143464	0.9387261	10.20152
57492	-4347.007	-4633.138	286.1309	0.9284692	1.09878	12.00246
57498	-4356.575	-4644.657	288.0821	0.966669	1.011288	11.00652
57504	-4322.464	-4606.128	283.6635	0.7443422	1.238643	13.31802
57510	-4325.799	-4610.962	285.1623	0.7637806	1.019753	12.63257
57516	-4319.632	-4604.971	285.3389	0.7687724	1.017506	12.53914
57522	-4317.587	-4606.942	289.3546	0.9306551	0.953457	10.38868
57528	-4327.034	-4611.95	284.9165	0.7794261	1.064957	12.72956
57534	-4341.074	-4624.482	283.4079	0.8416076	1.030939	13.49851
57540	-4322.712	-4609.69	286.9783	0.8352771	0.9662404	11.67638
57546	-4327.184	-4613.477	286.2933	0.8122203	1.193745	11.93369
57552	-4317.141	-4603.464	286.3232	0.8242485	1.146548	11.93369
57558	-4331.535	-4619.14	287.605	0.9404446	0.9311486	11.31286
57564	-4327.296	-4616.471	289.1756	0.9419668	0.9990205	10.45237
57570	-4320.413	-4605.559	285.1454	0.7208738	0.9101135	12.72235
57576	-4325.227	-4611.546	286.3199	0.7503309	0.9882281	12.05272
57582	-4316.386	-4604.71	288.3244	0.863781	1.114128	10.88198
57588	-4315.592	-4602.053	286.4611	0.825768	1.030032	11.91799
57594	-4328.869	-4613.805	284.9359	0.8584188	1.074089	12.67381
57600	-4314.066	-4602.333	288.2662	0.9314091	1.054768	10.9063
57606	-4319.099	-4609.089	289.9897	0.9122218	0.9567253	10.06272
57612	-4323.701	-4610.343	286.6414	0.7661616	1.029314	11.85537
57618	-4320.944	-4606.963	286.019	0.7794687	1.190175	12.09548
57624	-4335.186	-4626.321	291.1354	0.8933757	1.035075	9.427395
57630	-4323.202	-4611.557	288.3555	0.7319565	0.9883343	10.99829
57636	-4329.977	-4615.368	285.391	0.6964773	0.9883343	12.56481
57642	-4333.135	-4619.48	286.3458	0.849002	0.9882936	11.98767
57648	-4320.724	-4607.332	286.6076	0.831504	1.11275	11.79752
57654	-4316.212	-4599.935	283.7228	0.8696425	1.048294	13.31166
57660	-4333.956	-4620.734	286.778	0.8459374	1.066486	11.72367
57666	-4319.895	-4605.563	285.6683	0.8594056	0.8668016	12.40257
57672	-4325.083	-4610.153	285.0701	0.8779608	1.088725	12.58658
57678	-4335.319	-4619.901	284.5813	0.8856899	1.149927	12.80773
57684	-4329.959	-4616.651	286.6926	0.9122705	1.018711	11.75779
57690	-4337.841	-4626.37	288.5291	0.8847001	1.018711	10.81139
57696	-4317.262	-4603.416	286.154	0.7880469	0.833988	12.20592
57702	-4321.114	-4606.707	285.5931	0.7874838	0.9205338	12.44878
57708	-4329.283	-4613.976	284.6933	0.7826486	1.017291	12.86809
57714	-4329.982	-4615.145	285.163	1.026759	0.9756531	12.51827
57720	-4338.724	-4625.726	287.0018	0.9680177	1.015133	11.56897
57726	-4328.622	-4611.805	283.183	0.7343847	0.8450458	13.7723
57732	-4317.276	-4603.16	285.8841	0.881611	0.8778252	12.27218
57738	-4320	-4605.938	285.9384	0.7935008	0.8444537	12.30922
57744	-4334.002	-4619.812	285.8102	0.7628288	0.9934429	12.30922
57750	-4325.148	-4610.95	285.8019	0.7922798	0.9725617	12.30922
57756	-4312.775	-4595.964	283.189	0.7166128	0.9386408	13.72552
57762	-4314.353	-4598.01	283.6564	0.7361882	0.9049808	13.4913
57768	-4322.473	-4604.726	282.2531	0.7657168	0.9206115	14.19526
57774	-4343.24	-4629.241	286.0004	0.8635029	0.953767	12.17869
57780	-4342.265	-4629.291	287.0253	0.9111665	1.128962	11.52995
57786	-4338.448	-4628.101	289.6522	0.9656248	0.9180194	10.23352
57792	-4338.198	-4624.774	286.5759	1.036993	1.14143	11.69311
57798	-4344.595	-4629.909	285.3142	0.8309161	1.006459	12.52535
57804	-4325.115	-4614.377	289.2613	0.8331233	1.200893	10.36568
57810	-4309.096	-4597.61	288.5135	0.8811032	0.9188815	10.87504
57816	-4314.844	-4603.214	288.3707	0.7757311	1.032023	10.94467
57822	-4316.673	-4604.98	288.3075	0.7478448	1.128535	10.94467
57828	-4332.655	-4619.854	287.1995	0.7977437	1.060768	11.53149
57834	-4324.462	-4609.947	285.4848	0.7569981	0.9082487	12.52791
57840	-4328.077	-4612.182	284.105	0.7762779	0.9654688	13.2044
57846	-4329.606	-4618.483	288.8767	1.064503	0.9481971	10.57218
57852	-4324.486	-4614.568	290.0815	0.8918858	0.9551387	10.026
57858	-4308.839	-4594.341	285.5021	0.8153666	1.03301	12.42197
57864	-4304.55	-4588.595	284.0451	0.7584118	1.053568	13.19932
57870	-4309.232	-4594.665	285.4327	0.7523678	0.8903373	12.5675
57876	-4312.239	-4597.935	285.6964	0.8019391	1.120403	12.28463
57882	-4323.627	-4612.371	288.7437	0.8417642	0.9911395	10.73576
57888	-4333.518	-4623.04	289.5218	0.8699142	0.9958025	10.31007
57894	-4319.191	-4606.226	287.0345	0.9400399	0.9469035	11.60269
57900	-4314.882	-4605.243	290.3615	0.9400399	0.9581601	9.851545
57906	-4326.897	-4613.446	286.5482	0.8609087	0.9581601	11.89189
57912	-4340.421	-4628.591	288.1699	0.8618817	0.9727961	11.03568
57918	-4332.107	-4616.706	284.5987	0.8543493	1.133414	12.82277
57924	-4324.278	-4608.982	284.7044	0.8547321	1.021213	12.82277
57930	-4331.071	-4616.597	285.526	0.762638	1.038761	12.43406
57936	-4327.822	-4613.635	285.8133	0.9454989	1.072018	12.1724
57942	-4331.848	-4618.641	286.7929	0.9837609	1.033143	11.6607
57948	-4330.838	-4614.535	283.6965	0.7952417	1.050181	13.36301
57954	-4320.834	-4606.413	285.5796	0.7206893	1.04187	12.42644
57960	-4320.681	-4606.058	285.3773	0.6498115	0.8929613	12.64825
57966	-4319.489	-4607.194	287.7051	0.8075204	1.091071	11.24695
57972	-4322.08	-4609.733	287.6524	0.7354057	1.230576	11.24695
57978	-4321.956	-4609.599	287.6425	0.7864546	1.183167	11.24695
57984	-4324.036	-4608.691	284.6549	0.6685716	0.9602101	12.97736
57990	-4322.199	-4604.843	282.6439	0.7775415	1.043071	13.92208
57996	-4316.34	-4601.743	285.4031	0.7079735	0.9883347	12.55255
58002	-4316.955	-4602.216	285.2614	0.831268	1.006689	12.55255
58008	-4327.803	-4611.29	283.4869	0.8558845	1.244803	13.34909
58014	-4330.883	-4614.679	283.7957	0.7200426	0.9996194	13.3763
58020	-4344.437	-4628.712	284.2745	0.7533917	1.119012	13.05074
58026	-4323.678	-4608.626	284.9476	0.8832083	1.036334	12.6737
58032	-4318.244	-4604.502	286.2586	0.8183611	0.8420345	12.13079
58038	-4323.722	-4608.343	284.6212	0.7948463	0.9235236	12.94916
58044	-4322.156	-4605.187	283.0308	0.8294389	1.076843	13.67769
58050	-4327.553	-4609.305	281.7514	0.7288681	0.8778568	14.4982
58056	-4328.476	-4609.953	281.4771	0.7772491	1.101496	14.4982
58062	-4326.39	-4609.858	283.468	0.8083479	1.101496	13.44964
58068	-4334.76	-4619.128	284.3686	0.8083479	0.8861696	13.09441
58074	-4329.931	-4613.714	283.7837	0.7669361	0.9578068	13.3803
58080	-4341.504	-4626.823	285.3193	0.7759544	1.056686	12.52577
58086	-4337.772	-4623.667	285.8955	0.8557423	0.9924014	12.21687
58092	-4325.197	-4608.273	283.0763	0.7698756	1.015019	13.716
58098	-4321.712	-4605.813	284.1009	0.8723854	0.8851448	13.20083
58104	-4318.203	-4602.654	284.4516	0.798527	1.007306	12.99066
58110	-4321.991	-4607.466	285.4747	0.8466981	0.9962283	12.43888
58116	-4327.82	-4613.995	286.1754	0.803538	0.9112343	12.14205
58122	-4317.663	-4604.238	286.575	0.9187821	1.155956	11.74844
58128	-4311.096	-4596.6	285.5041	0.8591537	0.8654261	12.48904
58134	-4319.183	-4601.137	281.9545	0.7397133	1.061419	14.2899
58140	-4325.259	-4611.775	286.516	0.8307599	1.010297	11.89688
58146	-4339.636	-4626.237	286.6013	0.7702865	0.985498	11.89688
58152	-4319.304	-4606.522	287.2181	0.9134056	0.9940112	11.49551
58158	-4325.644	-4613.346	287.7015	0.8143617	1.124258	11.22916
58164	-4337.11	-4623.689	286.5796	1.038725	1.0163	11.75202
58170	-4336.946	-4623.942	286.9951	0.9727292	1.0163	11.56942
58176	-4319.704	-4604.327	284.6225	0.7927543	1.0163	12.90017
58182	-4332.241	-4617.25	285.0088	0.8040534	1.046694	12.6778
58188	-4320.454	-4604.227	283.7737	0.8799202	1.137309	13.2366
58194	-4309.237	-4595.878	286.6408	0.93666	1.037402	11.76254
58200	-4321.801	-4605.854	284.0529	0.867091	1.063504	13.13386
58206	-4315.928	-4601.083	285.1547	0.8422907	1.063504	12.57356
58212	-4312.539	-4598.784	286.2454	0.9594682	1.027955	11.96184
58218	-4316.467	-4602.883	286.416	0.9052941	0.9141294	11.96184
58224	-4319.103	-4605.186	286.0829	0.774411	1.062069	12.12596
58230	-4330.852	-4614.217	283.3657	0.7318437	1.029808	13.57799
58236	-4329.645	-4612.747	283.1024	0.8263329	0.955669	13.70429
58242	-4331.114	-4617.145	286.0308	0.8168077	1.136902	12.09468
58248	-4340.158	-4624.388	284.2305	0.7237503	1.079003	13.10839
58254	-4349.96	-4631.604	281.6443	0.6989801	0.9546797	14.52669
58260	-4341.097	-4622.291	281.1944	0.8438374	1.051026	14.63479
58266	-4334.534	-4618.109	283.5751	0.8253331	1.078162	13.39659
58272	-4335.518	-4620.239	284.7219	0.7760381	1.058506	12.8358
58278	-4348.613	-4635.204	286.591	0.8956527	0.9737689	11.84304
58284	-4336.05	-4622.228	286.1788	0.8146846	0.9392721	12.11899
58290	-4333.367	-4618.393	285.0264	0.7896263	0.9392721	12.73239
58296	-4341.626	-4626.41	284.7843	0.7896263	0.9392369	12.85842
58302	-4344.889	-4628.956	284.0665	0.9243918	0.8690364	13.2009
58308	-4331.686	-4618.897	287.2109	0.9045591	0.9071731	11.55106
58314	-4338.21	-4622.384	284.1746	0.7574305	1.008309	13.15555
58320	-4335.293	-4618.539	283.2458	0.7624997	0.954056	13.66389
58326	-4326.819	-4613.109	286.2905	0.8122699	1.030119	12.01404
58332	-4327.748	-4612.768	285.0203	0.8122699	0.9114864	12.7391
58338	-4325.316	-4610.374	285.0577	0.7569895	0.9283229	12.7391
58344	-4321.737	-4609.481	287.7448	0.760888	0.9283229	11.33522
58350	-4319.186	-4605.647	286.4613	0.8582974	0.951263	11.94235
58356	-4315.176	-4601.263	286.0875	0.8280452	0.9868372	12.13414
58362	-4310.581	-4594.635	284.0536	0.8281253	1.047418	13.16179
58368	-4313.506	-4598.003	284.4971	0.6608668	1.123555	12.98094
58374	-4303.657	-4589.196	285.5398	0.758304	0.8998715	12.50327
58380	-4320.607	-4609.025	288.4185	0.8254106	0.9883922	10.91627
58386	-4332.92	-4616.894	283.9746	0.8241542	0.9407634	13.26057
58392	-4341.318	-4629.153	287.8353	0.9178928	0.8207493	11.26799
58398	-4334.589	-4623.94	289.3516	0.8680488	0.9084152	10.44808
58404	-4319.872	-4608.759	288.8866	0.837733	0.9737442	10.67217
58410	-4319.378	-4604.522	285.1437	0.8189425	0.8190242	12.72508
58416	-4324.559	-4610.015	285.4565	0.7267525	0.8344041	12.60101
58422	-4331.803	-4620.522	288.7189	1.02261	0.7029455	10.82598
58428	-4327.999	-4612.484	284.4854	0.86141	0.7029455	13.11937
58434	-4325.89	-4610.688	284.798	0.9690555	0.9547246	12.74953
58440	-4333.538	-4623.414	289.8758	1.016038	1.111399	9.988542
58446	-4331.845	-4622.368	290.5233	1.047833	0.9197168	9.730758
58452	-4340.698	-4626.266	285.5677	0.784005	1.382207	12.24562
58458	-4335.435	-4622.886	287.4511	0.8675322	1.222873	11.28663
58464	-4329.806	-4615.284	285.4779	0.7751611	1.174581	12.38696
58470	-4324.982	-4610.998	286.016	0.7381296	0.9816399	12.22103
58476	-4323.329	-4608.361	285.0325	0.7386931	0.9964632	12.72522
58482	-4323.665	-4611.641	287.9754	0.9220646	1.101119	11.04057
58488	-4327.76	-4612.55	284.7904	0.9293762	0.8837716	12.81344
58494	-4334.072	-4619.028	284.9561	0.7637327	0.8837716	12.81344
58500	-4315.454	-4600.359	284.9048	0.7048343	1.066952	12.77347
58506	-4326.068	-4611.635	285.5667	0.9843081	1.066952	12.2832
58512	-4339.627	-4626.099	286.4717	0.6308476	1.093737	11.98241
58518	-4338.714	-4625.215	286.5011	0.6857249	0.9274943	12.02461
58524	-4328.396	-4614.999	286.6032	1.041645	1.019827	11.73634
58530	-4336.298	-4621.272	284.9734	0.8547612	1.102941	12.6421
58536	-4334.377	-4620.733	286.3558	0.7169913	1.194159	11.95057
58542	-4330.477	-4616.906	286.4287	0.781292	1.044933	11.95057
58548	-4326.015	-4612.398	286.3828	0.7807717	1.03304	11.98082
58554	-4324.124	-4611.118	286.9945	0.7726328	1.03304	11.66571
58560	-4341.93	-4629.033	287.1026	0.7726328	0.9266285	11.66571
58566	-4325.848	-4608.646	282.7976	0.7112035	1.05226	13.87217
58572	-4316.889	-4602.213	285.3239	0.7662561	1.049683	12.53194
58578	-4314.316	-4598.329	284.0128	0.6839675	0.9401293	13.31389
58584	-4312.811	-4601.32	288.5099	0.7507409	0.8589134	10.97958
58590	-4317.119	-4601.602	284.4823	0.6778696	1.033373	13.0241
58596	-4323.392	-4610.237	286.8451	0.7800881	0.8710145	11.82773
58602	-4328.955	-4616.237	287.2816	0.8346463	0.9568365	11.52328
58608	-4330.942	-4619.754	288.812	0.9202461	1.033824	10.63658
58614	-4327.072	-4610.779	283.7079	0.7590986	1.027228	13.38746
58620	-4345.135	-4632.789	287.6544	0.7095407	0.8854396	11.43345
58626	-4321.74	-4608.08	286.3398	0.6884326	1.01028	12.06309
58632	-4318.945	-4600.48	281.5356	0.6659687	0.9631154	14.59553
58638	-4319.201	-4603.821	284.6196	0.7084019	0.9631154	12.97341
58644	-4316.17	-4603.082	286.9117	0.9131712	1.049481	11.62722
58650	-4308.48	-4594.501	286.0205	0.7959423	0.9514951	12.20464
58656	-4307.219	-4594.075	286.8561	0.7959423	0.9150984	11.7887
58662	-4299.593	-4587.017	287.4241	0.8132794	1.017024	11.42816
58668	-4315.132	-4602.614	287.4815	0.8414233	0.9330923	11.42816
58674	-4313.606	-4600.71	287.1044	0.7598993	0.8991733	11.68678
58680	-4302.016	-4589.137	287.121	0.794648	1.020542	11.59451
58686	-4303.253	-4589.555	286.3014	0.7926748	1.020542	12.02345
58692	-4301.282	-4589.011	287.7286	0.9000519	0.956332	11.25559
58698	-4299.395	-4585.167	285.7715	0.84372	0.9901719	12.28896
58704	-4316.387	-4604.093	287.7062	0.9265481	0.9405109	11.26203
58710	-4312.65	-4600.417	287.7667	0.8163925	0.9888316	11.26203
58716	-4321.552	-4609.014	287.4617	0.8158288	0.8469522	11.50107
58722	-4319.935	-4607.021	287.0862	0.8596041	1.041796	11.56792
58728	-4316.497	-4602.909	286.4117	0.8412358	1.142297	11.88062
58734	-4326.759	-4610.491	283.7313	0.7260375	1.022204	13.39505
58740	-4316.546	-4601.402	284.8558	0.8761022	0.8500149	12.82669
58746	-4315.977	-4600.686	284.709	0.8544597	1.009253	12.82669
58752	-4311.896	-4597.399	285.5034	0.7274614	0.9052179	12.53529
58758	-4314.605	-4602.118	287.513	0.8108457	0.9891622	11.39746
58764	-4331.973	-4618.858	286.8854	0.7913168	1.044504	11.70712
58770	-4334.076	-4619.585	285.5084	0.9332504	0.8421236	12.46183
58776	-4326.69	-4612.446	285.7563	0.7377999	0.8878189	12.408
58782	-4321.286	-4605.314	284.0275	0.7912144	0.8878189	13.27964
58788	-4310.205	-4596.511	286.3061	0.8154305	1.020545	12.00914
58794	-4312.01	-4599.664	287.6535	0.9418959	1.130891	11.1844
58800	-4344.159	-4625.821	281.6627	0.6925544	0.8867617	14.55789
58806	-4340.616	-4626.916	286.2996	0.7876378	0.9728329	12.052
58812	-4332.167	-4613.059	280.8917	0.6837542	1.210805	14.79888
58818	-4330.219	-4618.069	287.8493	0.8604055	1.017308	11.18092
58824	-4333.759	-4618.979	285.2196	0.6360739	0.9948146	12.68211
58830	-4332.465	-4617.914	285.449	0.858203	1.186234	12.35342
58836	-4325.958	-4610.152	284.1938	0.8869836	1.18495	12.99239
58842	-4315.299	-4600.869	285.5704	0.7116962	1.023614	12.44518
58848	-4322.247	-4610.421	288.1739	0.8900065	1.030738	10.98854
58854	-4323.391	-4607.835	284.4439	0.7470927	1.164807	12.94437
58860	-4319.424	-4605.375	285.9513	0.7267561	1.176657	12.1645
58866	-4315.052	-4601.471	286.4193	0.8724714	1.054612	11.90302
58872	-4315.5	-4596.347	280.847	0.802713	0.9886685	14.8677
58878	-4324.314	-4608.039	283.7248	0.7835415	1.120734	13.31992
58884	-4333.22	-4619.251	286.0315	0.9092394	1.092598	12.06736
58890	-4311.454	-4596.415	284.9604	0.7166708	0.9650167	12.79082
58896	-4310.034	-4596.98	286.946	0.8330696	1.189276	11.58399
58902	-4321.677	-4607.946	286.2683	0.7916576	1.119646	11.99209
58908	-4323.066	-4609.502	286.4358	0.817104	0.9239433	11.99209
58914	-4318.039	-4604.374	286.3344	0.7312202	1.113565	11.99209
58920	-4322.301	-4605.964	283.663	0.7808577	1.171596	13.32959
58926	-4330.086	-4617.874	287.7877	0.9197281	1.239422	11.07571
58932	-4323.377	-4611.474	288.0964	0.8019117	1.047721	11.06661
58938	-4322.866	-4611.308	288.4419	0.8592075	1.17377	10.79451
58944	-4322.451	-4609.331	286.88	0.8103251	1.125495	11.66022
58950	-4320.323	-4602.861	282.5376	0.7887533	1.215407	13.88974
58956	-4319.864	-4603.679	283.8145	0.8922111	1.024193	13.26444
58962	-4313.251	-4600.463	287.212	0.845163	1.175202	11.4451
58968	-4316.08	-4602.483	286.4031	0.9453963	0.9809696	11.91134
58974	-4317.328	-4608.264	290.9356	1.008481	1.06346	9.457642
58980	-4315.589	-4607.179	291.5902	1.083171	0.9660275	9.123191
58986	-4318.471	-4607.046	288.5751	1.079831	1.135199	10.62711
58992	-4318.836	-4605.407	286.5706	0.8937471	1.311327	11.69454
58998	-4318.168	-4602.767	284.5987	0.8937471	1.120137	12.80857
59004	-4333.543	-4618.352	284.8098	0.80232	1.049671	12.78079
59010	-4328.624	-4614.447	285.8225	0.7979006	1.017486	12.27204
59016	-4330.046	-4618.825	288.7782	0.9418541	0.9166871	10.70563
59022	-4340.281	-4628.699	288.4179	0.9792384	1.0735	10.79232
59028	-4333.542	-4620.235	286.6924	0.9480399	1.056431	11.72004
59034	-4328.262	-4616.18	287.9185	0.9267456	1.124509	11.05663
59040	-4323.953	-4609.144	285.1908	0.9767177	1.049711	12.49162
59046	-4323.673	-4609.186	285.5124	0.7432245	0.9166374	12.516
59052	-4324.559	-4612.829	288.2706	1.031297	1.076909	10.84058
59058	-4322.983	-4607.786	284.8028	0.8840571	1.122128	12.70644
59064	-4328.258	-4614.284	286.0258	0.8057371	1.339455	12.01301
59070	-4335.791	-4623.252	287.4613	0.8276401	1.088294	11.36534
59076	-4319.122	-4603.887	284.7652	0.8276401	0.9521859	12.84153
59082	-4321.293	-4606.535	285.2426	0.7732172	1.028424	12.58143
59088	-4331.641	-4616.561	284.9201	0.7724337	1.017719	12.75517
59094	-4312.433	-4597.574	285.141	0.7923081	1.003353	12.63727
59100	-4312.985	-4598.095	285.1096	0.6968752	1.136637	12.63727
59106	-4318.564	-4603.905	285.3413	0.7069023	0.8930328	12.63727
59112	-4321.274	-4606.388	285.1142	0.6915954	0.9996706	12.70555
59118	-4327.848	-4613.408	285.5596	0.8697373	0.9996706	12.38084
59124	-4320.04	-4608.877	288.8372	0.8649645	0.9996706	10.67009
59130	-4311.903	-4602.393	290.4903	0.9892884	1.111685	9.678825
59136	-4323.915	-4615.544	291.6296	0.943215	0.944143	9.188381
59142	-4326.277	-4615.715	289.4384	0.9283848	1.070878	10.28467
59148	-4332.849	-4616.461	283.6126	0.7636682	0.9942352	13.45154
59154	-4331.05	-4614.29	283.2397	0.75804	1.134634	13.57848
59160	-4327.987	-4612.268	284.2812	0.8319144	0.9977638	13.06684
59166	-4335.208	-4622.729	287.5205	0.8236287	1.011568	11.37514
59172	-4321.454	-4607.563	286.109	0.871153	1.12346	12.03192
59178	-4316.455	-4603.248	286.7928	0.853631	1.131864	11.68012
59184	-4328.076	-4616.805	288.7284	0.8868263	1.131864	10.64951
59190	-4320.438	-4612.208	291.77	1.006793	1.192691	8.954928
59196	-4319.595	-4612.152	292.5563	1.151356	1.164192	8.474513
59202	-4339.585	-4626.09	286.5049	0.9172217	1.003103	11.86131
59208	-4317.74	-4603.007	285.2665	0.760534	1.017043	12.58137
59214	-4326.738	-4612.048	285.3093	0.7726076	0.962657	12.58137
59220	-4321.408	-4606.721	285.3124	0.7395296	1.032346	12.56058
59226	-4324.303	-4609.603	285.2996	0.7523466	1.032346	12.56058
59232	-4334.104	-4622.551	288.4464	0.7944511	0.8939678	10.96964
59238	-4321.931	-4609.494	287.563	0.8849578	0.9192951	11.37042
59244	-4332.125	-4617.831	285.7061	0.6734452	1.101221	12.35577
59250	-4339.164	-4623.093	283.9287	0.7962183	0.9125891	13.31445
59256	-4337.438	-4623.088	285.6499	0.7085792	1.01071	12.41204
59262	-4328.987	-4614.307	285.3196	0.8449969	1.020483	12.50801
59268	-4316.776	-4601.248	284.4726	0.7853332	0.8455608	13.07581
59274	-4317.056	-4602.598	285.5418	0.8532147	0.8098281	12.50555
59280	-4323.082	-4610.301	287.2189	0.8195534	0.8363436	11.63232
59286	-4330.969	-4617.39	286.4211	0.6698051	1.039228	12.01559
59292	-4317.543	-4603.85	286.3071	0.7837703	1.039228	12.01559
59298	-4320.209	-4605.588	285.3788	0.7780467	1.011356	12.51673
59304	-4340.052	-4623.86	283.8076	0.7313323	1.13222	13.29857
59310	-4323.515	-4609.461	285.9463	0.76377	1.00909	12.22963
59316	-4324.571	-4607.46	282.8895	0.7849944	1.116318	13.75496
59322	-4345.123	-4630.608	285.4854	0.868002	1.184635	12.33005
59328	-4333.422	-4619.712	286.2898	0.8077245	1.010078	12.02708
59334	-4328.027	-4613.304	285.2769	0.7791321	0.9682466	12.59182
59340	-4335.514	-4621.688	286.1739	0.7559627	1.010544	12.11429
59346	-4339.077	-4624.071	284.9939	0.6966654	1.094296	12.71794
59352	-4340.135	-4625.736	285.6015	0.8006206	1.138163	12.32629
59358	-4342.703	-4626.155	283.452	0.8085867	1.195751	13.41375
59364	-4345.724	-4629.678	283.9543	0.7660972	0.9870425	13.27656
59370	-4336.583	-4622.396	285.8137	0.8704947	1.096541	12.19923
59376	-4332.681	-4619.844	287.1626	0.8773704	0.8560088	11.61989
59382	-4331.541	-4617.912	286.3711	0.8773704	1.013426	11.94659
59388	-4330.35	-4615.738	285.3887	0.7850512	1.013426	12.50687
59394	-4332.154	-4617.656	285.5023	0.8609953	0.8350245	12.50687
59400	-4344.98	-4633.347	288.3662	0.7632901	0.9840699	10.97851
59406	-4332.332	-4620.737	288.4052	0.8442487	0.8707472	10.97851
59412	-4328.69	-4612.356	283.6659	0.7722689	1.016475	13.40792
59418	-4327.926	-4606.161	278.2349	0.7569758	1.016475	16.22645
59424	-4326.708	-4609.254	282.5453	0.8214071	1.069023	13.93754
59430	-4326.616	-4609.17	282.5545	0.8121846	1.069023	13.93754
59436	-4341.703	-4624.859	283.1556	0.7867873	0.9752518	13.68677
59442	-4345.666	-4628.574	282.9082	0.8797628	1.135957	13.68677
59448	-4353.167	-4635.078	281.9105	0.7802557	0.9779747	14.33432
59454	-4335.055	-4620.974	285.9189	0.7239211	1.050258	12.24367
59460	-4351.693	-4639.617	287.924	0.7758215	1.078819	11.15502
59466	-4331.984	-4614.473	282.4897	0.7569148	0.9946886	14.03749
59472	-4338.253	-4624.484	286.2309	0.8694893	0.9281933	12.06934
59478	-4339.09	-4625.172	286.0817	0.8991476	1.046481	12.06934
59484	-4348.296	-4636.249	287.9537	0.8342408	0.8687861	11.22132
59490	-4327.569	-4613.755	286.1864	0.7244362	0.8709232	12.20049
59496	-4327.491	-4611.512	284.0206	0.6623808	1.015572	13.28122
59502	-4328.15	-4612.93	284.78	0.6797257	0.8930926	12.94345
59508	-4336.816	-4624.708	287.892	0.8250116	1.066529	11.15213
59514	-4326.302	-4612.514	286.2119	0.7645132	1.188162	12.0036
59520	-4323.969	-4610.437	286.4686	0.7116137	1.057191	11.95994
59526	-4342.978	-4628.155	285.1761	0.7864746	0.9278922	12.66237
59532	-4323.756	-4611.356	287.5998	0.816274	0.979265	11.35447
59538	-4336.283	-4622.579	286.2961	0.7887489	0.979265	12.0498
59544	-4328.077	-4617.832	289.7548	0.9326966	0.9825761	10.16157
59550	-4333.378	-4619.095	285.7175	0.7257247	1.012409	12.36698
59556	-4327.021	-4614.063	287.0414	0.7078801	0.9781627	11.70361
59562	-4334.142	-4622.56	288.4186	0.8190035	0.9282913	10.95208
59568	-4333.522	-4620.776	287.2541	0.7290244	1.00773	11.56586
59574	-4328.44	-4610.751	282.311	0.8440325	1.105319	14.02966
59580	-4366.536	-4654.039	287.5028	0.8887635	1.21063	11.25401
59586	-4365.769	-4648.443	282.6743	0.8000614	1.094272	13.86938
59592	-4350.267	-4633.366	283.0994	0.8039487	1.03634	13.67546
59598	-4351.318	-4635.064	283.7464	0.7803782	1.028853	13.35558
59604	-4357.51	-4638.637	281.1268	0.7803782	1.131153	14.66379
59610	-4324.621	-4611.665	287.0446	0.8098217	1.064246	11.60435
59616	-4331.255	-4614.596	283.3416	0.7355701	1.082943	13.56206
59622	-4338.924	-4624.089	285.1644	0.7310642	1.047314	12.63451
59628	-4344.926	-4628.607	283.6804	0.6164067	0.928788	13.52781
59634	-4325.745	-4609.824	284.0787	0.8464465	1.211844	13.06111
59640	-4328.939	-4613.735	284.7956	0.9032335	1.239691	12.64619
59646	-4315.662	-4600.357	284.6947	0.7252627	1.124211	12.84433
59652	-4322.624	-4608.032	285.4078	0.7315576	1.091012	12.48588
59658	-4318.798	-4604.922	286.1234	0.7031038	1.030688	12.15785
59664	-4334.404	-4620.767	286.363	0.9210754	1.004283	11.93271
59670	-4327.195	-4613.267	286.0714	0.808265	1.086403	12.10225
59676	-4327.017	-4613.364	286.3473	0.7643452	1.014611	12.01737
59682	-4334.193	-4617.531	283.3374	0.7732919	1.013712	13.57935
59688	-4339.616	-4622.041	282.4247	0.7650727	0.9687864	14.08054
59694	-4348.085	-4633.003	284.9175	0.734298	1.082572	12.74382
59700	-4331.963	-4619.294	287.3308	0.9857895	1.018459	11.38599
59706	-4328.948	-4611.358	282.4107	0.8028589	1.166557	13.97046
59712	-4343.175	-4628.374	285.1994	0.7136965	0.9495738	12.67628
59718	-4334.891	-4619.989	285.0975	0.7474611	1.016889	12.67628
59724	-4344.32	-4632.139	287.8187	0.7589871	0.8758026	11.32725
59730	-4344.368	-4626.166	281.7984	0.7214488	1.137195	14.34369
59736	-4328.472	-4615.423	286.9505	0.8879263	1.022311	11.63394
59742	-4331.956	-4616.953	284.9977	0.7521844	1.113821	12.67761
59748	-4331.143	-4617.274	286.1315	0.8056466	0.9489569	12.14312
59754	-4339.758	-4623.731	283.9728	0.7651901	1.014872	13.25301
59760	-4335.507	-4621.947	286.4407	0.7594705	0.9263196	12.01831
59766	-4325.986	-4609.671	283.6843	0.6815771	0.9842955	13.46215
59772	-4330.669	-4615.929	285.2603	1.020486	0.970319	12.47368
59778	-4339.123	-4625.351	286.2283	0.8642201	1.083487	11.99264
59784	-4327.516	-4612.263	284.7469	0.7126731	1.100508	12.83509
59790	-4331.149	-4617.632	286.4826	0.8367918	0.8636314	11.99164
59796	-4326.359	-4608.185	281.826	0.8416944	1.031843	14.31844
59802	-4311.619	-4595.704	284.0856	0.7832579	1.052682	13.16579
59808	-4314.95	-4602.027	287.0773	0.8013497	0.965064	11.64301
59814	-4322.381	-4609.645	287.2636	0.7301565	1.040539	11.54349
59820	-4336.561	-4621.875	285.3136	0.9531824	0.9198765	12.50842
59826	-4340.726	-4625.336	284.6097	0.8295511	1.178548	12.8089
59832	-4320.009	-4604.938	284.9289	0.918127	0.8897353	12.74382
59838	-4316.033	-4603.425	287.3921	0.8247788	1.047999	11.42306
59844	-4332.723	-4623.253	290.5298	0.9790686	1.047999	9.695052
59850	-4342.528	-4629.011	286.4829	1.028104	0.9783797	11.82789
59856	-4347.903	-4636.664	288.7611	0.9322635	1.166588	10.59211
59862	-4341.788	-4629.044	287.2558	0.9074882	1.051229	11.44947
59868	-4328.325	-4613.563	285.2384	0.7961455	1.15456	12.51011
59874	-4325.407	-4611.111	285.7046	0.8763784	1.15456	12.22541
59880	-4323.309	-4608.959	285.649	0.783659	1.020791	12.36816
59886	-4318.918	-4604.561	285.6425	0.7664685	0.9542753	12.4155
59892	-4334.782	-4618.227	283.4459	0.7249073	1.074683	13.51751
59898	-4329.823	-4612.397	282.5745	0.774385	1.074683	13.94402
59904	-4322.192	-4609.019	286.827	0.8094554	1.135037	11.6838
59910	-4334.48	-4621.708	287.2279	0.8963787	0.837397	11.5868
59916	-4338.861	-4625.611	286.7506	0.8714442	1.066676	11.72457
59922	-4328.89	-4616.695	287.8051	0.8661521	0.916296	11.25527
59928	-4322.186	-4609.47	287.2841	0.8895788	0.8642406	11.54517
59934	-4323.397	-4606.283	282.8866	0.8139579	1.132476	13.73373
59940	-4335.511	-4616.583	281.0713	0.626028	1.130498	14.77273
59946	-4331.862	-4617.579	285.7166	0.7683247	1.130498	12.2868
59952	-4323.028	-4607.587	284.5589	0.8109669	1.094341	12.88475
59958	-4319.188	-4607.877	288.6881	0.9692309	1.168091	10.61033
59964	-4342.51	-4627.004	284.4945	0.7128199	0.8698817	13.08794
59970	-4339.039	-4622.313	283.2743	0.7380555	0.8931392	13.69532
59976	-4346.582	-4632.703	286.1203	0.7147673	1.185189	12.07872
59982	-4318.626	-4605.057	286.4308	0.8417949	1.107686	11.88692
59988	-4314.924	-4601.902	286.9779	0.8126345	0.9561296	11.69384
59994	-4328.593	-4614.412	285.8192	0.8231487	0.945394	12.29871
60000	-4328.893	-4615.76	286.8666	0.9757408	0.9803087	11.65386
60006	-4341.566	-4629.387	287.8209	1.042453	0.9130287	11.15656
60012	-4319.987	-4608.003	288.0161	0.8358911	0.9164406	11.16063
60018	-4323.137	-4606.971	283.8343	0.7142134	1.053508	13.33183
60024	-4319.208	-4602.992	283.7836	0.7681556	0.9767412	13.36961
60030	-4317.177	-4600.903	283.7256	0.7004371	1.106224	13.36961
60036	-4316.375	-4603.414	287.0389	0.8938128	0.9559723	11.61962
60042	-4318.25	-4604.782	286.5319	0.8533504	1.078566	11.8423
60048	-4322.811	-4609.856	287.0456	0.8720021	1.06981	11.56857
60054	-4325.304	-4608.59	283.2857	0.6838101	1.029563	13.64457
60060	-4321.012	-4608.422	287.4108	0.8838111	1.021736	11.39582
60066	-4320.379	-4605.638	285.2589	0.8441942	0.9419817	12.58148
60072	-4321.869	-4606.118	284.2482	0.8412238	1.117402	13.01949
60078	-4325.503	-4610.281	284.7782	0.868494	0.9299124	12.82565
60084	-4329.38	-4614.041	284.6607	0.8453893	0.97749	12.87314
60090	-4326.416	-4610.729	284.3136	0.7692314	0.9994429	13.08175
60096	-4328.686	-4612.906	284.2192	0.801424	1.063048	13.08175
60102	-4336.286	-4623.377	287.0907	0.8288141	1.056621	11.57416
60108	-4329.186	-4616.391	287.2057	0.8217863	1.067631	11.51225
60114	-4341.153	-4627.588	286.4353	0.8275251	0.9610504	11.96667
60120	-4327.109	-4611.423	284.3135	0.8275251	1.28378	12.91724
60126	-4337.611	-4622.275	284.6639	0.8180431	0.8750676	12.94215
60132	-4310.733	-4597.616	286.8833	0.8346692	1.136091	11.64072
60138	-4324.63	-4611.243	286.6133	0.9689069	0.9682954	11.79611
60144	-4329.139	-4615.917	286.7785	0.9190196	0.8604448	11.79611
60150	-4347.844	-4634.912	287.0683	0.9596242	1.067307	11.51215
60156	-4358.112	-4643.454	285.3419	0.8821339	1.067307	12.45339
60162	-4312.226	-4597.459	285.2334	0.7363278	1.04694	12.59604
60168	-4316.666	-4604.282	287.616	0.8276306	0.8503708	11.4122
60174	-4315.448	-4603.098	287.6505	0.8191602	0.9248847	11.35596
60180	-4321.659	-4606.664	285.005	0.7440067	0.9188759	12.77851
60186	-4316.297	-4602.029	285.7318	0.8011742	1.053835	12.29915
60192	-4303.629	-4592.507	288.8782	0.7807799	0.9057056	10.74384
60198	-4305.56	-4587.501	281.9414	0.6457585	1.031739	14.36022
60204	-4308.409	-4592.225	283.8161	0.8398347	0.9151455	13.34887
60210	-4329.278	-4619.197	289.919	0.8946492	0.7914201	10.20547
60216	-4324.091	-4608.446	284.3556	0.7578705	1.088285	13.02108
60222	-4326.429	-4610.385	283.9555	0.6589112	1.154497	13.2489
60228	-4323.368	-4608.803	285.4347	0.8664187	1.108802	12.39294
60234	-4315.624	-4603.266	287.6417	0.9342468	1.072434	11.22299
60240	-4334.606	-4625.462	290.8562	1.073855	1.072434	9.460556
60246	-4322.775	-4613.717	290.9423	1.05989	0.9983575	9.460556
60252	-4328.218	-4615.514	287.2962	0.9632386	1.220585	11.31863
60258	-4335.953	-4621.766	285.8135	0.7819625	0.9816228	12.30373
60264	-4324.553	-4609.588	285.0349	0.8885962	1.08048	12.60341
60270	-4329.84	-4614.271	284.4302	0.9041869	0.8793276	13.01644
60276	-4327.789	-4611.101	283.3117	0.8325712	0.9503304	13.59532
60282	-4335.154	-4620.608	285.4535	0.8592708	1.301613	12.29954
60288	-4333.952	-4619.46	285.5079	0.8047826	1.301613	12.29954
60294	-4325.577	-4611.009	285.4319	0.7784099	1.177811	12.40777
60300	-4336.796	-4622.267	285.4713	1.044824	1.06301	12.30334
60306	-4326.13	-4611.948	285.818	0.6981439	1.06301	12.30334
60312	-4315.263	-4601.882	286.6184	0.7375117	1.205991	11.7974
60318	-4315.746	-4603.477	287.7309	0.7996118	1.205991	11.18336
60324	-4321.953	-4605.651	283.6988	0.8494618	0.9143714	13.40522
60330	-4326.611	-4612.122	285.5106	0.8102537	1.047221	12.41302
60336	-4338.261	-4622.96	284.6991	0.8717949	0.985682	12.8351
60342	-4329.407	-4614.617	285.2098	0.795857	1.273401	12.47167
60348	-4316.921	-4601.767	284.8457	0.7416758	1.11706	12.76063
60354	-4323.851	-4613.008	289.1576	0.970108	0.996387	10.44843
60360	-4315.609	-4599.715	284.1055	0.7562102	1.067581	13.16212
60366	-4313.834	-4598.696	284.8625	0.7695535	1.024552	12.78313
60372	-4336.709	-4621.624	284.9154	0.711488	1.029823	12.78313
60378	-4341.148	-4624.753	283.6055	0.6476167	1.029823	13.49718
60384	-4324.691	-4610.412	285.7214	0.700643	1.083464	12.34229
60390	-4317.48	-4600.66	283.1798	0.7020654	1.154284	13.62941
60396	-4321.551	-4606.527	284.9758	0.7834139	1.022734	12.71791
60402	-4307.695	-4592.191	284.4957	0.8538391	1.130798	12.87787
60408	-4311.541	-4597.162	285.6215	0.8538391	1.130798	12.29167
60414	-4316.736	-4603.719	286.9827	0.8875246	1.021831	11.61757
60420	-4311.505	-4599.209	287.7044	0.8630136	0.9215048	11.30669
60426	-4327.751	-4616.135	288.3839	0.7890015	0.9938443	10.95061
60432	-4313.008	-4598.288	285.28	0.9189089	1.273259	12.37107
60438	-4333.003	-4615.412	282.4091	0.8930896	1.107605	13.95226
60444	-4330.381	-4617.261	286.8798	0.8090635	0.9682939	11.74038
60450	-4332.932	-4619.828	286.8965	0.8073617	0.90343	11.76817
60456	-4319.4	-4606.23	286.8307	0.8073617	0.9660023	11.76817
60462	-4316.102	-4603.484	287.3822	0.8538229	0.9757394	11.4505
60468	-4323.888	-4607.582	283.6947	0.7091709	0.9479916	13.46177
60474	-4328.534	-4613.493	284.9589	0.7947199	0.9426983	12.763
60480	-4341.269	-4623.541	282.2712	0.7931303	0.9419518	14.15999
60486	-4344.056	-4625.215	281.159	0.5667455	0.9875294	14.82896
60492	-4335.696	-4619.325	283.6296	0.8435546	1.130277	13.33366
60498	-4307.081	-4594.853	287.7715	0.9249161	1.131573	11.1312
60504	-4317.188	-4607.052	289.8643	0.7368861	0.9678285	10.21487
60510	-4317.594	-4605.484	287.8902	0.8076867	0.9484742	11.22361
60516	-4318.465	-4604.335	285.8703	0.761554	1.053928	12.24758
60522	-4321.961	-4607.169	285.2081	0.8575218	0.9462981	12.59865
60528	-4330.542	-4615.427	284.8853	0.8629553	1.069817	12.69991
60534	-4310.274	-4595.64	285.3661	0.6388926	0.8241778	12.69991
60540	-4317.552	-4602.778	285.2267	0.6972518	1.008006	12.6397
60546	-4319.627	-4603.614	283.9874	0.8012154	1.008006	13.23022
60552	-4315.34	-4600.021	284.6808	0.6498265	1.119433	12.89308
60558	-4334.33	-4619.86	285.5301	0.7621335	1.012182	12.44575
60564	-4337.208	-4622.753	285.5444	0.8194576	0.9235799	12.45577
60570	-4330.438	-4618.167	287.729	0.8761005	1.089049	11.19955
60576	-4339.262	-4627.794	288.5319	0.6773064	0.8821141	10.99301
60582	-4329.383	-4612.822	283.4387	0.730728	0.9975102	13.55724
60588	-4317.974	-4603.498	285.5235	0.7101373	1.103806	12.43053
60594	-4317.791	-4602.521	284.7294	0.897005	0.9625172	12.81852
60600	-4323.185	-4613.853	290.6685	0.9079742	1.05572	9.65548
60606	-4338.759	-4626.397	287.6381	0.8680587	1.021488	11.28526
60612	-4329.717	-4617.753	288.0368	0.9059203	0.912379	11.11539
60618	-4314.183	-4602.229	288.0452	0.9312283	0.884337	11.11364
60624	-4314.519	-4600.351	285.8318	0.8064298	1.031511	12.25559
60630	-4314.364	-4601.823	287.459	0.8594333	0.9440309	11.42452
60636	-4311.131	-4597.121	285.99	0.8881576	1.012847	12.14006
60642	-4318.432	-4605.856	287.4241	0.9193031	0.9699774	11.39744
60648	-4320.643	-4607.862	287.2196	0.8475146	0.9778873	11.53766
60654	-4302.361	-4590.744	288.3825	0.7481882	0.9873246	10.97613
60660	-4302.779	-4592.145	289.366	0.9252779	1.056013	10.33182
60666	-4310.329	-4598.071	287.7416	0.8049761	1.020563	11.26459
60672	-4319.2	-4603.963	284.763	0.6552494	1.086251	12.86357
60678	-4293.567	-4578.939	285.3723	0.806925	1.027232	12.49691
60684	-4311.963	-4600.635	288.6718	0.9409807	0.9785692	10.7281
60690	-4309.422	-4594.467	285.0448	0.8517548	1.048665	12.63325
60696	-4312.606	-4596.764	284.1577	0.7825042	1.046896	13.13165
60702	-4313.97	-4596.86	282.8898	0.7825042	1.117266	13.75563
60708	-4307.114	-4591.685	284.571	0.8079279	1.117266	12.86898
60714	-4303.944	-4591.591	287.6469	0.8578155	1.148404	11.22351
60720	-4313.024	-4597.014	283.9899	0.792981	0.9458502	13.26605
60726	-4312.417	-4594.154	281.7376	0.9043312	1.187408	14.25722
60732	-4318.618	-4604.709	286.0912	0.86168	1.071234	12.07156
60738	-4320.034	-4606.161	286.1261	0.8137522	1.08503	12.07156
60744	-4316.476	-4602.693	286.2173	0.756584	1.049304	12.07156
60750	-4327.143	-4615.789	288.6459	0.7371868	0.9946934	10.83998
60756	-4314.764	-4602.244	287.4797	0.7638626	0.9946934	11.43653
60762	-4312.021	-4599.309	287.288	0.8912478	1.060375	11.43653
60768	-4316.132	-4602.825	286.6934	0.8788851	1.05096	11.7584
60774	-4328.319	-4614.575	286.2568	0.8978224	1.130144	11.93767
60780	-4327.028	-4608.711	281.6833	0.7298444	0.9031174	14.51872
60786	-4315.089	-4602.927	287.8377	0.7570335	0.9381845	11.28321
60792	-4310.586	-4595.309	284.7237	0.7201371	0.9911634	12.89832
60798	-4312.213	-4596.953	284.7401	0.7037775	0.9911634	12.89832
60804	-4313.2	-4600.743	287.5428	0.8603038	0.9911634	11.35499
60810	-4311.66	-4596.324	284.664	0.7233101	0.9880242	12.92938
60816	-4321.164	-4606.534	285.3701	0.7233101	0.9161445	12.60076
60822	-4329.895	-4615.627	285.7319	0.8793507	1.019981	12.27554
60828	-4347.693	-4633.578	285.885	0.8635625	0.9462424	12.24288
60834	-4325.581	-4612.592	287.0105	0.723727	1.22558	11.59097
60840	-4324.447	-4612.407	287.9607	0.8243585	1.004262	11.14827
60846	-4316.821	-4602.805	285.9837	0.7299519	1.08934	12.18741
60852	-4319.249	-4606.818	287.5684	0.8310499	1.140651	11.28229
60858	-4319.464	-4607.097	287.6327	0.6842933	1.234541	11.28229
60864	-4308.823	-4595.612	286.7891	0.6719301	0.9800062	11.85314
60870	-4326.763	-4613.129	286.3667	0.9466532	0.9981895	11.92064
60876	-4337.671	-4626.349	288.678	0.7659128	1.0121	10.79899
60882	-4329.74	-4618.188	288.4478	0.9814261	1.027033	10.79899
60888	-4335.58	-4620.884	285.3037	0.7397538	0.930422	12.61885
60894	-4330.967	-4614.799	283.8319	0.7728651	1.044932	13.30695
60900	-4327.017	-4612.622	285.6058	0.8494798	1.058152	12.33748
60906	-4333.475	-4619.205	285.7307	0.8479126	0.871368	12.37339
60912	-4327.005	-4612.103	285.0976	0.9309984	0.9779891	12.60097
60918	-4323.892	-4610.565	286.6732	0.8208842	1.204567	11.72592
60924	-4317.38	-4601.066	283.686	0.7488998	1.121475	13.35773
60930	-4311.848	-4597.209	285.3611	0.7615021	1.003522	12.53864
60936	-4319.723	-4604.44	284.7165	0.871848	1.146018	12.74639
60942	-4340.128	-4627.041	286.913	0.8443676	1.159546	11.60909
60948	-4327.425	-4612.428	285.0034	0.8363741	0.8891994	12.74793
60954	-4307.662	-4592.497	284.8357	0.7248515	1.13449	12.76629
60960	-4306.753	-4594.554	287.801	0.9543962	0.8883933	11.22701
60966	-4310.905	-4599.445	288.5397	0.8159963	0.9586228	10.87359
60972	-4313.512	-4599.33	285.8188	0.787459	0.9697143	12.30444
60978	-4315.455	-4602.933	287.4784	0.7805082	1.061048	11.39455
60984	-4339.617	-4626.201	286.5836	0.8397362	1.114803	11.80475
60990	-4304.659	-4592.733	288.0742	0.8634102	0.9958952	11.07278
60996	-4315.92	-4601.953	286.0325	0.7845352	1.318944	12.0292
61002	-4323.984	-4611.396	287.4123	0.7871437	1.093086	11.40977
61008	-4320.427	-4605.885	285.458	0.7327507	1.017878	12.4957
61014	-4318.734	-4604.595	285.8607	0.7459256	0.9948238	12.29097
61020	-4312.106	-4598.748	286.6417	0.7938656	0.9077884	11.90576
61026	-4310.77	-4597.293	286.5233	0.8255835	0.9911765	11.90576
61032	-4315.076	-4599.987	284.9114	0.7236229	0.8718374	12.86441
61038	-4316.092	-4604.652	288.5598	0.8886038	1.006067	10.7998
61044	-4315.175	-4604.326	289.1507	0.8587145	0.9790007	10.51977
61050	-4312.545	-4598.329	285.7847	0.7370395	1.028499	12.3178
61056	-4310.203	-4596.521	286.3184	0.8072174	0.9766871	12.02989
61062	-4311.893	-4598.217	286.3243	0.8081738	0.9699869	12.02989
61068	-4313.772	-4597.194	283.4218	0.7556736	1.021524	13.5407
61074	-4328.145	-4611.927	283.7816	0.6836426	0.8817536	13.46668
61080	-4343.928	-4630.073	286.1459	0.8727099	0.9341576	12.10868
61086	-4345.071	-4630.213	285.1416	0.7913194	0.9041487	12.69098
61092	-4337.811	-4623.263	285.4518	0.9664668	1.15428	12.31035
61098	-4334.809	-4622.548	287.7392	0.9662879	1.087388	11.14781
61104	-4324.697	-4608.627	283.9304	0.8491007	1.087388	13.1951
61110	-4322.021	-4606.796	284.7756	0.7114584	1.039528	12.85098
61116	-4326.47	-4608.998	282.5282	0.8480943	0.9215135	14.00945
61122	-4331.956	-4618.295	286.3384	0.8443893	0.9442936	12.0175
61128	-4332.094	-4618.866	286.7719	0.719578	1.001587	11.82586
61134	-4332.606	-4619.122	286.5166	0.8361376	0.8564599	11.97842
61140	-4351.122	-4638.142	287.0197	0.8649428	1.144802	11.54953
61146	-4340.998	-4625.468	284.4705	0.9058954	0.8940534	12.98621
61152	-4322.833	-4612.815	289.982	0.9345893	1.039636	10.01131
61158	-4314.304	-4602.306	288.0017	0.8677006	0.9909081	11.11108
61164	-4325.512	-4612.762	287.2501	0.7906859	0.9829806	11.54874
61170	-4330.663	-4615.892	285.2294	0.8264443	0.9918162	12.57946
61176	-4321.233	-4606.564	285.3316	0.8435826	0.8784214	12.57946
61182	-4339.805	-4623.559	283.7542	0.8068318	1.012022	13.3464
61188	-4340.116	-4625.724	285.6077	0.8580776	1.004531	12.35934
61194	-4315.976	-4602.874	286.8985	0.7396218	0.8774616	11.81727
61200	-4319.586	-4605.246	285.6595	0.8723288	0.8848875	12.39
61206	-4307.731	-4596.014	288.2833	0.8461297	1.118288	10.91074
61212	-4307.48	-4594.964	287.4841	0.8174727	1.039283	11.38319
61218	-4314.716	-4604.012	289.2959	0.9114198	1.076315	10.36577
61224	-4305.313	-4589.573	284.2601	0.7039516	0.9368158	13.17685
61230	-4307.5	-4591.052	283.5522	0.7958265	0.9922228	13.4673
61236	-4303.516	-4588.223	284.7073	0.7645675	0.9277856	12.91776
61242	-4304.584	-4589.983	285.3993	0.8283797	0.9895552	12.49118
61248	-4313.977	-4599.454	285.4766	0.7510925	0.9895552	12.49118
61254	-4309.567	-4595.696	286.1295	0.7529081	0.9405943	12.17617
61260	-4315.782	-4602.008	286.2259	0.7661747	1.056787	12.05831
61266	-4324.128	-4610.569	286.4414	0.8802199	0.9689688	11.93177
61272	-4339.91	-4625.073	285.1631	0.8066549	0.9182525	12.66394
61278	-4332.303	-4616.091	283.788	0.773831	1.090228	13.30681
61284	-4341.913	-4624.561	282.6483	0.8135286	0.8919213	13.98158
61290	-4337.602	-4622.047	284.4452	0.7658731	1.018465	13.00521
61296	-4349.597	-4635.936	286.3394	0.9183219	1.015586	11.94064
61302	-4347.418	-4632.423	285.0054	0.7033673	0.9054575	12.80693
61308	-4334.787	-4620.995	286.2083	0.8156244	1.023415	12.05857
61314	-4358.292	-4642.908	284.6166	0.7383267	1.092167	12.89363
61320	-4347.007	-4634.958	287.9509	0.9140581	0.9338852	11.14416
61326	-4339.436	-4623.74	284.3048	0.7846931	1.087883	13.03374
61332	-4319.51	-4603.208	283.6984	0.8152232	1.087883	13.33299
61338	-4320.442	-4609.88	289.4379	0.9685535	1.16323	10.21912
61344	-4330.286	-4614.853	284.5675	0.8262551	1.151343	12.84514
61350	-4347.699	-4635.776	288.0765	0.8992468	0.9125122	11.09801
61356	-4361.282	-4649.098	287.816	0.8183415	0.9125122	11.27671
61362	-4322.738	-4607.479	284.7411	0.7829844	1.00849	12.84756
61368	-4320.549	-4605.342	284.7925	0.7316098	1.00849	12.84756
61374	-4340.677	-4622.854	282.1775	0.8104141	1.078128	14.12947
61380	-4324.161	-4608.224	284.0629	0.7526196	1.00849	13.21599
61386	-4338.405	-4620.468	282.0632	0.7387579	0.9886514	14.2711
61392	-4344.814	-4628.976	284.1624	0.7455871	0.9886514	13.17825
61398	-4339.701	-4623.806	284.1047	0.8961885	0.9886514	13.12996
61404	-4327.365	-4612.295	284.9302	0.7987776	0.8919582	12.804
61410	-4313.575	-4599.067	285.4921	0.738644	1.039432	12.46389
61416	-4313.962	-4601.715	287.7533	0.8454983	0.9233825	11.28926
61422	-4318.686	-4601.878	283.1923	0.8131003	0.9233825	13.68204
61428	-4334.495	-4619.991	285.4969	0.815256	1.121897	12.38092
61434	-4326.54	-4614.171	287.6309	0.815256	0.9626824	11.34762
61440	-4314.116	-4598.713	284.5968	0.7681546	1.14946	12.86102
61446	-4321.032	-4609.438	288.4055	0.8971555	0.8780364	10.94641
61452	-4310.027	-4596.523	286.4955	0.8444367	1.041777	11.88432
61458	-4319.444	-4606.846	287.4016	0.7475605	0.8247095	11.58141
61464	-4320.64	-4610.885	290.2447	0.9627748	0.920571	9.921869
61470	-4347.639	-4634.656	287.0171	0.8502351	1.048702	11.60542
61476	-4348.114	-4631.666	283.5519	0.9813683	1.103426	13.31528
61482	-4312.513	-4600.816	288.3034	0.9211649	0.9882138	10.9265
61488	-4314.223	-4598.932	284.709	0.7507908	0.9083324	12.93483
61494	-4324.029	-4608.639	284.6102	0.8167522	0.9392963	12.93483
61500	-4320.438	-4604.572	284.1347	0.8060831	0.9774407	13.16712
61506	-4326.324	-4614.157	287.8329	0.855302	0.9360551	11.23546
61512	-4329.687	-4615.349	285.6624	0.6592746	0.8942559	12.49414
61518	-4324.487	-4610.051	285.5638	0.8159176	0.8420295	12.49414
61524	-4322.206	-4607.573	285.3675	0.6893191	0.9190504	12.61816
61530	-4336.193	-4621.567	285.3742	0.9048593	0.9622081	12.4789
61536	-4324.682	-4611.298	286.6157	0.8612435	1.138648	11.76538
61542	-4314.748	-4597.921	283.1724	0.7241034	1.01768	13.6885
61548	-4340.895	-4623.619	282.724	0.6706876	1.039706	13.93766
61554	-4347.391	-4634.998	287.6063	0.7410486	0.9458642	11.40841
61560	-4340.56	-4627.553	286.9936	0.82904	1.071013	11.61762
61566	-4338.666	-4625.189	286.523	0.82904	0.9693059	11.91571
61572	-4346.546	-4631.195	284.6497	0.8122782	0.9744677	12.89767
61578	-4338.432	-4622.962	284.5301	0.8182518	1.090826	12.89767
61584	-4331.419	-4615.519	284.1002	0.7489744	0.8781167	13.26932
61590	-4328.862	-4616.027	287.165	0.8533846	0.9805016	11.56175
61596	-4327.75	-4612.914	285.164	0.7597932	0.8586593	12.72177
61602	-4339.589	-4624.331	284.7422	0.6938504	1.078665	12.85802
61608	-4344.8	-4634.06	289.26	0.8102577	0.7941998	10.59419
61614	-4333.269	-4616.828	283.5598	0.6266915	0.8988934	13.6017
61620	-4341.916	-4625.278	283.3622	0.6944733	1.024915	13.6017
61626	-4331.05	-4615.713	284.6628	0.7659113	1.087591	12.85743
61632	-4332.84	-4619.504	286.6646	0.8116334	1.048168	11.80994
61638	-4326.938	-4615.077	288.1392	0.9682253	1.010316	10.97626
61644	-4314.35	-4602.53	288.1807	0.897507	1.040132	10.97626
61650	-4313.451	-4601.645	288.1937	0.7958796	1.034631	11.02546
61656	-4305.67	-4592.953	287.2833	0.8236679	0.8388419	11.59503
61662	-4302.843	-4590.286	287.4429	0.7999327	0.7257098	11.59503
61668	-4312.463	-4598.185	285.7219	0.7341191	0.9244762	12.40729
61674	-4315.337	-4599.086	283.7486	0.6994837	0.9941789	13.4143
61680	-4310.926	-4593.844	282.9178	0.7207219	0.9782275	13.84286
61686	-4308.957	-4595.468	286.5107	0.7079989	1.042486	11.94727
61692	-4314.16	-4600.564	286.404	0.8065631	1.050915	11.94727
61698	-4329.77	-4615.956	286.1855	0.8380015	1.065294	12.03768
61704	-4322.269	-4605.537	283.2675	0.875614	0.9669222	13.587
61710	-4318.093	-4602.694	284.6004	0.6504349	1.113563	12.93741
61716	-4326.412	-4606.85	280.4376	0.7109446	0.9239527	15.16154
61722	-4306.336	-4590.933	284.5971	0.765517	0.9666251	12.95356
61728	-4312.16	-4594.031	281.8716	0.8361137	0.8381766	14.40348
61734	-4311.66	-4597.786	286.126	0.9064277	0.8981937	12.12149
61740	-4316.231	-4601.037	284.8058	0.7728027	1.072973	12.78664
61746	-4323.522	-4607.597	284.0753	0.822868	0.9393937	13.20968
61752	-4331.71	-4619.745	288.0351	0.8763481	1.089996	11.03869
61758	-4337.965	-4623.912	285.9471	0.7461087	0.9343099	12.27825
61764	-4327.755	-4612.636	284.8805	0.7757339	1.042545	12.76142
61770	-4330.65	-4612.498	281.8479	0.7064636	1.039441	14.37334
61776	-4321.591	-4606.038	284.4469	0.762246	0.9601008	13.03685
61782	-4326.447	-4612.214	285.7673	0.6958409	0.9723513	12.37762
61788	-4322.252	-4605.91	283.658	0.8183846	0.9723513	13.41106
61794	-4329.283	-4614.702	285.4198	0.8046379	1.039277	12.46726
61800	-4321.301	-4606.31	285.0096	0.9222031	0.9249237	12.68002
61806	-4316.24	-4600.528	284.2878	0.8308982	0.9583431	13.08478
61812	-4319.372	-4606.377	287.0051	0.9351277	0.9370453	11.62604
61818	-4316.737	-4603.415	286.6777	0.7968132	0.9605592	11.85644
61824	-4313.255	-4596.952	283.6976	0.8394396	0.90726	13.41501
61830	-4311.796	-4600.657	288.861	0.7806644	1.032646	10.6847
61836	-4315.838	-4604.623	288.7852	0.9479244	0.9969264	10.65524
61842	-4336.111	-4619.359	283.2477	0.6754239	1.181888	13.59524
61848	-4336.241	-4626.154	289.9129	0.8470597	0.9685519	10.13099
61854	-4324.92	-4604.902	279.9814	0.8263783	1.188292	15.20609
61860	-4326.584	-4610.127	283.543	0.870449	1.074419	13.39164
61866	-4336.85	-4620.755	283.9046	0.8197951	1.272228	13.13886
61872	-4327.978	-4609.982	282.0033	0.6783326	0.8732784	14.39657
61878	-4321.664	-4603.821	282.1573	0.7909501	0.8593858	14.26644
61884	-4324.364	-4609.646	285.2819	0.8365507	0.9193602	12.58594
61890	-4325.067	-4608.48	283.413	0.7153136	0.9574716	13.59976
61896	-4331.291	-4616.689	285.3975	0.673968	0.8029701	12.67819
61902	-4324.446	-4610.467	286.0211	0.7626069	0.8543193	12.27645
61908	-4326.611	-4611.496	284.8843	0.8807822	0.908392	12.77595
61914	-4332.77	-4618.106	285.3361	0.7505467	0.9237986	12.60002
61920	-4344.959	-4631.284	286.3251	0.8278324	1.041524	11.98204
61926	-4317.211	-4601.335	284.1245	0.6946541	0.9954253	13.22085
61932	-4318.855	-4602.119	283.2644	0.7743552	1.124699	13.56189
61938	-4333.095	-4622.271	289.1755	0.9311199	0.9930268	10.46131
61944	-4317.834	-4604.045	286.2107	0.7384354	0.9743691	12.12322
61950	-4322.98	-4611.587	288.6065	0.9258782	1.016442	10.7504
61956	-4323.749	-4614.221	290.4719	1.045153	0.8521312	9.798267
61962	-4336.696	-4626.66	289.9645	1.045153	0.8521312	10.06537
61968	-4328.049	-4613.927	285.8776	0.7041048	1.088906	12.25641
61974	-4313.748	-4600.062	286.3149	0.9117997	1.058017	11.93528
61980	-4313.128	-4598.282	285.1535	0.7867367	1.163826	12.55493
61986	-4317.039	-4602.259	285.2207	0.812387	1.100472	12.53662
61992	-4310.354	-4595.339	284.9844	0.8198751	1.125113	12.64391
61998	-4314.866	-4602.849	287.9835	0.8508958	1.018985	11.11477
62004	-4326.441	-4612.655	286.2134	0.7756389	0.9872285	12.09559
62010	-4328.988	-4614.272	285.2841	0.8272771	0.9896177	12.55171
62016	-4318.614	-4601.987	283.3727	0.8226439	0.736484	13.69519
62022	-4322.145	-4610.567	288.4217	0.9461337	1.214938	10.74064
62028	-4329.733	-4618.126	288.3929	0.9396378	0.9101653	10.91246
62034	-4319.924	-4604.05	284.1253	0.8562663	0.8811082	13.19885
62040	-4334.439	-4619.524	285.0848	0.8271437	0.9875801	12.65662
62046	-4317.019	-4601.467	284.4484	0.7104434	0.9932532	13.04544
62052	-4318.31	-4603.638	285.3277	0.8981018	0.9069139	12.53698
62058	-4336.36	-4621.568	285.2081	0.7288763	1.052837	12.61014
62064	-4334.347	-4619.965	285.618	0.9761603	1.083467	12.25258
62070	-4318.326	-4605.37	287.044	1.020197	0.9643085	11.54643
62076	-4315.805	-4601.149	285.344	0.8593282	0.8386943	12.58798
62082	-4319.083	-4604.754	285.6716	0.951061	1.183322	12.1903
62088	-4332.755	-4618.218	285.463	0.8745522	1.038679	12.40863
62094	-4321.904	-4606.856	284.9519	0.9237792	0.9801094	12.67942
62100	-4314.706	-4598.613	283.907	0.9509808	1.046722	13.17446
62106	-4322.72	-4609.973	287.2539	0.9117887	1.005846	11.47145
62112	-4312.508	-4596.483	283.9748	0.8593097	1.005846	13.20772
62118	-4318.757	-4602.9	284.1429	0.7932376	1.161562	13.07839
62124	-4308.41	-4595.7	287.2898	0.7864005	1.132549	11.45518
62130	-4325.194	-4611.862	286.6681	0.7680493	1.282748	11.7215
62136	-4318.005	-4602.845	284.8403	0.7659324	1.222761	12.70193
62142	-4325.775	-4613.01	287.2351	0.9721203	1.194676	11.35771
62148	-4325.603	-4613.107	287.5037	0.9000419	1.060643	11.31897
62154	-4329.216	-4610.043	280.8268	0.7745437	0.8959789	14.94289
62160	-4330.446	-4614.435	283.9882	0.7909905	1.178944	13.15196
62166	-4330.522	-4614.629	284.1068	0.8178433	0.9780205	13.17517
62172	-4327.546	-4612.961	285.4142	0.7883759	0.8841991	12.56192
62178	-4335.491	-4620.098	284.6078	0.9410837	1.035222	12.82101
62184	-4329.289	-4619.042	289.7523	0.9398164	0.9519435	10.17566
62190	-4325.855	-4609.95	284.0953	0.8850017	1.012554	13.12824
62196	-4307.141	-4590.575	283.4337	0.7710625	1.121453	13.47724
62202	-4314.801	-4601.515	286.7142	0.7938324	0.8783509	11.88466
62208	-4325.477	-4606.885	281.4072	0.7252416	0.9878595	14.61827
62214	-4327.719	-4613.203	285.4838	0.7438725	1.279919	12.35316
62220	-4327.22	-4610.344	283.1243	0.8200584	0.9023601	13.72544
62226	-4318.486	-4607.042	288.5561	0.8994837	1.009308	10.79437
62232	-4325.196	-4614.289	289.093	0.8676689	1.181689	10.44478
62238	-4329.633	-4618.934	289.301	1.065226	0.9505604	10.34773
62244	-4325.415	-4615.063	289.6481	1.021326	0.9195738	10.20547
62250	-4322.006	-4611.308	289.3017	0.9095893	0.9532305	10.42766
62256	-4321.936	-4611.25	289.3138	0.9084139	0.9573354	10.4197
62262	-4320.705	-4609.103	288.3977	0.8128515	0.8210757	11.02837
62268	-4306.763	-4591.951	285.1876	0.9249682	0.8549668	12.62564
62274	-4305.382	-4591.561	286.1783	0.9695289	1.052769	11.97905
62280	-4317.319	-4605.18	287.8608	0.9316793	0.95542	11.17035
62286	-4305.197	-4589.178	283.981	0.7732801	0.95542	13.27575
62292	-4331.355	-4617.895	286.5398	0.7923119	1.117526	11.85109
62298	-4332.96	-4619.772	286.8123	0.793525	0.8483574	11.85109
62304	-4307.2	-4595.585	288.3848	0.838548	0.9120482	10.96861
62310	-4308.906	-4597.39	288.4846	0.8923184	0.9002155	10.8948
62316	-4303.605	-4592.239	288.6339	0.6865434	1.012812	10.86336
62322	-4333.48	-4622.298	288.8187	0.9617111	0.86106	10.70584
62328	-4326.176	-4609.066	282.8898	0.7926479	1.13609	13.74142
62334	-4326.452	-4605.422	278.9703	0.7594848	0.9998839	15.85412
62340	-4328.24	-4610.211	281.9713	0.6691383	1.068257	14.31438
62346	-4319.374	-4606.175	286.8016	0.9594419	1.028105	11.67141
62352	-4313.672	-4600.073	286.4008	0.8647978	1.037133	11.92548
62358	-4310.453	-4597.113	286.6596	0.8438816	0.8177835	11.92279
62364	-4328.39	-4612.429	284.0394	0.8165655	0.8945426	13.25646
62370	-4321.948	-4604.996	283.0472	0.7581144	1.239647	13.63044
62376	-4324.709	-4607.18	282.4706	0.7986945	1.191412	13.93017
62382	-4323.651	-4609.443	285.7916	0.8185101	1.012057	12.28018
62388	-4315.543	-4604.385	288.8413	0.8788278	0.9459916	10.68938
62394	-4300.699	-4586.685	285.9867	0.8202803	0.9459916	12.21258
62400	-4317.519	-4599.485	281.9667	0.7623396	0.9459916	14.33156
62406	-4315.539	-4602.343	286.8036	0.8061816	1.139774	11.69549
62412	-4318.504	-4606.53	288.0264	0.8940559	0.9807358	11.08974
62418	-4325.64	-4610.829	285.189	0.805158	0.9365365	12.64116
62424	-4338.671	-4624.438	285.7673	0.8769822	0.8386415	12.35832
62430	-4341.024	-4626.745	285.7204	0.8568445	1.082344	12.26192
62436	-4343.388	-4628.79	285.4028	0.6971888	1.050359	12.52649
62442	-4320.262	-4607.595	287.3328	0.7734126	1.166166	11.42367
62448	-4309.391	-4598.748	289.3573	0.8690035	0.8954142	10.452
62454	-4320.255	-4605.323	285.0682	0.7231706	1.008553	12.70846
62460	-4319.937	-4605.788	285.8508	0.7460644	1.095532	12.24527
62466	-4317.965	-4605.81	287.8447	0.7834462	1.056322	11.20371
62472	-4320.028	-4607.901	287.8739	0.7295892	0.9636872	11.26479
62478	-4317.582	-4605.066	287.4847	0.612285	0.9100928	11.55907
62484	-4306.445	-4595.189	288.7438	0.8315177	0.8107602	10.84354
62490	-4301.111	-4591.167	290.0562	0.8658303	0.7988931	10.14378
62496	-4304.926	-4594.63	289.704	1.025986	0.9740784	10.14378
62502	-4307.505	-4598.137	290.6313	0.8133619	0.9405203	9.785843
62508	-4316.57	-4602.2	285.6303	0.7310606	1.027561	12.40189
62514	-4337.697	-4621.827	284.1304	0.7790876	1.234061	13.05934
62520	-4310.671	-4594.959	284.2884	0.7456494	1.094509	13.05934
62526	-4311.925	-4597.563	285.6382	0.794556	0.9115278	12.42658
62532	-4317.768	-4604.61	286.8421	0.6747225	1.041363	11.79222
62538	-4319.736	-4609.481	289.7451	0.8374436	1.063326	10.175
62544	-4319.731	-4607.118	287.3867	0.7578697	0.8815091	11.55039
62550	-4302.943	-4587.813	284.8706	0.7493896	1.090395	12.75655
62556	-4310.142	-4596.906	286.7643	0.8994559	1.17015	11.65306
62562	-4307.655	-4592.627	284.9726	0.6874091	0.8228436	12.88024
62568	-4311.931	-4600.648	288.7166	1.002507	1.15364	10.58466
62574	-4320.837	-4610.447	289.6106	0.8494135	0.944199	10.30194
62580	-4320.996	-4610.635	289.6392	0.8936213	0.8943171	10.29161
62586	-4304.305	-4589.604	285.2986	0.8604087	0.8943171	12.57883
62592	-4320.266	-4604.365	284.0987	0.8631578	0.9304922	13.18142
62598	-4317.737	-4602.728	284.9907	0.6683059	0.9015508	12.83499
62604	-4308.733	-4594.324	285.5909	0.7941562	0.9334701	12.43928
62610	-4337.365	-4620.948	283.5834	0.6415882	0.9193255	13.5703
62616	-4344.981	-4631.602	286.6211	0.8360485	1.139031	11.77558
62622	-4315.571	-4599.599	284.0286	0.7366118	1.056121	13.21796
62628	-4324.253	-4611.461	287.2079	0.8456841	1.056121	11.50434
62634	-4334.585	-4621.524	286.9387	0.8381789	1.141332	11.60748
62640	-4330.682	-4615.158	284.476	0.8869904	0.9813128	12.94556
62646	-4328.599	-4614.705	286.1061	0.8409118	1.010018	12.10561
62652	-4342.993	-4629.325	286.3315	0.8619101	0.8360918	12.07355
62658	-4347.552	-4630.153	282.6008	0.8174259	1.25564	13.82431
62664	-4319.807	-4605.275	285.4678	0.8413995	0.9721249	12.45794
62670	-4319.125	-4605.315	286.1895	0.7873309	0.9988651	12.09586
62676	-4332.33	-4618.799	286.4699	0.9101789	1.037608	11.8655
62682	-4315.726	-4599.508	283.782	0.6990074	0.9778162	13.40577
62688	-4320.641	-4604.771	284.1301	0.7247831	0.9778162	13.21157
62694	-4319.309	-4603.575	284.2651	0.803576	0.8221072	13.1881
62700	-4318.561	-4604.438	285.8766	0.7920287	0.8693122	12.32769
62706	-4301.134	-4584.874	283.7405	0.7680778	1.035924	13.36145
62712	-4308.32	-4595.069	286.7494	0.8465672	1.025615	11.75892
62718	-4310.882	-4596.519	285.6375	0.802819	1.03904	12.35492
62724	-4312.389	-4597.875	285.4864	0.9208876	0.9101806	12.4406
62730	-4309.663	-4596.849	287.1866	0.8185354	1.017176	11.54947
62736	-4321.064	-4605.887	284.8231	0.7600893	1.017176	12.81234
62742	-4319.057	-4604.101	285.0445	0.7352919	0.9039705	12.77079
62748	-4342.583	-4627.06	284.477	0.9094836	0.9106394	12.97164
62754	-4342.033	-4630.04	288.0073	0.8067206	0.8943848	11.19295
62760	-4330.179	-4619.603	289.4242	0.8276011	0.896023	10.43826
62766	-4332.44	-4621.624	289.1835	0.8912955	1.070512	10.43826
62772	-4327.165	-4613.257	286.0915	0.8044785	1.128424	12.07347
62778	-4333.661	-4619.744	286.0832	0.9047654	1.030981	12.07347
62784	-4339.378	-4622.739	283.3604	0.9386861	0.9362379	13.52255
62790	-4336.196	-4623.424	287.228	0.9443671	0.948894	11.49825
62796	-4333.252	-4618.461	285.2091	0.7705165	0.9582644	12.63699
62802	-4338.858	-4621.608	282.7498	0.8724035	1.001728	13.83905
62808	-4332.069	-4616.923	284.8538	0.9047116	0.8423785	12.81733
62814	-4325.205	-4615.218	290.0123	1.048994	1.010345	9.950243
62820	-4325.854	-4615.896	290.0415	1.019864	1.010345	9.950243
62826	-4327.571	-4612.059	284.4882	0.7038868	1.05583	12.99623
62832	-4326.133	-4614.084	287.9511	0.8875229	1.116442	11.06397
62838	-4331.252	-4617.075	285.8228	0.8734506	1.024026	12.22915
62844	-4331.834	-4614.246	282.4118	0.8124109	1.03764	14.02708
62850	-4350.362	-4635.671	285.3098	0.9345433	1.203663	12.37821
62856	-4348.728	-4635.689	286.9611	0.9260717	0.9176659	11.66446
62862	-4322.417	-4609.868	287.4516	0.8147262	0.9805539	11.43214
62868	-4333.447	-4618.676	285.2295	0.8748711	1.04004	12.52938
62874	-4340.932	-4626.154	285.2215	0.8069945	1.120503	12.52938
62880	-4315.477	-4599.143	283.6654	0.6768615	0.9523237	13.49143
62886	-4320.318	-4604.688	284.3702	0.6495363	0.9523237	13.1395
62892	-4331.2	-4620.914	289.7147	0.9391838	0.9397027	10.2025
62898	-4328.462	-4613.907	285.445	0.7291275	1.208384	12.41266
62904	-4331.438	-4619.676	288.2382	0.8775488	1.095949	10.92873
62910	-4322.799	-4611.195	288.3965	0.9175545	0.898516	10.92873
62916	-4324.305	-4613.104	288.7989	0.7291115	0.9321843	10.79772
62922	-4329.656	-4617.649	287.9927	0.8300805	0.9753017	11.14378
62928	-4334.475	-4620.823	286.3479	0.9179589	1.022812	11.93266
62934	-4311.885	-4602.021	290.1354	0.9912479	1.04139	9.899844
62940	-4302.061	-4590.839	288.7775	0.9377159	1.04139	10.64165
62946	-4318.819	-4606.676	287.8572	0.7032869	0.9520911	11.29354
62952	-4321.729	-4609.261	287.532	0.8530071	1.021102	11.34886
62958	-4327.683	-4612.264	284.5812	0.9124213	0.953684	12.89234
62964	-4334.698	-4619.215	284.5162	0.7467668	1.048117	12.96319
62970	-4329.697	-4616.418	286.7205	0.7074929	1.099601	11.80969
62976	-4341.577	-4629.55	287.9728	0.921554	0.915497	11.13894
62982	-4323.944	-4610.365	286.4209	0.8246373	0.9421791	11.98593
62988	-4327.036	-4613.739	286.7033	0.7781531	1.026459	11.81824
62994	-4340.056	-4624.646	284.59	0.752666	0.9881992	12.95249
63000	-4338.673	-4624.082	285.4091	0.7743687	0.9973515	12.51012
63006	-4347.736	-4635.099	287.3633	0.9017437	1.018903	11.41274
63012	-4332.748	-4615.994	283.2455	0.8002936	1.059274	13.59004
63018	-4335.709	-4621.677	285.968	0.7807335	0.9569252	12.23705
63024	-4353.915	-4638.513	284.5984	0.8754956	0.900373	12.93194
63030	-4322.282	-4606.655	284.3724	0.8328469	1.034868	12.9999
63036	-4322.977	-4610.064	287.087	0.8251557	1.034868	11.58899
63042	-4335.336	-4621.146	285.8105	0.8422408	1.044471	12.24141
63048	-4319.256	-4604.745	285.4888	0.8398446	0.9180084	12.4772
63054	-4322.726	-4608.833	286.1064	0.7257126	0.8588049	12.24858
63060	-4342.959	-4627.713	284.7545	0.8474254	0.8088155	12.91894
63066	-4340.559	-4625.147	284.5879	0.7516051	1.022391	12.93645
63072	-4325.158	-4611.266	286.108	0.9029423	0.9379796	12.11059
63078	-4321.378	-4607.383	286.0053	0.8328892	1.113753	12.11059
63084	-4332.007	-4619.027	287.0206	0.9934255	1.012043	11.54752
63090	-4325.589	-4612.788	287.1986	0.7770177	0.9232994	11.61513
63096	-4329.306	-4614.151	284.8447	0.7762059	0.9912337	12.80618
63102	-4327.031	-4611.754	284.7228	0.796709	1.095842	12.80618
63108	-4340.988	-4625.82	284.8321	0.9998012	0.9350325	12.72648
63114	-4323.457	-4608.328	284.8714	0.799798	1.021431	12.76438
63120	-4328.174	-4612.782	284.6084	0.9261198	0.9522139	12.87185
63126	-4336.13	-4622.668	286.5386	0.8484808	0.8847185	11.94413
63132	-4319.958	-4603.683	283.725	0.8632176	0.9977936	13.33965
63138	-4328.313	-4611.596	283.2824	0.7740533	0.9135971	13.66097
63144	-4321.498	-4607.867	286.3688	0.7616099	0.9339634	12.05048
63150	-4321.287	-4609.982	288.6956	1.035789	0.9005028	10.70883
63156	-4321.649	-4607.801	286.1519	0.8673681	1.021382	12.06205
63162	-4333.513	-4619.954	286.4405	0.8743162	1.044084	11.89626
63168	-4335.323	-4623.438	288.1146	0.9618879	0.9796882	11.0086
63174	-4336.34	-4624.959	288.619	0.9546172	1.125574	10.67434
63180	-4313.449	-4601.481	288.0328	0.8829157	0.9702199	11.09785
63186	-4323.665	-4611.549	287.884	0.8725465	0.9078495	11.21537
63192	-4323.953	-4611.68	287.7278	0.9622963	0.9801398	11.21064
63198	-4318.159	-4605.83	287.6718	0.8183213	0.9801398	11.31527
63204	-4299.357	-4583.511	284.1546	0.7646378	0.9801398	13.17688
63210	-4319.353	-4604.373	285.0202	0.6889228	0.7728981	12.88541
63216	-4304.554	-4589.096	284.5427	0.830378	1.089586	12.88541
63222	-4313.184	-4600.259	287.0743	0.7705586	1.043025	11.62001
63228	-4305.608	-4592.733	287.1247	0.8539473	0.9116385	11.62001
63234	-4312.997	-4598.692	285.6948	0.8539473	0.9810808	12.32838
63240	-4303.883	-4589.698	285.8144	0.707364	1.007928	12.32838
63246	-4314.151	-4599.954	285.8029	0.779201	0.9486363	12.32838
63252	-4337.999	-4623.202	285.2032	0.7571805	0.9470337	12.65304
63258	-4330.078	-4615.311	285.2326	0.7628089	0.9138753	12.65304
63264	-4340.241	-4625.918	285.6769	0.8796463	1.283351	12.18027
63270	-4317.229	-4603.225	285.9958	0.8570003	0.8962376	12.21626
63276	-4316.204	-4600.593	284.3892	0.7879882	1.133187	12.96637
63282	-4323.235	-4608.85	285.6154	0.8894829	0.9667058	12.35887
63288	-4311.291	-4600.469	289.1786	0.8055337	1.098585	10.472
63294	-4292.998	-4580.06	287.0618	0.9089004	1.048451	11.55152
63300	-4298.877	-4584.742	285.8652	0.884789	1.057776	12.18403
63306	-4301.838	-4587.233	285.3955	0.8857791	1.029152	12.44278
63312	-4312.252	-4595.455	283.2028	0.7879831	1.006709	13.64521
63318	-4310.099	-4596.745	286.6455	0.8021972	1.006709	11.84604
63324	-4307.537	-4594.188	286.6515	0.9091693	0.8666598	11.86394
63330	-4301.955	-4586.981	285.0258	0.6721253	0.9237703	12.80239
63336	-4308.098	-4592.424	284.3255	0.7841781	1.098016	13.01829
63342	-4310.096	-4597.154	287.0577	0.8568146	1.098016	11.5563
63348	-4312.085	-4597.393	285.3078	0.7603852	1.170081	12.48536
63354	-4305.375	-4592.6	287.2251	0.8959046	1.043527	11.47546
63360	-4308.088	-4597.677	289.589	0.7477485	0.7910085	10.45627
63366	-4309.979	-4596.164	286.1841	0.8177649	0.896558	12.13835
63372	-4342.519	-4630.277	287.7584	0.7897626	0.8917666	11.33354
63378	-4329.781	-4615.991	286.2106	0.8404586	1.04337	12.03427
63384	-4328.369	-4616.009	287.6407	0.8089031	1.178476	11.23831
63390	-4314.351	-4603.657	289.3062	0.8532518	0.8449056	10.5165
63396	-4320.347	-4603.511	283.1642	0.7125325	0.9275806	13.74651
63402	-4308.472	-4595.909	287.4362	0.8562569	1.019935	11.39783
63408	-4313.99	-4595.65	281.6601	0.7636526	0.9220024	14.50276
63414	-4323.798	-4612.963	289.1646	0.7973779	1.138644	10.46428
63420	-4310.15	-4595.495	285.3449	0.7885728	0.9821619	12.54412
63426	-4296.644	-4582.554	285.9102	0.7885728	1.047952	12.21567
63432	-4317.372	-4604.819	287.4479	0.9006537	0.8809253	11.44412
63438	-4318.171	-4605.333	287.1623	0.8933523	0.8311982	11.62639
63444	-4312.604	-4600.402	287.7978	0.9832689	0.9182427	11.19671
63450	-4310.652	-4595.146	284.4933	0.7492145	0.8700729	13.06953
63456	-4312.469	-4596.952	284.4837	0.7859937	0.9867041	12.99123
63462	-4323.113	-4607.639	284.5262	0.6916021	1.039145	12.99123
63468	-4318.188	-4603.994	285.8062	0.7738478	1.015329	12.29421
63474	-4319.644	-4605.463	285.819	0.8415035	0.936279	12.29421
63480	-4331.641	-4616.432	284.791	0.8698077	1.166381	12.69919
63486	-4318.671	-4604.168	285.4966	0.6792749	1.037457	12.49346
63492	-4310.375	-4596.568	286.193	0.8584096	1.021494	12.04524
63498	-4308.598	-4594.704	286.1057	0.7542007	1.106882	12.10261
63504	-4316.777	-4605.866	289.0895	0.8946244	0.9401757	10.55408
63510	-4312.173	-4601.051	288.8782	0.9847921	0.9401757	10.61763
63516	-4310.516	-4596.534	286.0175	0.8595024	0.9653132	12.16564
63522	-4331.479	-4619.772	288.2932	0.8006228	0.9696383	11.0049
63528	-4326.141	-4611.216	285.0748	0.6843399	0.9683486	12.74634
63534	-4317.349	-4602.349	284.9998	0.9023719	1.119615	12.59555
63540	-4318.849	-4605.907	287.0587	0.8124131	0.8973686	11.68423
63546	-4304.676	-4590.372	285.6963	0.779299	1.007948	12.35241
63552	-4307.81	-4596.421	288.6114	0.7813001	0.8637402	10.90754
63558	-4324.802	-4606.122	281.3206	0.622324	0.8382142	14.79938
63564	-4321.389	-4608.027	286.6374	0.8555364	0.9165619	11.87092
63570	-4315.965	-4601.742	285.7778	0.7956271	1.180091	12.21748
63576	-4322.027	-4607.882	285.8548	0.8099015	1.080003	12.21748
63582	-4312.078	-4601.179	289.1018	0.982262	1.084744	10.4263
63588	-4331.34	-4618.366	287.0261	0.9555982	0.8725038	11.64069
63594	-4318.498	-4607.261	288.7633	1.051217	0.8476146	10.69588
63600	-4318.631	-4603.804	285.1727	0.9117474	1.040061	12.53978
63606	-4315.495	-4599.873	284.3777	0.9305471	1.07777	12.92493
63612	-4325.45	-4611.772	286.3221	0.8038495	0.9771571	12.02949
63618	-4323.756	-4606.333	282.577	0.7712439	0.9716695	13.99689
63624	-4320.632	-4603.24	282.608	0.6813212	1.030573	13.99689
63630	-4331.805	-4619.527	287.7221	0.9252337	1.009973	11.21738
63636	-4344.534	-4632.49	287.9558	0.9715872	0.7558501	11.21738
63642	-4343.343	-4631.051	287.7071	0.9235429	1.026878	11.21738
63648	-4338.258	-4625.672	287.4149	1.002754	0.9480563	11.37045
63654	-4316.438	-4598.925	282.4868	0.8434891	0.9867309	13.99826
63660	-4323.576	-4610.926	287.3499	0.7950605	1.024732	11.4725
63666	-4309.383	-4591.464	282.081	0.7853539	0.9759413	14.24443
63672	-4305.606	-4589.19	283.5834	0.8191325	0.9935936	13.43827
63678	-4316.794	-4598.806	282.0122	0.7846162	1.137291	14.20015
63684	-4322.479	-4608.366	285.8873	0.7796369	1.161467	12.17735
63690	-4305.774	-4591.936	286.162	0.6977091	0.9603275	12.17735
63696	-4316.481	-4602.055	285.5742	0.7539449	0.9603275	12.45437
63702	-4352.513	-4642.237	289.7241	0.9013532	1.162685	10.10421
63708	-4343.556	-4630.179	286.6223	0.8949026	1.236824	11.69933
63714	-4318.602	-4604.748	286.1464	0.9052555	1.237754	11.94197
63720	-4330.489	-4615.987	285.4978	0.7184189	0.845267	12.57737
63726	-4334.982	-4622.613	287.6312	0.8226976	0.845267	11.40986
63732	-4311.229	-4595.601	284.3719	0.7572329	0.8485033	13.14101
63738	-4309.759	-4595.31	285.5512	0.7572329	0.8974641	12.49922
63744	-4306.669	-4594.64	287.9704	0.7572329	0.995388	11.18294
63750	-4319.617	-4611.848	292.2317	0.9294407	0.8820617	8.912143
63756	-4332.347	-4619.816	287.4687	0.8123157	1.028293	11.39956
63762	-4323.391	-4610.582	287.1918	0.7810652	1.092182	11.5287
63768	-4317.815	-4602.71	284.8958	0.7827189	1.14802	12.69855
63774	-4323.47	-4609.841	286.371	0.7860585	1.014338	11.99381
63780	-4303.752	-4590.586	286.8346	0.7517902	0.9987389	11.77779
63786	-4306.643	-4590.545	283.9017	0.7026825	1.013655	13.32305
63792	-4328.41	-4613.799	285.3897	0.7492415	1.24415	12.41504
63798	-4324.445	-4611.552	287.1073	0.6480582	0.8535677	11.76998
63804	-4310.572	-4597	286.4277	0.6594347	1.084484	11.995
63810	-4311.144	-4592.647	281.5034	0.7445317	1.10458	14.50004
63816	-4308.207	-4593.243	285.0357	0.6735372	0.8666212	12.82878
63822	-4318.452	-4603.224	284.7714	0.7324292	1.035253	12.84438
63828	-4312.117	-4598.407	286.2902	0.9698516	1.035253	11.92934
63834	-4331.481	-4619	287.519	0.9560821	1.142861	11.24167
63840	-4317.49	-4606.015	288.5249	0.8661216	1.235634	10.71918
63846	-4323.974	-4607.7	283.726	0.7828062	1.031565	13.36353
63852	-4316.817	-4603.755	286.9385	0.6899416	1.110727	11.69963
63858	-4311.171	-4597.939	286.7687	0.7703692	1.110727	11.74632
63864	-4327.076	-4612.37	285.294	0.8495782	1.018227	12.52011
63870	-4316.26	-4597.228	280.9681	0.8216914	0.8973105	14.84463
63876	-4308.599	-4593.509	284.9093	0.768946	0.8973105	12.82736
63882	-4314.913	-4598.487	283.5743	0.7717484	1.109775	13.40944
63888	-4309.61	-4596.437	286.8272	0.7817374	0.9269145	11.80464
63894	-4309.855	-4595.345	285.4895	0.7931664	1.116022	12.3991
63900	-4309.959	-4594.058	284.0988	0.6878166	1.022765	13.22368
63906	-4302.51	-4587.845	285.3348	0.6876048	0.9575337	12.61511
63912	-4318.166	-4604.365	286.1993	0.7255007	0.9575337	12.14491
63918	-4310.653	-4596.572	285.9188	0.794138	0.9575337	12.25537
63924	-4299.556	-4585.486	285.9295	0.8374286	0.9575337	12.22719
63930	-4301.154	-4587.45	286.2964	0.7603714	0.9575337	12.07607
63936	-4302.558	-4587.533	284.9746	0.8301122	1.04884	12.68097
63942	-4306.941	-4593.32	286.3795	0.8339094	1.078711	11.93191
63948	-4305.725	-4590.55	284.8244	0.7815353	1.043598	12.78706
63954	-4312.212	-4596.914	284.7021	0.6233917	1.00098	12.95477
63960	-4325.489	-4612.262	286.7731	0.9560998	1.00098	11.70206
63966	-4313.926	-4600.897	286.9718	0.8786989	1.122195	11.57812
63972	-4318.776	-4603.538	284.7622	0.9177769	1.218112	12.66566
63978	-4309.733	-4593.126	283.3937	0.8103199	1.097291	13.48922
63984	-4301.292	-4586.015	284.7236	0.7477712	0.8952712	12.93612
63990	-4308.041	-4589.84	281.7992	0.8199323	1.000486	14.35965
63996	-4305.411	-4589.12	283.7089	0.7797456	0.9859523	13.39753
64002	-4298.293	-4581.789	283.4962	0.7409907	1.111024	13.46539
64008	-4294.982	-4582.259	287.277	0.8036693	0.8904904	11.57867
64014	-4306.805	-4594.42	287.6144	0.8746141	1.159848	11.22636
64020	-4313.876	-4597.626	283.7494	0.7132843	1.218568	13.29846
64026	-4302.773	-4587.547	284.7745	0.7787528	1.054531	12.809
64032	-4310.533	-4596.723	286.1902	0.7304959	0.8181669	12.22653
64038	-4306.43	-4592.736	286.3059	0.70235	0.9240115	12.11967
64044	-4307.003	-4593.329	286.3265	0.7154649	0.8903684	12.12095
64050	-4303.432	-4589.348	285.916	0.8216315	1.203924	12.12095
64056	-4300.675	-4587.978	287.3026	0.8584126	1.032732	11.46003
64062	-4312.5	-4597.538	285.0373	0.8437108	1.045446	12.64295
64068	-4309.941	-4590.901	280.9599	0.7423237	1.020488	14.82411
64074	-4301.782	-4586.39	284.6084	0.6499063	0.907188	13.04023
64080	-4316.367	-4603.917	287.5496	0.8679442	1.057785	11.31318
64086	-4309.712	-4597.131	287.4193	0.9258608	1.135381	11.31318
64092	-4306.414	-4592.309	285.8951	0.8138665	1.136803	12.16702
64098	-4313.978	-4602.751	288.7722	0.9933805	1.025699	10.62326
64104	-4297.317	-4583.604	286.2874	0.8515207	0.9377399	12.04395
64110	-4302.92	-4589.605	286.6845	0.7998031	1.088298	11.78583
64116	-4308.168	-4595.562	287.3944	0.9372661	1.066233	11.35391
64122	-4324.918	-4611.017	286.0994	1.051729	1.117746	11.94544
64128	-4326.966	-4613.058	286.0919	1.059226	1.117746	11.94544
64134	-4320.709	-4607.293	286.5846	0.880128	1.170839	11.75667
64140	-4316.317	-4599.745	283.4283	0.7222247	0.9369508	13.5993
64146	-4325.886	-4612.486	286.5993	0.6736025	0.9022099	11.99378
64152	-4323.2	-4611.513	288.3134	0.7857438	1.088479	10.94113
64158	-4328.72	-4614.695	285.9752	0.8343364	1.027741	12.1682
64164	-4311.032	-4600.041	289.009	0.8917022	0.9679418	10.58274
64170	-4308.9	-4593.229	284.3282	0.8101419	0.8939326	13.11006
64176	-4308.386	-4593.039	284.6525	0.8910946	0.9700435	12.85758
64182	-4319.386	-4604.518	285.1324	0.7051194	0.8602615	12.76574
64188	-4321.904	-4605.147	283.2423	0.8534834	1.093446	13.54731
64194	-4313.89	-4601.884	287.9936	0.903634	0.9635634	11.11107
64200	-4333.283	-4618.884	285.6005	0.8420331	0.8070371	12.48247
64206	-4332.137	-4617.822	285.6856	0.8090667	0.9856699	12.35411
64212	-4319.983	-4606.072	286.0895	0.9197795	0.9856699	12.08583
64218	-4316.16	-4598.931	282.7704	0.7944374	0.9856699	13.87718
64224	-4322.928	-4605.947	283.0183	0.5465519	0.9856699	13.87718
64230	-4319.328	-4602.278	282.9506	0.6449362	0.933462	13.88917
64236	-4330.845	-4616.909	286.0645	0.8819476	0.8697963	12.18259
64242	-4323.498	-4609.481	285.9829	0.8378417	0.9562325	12.19986
64248	-4319.645	-4606.656	287.0116	0.7951432	0.9562325	11.68533
64254	-4313.47	-4600.437	286.9671	0.8395708	0.9562325	11.68533
64260	-4308.592	-4593.468	284.8751	0.874353	1.064278	12.70204
64266	-4317.165	-4605.902	288.7367	0.8926955	0.9002606	10.76244
64272	-4339.334	-4624.625	285.2912	0.8758707	0.8710492	12.58793
64278	-4323.85	-4611.449	287.5989	0.9597102	0.9044428	11.32085
64284	-4317.079	-4603.547	286.4683	0.8641043	1.070894	11.87368
64290	-4311.892	-4597.825	285.9334	0.8769681	0.9861129	12.18932
64296	-4325.821	-4611.236	285.4146	0.918161	0.9861129	12.43825
64302	-4334.393	-4619.656	285.2623	0.8833606	1.184808	12.43825
64308	-4340.533	-4626.364	285.8313	0.9009118	1.092554	12.17617
64314	-4338.962	-4624.275	285.3127	0.8705838	0.9635406	12.52808
64320	-4340.488	-4627.476	286.9881	0.7342365	0.8853565	11.76877
64326	-4355.007	-4639.144	284.137	0.7666583	0.8966682	13.23051
64332	-4353.635	-4644.036	290.4008	0.9573409	0.9105146	9.848186
64338	-4345.939	-4631.381	285.4417	0.8281191	1.11369	12.4069
64344	-4330.822	-4614.512	283.6909	0.8205967	0.9776733	13.39003
64350	-4319.495	-4603.113	283.6184	0.7415957	1.108951	13.40262
64356	-4327.971	-4611.793	283.8213	0.8955126	0.9765477	13.28395
64362	-4332.802	-4619.268	286.4667	0.8779139	0.8228413	12.00263
64368	-4326.059	-4611.358	285.2993	0.9158331	1.181493	12.40357
64374	-4348.173	-4631.749	283.5757	0.8547329	0.8208558	13.52043
64380	-4334.317	-4622.006	287.6892	1.124152	0.9281767	11.17432
64386	-4346.916	-4634.934	288.0178	0.8234778	0.9020208	11.17432
64392	-4327.37	-4616.969	289.5995	0.819849	0.9001234	10.34791
64398	-4322.804	-4608.955	286.1505	0.7075746	0.8586964	12.23508
64404	-4316.536	-4602.794	286.2584	0.7613872	1.047126	12.04867
64410	-4317.153	-4603.013	285.8605	0.8119813	1.047126	12.22982
64416	-4323.316	-4607.22	283.9043	0.7846789	0.9971674	13.2876
64422	-4319.772	-4606.731	286.9591	0.8647445	1.041647	11.63169
64428	-4324.016	-4611.25	287.2336	0.8647445	0.909373	11.55873
64434	-4326.971	-4613.516	286.5458	0.6641822	0.9836667	11.98221
64440	-4319.215	-4605.629	286.4144	0.8610281	0.9206182	11.98221
64446	-4315.179	-4604.097	288.9177	0.8482368	1.058991	10.60618
64452	-4328.135	-4614.238	286.1038	0.7273487	0.9490972	12.19831
64458	-4335.707	-4621.238	285.5312	0.7218016	1.080385	12.43184
64464	-4326.985	-4611.609	284.6242	0.7776826	1.076539	12.87681
64470	-4322.579	-4607.383	284.804	0.887534	0.8639827	12.83952
64476	-4310.156	-4596.417	286.2613	0.7934253	0.9347296	12.08951
64482	-4318.882	-4609.061	290.1785	0.8594123	1.024906	9.954993
64488	-4327.443	-4612.499	285.0561	0.704629	1.15133	12.65417
64494	-4320.433	-4606.938	286.5049	0.7126326	1.057277	11.94041
64500	-4318.941	-4604.497	285.5557	0.7511667	1.043362	12.42225
64506	-4320.944	-4605.292	284.3488	0.6457663	1.085912	13.08406
64512	-4314.624	-4603.069	288.4447	0.8760871	0.882045	10.93459
64518	-4316.526	-4604.851	288.3247	0.7795639	1.09628	10.93459
64524	-4334.06	-4618.407	284.3469	0.9554068	0.9808991	12.97736
64530	-4317.435	-4601.655	284.22	0.6305346	0.9971116	13.20367
64536	-4314.786	-4599.115	284.3283	0.6225481	0.9007176	13.20367
64542	-4319.827	-4604.37	284.543	0.6690028	0.8832147	13.07784
64548	-4317.247	-4605.711	288.4638	0.973326	1.007653	10.80487
64554	-4323.218	-4609.226	286.0071	0.7812851	1.036474	12.17475
64560	-4322.805	-4607.693	284.8886	0.7797933	0.9784404	12.7882
64566	-4333.391	-4618.828	285.437	0.9348456	1.108524	12.35625
64572	-4329.479	-4617.32	287.8407	1.033582	0.966184	11.1217
64578	-4319.374	-4605.806	286.4315	0.8959666	1.054715	11.88431
64584	-4326.38	-4613.556	287.1767	0.7774156	0.8458935	11.67066
64590	-4322.11	-4607.262	285.1522	0.774164	0.9068961	12.69287
64596	-4326.913	-4615.195	288.2819	0.8350106	1.05523	10.94833
64602	-4331.16	-4619.508	288.3471	1.025296	1.210472	10.74029
64608	-4329.965	-4618.645	288.6807	0.9275744	0.9602583	10.74029
64614	-4331.149	-4619.232	288.0829	0.7613097	0.8663196	11.19327
64620	-4320.05	-4608.605	288.5547	0.8044993	0.9355378	10.88439
64626	-4301.438	-4588.639	287.2014	0.8228258	1.096378	11.49977
64632	-4327.895	-4613.884	285.989	0.8826327	1.058237	12.12038
64638	-4321.651	-4609.744	288.0928	0.7832358	1.150062	11.02834
64644	-4331.479	-4617.286	285.8078	0.7832358	1.002763	12.29495
64650	-4317.816	-4603.825	286.0092	0.7981888	0.9589654	12.20532
64656	-4326.644	-4612.513	285.8691	0.7529951	0.9494924	12.30704
64662	-4331.553	-4613.057	281.5045	0.8076795	0.9786262	14.53005
64668	-4340.473	-4622.097	281.6243	0.8031989	0.9786262	14.47032
64674	-4320.146	-4605.297	285.1504	0.8163345	0.9563979	12.64466
64680	-4331.981	-4619.6	287.6193	0.8354874	1.167064	11.24092
64686	-4339.66	-4627.44	287.7802	0.8426954	1.001137	11.23477
64692	-4313.014	-4598.029	285.0153	0.8654748	1.112137	12.61029
64698	-4320.026	-4604.547	284.5212	0.6654772	1.110181	12.97238
64704	-4321.158	-4605.803	284.6453	0.8744611	0.7913308	12.97238
64710	-4344.083	-4627.297	283.2144	0.9096473	0.9466825	13.60777
64716	-4338.056	-4622.049	283.9931	0.9644822	0.9466825	13.17484
64722	-4337.973	-4626.327	288.3545	1.093164	1.096011	10.75474
64728	-4332.424	-4619.558	287.1338	0.8785555	1.146591	11.48192
64734	-4340.68	-4627.052	286.3721	0.8031347	1.067852	11.95721
64740	-4348.463	-4634.166	285.7024	0.7201781	0.9489411	12.41131
64746	-4338.624	-4622.846	284.2217	0.8532907	0.7844749	13.20787
64752	-4335.196	-4619.623	284.4277	0.9066994	1.057068	12.9216
64758	-4325.549	-4613.732	288.1831	1.113619	1.03297	10.86542
64764	-4337.954	-4626.63	288.6754	0.9295332	0.9412649	10.75239
64770	-4339.229	-4625.2	285.9707	0.7773014	1.003152	12.21293
64776	-4331.177	-4612.977	281.8004	0.7272132	1.236096	14.29463
64782	-4336.595	-4621.987	285.3919	0.8664693	0.9062057	12.52041
64788	-4321.242	-4607.537	286.2951	0.8077556	1.076188	11.99087
64794	-4315.535	-4601.193	285.6581	0.8596843	0.9840807	12.3429
64800	-4310.742	-4595.063	284.3213	0.7880814	0.9803038	13.07797
64806	-4316.936	-4604.986	288.0499	0.82436	1.026518	11.09002
64812	-4306.559	-4593.242	286.6823	0.8281634	1.001249	11.81613
64818	-4310.066	-4596.436	286.3693	0.7105633	0.8814922	12.10627
64824	-4298.815	-4585.054	286.2395	0.8085438	0.8890466	12.11857
64830	-4309.421	-4594.499	285.0779	0.8118183	1.208631	12.56071
64836	-4308.114	-4593.314	285.2004	0.7731876	1.11477	12.56071
64842	-4311.952	-4596.562	284.6096	0.8351062	0.872429	12.96305
64848	-4310.132	-4595.881	285.7485	0.7747469	1.044	12.30917
64854	-4315.481	-4600.973	285.4922	0.7245329	1.072069	12.45487
64860	-4319.502	-4606.715	287.2132	0.7120756	0.964365	11.61903
64866	-4314.354	-4600.867	286.5128	0.8282074	0.9555209	11.92889
64872	-4331.155	-4615.467	284.3117	0.8515011	1.00641	13.03632
64878	-4330.414	-4615.335	284.9213	0.8039272	1.00641	12.74397
64884	-4320.582	-4605.23	284.6483	0.7258911	0.9146788	12.97583
64890	-4310.584	-4598.222	287.6382	0.8308996	0.9485413	11.34324
64896	-4312.562	-4596.217	283.6557	0.6758855	1.032855	13.45491
64902	-4312.76	-4596.465	283.7052	0.7930848	1.004123	13.38308
64908	-4327.133	-4611.502	284.3689	0.7695363	0.9822159	13.06186
64914	-4332.428	-4615.346	282.9175	0.7253651	0.9742992	13.8427
64920	-4326.531	-4610.786	284.2553	0.8274577	0.9651851	13.09983
64926	-4323.869	-4607.936	284.0669	0.8730575	0.9651851	13.17404
64932	-4330.968	-4614.985	284.0164	0.7113082	0.8704132	13.33684
64938	-4331.757	-4615.961	284.2045	0.8637848	0.9768313	13.10115
64944	-4320.745	-4606.575	285.83	0.7968693	1.03907	12.25768
64950	-4330.022	-4617.313	287.2911	0.7653225	1.214011	11.42774
64956	-4318.444	-4604.568	286.1241	0.907187	0.9390801	12.09936
64962	-4324.367	-4612.87	288.503	0.931028	0.8897187	10.87088
64968	-4331.514	-4618.856	287.3428	0.8302872	0.8933177	11.52876
64974	-4326.33	-4610.338	284.0079	0.756295	0.8713633	13.31738
64980	-4333.976	-4620.485	286.5087	0.7682417	0.9349715	11.97348
64986	-4325.978	-4613.287	287.3085	0.7694348	1.00476	11.51787
64992	-4317.171	-4602.974	285.8031	0.6597758	1.025012	12.3503
64998	-4321.384	-4606.343	284.9584	0.8158396	1.271896	12.59284
65004	-4320.694	-4602.682	281.9885	0.7883309	1.119142	14.21909
65010	-4323.702	-4606.06	282.3581	0.7527082	1.046633	14.08137
65016	-4317.832	-4601.464	283.632	0.7904034	1.067352	13.39048
65022	-4324.894	-4610.64	285.7458	0.8560804	0.9262596	12.33029
65028	-4325.309	-4613.583	288.2741	0.8719111	0.9211278	11.00404
65034	-4340.297	-4624.685	284.3884	0.8416918	1.129546	12.94057
65040	-4333.803	-4620.926	287.1228	0.8613095	1.057534	11.53993
65046	-4320.234	-4605.706	285.4717	0.8579033	0.9298467	12.47014
65052	-4321.988	-4610.684	288.6957	0.8548114	0.8909843	10.80911
65058	-4330.411	-4619.876	289.4649	0.8553487	1.024754	10.33253
65064	-4323.264	-4611.162	287.8981	0.8748985	1.214245	11.05268
65070	-4332.318	-4617.615	285.2974	0.8307619	1.059354	12.5073
65076	-4317.371	-4602.709	285.3386	0.7894259	1.059497	12.5073
65082	-4316.926	-4601.381	284.4547	0.8017856	1.096924	12.94251
65088	-4315.166	-4599.116	283.9494	0.7526468	1.007434	13.27551
65094	-4326.249	-4608.475	282.2265	0.7414681	0.8709784	14.24954
65100	-4329.427	-4617.403	287.9762	0.8267249	0.9944653	11.14405
65106	-4326.129	-4613.191	287.0623	0.7611977	0.9872888	11.65999
65112	-4308.313	-4594.343	286.0302	0.8300234	1.008297	12.15173
65118	-4309.577	-4594.643	285.0655	0.8790718	1.008297	12.62883
65124	-4332.932	-4615.056	282.1246	0.7679685	0.9562294	14.24133
65130	-4329.369	-4611.419	282.0503	0.6764268	0.9562294	14.32725
65136	-4342.517	-4624.554	282.0364	0.6903231	0.9562294	14.32725
65142	-4322.492	-4606.486	283.9936	0.7579164	1.022522	13.24204
65148	-4321.454	-4607.807	286.3531	0.6683127	1.024557	12.05932
65154	-4317.736	-4603.252	285.5158	0.7750547	0.984195	12.46109
65160	-4317.388	-4602.946	285.5583	0.732593	0.984195	12.46109
65166	-4320.512	-4604.764	284.2525	0.748987	1.079131	13.08375
65172	-4317.809	-4604.561	286.752	0.7291541	0.9129303	11.87912
65178	-4320.111	-4606.194	286.0831	0.6883506	1.094209	12.1549
65184	-4320.065	-4602.566	282.5005	0.65793	0.8844031	14.14314
65190	-4320.258	-4607.977	287.72	0.7263185	1.034026	11.31017
65196	-4312.986	-4599.28	286.2946	0.7999328	1.112823	11.97734
65202	-4325.205	-4612.522	287.3167	0.7384901	1.025561	11.51899
65208	-4319.486	-4602.115	282.6285	0.7043911	0.985642	13.99747
65214	-4311.424	-4595.04	283.6166	0.7295388	0.985642	13.47168
65220	-4318.476	-4602.152	283.6758	0.767151	1.183161	13.32471
65226	-4337.136	-4620.596	283.4596	0.7799577	0.8599003	13.59643
65232	-4325.717	-4609.616	283.8998	0.8753266	0.984798	13.24932
65238	-4327.117	-4614.776	287.6588	0.8076543	0.984798	11.3252
65244	-4313.981	-4597.29	283.3097	0.820315	0.9831224	13.58522
65250	-4310.471	-4593.673	283.2023	0.8622355	1.049396	13.58522
65256	-4320.532	-4605.711	285.1791	0.750602	0.8386368	12.73045
65262	-4334.163	-4620.617	286.454	0.8057498	1.20184	11.84952
65268	-4317.827	-4601.873	284.0458	0.7025978	1.138686	13.18669
65274	-4320.202	-4607.577	287.3751	0.8133658	0.9729594	11.47687
65280	-4323.439	-4609.049	285.6107	0.7074026	1.258577	12.31536
65286	-4326.201	-4614.149	287.9475	0.7624484	1.041638	11.16833
65292	-4323.367	-4609.025	285.6583	0.8914782	1.182452	12.22874
65298	-4321.594	-4606.388	284.794	0.7072954	1.290028	12.72708
65304	-4320.29	-4604.997	284.7063	0.8913742	1.115883	12.75586
65310	-4319.416	-4605.312	285.8965	0.9941449	1.00041	12.14001
65316	-4342.231	-4627.316	285.0845	0.9757459	1.00041	12.57273
65322	-4326.327	-4610.401	284.074	0.8957475	1.260898	13.01621
65328	-4331.267	-4612.287	281.0204	0.7749554	0.8324589	14.87917
65334	-4331.513	-4617.39	285.8764	0.7513079	0.9717729	12.29213
65340	-4318.829	-4604.586	285.7571	0.931059	0.9456413	12.27469
65346	-4318.733	-4603.198	284.4643	0.8389117	0.9456413	12.99571
65352	-4311.332	-4595.171	283.8388	0.7031805	1.046801	13.3386
65358	-4316.256	-4604.495	288.2389	0.7498437	1.0604	11.01287
65364	-4313.474	-4597.83	284.356	0.6592907	1.133687	13.05031
65370	-4311.586	-4596.919	285.3327	0.656497	0.8779864	12.67653
65376	-4315.468	-4597.73	282.2629	0.7834074	1.064435	14.10597
65382	-4316.176	-4603.194	287.0182	0.8419486	0.8867602	11.69601
65388	-4321.179	-4608.087	286.9081	0.8927772	0.9421888	11.69601
65394	-4324.042	-4611.461	287.4192	0.7785623	0.9583874	11.4798
65400	-4320.541	-4607	286.4592	0.8828975	1.031505	11.88844
65406	-4330.678	-4613.649	282.9705	0.6769855	0.9920582	13.83094
65412	-4321.645	-4607.58	285.9351	0.7278399	0.9898401	12.26422
65418	-4328.376	-4610.632	282.2553	0.6050781	0.9898401	14.24023
65424	-4301.84	-4586.582	284.7422	0.6976951	1.086828	12.85199
65430	-4313.572	-4598.203	284.631	0.6621515	0.9690523	12.98839
65436	-4309.251	-4598.045	288.7934	0.8519619	0.9251558	10.74009
65442	-4319.065	-4603.239	284.1737	0.7666937	0.8130304	13.26025
65448	-4315.621	-4601.33	285.7087	0.8540898	0.9384904	12.34395
65454	-4320.306	-4604.883	284.5764	0.6932995	0.967957	13.00114
65460	-4316.908	-4601.604	284.6955	0.6568606	1.211305	12.83921
65466	-4314.08	-4599.685	285.6047	0.8219464	1.081489	12.34087
65472	-4310.842	-4598.487	287.6445	0.7860697	1.096	11.28748
65478	-4314.572	-4602.577	288.0046	0.7544309	0.9887619	11.17
65484	-4307.782	-4594.218	286.4366	0.8811436	0.900003	11.97165
65490	-4316.537	-4599.499	282.9621	0.6834709	0.9542475	13.85195
65496	-4311.242	-4595.114	283.8725	0.8323926	1.004499	13.27553
65502	-4324.017	-4609.389	285.3719	0.8230206	1.004499	12.50043
65508	-4311.766	-4599.076	287.31	0.7999012	1.333774	11.34765
65514	-4318.955	-4603.666	284.7112	0.7667333	1.204991	12.77669
65520	-4310.487	-4596.347	285.8597	0.714553	1.105374	12.25227
65526	-4319.239	-4604.583	285.3446	0.648582	1.074813	12.56993
65532	-4326.747	-4614.45	287.7026	0.7396708	0.8790239	11.3962
65538	-4319.654	-4605.427	285.773	0.7482855	1.170975	12.24889
65544	-4310.658	-4600.214	289.556	0.8110579	0.8764117	10.38898
65550	-4302.061	-4589.231	287.1696	0.7742197	0.8403562	11.67933
65556	-4307.742	-4594.743	287.0001	0.7581124	1.12181	11.62651
65562	-4316.983	-4599.259	282.2759	0.7020678	1.087885	14.12989
65568	-4312.395	-4598.698	286.3027	0.8369127	0.8621188	12.08632
65574	-4315.498	-4601.659	286.1606	0.8369127	0.9964088	12.08632
65580	-4316.184	-4601.453	285.2684	0.703418	0.9642727	12.63784
65586	-4314.921	-4600.948	286.0263	0.6803304	0.8644168	12.31069
65592	-4314.001	-4599.6	285.5992	0.7867736	0.8790175	12.46933
65598	-4312.395	-4597.714	285.3182	0.7984988	1.101341	12.49262
65604	-4339.451	-4627.599	288.1476	0.9167754	1.047919	10.97954
65610	-4314.12	-4603.603	289.483	0.9082047	0.8699599	10.38004
65616	-4323.776	-4612.98	289.2043	0.8472995	0.9879355	10.4929
65622	-4322.955	-4610.01	287.0555	0.8167395	1.088455	11.58306
65628	-4319.65	-4606.458	286.808	0.8088465	1.157483	11.68346
65634	-4325.15	-4608.583	283.4323	0.6628418	0.9118032	13.64192
65640	-4315.259	-4599.83	284.5714	0.629238	1.093238	12.97334
65646	-4323.594	-4609.989	286.3949	0.7596996	0.9252442	12.04265
65652	-4315.781	-4601.451	285.6699	0.7320762	1.188179	12.30314
65658	-4322.498	-4610.122	287.6239	0.7013479	0.8434147	11.47819
65664	-4328.052	-4611.289	283.2369	0.8256738	1.160439	13.53273
65670	-4317.405	-4604.247	286.8413	0.776261	0.9298437	11.79848
65676	-4315.688	-4599.02	283.3318	0.7439174	0.9557098	13.628
65682	-4321.12	-4609.034	287.9139	0.7952952	0.9557098	11.21378
65688	-4328.202	-4612.505	284.3028	0.7058184	0.9164586	13.16485
65694	-4328.377	-4612.536	284.1589	0.7233902	0.7557003	13.32615
65700	-4316.22	-4599.704	283.4837	0.7244249	0.9428078	13.56624
65706	-4320.192	-4604.982	284.7899	0.7350344	1.05101	12.82549
65712	-4328.019	-4613.709	285.6899	0.8009634	0.94267	12.37913
65718	-4327.869	-4614.752	286.8823	0.7555065	0.9512601	11.77624
65724	-4315.1	-4601.389	286.2891	0.8204538	1.178592	11.93854
65730	-4329.337	-4612.651	283.3139	0.8251729	1.129165	13.50768
65736	-4334.333	-4617.945	283.6121	0.7516873	0.9024394	13.50768
65742	-4321.75	-4605.418	283.6677	0.9695391	1.007436	13.30916
65748	-4314.209	-4601.764	287.5559	0.7829756	0.8839527	11.44746
65754	-4317	-4604.996	287.9958	0.9639565	1.02971	11.04361
65760	-4327.235	-4613.017	285.7814	0.7833874	0.9897522	12.31547
65766	-4341.52	-4624.8	283.2804	0.9398775	0.8716511	13.59965
65772	-4317.808	-4605.308	287.5008	0.7617349	0.9859978	11.43123
65778	-4317.366	-4602.891	285.5255	0.9777851	1.26276	12.21699
65784	-4333.777	-4618.193	284.416	0.8725347	0.9793557	12.98529
65790	-4317.467	-4600.593	283.1257	0.8831674	0.9950689	13.64189
65796	-4325.534	-4612.057	286.5234	0.7806362	1.069913	11.88898
65802	-4331.228	-4617.236	286.0085	0.7725401	1.229508	12.08681
65808	-4335.411	-4620.81	285.3994	0.7374193	0.8132604	12.63789
65814	-4320.918	-4609.823	288.905	0.9125349	0.8944075	10.66711
65820	-4328.546	-4615.63	287.0838	0.7702181	1.06025	11.60658
65826	-4318.929	-4604.352	285.4235	1.002159	1.06025	12.35187
65832	-4326.961	-4612.741	285.7802	0.8098832	0.8986213	12.35187
65838	-4325.962	-4613.252	287.2895	0.9612655	1.066439	11.39607
65844	-4327.109	-4610.707	283.5985	0.8419187	1.00633	13.41196
65850	-4324.327	-4612.353	288.0256	0.8723774	1.010561	11.08584
65856	-4324.228	-4610.485	286.2575	0.9139945	1.042716	11.97175
65862	-4307.257	-4592.192	284.9353	0.9182179	0.9555704	12.70404
65868	-4320.614	-4608.563	287.9488	0.9730087	0.9511606	11.10493
65874	-4326.629	-4614.775	288.1459	0.9794288	0.952171	10.99782
65880	-4332.439	-4620.096	287.6571	1.004844	1.156921	11.13725
65886	-4323.005	-4608.6	285.5949	0.7600449	1.041797	12.39799
65892	-4332.033	-4614.658	282.6254	0.8948312	1.12112	13.83267
65898	-4346.423	-4632.512	286.0895	0.9784274	1.23579	11.93437
