Iteration	Posterior	Likelihood	Prior	rate_log_sd	rate_loss	tree_length
0	-4334.7	-4618.051	283.3508	0.8126939	1.032944	13.54213
6	-4318.215	-4601.426	283.2113	0.8383796	1.031497	13.60199
12	-4316.12	-4600.812	284.692	0.8462916	1.018049	12.83524
18	-4329.292	-4612.092	282.8001	0.8352457	0.9960243	13.83521
24	-4324.127	-4608.437	284.3099	0.8929858	0.9101002	13.06745
30	-4334.222	-4620.443	286.221	0.7831116	0.8530957	12.16225
36	-4341.977	-4624.538	282.561	0.7249441	0.9070885	14.06427
42	-4329.403	-4614.309	284.9064	0.8140437	1.097707	12.7007
48	-4320.211	-4606.576	286.3653	0.8704806	0.9520374	11.98565
54	-4315.862	-4600.54	284.6783	0.7818818	1.052201	12.85859
60	-4312.847	-4600.319	287.4726	0.7908264	1.008511	11.41895
66	-4312.401	-4598.875	286.4743	0.7986955	1.065974	11.90714
72	-4322.106	-4606.978	284.8725	0.7979981	0.9530112	12.8007
78	-4317.716	-4601.25	283.5337	0.7862061	1.017134	13.46897
84	-4318.832	-4605.829	286.9973	0.8258302	0.885611	11.71597
90	-4315.075	-4599.184	284.1092	0.8317043	1.073661	13.11794
96	-4323.673	-4610.982	287.3092	0.8437906	1.129808	11.41631
102	-4327.241	-4612.047	284.8055	0.8468715	1.015004	12.77746
108	-4325.673	-4613.798	288.1249	0.826959	0.9517103	11.08892
114	-4308.415	-4596.708	288.2926	0.8170569	1.028375	10.9658
120	-4335.759	-4621.772	286.0133	0.7109279	1.126894	12.16377
126	-4334.207	-4621.345	287.1383	0.7089442	1.024951	11.62798
132	-4335.771	-4619.792	284.0208	0.8106074	0.9535036	13.23675
138	-4327.131	-4612.603	285.4715	0.8106074	1.01721	12.44845
144	-4328.381	-4611.001	282.6199	0.86434	1.292749	13.77406
150	-4328.09	-4607.87	279.7792	0.6330333	0.9041911	15.55299
156	-4330.027	-4613.502	283.4748	0.6867128	0.9041911	13.61171
162	-4321.63	-4606.199	284.5685	0.8608309	1.033217	12.88417
168	-4319.39	-4606.953	287.563	0.9632929	0.945349	11.3151
174	-4326.032	-4614.626	288.5941	0.9542935	1.007288	10.74675
180	-4313.363	-4601.734	288.3719	0.9137261	1.007288	10.88448
186	-4317.427	-4600.782	283.3547	0.8507147	1.121567	13.47685
192	-4317.67	-4604.045	286.3749	0.8231776	1.192642	11.88586
198	-4317.31	-4602.525	285.2153	0.7897601	0.8848943	12.66432
204	-4306.042	-4591.155	285.1122	0.7929824	0.9797089	12.66432
210	-4319.591	-4604.69	285.0983	0.8790652	0.9104515	12.66432
216	-4313.013	-4596.04	283.0277	0.8790652	0.9589524	13.71393
222	-4315.663	-4603.597	287.9332	0.8355498	1.186467	11.0676
228	-4319.344	-4607.728	288.384	0.7959792	1.186467	10.85214
234	-4342.191	-4629.464	287.2723	0.8209598	1.164911	11.43102
240	-4342.77	-4624.285	281.515	0.7724943	1.042166	14.51021
246	-4332.424	-4616.49	284.0658	0.7174317	0.9475218	13.26496
252	-4315.477	-4600.019	284.5421	0.7145198	0.9773995	13.00296
258	-4315.244	-4599.108	283.8641	0.8514996	0.8479607	13.35623
264	-4325.201	-4607.712	282.5108	0.6923818	0.880399	14.12222
270	-4320.732	-4607.971	287.2392	0.803815	0.9392267	11.5711
276	-4318.536	-4605.387	286.8511	0.7739285	1.023315	11.74491
282	-4317.043	-4602.486	285.4431	0.7553936	0.9620183	12.52101
288	-4315.921	-4603.489	287.5682	0.8851046	1.084962	11.28101
294	-4331.156	-4620.772	289.6153	0.8642544	1.176829	10.17437
300	-4338.928	-4625.518	286.5899	0.8793686	1.3243	11.68647
306	-4341.066	-4627.489	286.4232	0.8793686	0.9444239	11.95496
312	-4327.027	-4609.285	282.2575	0.6724222	1.154953	14.12285
318	-4326.927	-4610.779	283.852	0.7169725	1.110969	13.29308
324	-4327.668	-4612.522	284.8539	0.8144592	0.9123805	12.82405
330	-4336.747	-4619.669	282.922	0.7557818	0.9718175	13.8259
336	-4341.466	-4624.096	282.6308	0.8628395	1.165058	13.8259
342	-4326.744	-4611.244	284.5004	0.7828372	1.019839	12.96701
348	-4321.284	-4605.285	284.0009	0.6574681	0.9933956	13.30546
354	-4314.761	-4599.169	284.408	0.7280376	1.072285	13.0172
360	-4315.943	-4602.759	286.8165	0.7563166	0.9623663	11.8042
366	-4318.763	-4604.957	286.194	0.5271149	0.9603905	12.24958
372	-4310.79	-4598.633	287.8431	0.8120851	0.8657495	11.29255
378	-4319.651	-4607.637	287.9855	0.8538462	0.905483	11.17336
384	-4334.43	-4622.277	287.8474	0.9914511	1.104026	11.06985
390	-4326.97	-4611.789	284.819	0.9284267	0.9835846	12.74436
396	-4326.893	-4614.392	287.4992	0.8373597	1.112983	11.32842
402	-4323.895	-4609.835	285.9394	0.7633175	0.9931645	12.24176
408	-4338.398	-4624.599	286.2011	0.8821113	0.9931645	12.04336
414	-4349.259	-4636.56	287.3007	0.8217732	0.7539029	11.63947
420	-4332.869	-4617.398	284.5285	0.8170542	0.9533205	12.96954
426	-4336.226	-4620.508	284.2819	0.8941145	0.9327566	13.0689
432	-4343.968	-4628.886	284.918	0.9455085	1.016695	12.6667
438	-4345.583	-4630.662	285.0794	1.025198	1.11717	12.49129
444	-4331.575	-4619.619	288.0433	0.835622	0.8740284	11.17065
450	-4329.024	-4616.235	287.2115	0.9879421	1.095418	11.40865
456	-4318.779	-4606.662	287.883	0.9010522	0.9108496	11.19932
462	-4318.131	-4607.261	289.1291	0.9784862	0.9958936	10.45925
468	-4334.438	-4622.009	287.5713	0.8243206	1.18099	11.2654
474	-4330.158	-4615.768	285.6097	0.9004704	1.047633	12.31414
480	-4338.664	-4622.222	283.5576	0.8348195	1.16678	13.35854
486	-4343.892	-4628.424	284.5316	0.6564776	0.9224482	13.06828
492	-4329.581	-4614.694	285.1126	0.8383475	1.014562	12.6223
498	-4314.645	-4599.302	284.6575	0.7403501	0.9907909	12.92243
504	-4318.945	-4603.723	284.7783	0.8072323	1.13783	12.75174
510	-4320.111	-4604.095	283.9837	0.8293296	1.047764	13.19731
516	-4314.666	-4601.083	286.4177	0.8293296	1.015484	11.94626
522	-4309.545	-4593.959	284.4141	0.8366799	1.04416	12.97153
528	-4319.851	-4602.256	282.4052	0.8191246	0.9447382	14.07555
534	-4305.271	-4592.678	287.4063	0.8052577	1.064113	11.41778
540	-4313.403	-4601.314	287.911	0.6925233	1.057734	11.21591
546	-4307.393	-4594.944	287.5515	0.8691169	0.9891338	11.34687
552	-4313.052	-4596.298	283.2461	0.8206153	0.9891338	13.61493
558	-4326.349	-4613.663	287.3134	0.8000878	1.017719	11.49255
564	-4313.596	-4601.71	288.1148	0.8208789	1.066232	11.03776
570	-4323.915	-4613.501	289.586	0.8707603	0.9505334	10.30018
576	-4328.71	-4611.488	282.778	0.8792756	1.053221	13.79466
582	-4327.279	-4614.29	287.0107	0.7875976	0.8574049	11.74527
588	-4319.282	-4606.189	286.9069	0.7245686	1.016029	11.74527
594	-4313.462	-4599.085	285.6229	0.8922078	1.032931	12.31903
600	-4320.926	-4607.902	286.976	0.9295957	1.261472	11.48548
606	-4324.328	-4611.072	286.7433	0.8604385	1.229453	11.65743
612	-4326.187	-4610.454	284.2671	0.8655045	0.9662002	13.07338
618	-4319.096	-4606.375	287.2788	0.9336346	1.180337	11.36156
624	-4328.93	-4614.585	285.655	0.9030339	1.059209	12.28341
630	-4314.852	-4601.118	286.2661	0.8333075	1.184126	11.94128
636	-4314.565	-4598.405	283.8401	0.825315	0.8359966	13.38935
642	-4326.051	-4609.792	283.7415	0.8121598	0.814847	13.46007
648	-4322.716	-4606.117	283.4013	0.8075477	1.153442	13.46007
654	-4318.245	-4602.938	284.6934	0.84991	1.078155	12.80243
660	-4331.995	-4617.64	285.6456	0.8712156	1.068756	12.30016
666	-4329.291	-4616.339	287.0482	0.9110079	0.9598374	11.60372
672	-4322.762	-4609.732	286.9698	0.876023	1.153203	11.56585
678	-4321.883	-4611.079	289.1969	0.873269	1.059042	10.44644
684	-4319.88	-4608.171	288.2911	0.8100618	1.033549	10.96761
690	-4340.449	-4625.574	285.1245	0.8876557	0.9417806	12.62896
696	-4350.197	-4632.724	282.5268	0.8323743	1.051011	13.9504
702	-4333.631	-4618.023	284.3915	0.8731441	1.119176	12.92751
708	-4326.863	-4611.32	284.4574	0.8320702	1.019328	12.96402
714	-4339.746	-4625.607	285.8613	1.006741	1.034822	12.13408
720	-4331.785	-4618.409	286.6245	0.8960616	1.034822	11.79356
726	-4351.008	-4635.261	284.2539	0.9331565	1.198278	12.93104
732	-4324.1	-4609.841	285.7401	0.94709	1.058266	12.21656
738	-4317.93	-4604.18	286.2498	0.8570847	1.019096	12.01754
744	-4326.087	-4612.283	286.1961	0.9107961	1.019096	12.01754
750	-4335.668	-4618.238	282.5701	0.7612198	0.9867498	13.99772
756	-4340.323	-4627.745	287.4213	0.8578094	1.099043	11.36522
762	-4337.233	-4624.76	287.527	0.9307247	0.9194635	11.36522
768	-4338.887	-4626.327	287.4405	0.9638848	0.9705471	11.36522
774	-4336.51	-4622.266	285.7554	0.7093134	1.025228	12.3492
780	-4342.339	-4625.865	283.5261	0.759955	1.039518	13.47518
786	-4337.464	-4621.838	284.3747	0.8926451	1.008601	12.98106
792	-4336.852	-4624.104	287.2522	0.9568852	0.9939212	11.45497
798	-4326.918	-4613.31	286.3923	0.8900646	0.9314102	11.97258
804	-4338.668	-4621.899	283.2318	0.7574454	1.058165	13.61996
810	-4336.113	-4620.451	284.3382	0.7719421	0.9162092	13.11226
816	-4323.895	-4609.491	285.5963	0.823553	0.9703449	12.40124
822	-4340.341	-4625.129	284.7886	0.8410448	1.008673	12.79256
828	-4338.869	-4625.431	286.5617	0.8991282	0.9386855	11.87546
834	-4321.256	-4607.18	285.9238	0.8569909	1.035406	12.17926
840	-4324.085	-4609.394	285.3084	0.7244346	0.8667535	12.6603
846	-4328.038	-4611.61	283.5718	0.7186781	0.8443065	13.5791
852	-4335.402	-4619.499	284.0977	0.8693169	1.076592	13.10291
858	-4315.424	-4603.951	288.527	1.005035	0.8464187	10.84474
864	-4323.635	-4609.632	285.9965	0.9724073	0.9642193	12.11832
870	-4323.875	-4606.94	283.0658	0.8907254	0.9501687	13.69281
876	-4320.233	-4603.321	283.088	0.8180118	0.9997732	13.69281
882	-4310.36	-4595.599	285.2388	0.9117673	0.9382535	12.55879
888	-4314.758	-4601.578	286.8208	0.77435	0.9843367	11.78081
894	-4306.669	-4595.353	288.6837	0.7796865	0.8646738	10.86998
900	-4321.336	-4608.254	286.9182	0.9051275	1.244761	11.53588
906	-4307.968	-4593.44	285.4724	0.6986911	1.069107	12.48011
912	-4314.837	-4600.153	285.3151	0.7529778	1.181611	12.48011
918	-4307.839	-4589.7	281.8613	0.8417652	0.9687686	14.33282
924	-4315.873	-4604.217	288.3436	0.9573438	0.9545538	10.90452
930	-4318.336	-4603.294	284.9584	0.8745608	0.9813383	12.701
936	-4310.683	-4597.646	286.963	1.007409	1.134898	11.50939
942	-4316.052	-4600.025	283.9729	0.8309323	1.0668	13.19259
948	-4312.13	-4596.607	284.4771	0.7692252	0.9028775	13.04887
954	-4305.738	-4590.996	285.2586	0.841216	0.9028775	12.60482
960	-4321.718	-4604.928	283.2098	0.7998357	0.9114502	13.68648
966	-4298.488	-4583.592	285.104	0.8301127	0.9206392	12.68118
972	-4317.088	-4603.595	286.5075	0.6741288	0.9438661	12.01833
978	-4320.094	-4605.829	285.7354	0.7995468	0.9577954	12.34799
984	-4320.027	-4604.026	283.9988	0.6708925	1.019127	13.28629
990	-4316.969	-4601.807	284.8377	0.6635546	1.094241	12.81644
996	-4324.473	-4609.327	284.8541	0.8348951	0.9853841	12.77379
1002	-4321.33	-4601.783	280.4533	0.7427685	0.9853841	15.10405
1008	-4316.257	-4600.089	283.8326	0.7814504	0.9853841	13.33271
1014	-4308.553	-4592.253	283.6999	0.9005105	0.9988949	13.33271
1020	-4296.488	-4584.312	287.8247	0.8823083	0.9988949	11.19191
1026	-4320.786	-4608.666	287.8803	0.8823083	0.9637741	11.18145
1032	-4312.963	-4600.01	287.0466	0.871686	1.029463	11.58856
1038	-4307.036	-4595.272	288.2359	0.8743113	0.965996	10.99827
1044	-4301.468	-4589.736	288.2677	0.8743113	0.9353179	10.99827
1050	-4310.995	-4599.498	288.5033	0.9244567	0.9291575	10.85195
1056	-4309.593	-4597.641	288.048	0.9789812	1.004432	11.02146
1062	-4306.315	-4594.476	288.1615	0.9299998	0.9412854	11.02146
1068	-4304.794	-4588.3	283.5063	0.8019328	0.9965088	13.48571
1074	-4302.776	-4588.112	285.3367	0.8410397	0.8950874	12.56864
1080	-4308.306	-4597.528	289.2226	0.9117377	1.123257	10.38115
1086	-4312.974	-4596.322	283.3475	0.7937784	0.9587639	13.59235
1092	-4313.763	-4599.379	285.6156	0.8550222	0.9587639	12.38097
1098	-4318.986	-4602.928	283.942	0.6900273	1.187302	13.22459
1104	-4337.531	-4625.984	288.4526	0.7548647	1.067779	10.89459
1110	-4334.436	-4624.059	289.6235	0.803178	0.9921709	10.29361
1116	-4342.125	-4629.156	287.0309	0.8276907	1.137181	11.56674
1122	-4303.43	-4590.065	286.6355	0.8428966	0.8857532	11.8959
1128	-4315.743	-4605.77	290.0274	0.8663705	0.8603776	10.12148
1134	-4304.453	-4589.523	285.0707	0.6582909	0.9902598	12.75042
1140	-4306.799	-4590.508	283.7087	0.7540086	1.147585	13.33096
1146	-4296.683	-4585.058	288.3755	0.8737549	1.029158	10.89225
1152	-4306.442	-4593.359	286.9167	0.8539128	0.9864944	11.68803
1158	-4308.994	-4597.083	288.0898	1.041613	1.099145	10.91899
1164	-4316.227	-4605.508	289.2814	0.8425633	0.9248171	10.48913
1170	-4322.286	-4608.188	285.9025	0.9496308	1.052341	12.13351
1176	-4308.186	-4595.249	287.0624	0.7143737	0.8686272	11.75001
1182	-4312.11	-4598.493	286.3831	0.7040992	0.9238578	12.07857
1188	-4313.682	-4597.378	283.6959	0.8569271	0.9925241	13.36079
1194	-4322.222	-4608.245	286.0227	0.8714962	1.046892	12.11432
1200	-4321.675	-4604.241	282.5661	0.7720575	0.9506872	14.01332
1206	-4323.635	-4606.921	283.2861	0.6114968	0.9506872	13.72316
1212	-4312.354	-4594.594	282.2402	0.7182572	0.8198945	14.28446
1218	-4295.837	-4581.899	286.062	0.7299018	0.9661721	12.20955
1224	-4304.83	-4589.911	285.0815	0.8368576	0.8381527	12.73666
1230	-4302.372	-4588.072	285.7003	0.8551043	0.9125639	12.36213
1236	-4301.73	-4590.382	288.652	0.8551043	0.8392132	10.86206
1242	-4306.823	-4593.645	286.8221	0.8184178	0.8444733	11.83529
1248	-4308.385	-4595.925	287.5399	0.8684393	1.046015	11.32394
1254	-4316.205	-4603.352	287.1471	0.7403868	1.061146	11.58863
1260	-4341.822	-4626.784	284.9621	0.8338181	0.8839928	12.77373
1266	-4336.675	-4621.374	284.6991	0.7804969	0.8839928	12.93827
1272	-4337.576	-4624.372	286.7961	0.8615614	0.9320206	11.77636
1278	-4331.565	-4614.32	282.7553	0.8192456	1.028687	13.84995
1284	-4344.421	-4627.919	283.4983	0.7960017	0.8176838	13.59301
1290	-4327.934	-4609.66	281.726	0.7960017	1.025249	14.39728
1296	-4325.483	-4613.159	287.677	0.9622365	1.067339	11.19242
1302	-4319.841	-4606.722	286.8808	0.7917798	0.952442	11.75742
1308	-4325.847	-4611.452	285.6042	0.8164951	1.063276	12.35296
1314	-4326.962	-4614.55	287.5883	0.8771735	0.9427049	11.34832
1320	-4319.697	-4605.466	285.7694	0.8037521	0.9051865	12.35701
1326	-4313	-4599.693	286.6932	0.7716823	1.090239	11.79502
1332	-4309.381	-4595.907	286.5258	0.9026859	1.089078	11.81457
1338	-4303.262	-4591.206	287.9439	0.8879846	1.037387	11.10665
1344	-4318.628	-4603.797	285.1689	0.8775911	0.9202723	12.62287
1350	-4309.557	-4594.364	284.8064	0.7200277	0.8928773	12.90886
1356	-4306.001	-4590.608	284.6069	0.845027	0.9633322	12.90886
1362	-4312.099	-4595.547	283.4482	0.7123886	0.9633322	13.57984
1368	-4326.154	-4609.392	283.2378	0.6815307	1.067614	13.65156
1374	-4319.88	-4606.062	286.1825	0.8402086	0.9457721	12.10021
1380	-4322.498	-4607.857	285.3596	0.9211307	1.033908	12.44064
1386	-4303.219	-4590.822	287.6033	0.8166778	0.951306	11.36747
1392	-4316.152	-4599.306	283.1538	0.7292742	0.9929939	13.70823
1398	-4306.794	-4592.198	285.4039	0.8077347	1.100038	12.44381
1404	-4301.759	-4587.209	285.4498	0.8292287	1.029459	12.44381
1410	-4307.896	-4594.367	286.4706	0.8899808	0.8625677	11.97074
1416	-4309.622	-4593.825	284.2037	0.8922465	0.8737739	13.14359
1422	-4310.635	-4594.626	283.9914	0.7959354	0.8676624	13.3075
1428	-4314.626	-4598.371	283.7453	0.674841	1.05002	13.40028
1434	-4309.973	-4595.017	285.0445	0.8403614	0.8796243	12.7299
1440	-4303.004	-4590.348	287.3445	0.806351	0.9594391	11.50378
1446	-4321.591	-4605.605	284.0143	0.7972774	0.9735006	13.23633
1452	-4305.892	-4593.481	287.5892	0.9584397	0.914435	11.32101
1458	-4298.346	-4584.264	285.9178	0.867655	0.9850248	12.20288
1464	-4318.032	-4601.474	283.4416	0.8721782	0.8408743	13.56903
1470	-4293.334	-4579.202	285.8682	0.8256737	0.8914044	12.30187
1476	-4314.918	-4600.541	285.623	0.8301721	1.133575	12.30187
1482	-4314.018	-4599.513	285.4947	0.8672312	0.8579957	12.49406
1488	-4323.357	-4610.762	287.4053	0.9360356	1.128137	11.31865
1494	-4311.866	-4600.119	288.2527	0.9210395	1.10195	10.89544
1500	-4314.696	-4600.504	285.8076	0.8503751	1.014126	12.25417
1506	-4307.871	-4594.818	286.9476	0.9288965	1.042641	11.60369
1512	-4315.988	-4600.722	284.734	0.9495347	0.8751797	12.83723
1518	-4312.589	-4598.02	285.4303	0.9592861	1.114644	12.34407
1524	-4308.776	-4594.464	285.6876	0.8031513	1.278702	12.21658
1530	-4306.135	-4590.163	284.0284	0.8565295	1.077294	13.14528
1536	-4314.67	-4603.468	288.7976	1.101729	1.00924	10.56163
1542	-4318.787	-4607.941	289.1541	1.103503	1.15429	10.30159
1548	-4317.588	-4606.705	289.1167	0.8832619	1.09118	10.46731
1554	-4315.971	-4607.246	291.2752	1.050402	0.9590478	9.310857
1560	-4324.202	-4615.023	290.8214	0.9511418	1.019003	9.570939
1566	-4312.784	-4599.087	286.3034	0.757449	1.019003	12.04159
1572	-4332.181	-4616.928	284.7474	0.7968084	0.9093017	12.89037
1578	-4318.114	-4605.104	286.9896	0.9226708	0.9907982	11.61173
1584	-4326.98	-4611.985	285.0046	0.7650702	0.7779759	12.85074
1590	-4323.645	-4609.257	285.6115	0.8901509	0.9384856	12.37581
1596	-4311.52	-4598.583	287.0636	0.9064792	1.160237	11.4976
1602	-4323.718	-4609.178	285.4605	0.9481478	1.039998	12.37091
1608	-4337.033	-4622.012	284.9797	0.7584693	0.991876	12.7448
1614	-4328.426	-4615.602	287.1753	0.8932258	0.9690093	11.54165
1620	-4344.837	-4630.693	285.8554	0.7903413	0.9810093	12.27785
1626	-4337.322	-4624.957	287.6352	0.8590801	0.8325096	11.39631
1632	-4329.652	-4612.719	283.0664	0.8150903	0.9532355	13.73014
1638	-4321.064	-4608.648	287.5837	0.8775668	0.9532355	11.34482
1644	-4338.36	-4625.111	286.7515	0.9440573	1.062973	11.68798
1650	-4319.483	-4602.81	283.3274	0.7524715	0.9590606	13.62402
1656	-4317.935	-4604.132	286.1976	0.8926058	1.030595	12.02033
1662	-4311.581	-4599.148	287.5674	0.8262433	1.309398	11.20952
1668	-4297.828	-4582.532	284.7041	0.7463295	0.9021336	12.94315
1674	-4294.708	-4580.469	285.7608	0.7581838	1.136761	12.26606
1680	-4309.625	-4593.472	283.8471	0.7289968	1.026126	13.33134
1686	-4296.637	-4583.392	286.7549	0.8147703	0.9732797	11.79995
1692	-4311.731	-4595.516	283.7853	0.8864608	0.9732797	13.30913
1698	-4319.824	-4610.189	290.3647	0.9950846	0.9894548	9.804059
1704	-4328.741	-4615.59	286.8496	0.8605646	1.020757	11.70174
1710	-4346.89	-4629.803	282.9131	0.7840499	1.12152	13.74068
1716	-4334.909	-4620.299	285.3901	0.8498207	0.9478478	12.50704
1722	-4306.765	-4588.976	282.2109	0.7881351	1.06474	14.13029
1728	-4304.944	-4590.155	285.2115	0.8324366	0.9353782	12.6159
1734	-4304.974	-4588.748	283.7741	0.8648803	1.054278	13.28446
1740	-4313.913	-4596.263	282.3504	0.8369418	0.8777413	14.13196
1746	-4322.007	-4606.265	284.2586	0.7539209	0.9067398	13.16825
1752	-4323.79	-4606.717	282.9269	0.7150428	1.021425	13.81866
1758	-4329.714	-4617.309	287.5944	0.8851754	0.8591694	11.38822
1764	-4326.92	-4614.641	287.721	0.835352	0.8919445	11.32914
1770	-4329.702	-4617.095	287.3926	0.9469485	1.088534	11.33874
1776	-4323.354	-4610.471	287.1169	0.8775397	0.9296768	11.60173
1782	-4316.417	-4602.33	285.9126	0.7373827	0.991227	12.27027
1788	-4325.972	-4611.477	285.5053	0.8792947	0.9899923	12.40923
1794	-4322.294	-4609.855	287.5608	0.9243947	1.071347	11.27101
1800	-4332.512	-4617.125	284.6128	0.7565552	1.23887	12.81803
1806	-4328.296	-4615.801	287.5052	0.8089372	0.8362748	11.48826
1812	-4314.741	-4599.492	284.751	0.7937818	0.9249882	12.88138
1818	-4308.056	-4592.862	284.8053	0.7811095	0.8863167	12.88138
1824	-4308.36	-4592.595	284.2356	0.9465383	0.9440668	13.05952
1830	-4325.409	-4610.044	284.6352	0.7548093	0.859565	12.99895
1836	-4322.952	-4607.995	285.0426	0.7440506	1.041752	12.69396
1842	-4311.164	-4592.679	281.515	0.7033574	1.02759	14.55335
1848	-4308.667	-4592.622	283.9551	0.7254583	1.02759	13.27634
1854	-4306.92	-4594.276	287.3552	0.7954275	0.9360232	11.51662
1860	-4310.886	-4594.909	284.0225	0.8437496	1.100566	13.14361
1866	-4310.232	-4594.053	283.8209	0.6476036	0.8168734	13.50303
1872	-4302.239	-4584.594	282.3553	0.8240212	0.9936414	14.0729
1878	-4303.409	-4590.456	287.0473	0.8260716	0.9056067	11.67843
1884	-4318.964	-4606.804	287.84	0.8515177	1.028853	11.18451
1890	-4330.974	-4614.446	283.472	0.8485312	0.8652123	13.55133
1896	-4344.306	-4627.832	283.5266	0.7938783	0.8652123	13.55133
1902	-4312.261	-4593.651	281.3897	0.740263	0.8919626	14.67159
1908	-4319.329	-4602.763	283.4332	0.7861917	1.135149	13.46317
1914	-4313.872	-4598.949	285.0774	0.8435794	1.008017	12.64126
1920	-4313.395	-4597.851	284.4557	0.7099258	0.9934755	13.04181
1926	-4294.763	-4580.591	285.8285	0.8673627	0.9696292	12.25776
1932	-4309.974	-4595.823	285.849	0.797842	1.018407	12.25776
1938	-4315.254	-4600.45	285.1954	0.7540909	1.046402	12.60684
1944	-4312.271	-4597.342	285.0709	0.8786014	1.046402	12.60684
1950	-4322.236	-4609.425	287.1891	0.8233283	1.082082	11.51297
1956	-4310.235	-4595.772	285.5372	0.8880728	1.082082	12.34127
1962	-4305.654	-4592.639	286.9848	0.7790695	0.8544455	11.76498
1968	-4330.321	-4616.904	286.5834	0.9617398	1.06614	11.76498
1974	-4334.917	-4617.502	282.5851	0.7858808	1.12849	13.90659
1980	-4318.756	-4602.134	283.3773	0.7983962	0.9601232	13.57372
1986	-4316.608	-4602.504	285.8951	0.8537585	1.046212	12.19045
1992	-4325.469	-4610.558	285.0891	0.9099464	1.026498	12.59113
1998	-4324.562	-4609.851	285.2887	0.6910408	1.170414	12.53126
2004	-4314.298	-4603.806	289.5077	1.062107	1.230744	10.10221
2010	-4321.65	-4606.219	284.569	0.8304752	0.9968913	12.91843
2016	-4317.245	-4605.235	287.9899	0.9071577	0.9487214	11.11921
2022	-4320.645	-4607.005	286.3598	0.9425978	0.870691	11.9964
2028	-4326.37	-4614.122	287.7522	0.77228	0.8757875	11.35508
2034	-4320.928	-4604.403	283.4753	0.86185	0.9026034	13.52141
2040	-4319.476	-4603.487	284.0117	0.8016688	1.09408	13.17425
2046	-4316.373	-4605.965	289.5916	0.7940165	0.8873207	10.37291
2052	-4321.796	-4606.437	284.6404	0.8273544	1.096632	12.83271
2058	-4328.853	-4615.244	286.3906	0.9752229	0.9215994	11.93448
2064	-4323.692	-4610.093	286.4017	0.9641002	0.9215994	11.93448
2070	-4318.521	-4605.926	287.4051	0.8779509	0.8490653	11.49691
2076	-4311.441	-4596.286	284.8455	0.7858552	0.8783322	12.86254
2082	-4314.966	-4601.683	286.7171	0.9182142	0.9709756	11.76691
2088	-4320.39	-4608.369	287.9788	0.9353408	0.9709756	11.09824
2094	-4311.36	-4599.104	287.7447	0.9085413	1.019111	11.20952
2100	-4300.339	-4584.145	283.8062	0.7138485	1.03886	13.35399
2106	-4306.61	-4592.898	286.288	0.6503925	1.002878	12.11382
2112	-4311.036	-4596.784	285.7471	0.7226202	0.9717609	12.37451
2118	-4305.785	-4591.458	285.6738	0.7930971	1.03464	12.34327
2124	-4313.051	-4597.702	284.6513	0.7795155	1.09488	12.85278
2130	-4322.033	-4608.385	286.3523	0.7974552	1.005577	12.00214
2136	-4303.743	-4589.576	285.8325	0.8218023	0.9750833	12.27652
2142	-4318.274	-4605.391	287.1165	0.9316259	1.20061	11.43817
2148	-4312.174	-4599.84	287.6655	0.7893278	1.080258	11.28251
2154	-4303.615	-4589.145	285.5301	0.7731716	0.866777	12.51946
2160	-4333.952	-4621.752	287.8004	1.008951	0.7837719	11.26141
2166	-4331.357	-4613.953	282.5966	0.8469721	1.104549	13.88038
2172	-4316.531	-4603.097	286.5663	0.8550466	0.92825	11.90181
2178	-4302.387	-4587.756	285.3686	0.7628015	1.013637	12.52879
2184	-4323.773	-4607.132	283.3594	0.8884645	0.8755471	13.58307
2190	-4308.584	-4597.19	288.6057	0.8882409	0.8844789	10.84244
2196	-4309.069	-4595.181	286.1123	0.8079851	1.012828	12.11811
2202	-4318.244	-4602.784	284.5396	0.822246	1.052169	12.90975
2208	-4316.302	-4603.103	286.8009	0.8211816	1.067954	11.7239
2214	-4314.393	-4600.507	286.114	0.8981959	0.8091962	12.18432
2220	-4316.04	-4602.083	286.0428	0.8695768	1.117374	12.07021
2226	-4314.426	-4599.878	285.4523	0.7182736	0.9987449	12.51609
2232	-4329.542	-4615.837	286.2952	0.8159289	0.8819783	12.08969
2238	-4324.584	-4610.755	286.171	0.7310354	1.088222	12.08969
2244	-4307.673	-4594.917	287.244	0.7921605	0.8563018	11.62167
2250	-4320.571	-4606.004	285.4331	0.7634303	0.9296744	12.53957
2256	-4321.634	-4608.352	286.7183	0.8941387	0.9296744	11.80129
2262	-4317.24	-4603.722	286.482	0.8793509	1.012273	11.88823
2268	-4319.74	-4604.368	284.6281	0.72581	0.8780414	13.00704
2274	-4322.119	-4610.721	288.6025	0.8583219	0.9830164	10.80544
2280	-4314.257	-4597.58	283.3232	0.7977141	0.8705429	13.65186
2286	-4323.166	-4612.121	288.9548	0.9474024	0.9315184	10.60183
2292	-4314.282	-4599.07	284.7885	0.7249744	1.116929	12.79915
2298	-4317.808	-4605.689	287.8811	0.7271861	1.175085	11.15686
2304	-4319.147	-4602.556	283.4092	0.8454804	0.947751	13.53938
2310	-4311.016	-4594.876	283.8597	0.7813094	0.947751	13.33875
2316	-4319.839	-4602.347	282.5075	0.8678668	1.010003	13.9628
2322	-4332.392	-4616.903	284.5108	0.8126192	1.098354	12.907
2328	-4337.68	-4623.855	286.1743	0.7675704	0.9336966	12.14897
2334	-4349.907	-4636.747	286.8392	0.8178615	0.7505665	11.88466
2340	-4327.834	-4618.116	290.2815	0.7945247	0.8785356	10.01497
2346	-4327.079	-4611.724	284.6449	0.7354023	0.9795653	12.93748
2352	-4325.876	-4612.588	286.712	0.8347345	0.9795653	11.80859
2358	-4318.841	-4605.52	286.6796	0.8919783	0.955326	11.80859
2364	-4318.721	-4606.629	287.9075	0.7650843	1.03563	11.19095
2370	-4319.681	-4602.7	283.019	0.8245637	0.8783748	13.79131
2376	-4317.065	-4602.073	285.0079	0.6922837	1.04591	12.73688
2382	-4309.86	-4594.049	284.1892	0.7270558	0.9271623	13.20694
2388	-4312.355	-4598.565	286.2097	0.8474452	0.9271623	12.09243
2394	-4310.898	-4596.926	286.0279	0.856637	1.035234	12.12523
2400	-4328.368	-4610.993	282.6246	0.7169152	1.063265	13.95347
2406	-4314.385	-4599.503	285.1185	0.7147084	1.043711	12.6687
2412	-4317.903	-4603.689	285.7862	0.7728372	1.030369	12.29745
2418	-4316.343	-4602.147	285.804	0.8333014	1.178301	12.185
2424	-4310.586	-4595.613	285.027	0.7694735	1.134898	12.64335
2430	-4305.851	-4590.723	284.8718	0.6605031	0.9284729	12.88597
2436	-4316.493	-4602.967	286.4745	0.8728527	0.8143413	12.00638
2442	-4313.102	-4595.978	282.8766	0.7092901	0.9565356	13.88169
2448	-4325.024	-4609.291	284.2671	0.7906063	0.8811216	13.15926
2454	-4322.809	-4606.981	284.172	0.8956172	1.000819	13.08893
2460	-4324.932	-4609.264	284.3325	0.8940405	0.9039403	13.05856
2466	-4318.984	-4603.416	284.4319	0.7918335	1.034336	12.99056
2472	-4319.582	-4602.569	282.987	0.7438895	1.077769	13.74434
2478	-4314.69	-4598.602	283.9122	0.8012971	1.110685	13.21816
2484	-4318.346	-4603.625	285.2794	0.8305273	0.9434701	12.57711
2490	-4316.057	-4600.655	284.5981	0.68774	0.9144533	13.02186
2496	-4313.156	-4599.602	286.4456	0.8109481	0.9144533	11.99547
2502	-4330.032	-4611.273	281.2411	0.6732603	1.055762	14.69659
2508	-4333.029	-4616.717	283.6881	0.7785362	1.071644	13.36538
2514	-4338.978	-4623.804	284.8263	0.7955125	1.08809	12.75675
2520	-4314.494	-4599.985	285.4909	0.9958048	1.010877	12.34514
2526	-4322.057	-4607.844	285.7873	0.9560368	0.891033	12.27631
2532	-4320.974	-4611.163	290.1889	0.922594	0.8564948	10.0092
2538	-4325.932	-4610.607	284.6756	0.7530631	0.9545288	12.92566
2544	-4323.877	-4608.385	284.508	0.8264471	1.048865	12.92566
2550	-4318.78	-4603.842	285.0615	0.9024432	1.066944	12.58906
2556	-4318.481	-4599.355	280.8737	0.7471097	0.9416882	14.90763
2562	-4317.81	-4600.784	282.9733	0.7600861	1.026076	13.76888
2568	-4310.444	-4594.886	284.4421	0.7138181	1.058694	13.0136
2574	-4318.948	-4603.803	284.8553	0.8327918	1.058694	12.73677
2580	-4325.109	-4611.991	286.8819	0.7675676	0.8158336	11.84781
2586	-4331.156	-4618.48	287.3243	0.8771199	0.948005	11.48351
2592	-4338.408	-4623.135	284.7273	0.7572157	1.077871	12.83318
2598	-4328.202	-4615.227	287.0242	0.9570014	0.972325	11.58552
2604	-4332.764	-4617.398	284.6343	0.7442043	1.007355	12.9239
2610	-4337.607	-4623.593	285.9852	0.8383474	1.188039	12.08338
2616	-4322.663	-4606.568	283.9052	0.7654559	0.9474907	13.3235
2622	-4324.043	-4610.264	286.2206	0.7654559	0.9536111	12.1151
2628	-4322.776	-4609.581	286.8045	0.7881388	0.8967747	11.82998
2634	-4319.297	-4604.426	285.129	0.7413471	0.8897729	12.73169
2640	-4323.783	-4612.261	288.4783	0.8316352	1.020047	10.86513
2646	-4333.207	-4620.671	287.4637	0.7669746	1.058418	11.41062
2652	-4326.521	-4609.172	282.6503	0.8138532	1.070405	13.88632
2658	-4318.726	-4604.363	285.637	0.8081037	0.8527452	12.45379
2664	-4328.171	-4612.852	284.6811	0.8252577	1.039727	12.84081
2670	-4320.638	-4606.675	286.0371	0.7909058	0.8923919	12.23136
2676	-4311.312	-4600.623	289.3105	0.8266241	0.9827003	10.45075
2682	-4321.347	-4609.027	287.6796	0.9303827	0.8458495	11.32785
2688	-4329.703	-4620.78	291.0768	0.8924521	0.8129877	9.583503
2694	-4315.435	-4600.37	284.9342	0.7785387	0.7502639	12.89793
2700	-4326.666	-4613.366	286.7005	0.7968128	1.096322	11.77507
2706	-4338.821	-4624.05	285.2294	0.777554	1.112351	12.54449
2712	-4319.749	-4606.209	286.4605	0.8513421	1.000514	11.92021
2718	-4314.468	-4599.118	284.6506	0.7467957	0.7709176	13.04876
2724	-4318.021	-4603.917	285.896	0.7728832	0.888993	12.31623
2730	-4343.46	-4626.621	283.1612	0.7065956	0.9872138	13.71918
2736	-4347.788	-4632.84	285.052	0.8594332	0.9939689	12.65354
2742	-4337.28	-4621.388	284.108	0.8015511	0.9893341	13.17711
2748	-4330.866	-4614.944	284.0784	0.819539	0.8980582	13.23268
2754	-4337.451	-4621.435	283.9838	0.7920601	1.01606	13.23268
2760	-4336.203	-4621.183	284.9798	0.8336345	1.001419	12.70064
2766	-4320.786	-4602.354	281.5688	0.7482854	1.02029	14.50591
2772	-4321.436	-4604.763	283.3272	0.7531328	1.02029	13.59178
2778	-4322.297	-4607.901	285.6046	0.7916737	0.9705854	12.41341
2784	-4322.086	-4604.643	282.558	0.8191621	1.101042	13.91654
2790	-4318.781	-4604.327	285.5458	0.8149248	1.064516	12.38359
2796	-4331.372	-4617.701	286.3293	0.7180906	1.195689	11.96312
2802	-4317.8	-4604.469	286.6686	0.7384688	0.8344039	11.96312
2808	-4343.578	-4626.061	282.483	0.8230992	0.9561623	14.02702
2814	-4323.838	-4608.339	284.5006	0.7476012	0.9610684	13.01603
2820	-4339.651	-4622.393	282.7425	0.6999874	0.9878452	13.93951
2826	-4322.05	-4603.326	281.2761	0.7912883	0.9135319	14.69193
2832	-4336.225	-4625.72	289.4953	0.8525375	0.9932911	10.33446
2838	-4335.186	-4623.005	287.8199	0.8633769	0.9799833	11.21433
2844	-4322.027	-4606.902	284.8745	0.7660894	1.076836	12.75246
2850	-4318.802	-4604.999	286.1975	0.8285903	1.067836	12.03503
2856	-4331.892	-4618.085	286.1925	0.7810766	1.124152	12.03503
2862	-4325.086	-4611.274	286.1883	0.7852694	1.124152	12.03503
2868	-4322.04	-4607.201	285.1609	0.7620068	0.8144597	12.7485
2874	-4319.402	-4607.096	287.694	0.859077	0.8144597	11.37648
2880	-4329.109	-4615.23	286.1215	0.8390699	0.906199	12.15449
2886	-4328.472	-4609.055	280.583	0.8724976	1.029696	14.94707
2892	-4334.942	-4623.071	288.1288	0.8594913	0.9167641	11.08906
2898	-4330.467	-4618.105	287.6372	0.7460002	0.9389649	11.39342
2904	-4323.051	-4610.879	287.8283	0.8187778	1.297487	11.08194
2910	-4328.483	-4616.428	287.9454	0.9171451	1.054481	11.08194
2916	-4317.959	-4605.858	287.8997	0.9916009	1.024903	11.08194
2922	-4316.201	-4604.367	288.1663	0.9490565	1.021608	10.96629
2928	-4318.472	-4603.534	285.0623	1.03175	0.9897395	12.56067
2934	-4318.865	-4604.127	285.2615	1.074095	1.088654	12.38479
2940	-4323.53	-4609.315	285.7857	0.9000207	0.8728376	12.31674
2946	-4319.56	-4605.44	285.8803	0.8053529	0.8728376	12.31674
2952	-4306.028	-4593.037	287.0087	0.8483599	0.8728376	11.70559
2958	-4308.084	-4592.3	284.2165	0.7289927	0.9824518	13.16202
2964	-4337.917	-4625.794	287.8765	0.765816	1.073372	11.18782
2970	-4323.723	-4609.415	285.6923	0.9041662	0.9680536	12.31041
2976	-4306.118	-4591.106	284.9881	0.8656202	0.9678835	12.69736
2982	-4337.144	-4622.603	285.4587	0.8042707	0.9741154	12.48093
2988	-4332.783	-4619.248	286.4647	0.9484632	0.9385156	11.90047
2994	-4334.827	-4623.12	288.2929	1.006736	0.9266224	10.92049
3000	-4322.762	-4613.611	290.8487	1.012931	1.037383	9.514437
3006	-4331.63	-4617.782	286.1523	0.9353207	0.9850613	12.04529
3012	-4334.302	-4619.259	284.9575	0.8679686	1.055988	12.66661
3018	-4330.649	-4615.772	285.1237	0.7098247	1.057351	12.66171
3024	-4335.372	-4620.649	285.2774	0.9317078	0.716566	12.66171
3030	-4311.986	-4597.338	285.3526	0.88352	0.6956585	12.66171
3036	-4309.792	-4594.835	285.0427	0.8158098	1.036792	12.65905
3042	-4313.095	-4601.252	288.1573	0.998502	1.040699	10.93534
3048	-4316.367	-4602.228	285.8605	0.9430371	1.040699	12.16474
3054	-4322.087	-4605.512	283.4251	1.052114	1.023846	13.38387
3060	-4319.367	-4603.36	283.993	0.9397979	0.8532867	13.24025
3066	-4328.936	-4610.134	281.1982	0.7330037	0.8637301	14.79054
3072	-4331.594	-4616.85	285.2562	0.9047393	1.001217	12.51982
3078	-4316.908	-4603.856	286.9486	0.9042349	1.06424	11.60522
3084	-4310.512	-4599.38	288.8679	1.012669	1.158487	10.49767
3090	-4306.936	-4595.989	289.0537	0.9175741	1.117425	10.46956
3096	-4302.805	-4589.039	286.2339	0.8011225	0.8467749	12.14987
3102	-4320.935	-4606.902	285.9674	0.8272194	0.8336176	12.283
3108	-4305.425	-4590.87	285.4447	0.7195083	0.8856096	12.58106
3114	-4310.341	-4594.583	284.2428	0.7563143	0.9041714	13.17667
3120	-4311.158	-4597.323	286.1644	0.7956688	1.120121	12.04398
3126	-4316.895	-4601.967	285.0723	0.6389286	0.8427134	12.84172
3132	-4312.627	-4599.955	287.328	0.8246374	1.139234	11.41202
3138	-4316.66	-4601.246	284.5853	0.7972811	0.9914834	12.93
3144	-4320.711	-4607.374	286.663	0.8559551	1.065902	11.77878
3150	-4346.98	-4629.959	282.9792	0.6196341	1.176946	13.76582
3156	-4327.517	-4613.303	285.7862	0.821804	0.9664596	12.30526
3162	-4331.655	-4619.337	287.6815	0.8341023	0.9316979	11.32815
3168	-4325.095	-4610.73	285.6344	0.7797045	0.9199661	12.43161
3174	-4325.736	-4614.401	288.6651	0.8342802	1.076297	10.73734
3180	-4321.24	-4609.888	288.6488	0.8505699	1.076297	10.73734
3186	-4322.943	-4610.118	287.175	0.9331225	0.8926773	11.56307
3192	-4335.058	-4622.699	287.6407	0.8992329	0.8926773	11.3373
3198	-4330.968	-4614.019	283.0518	0.7871451	0.8633296	13.80232
3204	-4328.096	-4615.836	287.7398	0.8930176	1.120984	11.16953
3210	-4315.706	-4600.31	284.6037	0.8592642	1.120984	12.82352
3216	-4318.292	-4602.775	284.4827	0.9026054	0.8860338	12.98616
3222	-4315.142	-4602.719	287.5773	0.8313927	0.8395527	11.43685
3228	-4330.237	-4616.271	286.0338	0.8429717	0.9495114	12.17426
3234	-4327.32	-4614.565	287.2451	0.9063571	0.9993376	11.48229
3240	-4337.092	-4624.195	287.1027	0.8623484	0.9759134	11.59204
3246	-4329.551	-4615.751	286.2	0.9030891	1.006781	12.02588
3252	-4320.74	-4609.121	288.3811	0.8520999	1.059769	10.88511
3258	-4312.441	-4599.064	286.6229	0.7482881	1.105186	11.83663
3264	-4335.775	-4622.384	286.6092	0.7938653	1.209181	11.77133
3270	-4327.988	-4614.085	286.0974	0.8270184	1.190118	12.02983
3276	-4327.274	-4611.469	284.1948	0.855899	0.9210599	13.14046
3282	-4317.313	-4604.744	287.4306	0.8987427	0.9210599	11.43145
3288	-4325.132	-4612.152	287.0201	0.8861196	1.138763	11.54107
3294	-4327.919	-4616.334	288.4142	0.9645693	1.03579	10.82095
3300	-4328.275	-4615.721	287.4461	0.9026219	1.060008	11.34809
3306	-4340.737	-4626.311	285.5739	0.7107789	0.8633961	12.53112
3312	-4332.508	-4618.906	286.3979	0.7664211	1.178175	11.91011
3318	-4316.866	-4603.572	286.7056	0.8792519	0.9322343	11.81429
3324	-4317.076	-4605.952	288.8762	0.9940598	1.020732	10.57091
3330	-4317.633	-4604.141	286.5085	0.8094232	1.062568	11.88537
3336	-4325.945	-4612.377	286.4322	0.7525316	1.031167	11.97072
3342	-4325.013	-4611.124	286.1111	0.888116	0.8228884	12.18278
3348	-4330.947	-4617.34	286.3935	0.8360994	0.8690066	12.03536
3354	-4327.205	-4615.103	287.8981	0.8485671	0.8772984	11.23795
3360	-4343.997	-4631.735	287.7382	1.069482	0.8232472	11.23795
3366	-4324.76	-4610.893	286.1329	0.9219985	1.183991	11.96458
3372	-4314.357	-4598.736	284.3785	0.5765846	1.049869	13.12238
3378	-4311.117	-4596.471	285.354	0.7438665	1.11858	12.49413
3384	-4333.365	-4621.212	287.8468	0.9824636	0.9684983	11.14403
3390	-4306.237	-4594.103	287.8653	0.7955477	1.030585	11.19965
3396	-4308.781	-4596.616	287.8346	0.7955477	1.062345	11.19965
3402	-4309.971	-4595.141	285.1703	0.8680036	0.9735653	12.59827
3408	-4309.531	-4596.915	287.3833	0.8188068	0.9958867	11.45762
3414	-4307.732	-4594.25	286.5181	0.7064374	0.8632092	12.04139
3420	-4317.013	-4603.009	285.996	0.9685369	0.9567818	12.12457
3426	-4310.831	-4600.812	289.9805	1.067353	0.8688364	10.03546
3432	-4336.989	-4621.395	284.4065	0.8584046	0.9993549	12.98713
3438	-4331.505	-4619.4	287.895	1.055087	0.9509249	11.09024
3444	-4308.399	-4593.408	285.0088	0.8696588	1.083745	12.62528
3450	-4315.338	-4598.893	283.5547	0.8154262	1.138311	13.38337
3456	-4307.332	-4591.115	283.7826	0.667934	1.052227	13.38337
3462	-4314.282	-4597.675	283.393	0.7988939	1.176706	13.45809
3468	-4314.092	-4597.708	283.6164	0.7737199	0.9681834	13.45809
3474	-4336.341	-4625.264	288.9229	0.7811381	1.065566	10.63534
3480	-4327.937	-4616.601	288.665	0.7811381	1.097301	10.75493
3486	-4320.653	-4607.289	286.6366	0.81732	0.8802219	11.91183
3492	-4331.816	-4620.053	288.2365	0.8679041	1.097309	10.93401
3498	-4335.284	-4621.036	285.7526	0.8931612	1.061196	12.2367
3504	-4333.925	-4618.804	284.8792	0.9179715	1.173248	12.62505
3510	-4331.312	-4615.141	283.8287	0.934423	0.9716902	13.26248
3516	-4334.084	-4622.568	288.4841	0.9494929	0.8564831	10.89039
3522	-4339.543	-4626.536	286.9924	0.6758647	1.013391	11.72742
3528	-4330.225	-4617.524	287.2987	0.7436743	1.042531	11.51708
3534	-4328.437	-4614.581	286.1441	0.6331298	1.150904	12.12478
3540	-4322.152	-4608.959	286.8068	0.7092752	1.001445	11.81312
3546	-4316.001	-4601.07	285.069	0.7639062	1.090334	12.64577
3552	-4322.196	-4606.479	284.2824	0.8518376	1.130993	12.98973
3558	-4341.316	-4628.884	287.5687	0.8703142	1.238027	11.21685
3564	-4348.689	-4633.612	284.9233	0.7707177	0.8534908	12.84436
3570	-4358.686	-4642.551	283.8651	0.7854478	1.027722	13.29185
3576	-4353.508	-4637.355	283.8473	0.7616064	0.9623452	13.34758
3582	-4334.471	-4622.125	287.6547	0.954843	0.9374687	11.27586
3588	-4313.189	-4600.585	287.3964	0.8739718	1.021166	11.40876
3594	-4308.247	-4594.544	286.2969	0.7678817	0.9336471	12.08489
3600	-4302.92	-4587.191	284.2707	0.7709554	0.8563125	13.1819
3606	-4312.584	-4597.998	285.4133	0.6879264	0.9080265	12.60119
3612	-4319.479	-4603.802	284.3231	0.8347924	0.9831088	13.05126
3618	-4337.068	-4620.09	283.0222	0.7857832	1.121175	13.68337
3624	-4309.124	-4593.899	284.7755	0.7316911	1.121175	12.80041
3630	-4315.263	-4602.593	287.3298	0.8710189	1.010509	11.45065
3636	-4311.545	-4594.592	283.0469	0.6580908	0.8711175	13.86734
3642	-4319.517	-4606.594	287.0773	0.7266665	0.8735683	11.73292
3648	-4309.939	-4596.717	286.7776	0.7361022	1.166922	11.73292
3654	-4313.784	-4601.36	287.5758	0.8361379	0.8696702	11.41745
3660	-4319.682	-4606.233	286.5508	0.789174	1.001974	11.90477
3666	-4322.543	-4611.302	288.7588	0.7787149	0.9619403	10.77652
3672	-4330.235	-4614.866	284.6314	0.6662222	0.8335076	13.06233
3678	-4329.469	-4615.485	286.0156	0.8244754	1.146502	12.09407
3684	-4322.012	-4604.843	282.8302	0.7898665	1.117811	13.78245
3690	-4310.761	-4597.178	286.4176	0.715829	0.9814642	12.02332
3696	-4311.12	-4599.038	287.9183	0.7771216	0.9871832	11.20415
3702	-4319.335	-4604.72	285.3853	0.6672687	0.9871832	12.58364
3708	-4315.043	-4602.05	287.0064	0.8113332	1.185519	11.56553
3714	-4323.603	-4609.3	285.6971	0.7183613	0.973569	12.40179
3720	-4331.607	-4618.866	287.2588	0.8095525	0.9300553	11.56293
3726	-4315.887	-4603.146	287.2588	0.8095525	0.9300553	11.56293
3732	-4315.354	-4598.545	283.1908	0.702524	1.172372	13.61512
3738	-4311.386	-4593.588	282.2018	0.7007881	0.826894	14.30923
3744	-4320.682	-4606.7	286.0179	0.7766486	0.826894	12.28705
3750	-4317.151	-4603.173	286.0228	0.7639073	0.8337132	12.28705
3756	-4305.065	-4592.647	287.5821	0.9116151	0.9923673	11.30692
3762	-4317.95	-4604.235	286.2854	0.9440747	0.8910053	12.0228
3768	-4324.883	-4604.77	279.8869	0.8584477	1.036919	15.31065
3774	-4326.742	-4609.189	282.4466	0.6893182	1.030045	14.07671
3780	-4348.174	-4630.827	282.6536	0.7283578	0.9126428	14.0114
3786	-4350.028	-4637.638	287.6093	0.7679725	0.8058818	11.47364
3792	-4345.08	-4631.075	285.9957	0.8388318	0.8389496	12.25899
3798	-4332.985	-4621.657	288.6721	0.9239191	1.024046	10.71309
3804	-4332.445	-4621.135	288.6897	0.9596095	0.9707881	10.71309
3810	-4347.231	-4639.914	292.6823	1.066844	0.8887967	8.596427
3816	-4329.126	-4615.675	286.5496	1.025793	0.8365106	11.87402
3822	-4326.207	-4611.354	285.1468	0.6594252	1.05812	12.67554
3828	-4345.491	-4631.82	286.3292	0.8490322	1.192878	11.89611
3834	-4332.702	-4621.659	288.9572	0.9775443	0.9320852	10.58442
3840	-4322.178	-4612.201	290.0237	1.086648	0.7805844	10.0562
3846	-4326.541	-4614.016	287.4756	0.9330981	0.8787018	11.41393
3852	-4325.873	-4608.807	282.9337	0.8183838	1.001718	13.77165
3858	-4317.389	-4602.732	285.3428	0.8147053	1.09492	12.47451
3864	-4318.419	-4604.503	286.0834	0.8633542	0.923467	12.15203
3870	-4317.823	-4603.748	285.9253	0.8053753	1.05174	12.19716
3876	-4318.201	-4604.494	286.2932	0.8279914	1.006188	12.01673
3882	-4337.616	-4622.901	285.2854	0.9899706	1.141866	12.39061
3888	-4325.124	-4613.695	288.571	0.8117763	0.9758402	10.85016
3894	-4325.605	-4614.842	289.237	0.9355553	0.8982134	10.4786
3900	-4320.937	-4608.903	287.9663	0.862635	1.238595	11.01245
3906	-4325.637	-4609.146	283.5085	0.7797687	0.9533611	13.51891
3912	-4340.135	-4623.576	283.441	0.8593246	1.006812	13.48449
3918	-4329.255	-4613.798	284.5427	0.8365624	1.154925	12.85106
3924	-4331.312	-4615.797	284.4846	0.6817316	0.8861463	13.09993
3930	-4322.318	-4606.494	284.1751	0.8401832	1.032333	13.09993
3936	-4326.145	-4609.503	283.3578	0.6394287	1.266784	13.51895
3942	-4321.094	-4605.385	284.2915	0.7814871	0.9762493	13.09905
3948	-4329.824	-4613.817	283.9928	0.6586239	0.986452	13.31273
3954	-4322.506	-4608.529	286.0226	0.7712347	0.8585522	12.26866
3960	-4340.286	-4626.426	286.1402	0.828918	1.011756	12.09319
3966	-4331.353	-4614.963	283.6104	0.8141369	1.125537	13.36118
3972	-4312.405	-4596.774	284.3685	0.7116378	0.8846177	13.14562
3978	-4309.192	-4591.65	282.4579	0.8217028	1.035743	13.99934
3984	-4320.511	-4600.488	279.9774	0.7850015	0.7603757	15.45738
3990	-4338.197	-4623.306	285.1096	0.7393511	0.904903	12.73425
3996	-4326.584	-4613.977	287.3936	0.8449509	0.9497351	11.46318
4002	-4324.589	-4609.425	284.8355	0.7119969	0.9063499	12.89033
4008	-4320.156	-4604.941	284.7852	0.7965921	0.9073015	12.87193
4014	-4318.154	-4600.041	281.887	0.8335697	0.8975066	14.36261
4020	-4324.229	-4607.188	282.9585	0.747096	0.8975066	13.85199
4026	-4327.69	-4609.71	282.0201	0.8534337	1.158817	14.1503
4032	-4337.055	-4620.987	283.9315	0.8554458	0.9576971	13.25755
4038	-4347.681	-4631.673	283.9925	0.7730784	0.9786212	13.25755
4044	-4325.696	-4608.168	282.4721	0.893379	1.143426	13.9024
4050	-4315.1	-4595.226	280.1262	0.7810332	1.000807	15.24538
4056	-4320.439	-4606.807	286.3672	0.851214	1.008068	11.96502
4062	-4315.522	-4600.633	285.1116	0.7302156	0.9667934	12.70412
4068	-4323.509	-4607.971	284.4624	0.7637911	0.9667934	13.02441
4074	-4312.868	-4600.594	287.726	0.9744377	1.028593	11.17998
4080	-4315.8	-4603.585	287.7857	0.7487699	1.208932	11.17998
4086	-4315.524	-4599.899	284.3747	0.6478549	1.034822	13.09492
4092	-4326.221	-4611.752	285.5316	0.7470146	0.9669742	12.47661
4098	-4323.268	-4607.772	284.5036	0.7465852	0.9941264	12.99751
4104	-4320.699	-4605.174	284.4748	0.6929402	1.078763	12.99751
4110	-4310.726	-4596.288	285.5617	0.8252408	1.06438	12.36999
4116	-4321.589	-4608.586	286.9975	0.8504901	0.8253395	11.73835
4122	-4322.71	-4608.017	285.3064	0.7143867	0.7922489	12.71115
4128	-4322.297	-4612.501	290.2037	0.9617977	0.8675009	9.974343
4134	-4330.793	-4618.625	287.8321	0.7928123	1.014259	11.2269
4140	-4317.688	-4605.329	287.6408	0.8305111	1.014259	11.30725
4146	-4313.646	-4601.281	287.6345	0.867118	1.107563	11.24467
4152	-4326.417	-4614.829	288.4119	0.8043831	1.026323	10.91097
4158	-4318.587	-4603.575	284.9881	0.7831651	0.9926339	12.72719
4164	-4320.371	-4606.148	285.7775	0.8133665	1.002802	12.29501
4170	-4311.981	-4596.898	284.9177	0.7989365	1.040599	12.73095
4176	-4312.865	-4597.872	285.0064	0.7669982	0.9833286	12.73095
4182	-4313.206	-4601.554	288.3484	0.9302518	1.121301	10.83106
4188	-4316.805	-4604.512	287.7076	0.7687626	1.018298	11.30249
4194	-4314.82	-4601.395	286.5748	0.8753146	0.9591708	11.86995
4200	-4307.147	-4594.605	287.4582	0.8453756	0.9028824	11.45514
4206	-4315.181	-4601.294	286.1134	0.7429449	1.207717	12.05736
4212	-4311.59	-4599.266	287.6764	0.9135598	0.8588439	11.33069
4218	-4311.977	-4597.748	285.7715	0.912365	1.010042	12.24278
4224	-4303.908	-4591.724	287.8162	0.8968619	0.9561302	11.21151
4230	-4322.335	-4609.325	286.9906	0.9000824	1.140074	11.54859
4236	-4338.025	-4624.661	286.6366	0.8937169	0.8696754	11.87807
4242	-4343.136	-4630.026	286.8898	1.014721	1.050732	11.58494
4248	-4331.123	-4617.791	286.6684	0.8747264	0.8873824	11.86119
4254	-4323.268	-4606.631	283.3637	0.7056729	1.016263	13.59953
4260	-4314.51	-4596.903	282.3927	0.7767583	1.025484	14.06162
4266	-4301.42	-4585.631	284.2109	0.6168214	0.919545	13.25716
4272	-4318.458	-4604.076	285.6183	0.727936	1.147345	12.3511
4278	-4318.497	-4604.56	286.0632	0.8778185	0.9905311	12.1189
4284	-4323.538	-4608.834	285.2962	0.7782502	0.9809364	12.57551
4290	-4333.896	-4617.257	283.3608	0.7593955	1.025304	13.5685
4296	-4316.962	-4605.147	288.1849	0.9370502	1.056169	10.94521
4302	-4320.44	-4603.223	282.7824	0.8035162	1.09181	13.81268
4308	-4342.955	-4628.179	285.2236	0.8476692	1.09181	12.52095
4314	-4317.221	-4601.29	284.069	0.9261766	0.9829117	13.13593
4320	-4321.019	-4606.11	285.0917	0.8045364	0.9687928	12.67475
4326	-4318.753	-4601.901	283.1478	0.6881936	0.9564888	13.75198
4332	-4319.503	-4605.005	285.5026	0.9261973	1.057505	12.3516
4338	-4316.664	-4600.829	284.1653	0.8020887	0.7493789	13.286
4344	-4321.019	-4604.131	283.1116	0.8002144	1.059781	13.65934
4350	-4308.697	-4595.279	286.5814	0.8569562	0.8562204	11.93387
4356	-4312.21	-4595.937	283.7272	0.9382434	1.086058	13.25504
4362	-4307.379	-4594.194	286.8152	0.8044448	1.041451	11.73847
4368	-4311.949	-4597.942	285.9933	0.9570379	1.018384	12.09957
4374	-4299.905	-4586.93	287.0248	0.9396922	1.018384	11.57009
4380	-4327.936	-4615.151	287.2144	0.9074052	0.868051	11.57009
4386	-4325.354	-4612.099	286.7457	0.8501204	0.8451974	11.85819
4392	-4321.823	-4608.553	286.7303	0.8051287	0.8997274	11.85819
4398	-4326.978	-4613.85	286.8716	0.8858317	1.030447	11.67209
4404	-4313.699	-4598.71	285.011	0.9348271	1.030447	12.61684
4410	-4320.452	-4609.282	288.8297	0.8949042	0.8048232	10.76892
4416	-4311.156	-4598.939	287.7832	0.9396811	0.7803147	11.30879
4422	-4329.746	-4616.146	286.4006	0.8772555	0.9577756	11.96062
4428	-4317.326	-4602.981	285.6545	0.7357012	0.9254324	12.44102
4434	-4325.111	-4610.931	285.8201	0.7401576	0.8647049	12.3868
4440	-4315.274	-4603.432	288.1583	0.7901133	0.9731056	11.07919
4446	-4319.876	-4606.269	286.3922	0.9523751	0.9731056	11.91757
4452	-4322.403	-4608.979	286.5755	0.7690744	0.9731056	11.91757
4458	-4329.044	-4612.581	283.5371	0.7311217	1.132951	13.43886
4464	-4319.097	-4603.846	284.7487	0.7001188	1.043215	12.869
4470	-4339.644	-4624.798	285.154	0.9650546	1.030086	12.52682
4476	-4329.302	-4615.123	285.8209	0.9280511	1.072825	12.17711
4482	-4334.032	-4621.656	287.6241	1.002693	0.9180647	11.27755
4488	-4323.518	-4613.799	290.281	0.9158364	1.126657	9.820587
4494	-4346.39	-4627.547	281.1566	0.9085515	1.050336	14.6212
4500	-4338.428	-4625.764	287.3362	0.9457787	1.122456	11.35242
4506	-4338.715	-4623.123	284.4072	0.8032085	1.033219	12.99808
4512	-4346.934	-4625.75	278.8165	0.7510158	0.9571592	15.96035
4518	-4337.03	-4615.893	278.8632	0.7349445	0.9278085	15.96035
4524	-4329.523	-4617.14	287.6172	0.9573903	1.034689	11.24272
4530	-4334.329	-4622.43	288.1006	0.8690387	1.015087	11.046
4536	-4328.596	-4615.5	286.9043	0.8449922	1.062156	11.66033
4542	-4334.51	-4622.541	288.031	0.9240785	0.9641349	11.0805
4548	-4327.345	-4614.018	286.6736	0.8568605	0.973201	11.8205
4554	-4332.417	-4621.095	288.6779	0.9627747	0.7649516	10.83793
4560	-4327.273	-4613.037	285.7641	0.8667263	1.048252	12.25097
4566	-4332.111	-4621.245	289.1342	1.006913	1.133097	10.37284
4572	-4319.126	-4607.793	288.667	1.047866	0.9179667	10.70766
4578	-4325.97	-4615.833	289.8629	0.7852456	1.05813	10.14314
4584	-4310.939	-4594.779	283.8399	0.845377	1.019557	13.27797
4590	-4321.84	-4606.872	285.0326	0.9319856	1.055553	12.59436
4596	-4340.724	-4627.062	286.3376	0.8473982	0.9808888	11.99672
4602	-4329.578	-4617.229	287.6507	0.913418	0.9808888	11.27619
4608	-4325.669	-4614.067	288.3978	0.8597104	0.9510917	10.92914
4614	-4328.637	-4611.263	282.626	0.7741411	1.008209	13.95086
4620	-4321.488	-4607.32	285.8322	0.8981241	1.181218	12.13517
4626	-4321.107	-4606.544	285.4371	0.8302108	0.9434361	12.4952
4632	-4315.235	-4600.148	284.9127	0.7618714	1.017725	12.76452
4638	-4322.295	-4610.534	288.2392	0.8814198	1.030348	10.95905
4644	-4309.93	-4596.885	286.9552	0.8852296	1.004781	11.64197
4650	-4324.695	-4612.908	288.2129	0.7426284	1.063116	11.02891
4656	-4330.074	-4615.757	285.6832	0.6958429	1.063116	12.37475
4662	-4315.851	-4603.225	287.3744	0.7646939	1.07945	11.44805
4668	-4314.967	-4601.943	286.976	0.922717	0.995104	11.61655
4674	-4317.965	-4609.997	292.0315	1.141245	1.190462	8.74614
4680	-4321.481	-4612.237	290.7555	1.056531	0.9916413	9.56448
4686	-4320.724	-4604.85	284.1254	0.9275072	0.9381702	13.12993
4692	-4334.73	-4620.136	285.4059	0.6664266	0.8819264	12.63101
4698	-4328.124	-4614.095	285.9712	0.7455455	1.045965	12.2073
4704	-4330.046	-4616.469	286.4227	1.029306	1.174611	11.76161
4710	-4322.109	-4610.368	288.2591	0.9207559	1.030317	10.92801
4716	-4333.989	-4620.549	286.5592	0.9100977	0.953386	11.86305
4722	-4333.693	-4615.103	281.4091	0.6815454	0.9890345	14.63932
4728	-4334.796	-4618.415	283.6188	0.6577439	1.03698	13.48141
4734	-4325.807	-4609.275	283.4688	0.8795126	1.086334	13.41963
4740	-4320.335	-4605.321	284.9865	1.048158	1.127397	12.52286
4746	-4314.123	-4600.792	286.6688	0.860811	1.138311	11.73803
4752	-4323.579	-4610.932	287.3526	0.8928113	0.9532134	11.45773
4758	-4311.911	-4599.977	288.0654	0.888626	0.9742314	11.07566
4764	-4319.419	-4606.452	287.0334	0.7456051	0.9322655	11.71288
4770	-4320.034	-4607.155	287.1211	0.7342338	0.8618801	11.71288
4776	-4323.667	-4610.3	286.6326	0.9090203	1.090544	11.75475
4782	-4317.684	-4602.432	284.7481	0.7498335	0.9358688	12.89978
4788	-4334.991	-4618.276	283.2849	0.8240887	1.069655	13.55209
4794	-4312.015	-4600.993	288.9782	0.8758213	0.8761785	10.65841
4800	-4304.132	-4590.738	286.6052	0.8139232	0.9963426	11.86638
4806	-4335.745	-4623.229	287.4847	0.8318231	1.014713	11.38798
4812	-4328.947	-4616.476	287.5294	0.7890255	1.012775	11.38798
4818	-4336.767	-4622.577	285.8098	0.777998	0.8571686	12.37684
4824	-4344.71	-4628.587	283.8766	0.6687235	0.8643872	13.43506
4830	-4340.454	-4627.264	286.8103	0.9284768	0.8838897	11.76105
4836	-4332.328	-4617.745	285.4167	0.9649736	1.074326	12.3678
4842	-4334.447	-4618.982	284.5342	0.9404662	0.9356289	12.91199
4848	-4335.445	-4623.587	288.1417	1.043275	1.199781	10.84344
4854	-4348.535	-4636.318	287.7832	0.9241732	1.230878	11.07956
4860	-4343.242	-4631.184	287.9419	0.9594738	1.019289	11.07956
4866	-4342.999	-4626.735	283.736	0.8357101	0.9818429	13.35657
4872	-4323.924	-4608.006	284.0826	0.8614883	1.038451	13.13389
4878	-4323.841	-4607.111	283.2704	0.9311804	1.034195	13.52174
4884	-4303.243	-4590.131	286.8885	0.8295597	1.074969	11.67029
4890	-4324.562	-4611.149	286.5873	0.9783269	0.9080411	11.83774
4896	-4326.183	-4612.204	286.021	0.7138929	0.8686365	12.29353
4902	-4329.487	-4615.131	285.6437	0.895756	1.058328	12.29353
4908	-4328.978	-4613.485	284.5072	0.8385827	1.16311	12.86465
4914	-4330.266	-4616.747	286.4818	0.8194003	1.202655	11.82746
4920	-4327.311	-4615.85	288.5389	0.7995412	1.077456	10.82115
4926	-4327.861	-4615.5	287.6395	0.9089164	0.7762773	11.40262
4932	-4328.075	-4615.762	287.6865	0.906534	0.9956577	11.25324
4938	-4358.143	-4641.837	283.6939	0.7757483	0.9714859	13.41503
4944	-4341.896	-4628.489	286.5922	0.7019893	0.8416428	12.01768
4950	-4335.552	-4622.272	286.7197	0.7905018	0.9921233	11.82107
4956	-4334.369	-4623.192	288.823	0.8202659	1.089765	10.65521
4962	-4330.487	-4619.3	288.8131	0.9026654	1.014493	10.65521
4968	-4328.378	-4617.135	288.7565	0.9756661	0.873756	10.72376
4974	-4326.378	-4615.388	289.0103	1.131469	0.7876741	10.56072
4980	-4314.921	-4600.958	286.037	0.8275908	0.9958316	12.15596
4986	-4315.533	-4602.444	286.9109	0.7890294	0.8887418	11.77855
4992	-4326.273	-4611.959	285.6855	0.7888066	0.8374513	12.4476
4998	-4326.998	-4612.933	285.9342	0.8342708	0.9856427	12.21143
5004	-4315.132	-4598.668	283.5356	0.7476975	0.9597498	13.51806
5010	-4318.232	-4605.044	286.812	0.8535642	0.9301957	11.77328
5016	-4335.234	-4621.451	286.2174	0.80015	0.8411339	12.16227
5022	-4322.732	-4609.215	286.4828	0.9133175	0.8822362	11.94085
5028	-4328.483	-4614.645	286.1614	0.7105293	0.8097698	12.25708
5034	-4323.964	-4610.24	286.2765	0.7576477	1.103103	12.01355
5040	-4319.847	-4606.266	286.4197	0.7283099	0.9855667	12.01355
5046	-4323.66	-4610.81	287.1504	0.8426804	1.104785	11.51199
5052	-4320.964	-4606.351	285.3875	0.7877861	1.087353	12.46894
5058	-4340.839	-4626.856	286.0176	0.7948054	1.035045	12.16298
5064	-4336.458	-4623.895	287.4369	0.7423952	0.8721444	11.53764
5070	-4345.635	-4630.934	285.2989	0.7506747	1.001979	12.57746
5076	-4340.502	-4625.557	285.0541	0.7907458	1.223375	12.57746
5082	-4340.157	-4623.803	283.6458	0.8179377	0.8359194	13.49412
5088	-4337.722	-4621.098	283.3761	0.7249069	0.8875427	13.65246
5094	-4331.695	-4617.314	285.6189	0.8302043	0.8875427	12.43161
5100	-4341.797	-4626.435	284.6383	0.7879067	0.9426906	12.93334
5106	-4345.963	-4629.645	283.6819	0.7961229	0.9372686	13.42909
5112	-4339.39	-4625.628	286.2376	0.6957805	0.9291733	12.15589
5118	-4352.535	-4637.054	284.5183	0.7731913	0.9291733	13.01081
5124	-4336.397	-4621.871	285.4734	0.9322627	1.106299	12.33969
5130	-4337.297	-4623.712	286.4153	0.7007336	0.8719997	12.09287
5136	-4333.648	-4619.236	285.5881	0.7953398	1.128276	12.34073
5142	-4322.544	-4608.174	285.6301	0.9242675	0.9524473	12.34073
5148	-4321.902	-4606.413	284.5117	0.8338806	0.8944274	13.00205
5154	-4330.415	-4618.019	287.604	0.7939943	1.052958	11.32586
5160	-4328.456	-4616.161	287.7051	0.9372281	1.147335	11.15199
5166	-4318.156	-4605.457	287.3014	0.9372281	1.147335	11.36325
5172	-4324.193	-4607.878	283.6851	0.9025345	1.083197	13.29686
5178	-4326.55	-4611.459	284.9086	0.7593737	0.9990906	12.77757
5184	-4338.463	-4624.501	286.038	0.7643788	0.8588278	12.26403
5190	-4337.48	-4621.837	284.357	0.729643	0.9694403	13.09553
5196	-4318.421	-4602.946	284.525	0.7496482	0.9645772	13.00037
5202	-4325.816	-4611.745	285.9289	0.8012269	0.906463	12.27447
5208	-4326.874	-4611.349	284.4748	0.8902087	0.8668487	13.0077
5214	-4312.81	-4598.592	285.782	0.8096987	0.9271655	12.33511
5220	-4311.614	-4596.134	284.5198	0.7618744	1.154327	12.90205
5226	-4319.805	-4604.542	284.737	0.7698863	0.9228056	12.90228
5232	-4312.645	-4601.92	289.2751	0.852575	1.065608	10.41295
5238	-4320.534	-4609.532	288.9979	0.842624	1.005201	10.59457
5244	-4314.079	-4598.876	284.7973	0.7797116	1.047296	12.80028
5250	-4310.511	-4599.163	288.6524	0.967401	0.858046	10.79185
5256	-4322.984	-4613.192	290.2075	0.9571177	0.9955894	9.903634
5262	-4320.991	-4607.752	286.761	0.8271726	0.8975332	11.8319
5268	-4321.84	-4610.714	288.8747	0.8041781	0.871366	10.7531
5274	-4325.203	-4610.076	284.8738	0.86152	1.111043	12.68656
5280	-4338.9	-4626.405	287.5047	0.9369356	1.050423	11.30428
5286	-4328.707	-4609.753	281.0465	0.7757778	1.005712	14.76956
5292	-4330.155	-4614.033	283.8783	0.6899134	1.005712	13.34591
5298	-4330.416	-4618.741	288.3244	0.9417041	0.983233	10.90735
5304	-4322.571	-4610.366	287.7948	0.8488443	0.983233	11.23335
5310	-4322.931	-4608.796	285.865	0.7939376	0.883296	12.32467
5316	-4321.508	-4607.114	285.6055	0.8940866	0.9273715	12.38299
5322	-4311.859	-4598.672	286.8122	0.8402988	1.094681	11.69486
5328	-4315.1	-4601.891	286.791	0.8510324	1.105886	11.69486
5334	-4337.273	-4621.642	284.3695	0.8265433	0.930021	13.05994
5340	-4320.445	-4604.11	283.6647	0.7571963	0.9953756	13.4273
5346	-4311.707	-4595.961	284.254	0.7955369	1.095721	13.05071
5352	-4315.358	-4597.574	282.2161	0.8367317	1.032115	14.11873
5358	-4315.172	-4598.154	282.9821	0.7304968	1.016325	13.78465
5364	-4320.632	-4607.141	286.509	0.8516668	0.9123046	11.94236
5370	-4306.396	-4591.801	285.4043	0.8039648	1.003972	12.49377
5376	-4316.371	-4601.705	285.3339	0.9287156	0.9505405	12.49377
5382	-4316.524	-4597.27	280.7461	0.6809987	0.915951	15.02189
5388	-4324.495	-4611.632	287.1372	0.9817707	0.9109196	11.5471
5394	-4326.085	-4612.191	286.1054	0.6926003	0.8589143	12.26629
5400	-4311.45	-4598.263	286.8131	1.057209	1.091317	11.5827
5406	-4307.381	-4593.325	285.9433	0.8654443	1.233937	12.07042
5412	-4314.389	-4596.649	282.2604	0.720136	0.9049037	14.22377
5418	-4316.144	-4601.291	285.1466	0.699996	1.024006	12.67175
5424	-4318.726	-4603.572	284.8466	0.8241167	1.024006	12.76332
5430	-4313.276	-4598.389	285.1132	0.7642373	0.8291146	12.76332
5436	-4313.494	-4599.377	285.8834	0.7742331	1.250653	12.14184
5442	-4321.375	-4606.138	284.7634	0.8267431	1.133023	12.75159
5448	-4327.914	-4612.459	284.5451	0.6927124	0.9716731	13.01573
5454	-4327.396	-4615.214	287.8176	0.9343926	0.9586961	11.18973
5460	-4332.996	-4615.924	282.9278	0.7675135	1.142412	13.73179
5466	-4321.884	-4607.415	285.5317	0.9187984	0.8308209	12.46397
5472	-4333.825	-4617.107	283.2823	0.8464809	0.8248376	13.67459
5478	-4338.38	-4624.908	286.5277	0.94328	0.9512951	11.8633
5484	-4327.866	-4611.973	284.107	0.8491957	0.890642	13.20657
5490	-4350.05	-4639.147	289.0972	0.8271845	0.9411531	10.5849
5496	-4339.167	-4626.132	286.9651	0.7389415	1.151493	11.64074
5502	-4338.169	-4625.318	287.1486	0.7309872	0.9683859	11.64074
5508	-4342.813	-4627.701	284.888	0.7328326	0.9639227	12.82067
5514	-4327.707	-4609.287	281.5793	0.7190337	1.029693	14.51088
5520	-4350.561	-4636.943	286.3817	0.8185249	0.9894628	11.98422
5526	-4349.744	-4632.15	282.4067	0.6744274	0.9894628	14.12601
5532	-4330.946	-4615.496	284.5496	0.9096748	0.7924057	13.00317
5538	-4328.608	-4614.524	285.9158	0.7763113	0.7669411	12.37741
5544	-4344.86	-4630.938	286.0779	0.8666879	0.9083187	12.16162
5550	-4344.916	-4632.187	287.2701	0.9321252	1.066422	11.42148
5556	-4363.479	-4650.506	287.0266	1.013218	1.412938	11.35176
5562	-4325.988	-4610.554	284.566	0.8611742	0.9072076	12.95243
5568	-4322.839	-4608.304	285.4656	0.6917346	0.8584354	12.60035
5574	-4333.958	-4619.735	285.7779	0.9439292	0.9690579	12.24455
5580	-4325.146	-4612.876	287.7302	0.9621508	0.8217583	11.2992
5586	-4338.768	-4625.108	286.34	0.962978	1.045473	11.90177
5592	-4325.646	-4608.703	283.0569	0.7936917	1.00201	13.72039
5598	-4321.778	-4606.204	284.4258	0.7774699	0.9430478	13.04908
5604	-4328.676	-4614.294	285.6186	0.9104761	0.9445947	12.35819
5610	-4343.025	-4628.45	285.4244	0.7267244	0.9005903	12.57941
5616	-4331.445	-4618.399	286.9545	0.8710912	0.9127205	11.69936
5622	-4327.973	-4615.482	287.5097	0.8908107	0.8910078	11.41119
5628	-4335.843	-4621.433	285.5894	0.7353291	0.8910078	12.4944
5634	-4351.245	-4633.782	282.5369	0.8799487	0.9187744	13.98992
5640	-4332.854	-4616.766	283.9113	0.8320957	1.005659	13.25494
5646	-4342.635	-4623.219	280.5842	0.8220623	1.053753	14.96051
5652	-4352.738	-4637.535	284.7969	0.8257002	0.8079589	12.90868
5658	-4354.13	-4639.179	285.0487	0.7913498	0.9119499	12.73499
5664	-4326.64	-4611.606	284.9662	0.7532352	1.029747	12.73499
5670	-4326.238	-4611.668	285.4294	0.8253982	1.100798	12.42098
5676	-4337.109	-4622.738	285.6295	0.8931869	1.216406	12.22741
5682	-4345.161	-4629.946	284.7852	0.7704928	1.025523	12.82237
5688	-4350.554	-4636.798	286.2434	0.7802052	1.221315	11.96397
5694	-4340.287	-4627.008	286.7213	0.7389795	0.859675	11.92042
5700	-4324.058	-4610.46	286.4018	0.7690363	0.885355	12.05659
5706	-4327.509	-4613.647	286.1382	0.6888645	1.098272	12.1239
5712	-4334.167	-4619.91	285.7434	0.7775868	0.8900102	12.39272
5718	-4343.856	-4625.925	282.0685	0.6772421	0.8773949	14.36099
5724	-4337.274	-4620.86	283.5859	0.6384431	0.8990523	13.58197
5730	-4325.634	-4612.064	286.4305	0.7377775	1.092921	11.94851
5736	-4320.725	-4605.63	284.9049	0.7264459	0.9433676	12.82626
5742	-4313.111	-4598.75	285.6386	0.7733139	0.9894503	12.39527
5748	-4318.087	-4602.642	284.5558	0.8112603	0.9594214	12.95509
5754	-4312.231	-4595.635	283.4033	0.8402183	0.9594214	13.53888
5760	-4325.119	-4608.672	283.5533	0.7244341	0.8598817	13.57661
5766	-4319.258	-4605.182	285.924	0.8416617	1.122275	12.14434
5772	-4323.086	-4607.803	284.7173	0.8676292	1.043455	12.79807
5778	-4325.865	-4610.416	284.5516	0.7301176	0.8937056	13.03563
5784	-4314.706	-4602.88	288.1736	0.6862593	1.116581	11.05278
5790	-4326.895	-4612.328	285.4331	0.8306244	0.9369858	12.50054
5796	-4327.834	-4612.039	284.2051	0.8160263	0.8882438	13.17422
5802	-4317.452	-4604.378	286.9254	0.669563	1.021665	11.76143
5808	-4316.055	-4601.768	285.7131	0.7783302	1.090205	12.30283
5814	-4319.654	-4605.218	285.564	0.7898383	0.9338974	12.45533
5820	-4319.839	-4607.92	288.0805	0.8478827	0.9638911	11.0946
5826	-4323.893	-4612.075	288.1815	0.7505458	0.960356	11.0946
5832	-4327.454	-4615.964	288.5094	0.7748335	0.997447	10.89036
5838	-4328.099	-4615.747	287.6472	0.879386	0.877428	11.353
5844	-4335.75	-4623.458	287.7082	0.879386	1.058639	11.22378
5850	-4342.349	-4626.258	283.91	0.9281646	0.9452871	13.23768
5856	-4325.902	-4610.577	284.6746	0.7943613	1.06883	12.84574
5862	-4323.754	-4608.538	284.784	0.6858952	1.067885	12.84574
5868	-4336.079	-4620.831	284.7521	0.6795258	1.108588	12.84574
5874	-4337.138	-4624.178	287.0397	0.6863249	0.8776483	11.77127
5880	-4336.834	-4619.694	282.8606	0.7852863	0.8934221	13.88529
5886	-4330.057	-4615.446	285.389	0.948828	1.146464	12.35593
5892	-4312.679	-4599.704	287.0247	0.9076885	1.120112	11.53632
5898	-4317.131	-4605.337	288.2058	0.9227083	1.120112	10.91032
5904	-4316.602	-4600.991	284.3893	0.8578572	0.9963913	12.9979
5910	-4313.412	-4598.524	285.1121	0.8718471	0.9760581	12.62521
5916	-4322.906	-4609.765	286.8588	0.9113269	0.9549085	11.70514
5922	-4329.902	-4612.973	283.0714	0.8448853	0.9549085	13.71119
5928	-4337.584	-4625.275	287.6909	0.848688	0.8747052	11.34781
5934	-4329.277	-4616.765	287.4877	0.8852768	1.035394	11.34781
5940	-4331.281	-4617.036	285.7554	0.8943141	0.9808672	12.27584
5946	-4341.68	-4628.839	287.1588	0.7801006	0.9317765	11.62962
5952	-4319.472	-4603.191	283.719	0.8258115	0.9547788	13.3849
5958	-4310.949	-4597.656	286.707	0.8330144	0.8807337	11.86662
5964	-4313.333	-4598.292	284.959	0.7904256	0.9898928	12.73998
5970	-4317.565	-4602.699	285.1335	0.8540703	1.022485	12.59913
5976	-4326.283	-4611.15	284.8663	0.797599	0.993057	12.78284
5982	-4328.679	-4614.402	285.7227	0.983217	0.966501	12.2542
5988	-4335.81	-4624.832	289.0213	0.9769808	1.016695	10.50578
5994	-4323.404	-4612.46	289.0561	1.0249	0.9354735	10.50578
6000	-4332.235	-4618.114	285.8783	0.8798367	1.026738	12.1955
6006	-4324.988	-4610.806	285.8186	0.8744594	0.9399237	12.27525
6012	-4314.863	-4603	288.1371	0.9902702	0.9597667	10.99264
6018	-4316.307	-4604.422	288.1157	0.9863409	0.9844808	10.99264
6024	-4314.934	-4603.208	288.2746	1.000149	0.9067157	10.94466
6030	-4335.333	-4619.37	284.0375	1.006554	0.9119177	13.14897
6036	-4319.867	-4605.586	285.7196	1.116407	0.9183356	12.21263
6042	-4319.178	-4607.753	288.5747	0.9531752	0.9830441	10.77027
6048	-4322.527	-4613.764	291.2369	1.172916	0.9363923	9.278828
6054	-4331.278	-4622.545	291.2673	1.142493	0.9363923	9.278828
6060	-4337.79	-4628.791	291.0005	1.070284	0.9321811	9.460238
6066	-4330.804	-4621.722	290.918	1.070284	1.061364	9.435378
6072	-4327.695	-4615.363	287.668	0.8754611	1.077222	11.23763
6078	-4320.826	-4606.511	285.6844	0.771743	1.035388	12.34848
6084	-4327.035	-4616.381	289.3454	1.059509	0.991662	10.3053
6090	-4319.672	-4609.668	289.9965	0.9313372	0.8292059	10.12216
6096	-4327.452	-4616.202	288.7496	0.8806341	1.149565	10.63323
6102	-4322.991	-4609.491	286.5003	0.8147924	0.9674965	11.93594
6108	-4331.001	-4613.811	282.8107	0.8147924	0.8742612	13.90679
6114	-4308.836	-4590.759	281.9235	0.739112	0.8742612	14.40584
6120	-4315.843	-4603.788	287.9449	0.7722078	0.9246487	11.22666
6126	-4320.564	-4610.038	289.474	0.8659063	0.9391172	10.36783
6132	-4317.042	-4607.081	290.0396	0.8291417	0.9391172	10.08984
6138	-4318.017	-4601.892	283.8747	0.8965062	0.9801169	13.25382
6144	-4323.439	-4615.314	291.8747	0.9432531	0.9581044	9.051035
6150	-4323.69	-4615.007	291.3176	0.9571479	0.8922587	9.37513
6156	-4311.207	-4597.672	286.4643	0.9103338	0.8495209	11.97107
6162	-4312.19	-4602.178	289.988	1.020329	0.9305883	10.02111
6168	-4319.388	-4607.173	287.7851	1.017009	1.042715	11.11952
6174	-4315.045	-4596.315	281.2698	0.7537438	1.042715	14.64655
6180	-4311.132	-4595.098	283.9653	0.696978	0.9222117	13.34164
6186	-4305.795	-4589.643	283.8486	0.6920397	1.042106	13.34164
6192	-4315.31	-4598.368	283.0581	0.7588748	0.9998225	13.73898
6198	-4304.55	-4590.6	286.05	0.9201734	0.9998225	12.09882
6204	-4315.163	-4601.902	286.7382	0.7128894	0.7520303	11.99121
6210	-4312.746	-4602.388	289.642	0.8470312	0.8991355	10.31187
6216	-4312.805	-4600.658	287.8536	0.7919917	0.9200403	11.2666
6222	-4321.708	-4608.219	286.5103	0.8503366	0.8032163	12.00621
6228	-4316.525	-4602.951	286.4252	0.8923311	1.108112	11.86324
6234	-4333.991	-4618.603	284.6122	0.9936153	1.009208	12.80469
6240	-4322.151	-4610.5	288.3487	1.050088	0.9670042	10.84652
6246	-4313.391	-4599.653	286.2621	0.8622565	0.8863164	12.08029
6252	-4302.968	-4589.006	286.0376	0.7356426	0.9936353	12.20476
6258	-4306.474	-4593.795	287.3214	0.802587	0.8614991	11.57274
6264	-4331.961	-4617.284	285.3226	0.835635	0.9251471	12.562
6270	-4332.729	-4616.061	283.3318	0.6465496	0.9431172	13.68533
6276	-4327.281	-4614.144	286.8629	0.772564	1.002106	11.75043
6282	-4319.665	-4608.498	288.8323	0.9095794	0.8489845	10.73317
6288	-4318.241	-4606.04	287.7994	0.8585733	1.048021	11.19231
6294	-4322.632	-4606.418	283.7858	0.7581883	0.8663711	13.43465
6300	-4319.707	-4604.649	284.9416	0.7571302	1.004056	12.759
6306	-4306.662	-4593.075	286.4133	0.7891507	1.199105	11.88063
6312	-4312.129	-4600.011	287.8812	0.9462049	1.151378	11.05318
6318	-4314.904	-4602.319	287.4145	0.9450969	0.9187108	11.41695
6324	-4313.182	-4602.769	289.5869	0.9115456	1.062931	10.21943
6330	-4296.172	-4581.21	285.0375	0.7865839	0.8801627	12.76124
6336	-4300.584	-4587.968	287.3844	0.8454365	1.233478	11.32833
6342	-4316.594	-4599.572	282.9779	0.7573484	1.015975	13.77304
6348	-4319.194	-4605.542	286.3479	0.9289149	0.8789035	12.00504
6354	-4341.573	-4626.159	284.5853	0.7032102	1.060809	12.94359
6360	-4322.707	-4609.861	287.154	0.8096061	0.9183564	11.62413
6366	-4319.784	-4609.02	289.2352	0.8938366	0.8340535	10.53897
6372	-4338.092	-4626.918	288.8264	0.8046246	0.9541599	10.73166
6378	-4331.601	-4615.129	283.5286	0.769887	0.9541599	13.5132
6384	-4326.528	-4612.013	285.4848	0.9023958	1.105422	12.34973
6390	-4334.501	-4626.353	291.8515	1.071029	0.9790732	8.984311
6396	-4339.595	-4631.4	291.8053	1.041001	1.099262	8.96277
6402	-4322.348	-4611.776	289.4277	0.9713106	0.8776988	10.37144
6408	-4322.24	-4606.981	284.7416	0.7435505	1.041703	12.85087
6414	-4313.494	-4599.032	285.5376	0.761965	0.9677601	12.46526
6420	-4330.721	-4616.599	285.8777	0.7990988	0.8419982	12.33941
6426	-4319.89	-4605.046	285.1558	0.9277504	0.9561592	12.58398
6432	-4326.238	-4617.619	291.3808	1.02634	0.8168524	9.349992
6438	-4330.9	-4618.065	287.1651	0.8502964	0.9619073	11.57322
6444	-4329.717	-4615.709	285.9916	0.8101881	0.9934385	12.18996
6450	-4322.125	-4605.069	282.9439	0.7249964	0.9979869	13.81679
6456	-4319.112	-4605.175	286.0634	0.7434578	0.9979869	12.18494
6462	-4316.722	-4604.426	287.7037	0.9202978	0.9477972	11.26264
6468	-4327.624	-4613.841	286.2169	0.8021606	0.8690311	12.14515
6474	-4339.141	-4627.87	288.7297	0.8272915	0.7659413	10.88118
6480	-4327.998	-4617.224	289.2259	0.9284272	0.8397229	10.52227
6486	-4323.559	-4610.23	286.6707	0.9645292	1.134909	11.68453
6492	-4319.804	-4605.163	285.3588	0.794787	1.031541	12.50806
6498	-4325.69	-4611.837	286.1472	0.7707378	0.9430108	12.15633
6504	-4326.494	-4611.283	284.7891	0.8500735	0.9454317	12.82108
6510	-4320.968	-4606.359	285.3901	0.8552372	0.9969907	12.47809
6516	-4328.722	-4613.248	284.5252	0.875312	0.8261591	13.01318
6522	-4326.316	-4611.493	285.1772	0.8067283	1.030225	12.59708
6528	-4326.391	-4611.799	285.4084	0.7618336	0.8547106	12.59578
6534	-4321.058	-4608.509	287.4508	0.9933536	1.113315	11.27196
6540	-4326.785	-4613.351	286.5658	0.7565117	0.9433309	11.94526
6546	-4312.698	-4598.303	285.6044	0.7235905	0.9912113	12.43804
6552	-4305.208	-4590.611	285.4036	0.8439035	1.073632	12.43804
6558	-4309.214	-4594.103	284.8893	0.8873052	0.90046	12.77442
6564	-4327.478	-4611.888	284.4105	0.6835605	0.8528255	13.15672
6570	-4312.52	-4595.011	282.491	0.7606702	0.9296599	14.06955
6576	-4330.634	-4613.403	282.769	0.7920683	0.9296599	13.90916
6582	-4317.935	-4601.404	283.4688	0.7366551	1.157529	13.45994
6588	-4318.748	-4604.364	285.6162	0.7801748	1.164939	12.31679
6594	-4326.068	-4612.764	286.6955	0.7128721	1.075621	11.83171
6600	-4332.248	-4618.311	286.0635	0.8056286	1.067744	12.11699
6606	-4331.916	-4617.659	285.7431	0.7262744	1.118773	12.30048
6612	-4335.429	-4619.428	283.9994	0.7685277	1.089811	13.19996
6618	-4343.672	-4629.512	285.8396	0.8265471	1.106905	12.20365
6624	-4324.588	-4609.036	284.4482	0.879857	1.209838	12.8525
6630	-4327.207	-4612.493	285.2858	0.8851796	1.000309	12.51507
6636	-4326.733	-4612.352	285.6183	0.9021711	0.8868855	12.39477
6642	-4320.921	-4606.752	285.8301	0.7267624	1.098433	12.26468
6648	-4323.774	-4612.091	288.317	0.8190434	1.058674	10.93659
6654	-4333.692	-4618.49	284.7983	0.9015752	0.9846716	12.7685
6660	-4338.304	-4622.25	283.9465	0.9217786	0.8700198	13.26409
6666	-4325.846	-4611.614	285.7681	0.8188787	1.028413	12.28387
6672	-4317.77	-4604.119	286.3486	0.9275619	0.8409999	12.0275
6678	-4324.399	-4609.1	284.7003	0.771388	0.9207712	12.92173
6684	-4330.508	-4614.891	284.3824	0.8173314	1.044106	12.99812
6690	-4335.889	-4621.406	285.5164	0.8051461	0.888299	12.49763
6696	-4321.592	-4604.473	282.8804	0.740605	0.888299	13.90108
6702	-4329.97	-4614.928	284.9582	0.8353274	0.793363	12.82874
6708	-4337.77	-4622.919	285.1487	0.7910764	0.793363	12.75264
6714	-4310.214	-4595.978	285.7647	0.8569062	0.9943155	12.28345
6720	-4324.635	-4607.554	282.919	0.8454318	1.036769	13.74733
6726	-4334.715	-4621.234	286.5191	0.8674987	1.036769	11.8625
6732	-4335.495	-4622.687	287.1917	0.846053	0.9416017	11.57256
6738	-4336.896	-4622.178	285.2817	0.773558	1.019011	12.56566
6744	-4343.11	-4628.228	285.1172	0.7997352	0.9487905	12.67471
6750	-4343.178	-4624.459	281.2804	0.6928788	0.9448324	14.72354
6756	-4336.693	-4622.42	285.7272	0.6928788	1.029825	12.37012
6762	-4319.303	-4602.276	282.973	0.8283116	1.029825	13.73173
6768	-4321.234	-4604.796	283.5619	0.7408476	1.113	13.4304
6774	-4327.241	-4611.491	284.2502	0.8013897	1.038847	13.07777
6780	-4312.729	-4598.278	285.5491	0.7826392	1.078474	12.39176
6786	-4310.444	-4595.406	284.9615	0.6777011	0.9361129	12.82614
6792	-4310.328	-4593.156	282.8283	0.7639533	1.075074	13.81759
6798	-4315.974	-4599.097	283.1233	0.6415719	0.9522826	13.79112
6804	-4321.712	-4606.13	284.4184	0.8019995	0.9522826	13.03521
6810	-4326.513	-4609.888	283.3753	0.7244273	0.8507675	13.67433
6816	-4340.081	-4625.791	285.7105	0.8218349	1.004191	12.3248
6822	-4336.738	-4620.231	283.4926	0.7553719	0.9788098	13.52626
6828	-4327.884	-4612.407	284.5227	0.7354221	0.8400009	13.07897
6834	-4321.396	-4603.171	281.7759	0.7860461	0.9899229	14.39476
6840	-4311.183	-4598.703	287.5196	0.7819119	0.9463723	11.4321
6846	-4321.165	-4608.236	287.0716	0.8329602	1.030365	11.59527
6852	-4322.182	-4605.868	283.6855	0.8080613	1.090753	13.34202
6858	-4324.744	-4611.675	286.9317	0.7738942	1.089889	11.66944
6864	-4321.541	-4607.75	286.2085	0.8418334	1.23737	11.94284
6870	-4317.384	-4602.007	284.6229	0.8500458	1.045387	12.85537
6876	-4329.149	-4614.224	285.0755	0.8554581	1.076131	12.60168
6882	-4344.883	-4631.356	286.473	0.8689784	1.052402	11.87791
6888	-4347.871	-4635.906	288.0348	0.8220817	0.9483422	11.14045
6894	-4311.615	-4597.667	286.0516	0.7986887	1.085935	12.11779
6900	-4302.417	-4587.119	284.7019	0.7166137	0.9020469	12.9598
6906	-4302.999	-4588.823	285.8234	0.8429513	1.085344	12.21402
6912	-4310.134	-4596.218	286.0837	0.7290977	0.9377477	12.21402
6918	-4318.101	-4605.084	286.9831	0.8338583	1.051149	11.63048
6924	-4329.764	-4613.475	283.7113	0.7058132	0.9438961	13.45712
6930	-4322.543	-4606.782	284.2398	0.7659874	0.8254015	13.21884
6936	-4321.791	-4608.132	286.3407	0.8410988	1.045746	11.96486
6942	-4315.546	-4599.743	284.1969	0.8410988	0.9131696	13.15145
6948	-4309.864	-4596.074	286.2106	0.8410988	0.9461382	12.08487
6954	-4306.425	-4592.446	286.0209	0.7770325	1.067092	12.15439
6960	-4318.692	-4605.363	286.6714	0.7520427	1.050318	11.83643
6966	-4325.211	-4607.961	282.7499	0.8728894	0.9504169	13.86587
6972	-4311.595	-4596.891	285.2958	0.7557726	0.9436818	12.60737
6978	-4313.49	-4598.972	285.4812	0.7250551	1.006698	12.49338
6984	-4314.215	-4596.042	281.8262	0.7112551	1.047944	14.37781
6990	-4308.302	-4595.527	287.225	0.7512287	1.003327	11.5718
6996	-4322.083	-4608.928	286.8447	0.7059521	0.9160217	11.84108
7002	-4319.648	-4608.612	288.9637	0.824371	1.01568	10.61663
7008	-4321.13	-4610.079	288.9489	0.7629623	0.9079724	10.71485
7014	-4313.3	-4598.877	285.5777	0.8437283	1.134758	12.31785
7020	-4318.422	-4605.781	287.3598	0.8500147	0.9159625	11.4968
7026	-4323.721	-4606.714	282.993	0.7011367	0.9809506	13.81258
7032	-4325.861	-4611.677	285.8157	0.685341	1.028801	12.32844
7038	-4333.714	-4619.283	285.5684	0.671604	1.322795	12.32844
7044	-4334.983	-4620.643	285.6606	0.7690169	1.103725	12.32844
7050	-4344.185	-4627.526	283.3412	0.8605146	1.118193	13.48038
7056	-4352.579	-4637.778	285.1981	0.8530579	1.012613	12.57113
7062	-4341.861	-4623.822	281.9609	0.8111678	1.135343	14.21387
7068	-4329.252	-4613.537	284.2856	0.8111678	0.9621608	13.09414
7074	-4332.02	-4615.292	283.2714	0.7580256	0.9871055	13.63536
7080	-4351.759	-4634.495	282.7366	0.9348199	0.9095376	13.86303
7086	-4361.007	-4644.681	283.6749	0.9623749	1.063175	13.28092
7092	-4320.887	-4604.581	283.6936	0.8235507	1.03794	13.35595
7098	-4314.816	-4601.599	286.7834	0.8400132	1.035182	11.7397
7104	-4333.886	-4618.012	284.1267	0.944033	0.994395	13.09066
7110	-4322.924	-4608.112	285.1885	0.7794206	0.9844961	12.6291
7116	-4310.057	-4594.812	284.7558	0.7530029	0.9228885	12.90123
7122	-4316.851	-4606.104	289.2534	0.9905212	0.8634018	10.46121
7128	-4315.381	-4599.568	284.1874	0.8014129	0.9111145	13.17816
7134	-4318.866	-4603.243	284.3776	0.619881	0.9030176	13.17816
7140	-4309.171	-4593.384	284.213	0.7812032	0.9060783	13.17816
7146	-4307.199	-4591.861	284.6618	0.653167	0.8951528	13.01754
7152	-4319.754	-4603.715	283.9611	0.8703824	1.106134	13.15899
7158	-4327.783	-4609.087	281.3041	0.715816	1.088334	14.62593
7164	-4332.119	-4617.749	285.6293	0.7268626	1.008516	12.41437
7170	-4329.524	-4614.795	285.2718	0.7823094	1.008516	12.5717
7176	-4334.062	-4616.653	282.591	0.7550712	1.263508	13.85833
7182	-4322.437	-4611.981	289.5439	0.8112011	1.164807	10.2454
7188	-4317.098	-4605.423	288.325	0.7237054	0.9080813	11.06232
7194	-4321.882	-4608.79	286.9081	0.8043941	0.9080813	11.76104
7200	-4316.247	-4598.99	282.7425	0.7836948	0.9866134	13.89672
7206	-4309.559	-4593.089	283.5296	0.704564	0.9770116	13.53441
7212	-4309.311	-4597.652	288.3413	0.9940091	0.9403753	10.89422
7218	-4314.179	-4601.583	287.4041	0.9090734	0.8536565	11.47848
7224	-4320.283	-4610.844	290.5615	1.042543	1.012024	9.663454
7230	-4325.602	-4611.54	285.9376	0.9650716	0.828771	12.22954
7236	-4299.209	-4587.894	288.6848	1.026893	1.007494	10.66096
7242	-4302.65	-4590.656	288.0064	0.9038258	0.9818453	11.09454
7248	-4301.707	-4585.351	283.6438	0.8412007	0.8640602	13.46661
7254	-4303.793	-4590.831	287.0379	0.8647765	0.9924359	11.61591
7260	-4307.38	-4591.219	283.8382	0.731996	0.8095816	13.45464
7266	-4301.443	-4586.445	285.0018	0.757831	1.099392	12.67949
7272	-4308.173	-4591.603	283.4305	0.9426513	1.117674	13.39159
7278	-4312.958	-4597.224	284.2658	0.8136345	0.9050068	13.13444
7284	-4310.691	-4595.973	285.2813	0.8286089	1.018056	12.53769
7290	-4301.121	-4585.079	283.9585	0.799574	0.9157271	13.29548
7296	-4310.598	-4595.596	284.9975	0.856753	1.086876	12.63631
7302	-4315.11	-4599.951	284.841	0.9247747	1.184289	12.63631
7308	-4324.483	-4609.604	285.1213	0.8135438	1.119046	12.57883
7314	-4305.098	-4589.203	284.1045	0.939814	0.9958861	13.10359
7320	-4317.701	-4601.975	284.2741	0.7586137	1.007566	13.10359
7326	-4324.281	-4608.451	284.1693	0.836962	1.034448	13.10359
7332	-4321.595	-4607.648	286.0534	0.7708708	0.9465319	12.20326
7338	-4341.745	-4628.4	286.655	0.6872972	1.089112	11.85954
7344	-4330.326	-4616.923	286.5975	0.7447694	1.089112	11.85954
7350	-4330.874	-4617.494	286.6196	0.7668431	1.107328	11.82766
7356	-4326.929	-4614.22	287.2908	0.8695313	0.9426953	11.50793
7362	-4321.417	-4608.63	287.213	0.896131	0.992577	11.50793
7368	-4318.991	-4604.935	285.9444	0.8492885	0.992577	12.19464
7374	-4312.759	-4594.226	281.4665	0.7555838	1.052854	14.53872
7380	-4304.764	-4590.791	286.0272	0.7902594	1.084266	12.13577
7386	-4312.623	-4598.215	285.5917	0.8664689	0.9616145	12.38596
7392	-4319.84	-4603.118	283.2778	0.7380569	1.147413	13.56307
7398	-4307.829	-4595.223	287.3943	0.9478526	1.124892	11.31978
7404	-4305.615	-4596.008	290.3926	0.9646778	1.084762	9.756484
7410	-4305.45	-4594.208	288.7581	0.8619954	1.032843	10.69594
7416	-4314.103	-4602.066	287.9627	0.9207548	1.105117	11.04595
7422	-4307.094	-4594.768	287.6735	0.8461407	1.115877	11.23125
7428	-4308.925	-4596.973	288.0479	0.8530706	0.8715463	11.16052
7434	-4310.62	-4599.678	289.0584	0.940714	1.009642	10.50902
7440	-4308.452	-4595.385	286.9328	0.9183264	1.05488	11.61077
7446	-4316.383	-4604.931	288.5477	0.8172185	1.259642	10.7222
7452	-4317.073	-4604.94	287.8677	0.8722199	1.017914	11.16476
7458	-4323.268	-4605.804	282.5359	0.7724423	1.241795	13.88738
7464	-4303.87	-4587.515	283.6453	0.8722481	0.9494568	13.40194
7470	-4315.442	-4600.92	285.4777	0.9060003	0.9225892	12.44601
7476	-4327.652	-4610.277	282.6251	0.8902797	0.975144	13.90839
7482	-4342.932	-4626.855	283.923	0.9280325	1.140366	13.13257
7488	-4341.969	-4625.529	283.5596	0.8991101	0.8985071	13.46057
7494	-4320.095	-4605.154	285.0592	0.8020246	1.030457	12.66086
7500	-4315.321	-4598.118	282.7972	0.7522305	1.051674	13.85138
7506	-4338.131	-4621.562	283.4306	0.7802897	1.009322	13.5296
7512	-4325.275	-4610.279	285.0038	0.8319814	0.9156335	12.73513
7518	-4330.037	-4617.105	287.0682	0.8319814	1.033185	11.5961
7524	-4340.735	-4626.246	285.5118	0.8062878	1.011992	12.43241
7530	-4338.388	-4627.532	289.1438	0.8827119	1.095245	10.45139
7536	-4336.675	-4625.775	289.1006	1.060291	0.9582193	10.45139
7542	-4339.053	-4622.512	283.4587	0.818491	0.7980653	13.61382
7548	-4335.271	-4619.834	284.5632	0.8204706	0.7997335	13.03797
7554	-4332.572	-4617.867	285.2955	0.6912154	0.834803	12.70305
7560	-4339.583	-4624.131	284.548	0.8657164	1.026116	12.89594
7566	-4330.604	-4615.03	284.4252	0.799142	1.155333	12.93141
7572	-4329.011	-4613.644	284.6326	0.845945	0.8970258	12.93141
7578	-4332.269	-4616.942	284.6721	0.7713369	0.9298332	12.93141
7584	-4324.598	-4612.405	287.807	0.9365695	0.9298332	11.20993
7590	-4334.32	-4619.839	285.5188	0.8057985	0.8468161	12.52004
7596	-4343.402	-4632.091	288.689	0.9810263	0.9846079	10.69487
7602	-4333.975	-4621.585	287.6094	0.9342221	1.020977	11.26594
7608	-4334.979	-4621.014	286.0356	0.8953448	0.9661846	12.13705
7614	-4348.125	-4637.543	289.4179	0.81574	0.9701444	10.40675
7620	-4330.58	-4617.439	286.8583	0.8219144	0.9468903	11.75645
7626	-4340.162	-4630.467	290.3051	1.004707	0.8728328	9.895222
7632	-4322.467	-4608.255	285.788	0.9526264	1.01458	12.21088
7638	-4334.187	-4625.548	291.3613	0.9243089	0.8763478	9.378599
7644	-4334.841	-4624.512	289.6712	1.178032	0.9105861	10.11601
7650	-4338.555	-4626.654	288.0983	1.067802	0.874761	11.01987
7656	-4326.553	-4618.746	292.1933	1.067802	0.9383094	8.827197
7662	-4325.984	-4614.583	288.599	1.041873	1.040875	10.68093
7668	-4317.554	-4606.673	289.1186	0.9006434	0.893475	10.56177
7674	-4326.85	-4615.77	288.9203	0.891622	1.099878	10.56177
7680	-4346.142	-4636.843	290.7008	0.9201071	0.9547063	9.685171
7686	-4336.16	-4622.871	286.7106	0.8721703	1.118029	11.71998
7692	-4325.439	-4610.706	285.2668	0.7314318	0.988349	12.61132
7698	-4341.627	-4628.111	286.4838	0.6691428	1.013494	11.99636
7704	-4338.397	-4625.045	286.6478	0.7012503	0.9249922	11.94134
7710	-4340.56	-4627.007	286.4474	0.8129001	1.011582	11.94134
7716	-4335.497	-4620.791	285.2939	0.8129001	0.8571424	12.6274
7722	-4320.101	-4606.385	286.2847	0.811563	0.977765	12.04463
7728	-4316.093	-4601.835	285.7416	0.7383655	1.025241	12.34128
7734	-4333.989	-4619.5	285.5104	0.8262778	1.179186	12.34128
7740	-4319.507	-4600.485	280.9784	0.7500577	1.123171	14.76008
7746	-4330.926	-4613.004	282.0778	0.6847839	0.8452008	14.37089
7752	-4344.628	-4630.088	285.4595	0.7337432	0.924035	12.54441
7758	-4329.363	-4617.622	288.2591	0.8415286	0.924035	11.02619
7764	-4324.964	-4607.629	282.6651	0.8274785	0.9879796	13.91344
7770	-4345.829	-4634.402	288.5734	0.7725897	1.037586	10.83721
7776	-4343.508	-4628.343	284.8346	0.8656929	0.8468178	12.84502
7782	-4337.026	-4620.937	283.9112	0.8210838	0.96757	13.28071
7788	-4352.029	-4637.291	285.2624	0.8498765	0.9192855	12.58917
7794	-4333.335	-4613.031	279.696	0.8289446	1.004936	15.44084
7800	-4337.298	-4621.267	283.9691	0.7731838	0.9106746	13.30648
7806	-4344.092	-4632.111	288.0189	0.8633012	0.9106746	11.14803
7812	-4339.366	-4623.625	284.2589	0.8304032	0.8782238	13.14448
7818	-4333.063	-4619.57	286.5072	0.84383	0.8782238	11.96671
7824	-4337.437	-4625.068	287.6311	0.84383	0.9622324	11.33283
7830	-4336.842	-4622.713	285.8715	0.7389238	0.9723453	12.30085
7836	-4335.737	-4619.335	283.5978	0.8639774	0.8557508	13.48349
7842	-4321.461	-4610.687	289.226	0.8016581	0.8414034	10.58776
7848	-4312.804	-4598.505	285.7002	0.8118793	0.9453725	12.36663
7854	-4323.927	-4608.463	284.5354	0.8795816	0.9030188	12.96109
7860	-4336.748	-4622.524	285.7759	0.7893703	1.018641	12.3002
7866	-4334.955	-4617.882	282.9267	0.7710793	0.8932785	13.85846
7872	-4337.147	-4620.924	283.7772	0.7668455	1.231211	13.25056
7878	-4332.377	-4617.4	285.0226	0.7051092	0.8653551	12.81989
7884	-4346.115	-4631.606	285.4913	0.852706	1.026615	12.41139
7890	-4327.654	-4613.499	285.8449	0.7515834	0.9535112	12.31823
7896	-4340.317	-4628.421	288.1039	0.8998486	0.9535112	11.06077
7902	-4336.935	-4625.168	288.2336	0.8296623	1.028591	10.98998
7908	-4319.984	-4605.793	285.8089	0.8142737	1.109882	12.2246
7914	-4332.865	-4619.044	286.1789	0.897232	0.935872	12.07775
7920	-4338.792	-4622.458	283.6655	0.9303063	0.9493994	13.36132
7926	-4346.302	-4631.736	285.4346	0.8380366	0.9493994	12.48916
7932	-4318.403	-4605.308	286.9049	0.7631672	0.8503901	11.81739
7938	-4333.011	-4617.038	284.0275	0.7233431	1.000951	13.25351
7944	-4324.866	-4612.243	287.3766	0.8288638	1.000951	11.45318
7950	-4320.221	-4605.81	285.5897	0.6415548	0.8599018	12.56098
7956	-4328.233	-4613.561	285.3285	0.6814523	1.075254	12.56098
7962	-4343.8	-4629.112	285.3118	0.7754673	1.090582	12.51318
7968	-4326.699	-4613.725	287.0258	0.7754673	1.044423	11.64211
7974	-4309.182	-4597.704	288.522	0.7162668	0.8738834	10.98255
7980	-4318.836	-4607.551	288.715	0.906068	1.028726	10.69751
7986	-4313.883	-4600.689	286.8056	0.7812453	0.9782777	11.78834
7992	-4316.538	-4601.392	284.8542	0.7877976	0.7757005	12.91857
7998	-4311.582	-4597.53	285.9479	0.7646504	0.877409	12.30011
8004	-4314.919	-4600.758	285.8394	0.660435	0.8974088	12.39957
8010	-4326.677	-4613.81	287.133	0.9127789	0.8244898	11.63559
8016	-4317.342	-4602.591	285.2493	0.8199022	1.130143	12.50359
8022	-4328.234	-4613.479	285.2447	0.8233233	1.21222	12.46623
8028	-4340.028	-4626.264	286.2354	0.9329274	0.9133477	12.04212
8034	-4318.318	-4605.236	286.9176	0.7940357	0.9840401	11.72011
8040	-4315.516	-4600.834	285.3182	0.8054573	0.8108756	12.64619
8046	-4331.2	-4614.539	283.3389	0.6948159	1.05045	13.60071
8052	-4315.768	-4602.777	287.0089	0.6991978	0.9168863	11.75841
8058	-4308.974	-4594.598	285.6233	0.822993	1.01223	12.36547
8064	-4302.973	-4589.884	286.9116	0.861931	0.9218227	11.72151
8070	-4315.984	-4604.5	288.5161	0.854497	1.031872	10.82725
8076	-4310.833	-4598.616	287.7836	0.8703468	0.9228264	11.2607
8082	-4306.902	-4592.861	285.9586	0.8517405	0.979943	12.19259
8088	-4314.828	-4598.99	284.1618	0.7915489	0.9224515	13.19027
8094	-4317.387	-4601.733	284.3456	0.8188836	1.024431	13.02642
8100	-4343.637	-4631.818	288.1811	0.8349515	1.002474	11.02821
8106	-4335.809	-4622.193	286.3839	0.7999324	0.8820319	12.05175
8112	-4328.325	-4612.415	284.0899	0.7667287	1.012659	13.19247
8118	-4337.52	-4621.578	284.0578	0.6013372	1.2273	13.19247
8124	-4313.575	-4600.912	287.3371	0.650485	0.9509882	11.59366
8130	-4307.868	-4594.067	286.1997	0.6508316	1.042406	12.13937
8136	-4326.497	-4613.252	286.7548	0.7893696	1.522425	11.56811
8142	-4317.585	-4602.531	284.9461	0.7405767	0.9864185	12.77449
8148	-4313.105	-4600.881	287.776	0.6527362	0.9023014	11.39001
8154	-4320.565	-4604.704	284.1398	0.7598582	0.9340415	13.2118
8160	-4315.785	-4601.904	286.1193	0.7434341	1.146058	12.08245
8166	-4327.721	-4613.137	285.4166	0.9053588	0.9869098	12.44345
8172	-4322.765	-4609.877	287.1125	0.8354944	1.042896	11.5662
8178	-4328.032	-4612.192	284.1595	0.7335481	1.267051	13.05341
8184	-4312.983	-4595.72	282.7376	0.8821229	0.8872665	13.90235
8190	-4315.68	-4598.459	282.7797	0.8047792	0.9199307	13.90235
8196	-4313.384	-4599.933	286.5485	0.8719936	0.9199307	11.90685
8202	-4320.974	-4604.601	283.6273	0.7541889	1.108313	13.39178
8208	-4309.578	-4592.67	283.0924	0.6713156	1.118409	13.70763
8214	-4316.192	-4600.471	284.2783	0.6479255	0.8345369	13.25471
8220	-4319.161	-4602.963	283.8019	0.8461858	1.105343	13.25471
8226	-4321.559	-4605.385	283.8266	0.8079816	1.119933	13.25471
8232	-4337.113	-4619.598	282.4856	0.8104517	1.101225	13.95851
8238	-4347.375	-4630.679	283.3039	0.8133691	1.039718	13.56272
8244	-4327.077	-4613.924	286.8472	0.9937596	1.014377	11.63673
8250	-4332.497	-4619.542	287.045	0.8678116	1.159665	11.5278
8256	-4311.704	-4599.395	287.6909	0.8790394	0.9988925	11.26362
8262	-4314.6	-4599.798	285.1977	0.8276405	1.006602	12.58768
8268	-4327.106	-4614.779	287.6729	0.8237877	1.012109	11.29507
8274	-4336.743	-4625.441	288.6977	0.7808025	1.069292	10.75179
8280	-4326.85	-4612.339	285.4887	0.7660882	1.002118	12.47049
8286	-4320.251	-4603.851	283.6007	0.880355	0.9895084	13.39962
8292	-4342.814	-4631.272	288.4581	0.7480089	0.9306659	10.96726
8298	-4325.573	-4610.473	284.9002	0.7052108	0.87425	12.87842
8304	-4320.041	-4606.839	286.7988	0.7052108	0.9628936	11.83981
8310	-4317.244	-4603.282	286.0385	0.7490649	1.022108	12.18251
8316	-4313.078	-4598.961	285.8826	0.8999734	1.015966	12.18829
8322	-4317.783	-4605.389	287.6055	0.7537805	1.067424	11.33885
8328	-4306.195	-4592.629	286.4346	0.8331928	1.061196	11.91222
8334	-4319.997	-4608.99	288.9929	0.8397746	0.7775502	10.72926
8340	-4304.852	-4589.471	284.6195	0.8516405	1.023337	12.86749
8346	-4297.84	-4582.96	285.1199	0.7971114	0.9706435	12.66294
8352	-4306.42	-4591.227	284.8075	0.722297	0.9023038	12.9018
8358	-4300.57	-4586.558	285.988	0.8881047	0.8960706	12.20424
8364	-4302.733	-4588.471	285.738	0.7595948	1.05716	12.31592
8370	-4297.952	-4584.029	286.0762	0.8761556	1.036288	12.08937
8376	-4296.442	-4582.43	285.9875	0.9544498	1.046915	12.08937
8382	-4310.084	-4595.825	285.7411	0.976973	0.8514434	12.31233
8388	-4300.711	-4586.364	285.6531	0.8499103	1.058675	12.31233
8394	-4302.221	-4586.171	283.9498	0.838182	1.192705	13.14108
8400	-4314.804	-4599.008	284.204	0.8016637	0.9629891	13.14108
8406	-4298.284	-4586.183	287.8992	0.8710902	0.9130144	11.20527
8412	-4308.646	-4596.766	288.1201	0.9255669	1.030273	10.99832
8418	-4304.26	-4588.62	284.3608	0.8305467	1.027202	13.01103
8424	-4298.669	-4584.936	286.267	0.7251899	1.027202	12.07318
8430	-4295.633	-4581.725	286.0921	0.8878041	1.039831	12.07318
8436	-4298.726	-4582.888	284.1618	0.8207148	1.10042	13.08324
8442	-4316.474	-4599.077	282.6029	0.7484981	0.9972523	13.9818
8448	-4310.962	-4596.734	285.7723	0.7322131	0.8731845	12.41094
8454	-4310.967	-4594.683	283.7156	0.7621919	0.9949733	13.39848
8460	-4311.399	-4597.273	285.8737	0.8628787	1.165779	12.13904
8466	-4312.553	-4599.017	286.4639	0.8070794	0.9848093	11.94979
8472	-4317.788	-4603.323	285.5352	0.8075574	0.9848093	12.43374
8478	-4324.651	-4612.508	287.8567	0.86305	1.15167	11.10945
8484	-4331.81	-4619.991	288.1814	0.9078721	1.066647	10.95708
8490	-4325.275	-4612.851	287.5768	0.6589479	0.9235921	11.479
8496	-4311.026	-4598.141	287.1147	0.741919	1.159427	11.5573
8502	-4313.533	-4600.411	286.8784	0.7546178	1.227879	11.64282
8508	-4299.365	-4583.74	284.3751	0.7606467	1.128398	12.99019
8514	-4307.144	-4591.411	284.2675	0.7566075	0.9609512	13.1326
8520	-4316.461	-4600.68	284.2193	0.6854944	1.082025	13.1326
8526	-4310.747	-4596.208	285.4607	0.8659505	1.082025	12.3927
8532	-4309.487	-4597.646	288.1593	0.8213905	0.8140218	11.15301
8538	-4319.705	-4607.009	287.3034	0.7482881	0.8726707	11.60406
8544	-4345.529	-4632.078	286.5489	0.9287654	1.021116	11.823
8550	-4329.389	-4616.784	287.395	0.7644683	0.8951358	11.53484
8556	-4318.15	-4601.23	283.0805	0.8521463	0.9877887	13.68521
8562	-4310.812	-4598.394	287.5824	0.9149434	0.9877887	11.30745
8568	-4323.283	-4609.577	286.2937	0.8061201	0.9877887	12.03748
8574	-4352.345	-4639.904	287.5597	1.015532	0.9843993	11.26851
8580	-4328.307	-4615.427	287.12	0.8443587	0.987438	11.58629
8586	-4323.654	-4606.328	282.6741	0.7716077	1.173583	13.84683
8592	-4313.047	-4598.561	285.514	0.7337865	1.304942	12.33197
8598	-4318.698	-4603.766	285.0675	0.878614	1.014454	12.62485
8604	-4309.354	-4596.264	286.9099	0.8390225	1.016037	11.68394
8610	-4313.108	-4599.297	286.189	0.7362189	0.9289792	12.16021
8616	-4320.43	-4607.454	287.0242	0.9073936	1.023074	11.58486
8622	-4318.381	-4605.202	286.8214	0.7392928	1.205796	11.69057
8628	-4323.997	-4608.634	284.6376	0.8654917	1.055862	12.8344
8634	-4331.495	-4617.514	286.0198	0.926797	1.044015	12.08841
8640	-4322.067	-4611.65	289.5831	0.8949293	0.9525433	10.28788
8646	-4333.135	-4619.214	286.0796	0.7500052	0.9525433	12.19723
8652	-4338.014	-4623.912	285.8984	0.8151247	0.9826073	12.24166
8658	-4341.649	-4628.848	287.1983	0.8711395	0.9645765	11.54357
8664	-4326.749	-4616.469	289.7194	0.8875148	0.8787906	10.26159
8670	-4329.997	-4614.536	284.5392	0.8258196	0.9393187	12.96702
8676	-4323.935	-4609.491	285.556	0.7620429	0.9086968	12.48792
8682	-4330.259	-4613.838	283.5786	0.6605187	0.8438935	13.60604
8688	-4321.986	-4605.596	283.6092	0.8523046	0.8686657	13.47613
8694	-4332.232	-4617.608	285.3761	0.8699032	1.023778	12.46387
8700	-4317.069	-4606.338	289.269	0.9325666	1.085382	10.3643
8706	-4315.127	-4602.576	287.4483	0.7722166	0.8610169	11.52257
8712	-4320.874	-4607.304	286.43	0.7722166	0.8610169	12.0543
8718	-4292.844	-4579.269	286.4254	0.8232797	1.111054	11.89773
8724	-4305.476	-4591.535	286.0588	0.9380545	1.16531	12.0035
8730	-4309.014	-4593.618	284.6033	0.8734295	0.8816005	12.94114
8736	-4310.879	-4596.219	285.3403	0.8960117	0.9414101	12.51242
8742	-4314.722	-4602.905	288.1827	0.934202	0.9365578	11.01078
8748	-4319.595	-4606.021	286.4265	0.9253124	0.9330443	11.93548
8754	-4304.797	-4591.194	286.397	0.7131103	1.184577	11.93548
8760	-4325.785	-4611.525	285.7398	0.7689833	0.8127882	12.44447
8766	-4322.781	-4606.825	284.0446	0.6827298	0.9236241	13.3071
8772	-4313.799	-4598.63	284.8315	0.7355066	1.0697	12.79427
8778	-4314.87	-4601.22	286.3496	0.6949938	1.028893	12.04498
8784	-4294.78	-4579.191	284.4103	0.6994876	0.9004778	13.12121
8790	-4336.246	-4623.081	286.8342	0.8038018	1.004385	11.74792
8796	-4336.73	-4622.594	285.8645	0.8557674	1.336091	12.07246
8802	-4313.51	-4598.788	285.2779	0.7554924	0.9634468	12.60621
8808	-4316.457	-4599.819	283.3625	0.70181	1.358443	13.44538
8814	-4316.156	-4599.675	283.5182	0.7761913	1.090964	13.44538
8820	-4322.567	-4605.191	282.6236	0.7245747	1.090964	13.93644
8826	-4314.733	-4597.282	282.5486	0.7245747	1.173231	13.93644
8832	-4313.87	-4599.389	285.5192	0.6252299	0.9824899	12.53827
8838	-4319	-4602.507	283.5064	0.7162358	0.9315598	13.56481
8844	-4326.424	-4610.341	283.9167	0.7641388	1.021466	13.27929
8850	-4310.466	-4595.573	285.1069	0.7323752	1.046742	12.66406
8856	-4305.715	-4589.097	283.3819	0.5931223	0.8792135	13.72258
8862	-4312.01	-4597.083	285.0732	0.7692485	0.8792135	12.75224
8868	-4327.246	-4612.765	285.519	0.8106702	0.8629653	12.50793
8874	-4323.075	-4607.351	284.2758	0.6860385	1.047685	13.11999
8880	-4311.417	-4596.131	284.7139	0.7199095	1.015394	12.89095
8886	-4314.177	-4599.567	285.3894	0.6792631	1.015394	12.56058
8892	-4320.931	-4606.452	285.5207	0.7135365	0.8579481	12.56058
8898	-4317.351	-4601.853	284.5028	0.7460923	0.9863271	13.00225
8904	-4322.671	-4608.315	285.6433	0.7893701	0.9003761	12.43287
8910	-4311.687	-4595.662	283.9754	0.6760381	1.19207	13.21235
8916	-4312.757	-4596.899	284.1422	0.6828904	0.9050254	13.26661
8922	-4319.013	-4602.868	283.8547	0.7798049	1.095296	13.26661
8928	-4329.466	-4612.947	283.4808	0.6676663	1.161842	13.48753
8934	-4327.81	-4616.066	288.2561	0.7508807	0.947787	11.06219
8940	-4324.618	-4612.045	287.4277	0.7753861	0.978576	11.4662
8946	-4326.193	-4614.201	288.0083	0.7623627	1.06048	11.12703
8952	-4321.896	-4609.307	287.4104	0.8604845	1.124128	11.35737
8958	-4321.963	-4608.861	286.8984	0.8737421	1.023531	11.66798
8964	-4324.508	-4611.414	286.9062	0.8762534	0.9628246	11.69443
8970	-4330.233	-4616.288	286.0549	0.7849072	0.9350521	12.20142
8976	-4333.89	-4619.884	285.9939	0.7922947	0.9870969	12.20142
8982	-4338.301	-4621.604	283.3031	0.8986704	0.9116776	13.58664
8988	-4339.798	-4626.387	286.5889	0.698345	1.010733	11.92773
8994	-4341.791	-4624.58	282.7889	0.7410974	1.005182	13.88507
9000	-4333.641	-4620.138	286.4972	0.8175964	1.029094	11.90393
9006	-4337.39	-4621.519	284.1291	0.7570674	0.8849177	13.24623
9012	-4330.934	-4616.665	285.7301	1.07714	1.104179	12.13136
9018	-4328.75	-4613.949	285.1994	0.7322975	0.878706	12.70608
9024	-4322.129	-4605.594	283.4648	0.8599308	1.106014	13.42235
9030	-4310.812	-4595.478	284.6658	0.8340579	1.267323	12.73766
9036	-4307.825	-4596.293	288.4686	0.9475832	1.055631	10.79129
9042	-4319.97	-4611.116	291.1458	1.20537	0.9250959	9.31608
9048	-4301.165	-4589.445	288.2805	0.891718	0.9559513	10.97119
9054	-4297.16	-4583.559	286.3998	0.8168446	0.9559513	11.99353
9060	-4302.066	-4588.052	285.986	0.8893508	1.022498	12.13657
9066	-4290.675	-4576.777	286.1015	0.7056927	1.093569	12.13657
9072	-4296.14	-4581.758	285.6189	0.8041728	0.8865019	12.44573
9078	-4306.913	-4595.618	288.7051	0.7903573	0.8865019	10.84053
9084	-4296.558	-4584.474	287.9165	0.7478475	1.04366	11.19117
9090	-4290.199	-4578.19	287.9903	0.9059729	1.053551	11.06477
9096	-4298.58	-4583.865	285.2849	0.8618848	0.8584308	12.60579
9102	-4300.553	-4586.319	285.766	0.7771282	1.120445	12.26123
9108	-4315.475	-4603.568	288.0927	0.8052487	1.120445	11.03096
9114	-4326.462	-4610.564	284.1024	0.495816	0.9844097	13.34145
9120	-4317.749	-4601.77	284.021	0.666453	0.8990807	13.34145
9126	-4306.092	-4591.435	285.3433	0.7383682	0.8716607	12.63205
9132	-4309.813	-4595.469	285.6564	0.7845182	0.9509045	12.40068
9138	-4310.03	-4596.723	286.6934	0.6569182	0.9509045	11.92649
9144	-4314.501	-4601.214	286.7132	0.9420246	0.9864354	11.74832
9150	-4322.98	-4605.794	282.814	0.684699	1.03046	13.88838
9156	-4326.012	-4611.33	285.3181	0.7108049	0.8158437	12.69247
9162	-4299.368	-4586.11	286.7417	0.865753	0.9243708	11.80683
9168	-4315.827	-4603.056	287.2286	0.7762325	1.196484	11.46267
9174	-4308.506	-4592.701	284.1954	0.695456	1.160953	13.10223
9180	-4300.651	-4588.518	287.8674	0.8274759	0.9548809	11.22169
9186	-4311.303	-4599.038	287.735	0.8274759	1.089364	11.22169
9192	-4306.065	-4593.6	287.5354	0.7683988	1.080706	11.3613
9198	-4298.853	-4585.581	286.7282	0.7717404	1.080706	11.78135
9204	-4311.89	-4597.945	286.055	0.7591317	1.235061	12.0671
9210	-4320.603	-4606.853	286.2499	0.7879601	1.060681	12.03248
9216	-4329.003	-4615.214	286.2113	0.8194209	1.06815	12.03248
9222	-4310.907	-4597.868	286.9614	0.8247618	1.000397	11.67258
9228	-4309.608	-4595.772	286.1641	0.7471353	0.9931594	12.13303
9234	-4313.647	-4599.386	285.7392	0.7939157	0.9164162	12.37159
9240	-4331.548	-4615.296	283.7479	0.6319706	1.060988	13.41575
9246	-4327.849	-4612.739	284.8897	0.683797	0.8790856	12.8922
9252	-4307.651	-4596.811	289.1596	0.8098051	1.034489	10.5118
9258	-4315.389	-4604.523	289.1339	0.924298	0.9463474	10.5118
9264	-4310.624	-4599.263	288.6396	0.8326814	1.042288	10.76863
9270	-4316.596	-4605.566	288.9701	0.7919233	1.007018	10.63483
9276	-4306.226	-4595.428	289.2017	0.7919233	1.055817	10.48826
9282	-4308.056	-4597.202	289.1465	0.7859487	1.120936	10.48826
9288	-4308.747	-4594.058	285.3108	0.8548786	1.028087	12.50353
9294	-4311.086	-4598.815	287.7286	0.9318305	0.9643752	11.23461
9300	-4316.113	-4601.394	285.281	0.856787	0.8478749	12.61667
9306	-4317.699	-4604.748	287.0485	0.8696399	0.8478749	11.68832
9312	-4328.067	-4613.122	285.0548	0.7472927	0.9965598	12.70909
9318	-4318.261	-4603.985	285.7241	0.7298151	0.9965598	12.36966
9324	-4318.364	-4604.131	285.7665	0.8805267	1.125481	12.20466
9330	-4323.986	-4609.227	285.2409	0.9157411	1.118669	12.46351
9336	-4314.098	-4600.437	286.3391	0.8152155	0.9997361	12.0028
9342	-4313.761	-4597.944	284.1828	0.9181983	1.044967	13.049
9348	-4310.371	-4595.508	285.137	0.8685074	1.044967	12.57838
9354	-4326.445	-4615.122	288.6766	0.8622114	1.076105	10.71677
9360	-4306.801	-4592.72	285.9186	0.8397601	0.9380863	12.24224
9366	-4325.274	-4611.401	286.127	0.6845392	0.8883542	12.24224
9372	-4314.312	-4600.805	286.4929	0.7566785	0.8059853	12.06247
9378	-4322.745	-4609.049	286.3041	0.8219152	0.9528499	12.0425
9384	-4313.563	-4601.855	288.2919	0.8455441	1.020433	10.95532
9390	-4315.007	-4601.611	286.6047	0.7965545	1.032838	11.85688
9396	-4313.213	-4598.138	284.9249	0.6969456	1.129287	12.73686
9402	-4310.836	-4598.608	287.7721	0.8224022	0.9669121	11.26776
9408	-4296.818	-4585.185	288.3667	0.9100035	1.044596	10.86997
9414	-4309.133	-4598.569	289.4356	0.9953512	1.017977	10.27785
9420	-4307.145	-4593.185	286.04	0.7912299	1.130344	12.10634
9426	-4301.48	-4586.635	285.1546	0.723451	1.130344	12.603
9432	-4305.598	-4589.215	283.6167	0.7893066	1.006798	13.42958
9438	-4304.725	-4588.413	283.6885	0.7237265	1.098225	13.38068
9444	-4303.915	-4588.704	284.7882	0.6611763	0.9664069	12.90854
9450	-4303.721	-4588.448	284.727	0.6470758	1.041936	12.90854
9456	-4307.126	-4593.457	286.3312	0.7292188	0.9859411	12.05901
9462	-4303.276	-4589.617	286.3415	0.7562096	0.9366881	12.06603
9468	-4311.582	-4597.601	286.0185	0.6628794	0.9595176	12.27073
9474	-4323.721	-4610.292	286.5709	0.7532375	1.156818	11.83665
9480	-4331.286	-4617.419	286.1331	0.8912616	0.9586401	12.09239
9486	-4319.256	-4607.847	288.5914	0.9032726	1.193935	10.68372
9492	-4319.697	-4606.172	286.4756	0.7291304	1.096684	11.92763
9498	-4313.413	-4599.519	286.1057	0.6773889	1.144002	12.12498
9504	-4310.162	-4597.446	287.2841	0.7929271	1.034497	11.50303
9510	-4315.569	-4602.543	286.9746	0.6994081	1.061995	11.69972
9516	-4324.96	-4611.698	286.7375	0.7161378	1.312288	11.69972
9522	-4322.763	-4610.642	287.8792	0.6415843	0.9130271	11.33584
9528	-4328.008	-4616.032	288.0243	0.806283	1.066231	11.09281
9534	-4312.839	-4600.757	287.9181	0.7789545	1.020614	11.18582
9540	-4314.111	-4602.399	288.2881	0.7533504	1.061015	10.985
9546	-4315.112	-4600.185	285.0724	0.7222196	0.9217802	12.75316
9552	-4318.435	-4603.033	284.5987	0.7668567	0.8805283	12.99954
9558	-4328.982	-4617.671	288.6888	0.8494027	0.9224154	10.79781
9564	-4324.355	-4610.386	286.0307	0.8093225	0.9158225	12.21196
9570	-4333.216	-4620.862	287.6459	1.044705	0.9591913	11.22159
9576	-4327.15	-4618.434	291.284	0.910901	1.084365	9.314696
9582	-4322.874	-4613.449	290.5749	0.9613353	0.8813038	9.771012
9588	-4309.718	-4596.512	286.7939	0.8428366	0.9589854	11.77259
9594	-4318.474	-4605.789	287.3148	0.800552	0.9987289	11.50144
9600	-4331.083	-4618.312	287.2284	0.8936307	0.8648257	11.57181
9606	-4314.444	-4600.075	285.6307	0.7492087	0.8823712	12.47059
9612	-4320.534	-4606.162	285.6285	0.7054409	0.9250329	12.47059
9618	-4325.211	-4614.346	289.1342	0.8484276	1.214868	10.41805
9624	-4304.439	-4589.934	285.4951	0.856061	1.089049	12.3765
9630	-4301.957	-4588.751	286.7939	0.7980276	1.127902	11.71044
9636	-4312.718	-4598.982	286.2639	0.802464	0.9600655	12.06971
9642	-4315.391	-4600.625	285.2345	0.7319099	0.8201796	12.72243
9648	-4312.391	-4597.572	285.1804	0.6922806	0.9039832	12.72243
9654	-4316.184	-4602.402	286.2185	0.7673381	1.05646	12.06172
9660	-4333.551	-4617.029	283.4777	0.7730955	1.173293	13.42906
9666	-4325.731	-4609.274	283.5427	0.7121821	1.168718	13.42906
9672	-4315.641	-4598.295	282.6538	0.8116471	0.8978365	13.97637
9678	-4323.555	-4607.472	283.9173	0.8745115	1.03887	13.2128
9684	-4343.786	-4628.941	285.1549	0.789779	0.8232277	12.73188
9690	-4334.457	-4620.737	286.2801	0.7055884	1.058946	12.06057
9696	-4329.011	-4614.602	285.5917	0.7284277	1.199899	12.34046
9702	-4329.048	-4613.893	284.8451	0.7284277	1.011707	12.82018
9708	-4332.988	-4617.718	284.7298	0.7919727	1.011707	12.8471
9714	-4319.599	-4606.576	286.977	0.7001746	0.7846486	11.85253
9720	-4323.279	-4610.438	287.1596	0.7930236	1.099177	11.53583
9726	-4331.432	-4616.137	284.7058	0.8127052	0.9443611	12.88444
9732	-4322.437	-4610.322	287.8855	0.8905748	1.04126	11.13391
9738	-4313.691	-4597.642	283.9505	0.7906334	0.8483024	13.34274
9744	-4324.155	-4608.321	284.1657	0.7572199	0.849645	13.24751
9750	-4332.114	-4618.394	286.28	0.7742633	0.996223	12.05685
9756	-4324.015	-4609.413	285.3984	0.8653544	0.8343259	12.55912
9762	-4323.911	-4608.643	284.7327	0.8697723	0.9207226	12.85373
9768	-4324.452	-4609.186	284.7338	0.8545897	0.9339979	12.85373
9774	-4321.154	-4607.93	286.7761	0.8674695	0.8923509	11.80591
9780	-4333.095	-4620.496	287.4015	0.9530255	0.9595991	11.39723
9786	-4324.559	-4612.768	288.2083	0.9530255	0.8056471	11.06359
9792	-4306.682	-4593.189	286.5073	0.812053	0.9792672	11.92748
9798	-4308.488	-4593.769	285.2808	0.8623616	1.068649	12.49488
9804	-4311.126	-4594.994	283.8682	0.6560066	0.7310694	13.52802
9810	-4308.327	-4592.681	284.3542	0.7714091	0.8985829	13.11405
9816	-4312.178	-4599.619	287.4416	0.924933	0.9570732	11.3923
9822	-4315.444	-4603.2	287.756	0.8871815	0.8500749	11.30799
9828	-4332.522	-4621.848	289.3264	0.9342024	0.8940399	10.43476
9834	-4312.375	-4602.98	290.6051	1.018503	1.019693	9.649148
9840	-4311.072	-4600.542	289.47	0.9344292	0.9163486	10.34657
9846	-4301.345	-4586.086	284.7412	0.7724556	0.9796376	12.86807
9852	-4296.779	-4582.309	285.53	0.8105605	0.8240897	12.52525
9858	-4307.944	-4589.257	281.3128	0.6339819	0.9993119	14.70845
9864	-4297.555	-4582.729	285.1731	0.718816	0.9993119	12.66093
9870	-4294.716	-4580.835	286.1189	0.7070618	0.8347985	12.26595
9876	-4301.594	-4587.406	285.8126	0.7268694	0.938204	12.35627
9882	-4298.918	-4583.023	284.1051	0.6815933	0.9143874	13.28136
9888	-4300.429	-4587.962	287.533	0.7307384	0.8752355	11.49171
9894	-4291.157	-4577.439	286.282	0.7420632	1.026905	12.05672
9900	-4309.166	-4595.15	285.9838	0.8524106	0.920122	12.21153
9906	-4339.851	-4623.184	283.3333	0.7598935	0.905873	13.64621
9912	-4326.064	-4611.572	285.5073	0.8329811	0.7859641	12.54872
9918	-4325.979	-4611.193	285.2141	0.7190205	1.185233	12.54872
9924	-4329.573	-4613.91	284.3365	0.7178178	0.7872802	13.21685
9930	-4312.851	-4599.708	286.8571	0.9429235	0.8698347	11.73716
9936	-4314.472	-4601.369	286.8969	0.7508579	0.8698347	11.81666
9942	-4323.068	-4605.381	282.313	0.6685561	1.074163	14.13471
9948	-4315.242	-4598.183	282.9406	0.844088	1.040641	13.73486
9954	-4317.971	-4605.027	287.0559	0.879371	0.8402068	11.68389
9960	-4318.483	-4603.429	284.9464	0.7124152	0.8402068	12.87048
9966	-4312.334	-4597.851	285.5169	0.7480263	0.9388009	12.49898
9972	-4309.417	-4593.243	283.8255	0.9043986	0.9412533	13.29609
9978	-4305.51	-4589.382	283.8722	0.7843571	1.013353	13.29609
9984	-4308.774	-4593.364	284.5898	0.7910975	1.013353	12.91953
9990	-4330.534	-4615.367	284.8329	0.8788192	0.8965864	12.81039
9996	-4319.053	-4603.689	284.6362	0.8584333	0.9921003	12.8714
10002	-4322.502	-4608.812	286.3106	0.8228949	0.9739691	12.02725
10008	-4321.713	-4608.181	286.4675	0.8096285	0.8725255	12.00851
10014	-4318.535	-4603.202	284.6673	0.8241798	0.9707727	12.8843
10020	-4319.788	-4602.924	283.1361	0.773493	0.8155011	13.79396
10026	-4324.047	-4609.034	284.9869	0.7467168	0.8155011	12.84637
10032	-4327.258	-4608.16	280.9024	0.6406108	0.7846852	15.03864
10038	-4324.326	-4610.393	286.0668	0.8239052	0.8912183	12.19938
10044	-4327.351	-4613.108	285.7563	0.7853762	1.075549	12.28382
10050	-4327.281	-4609.877	282.5965	0.7728338	1.061341	13.93997
10056	-4325.421	-4609.91	284.4896	0.6844478	1.061341	13.00284
10062	-4313.657	-4597.89	284.2325	0.8298498	1.183035	13.00284
10068	-4307.46	-4591.845	284.386	0.7956998	1.053373	13.00284
10074	-4317.241	-4601.548	284.3072	0.7389972	1.217457	12.99566
10080	-4305.583	-4593.654	288.0709	0.8753758	1.217457	10.96045
10086	-4314.271	-4599.693	285.4216	0.8180647	0.9089777	12.52861
10092	-4322.414	-4601.373	278.9597	0.671722	1.015909	15.89671
10098	-4322.513	-4602.876	280.3633	0.7597668	1.038326	15.11468
10104	-4327.501	-4613.148	285.6468	0.8594714	0.7705987	12.47189
10110	-4313.734	-4597.583	283.8486	0.79734	0.8698174	13.3797
10116	-4318.631	-4602.47	283.8389	0.7842419	0.8904912	13.3797
10122	-4313.833	-4601.458	287.6244	0.972974	0.8445817	11.33519
10128	-4322.545	-4605.25	282.705	0.8225643	0.9386497	13.92161
10134	-4320.986	-4604.818	283.8316	0.7556311	1.146332	13.26684
10140	-4316.82	-4602.661	285.8402	1.033434	1.064895	12.11605
10146	-4319.486	-4606.477	286.9913	0.8304017	1.072666	11.61729
10152	-4324.933	-4610.355	285.4221	0.7358695	1.036011	12.5035
10158	-4340.165	-4625.432	285.2671	0.8197022	1.028807	12.54425
10164	-4344.365	-4631.315	286.95	0.7590465	1.042885	11.69107
10170	-4340.594	-4626.052	285.4579	0.8205511	1.081558	12.41804
10176	-4347.049	-4634.667	287.6187	0.800685	1.020395	11.33124
10182	-4339.19	-4626.79	287.6002	0.8975738	0.8710523	11.37179
10188	-4324.508	-4610.626	286.1178	1.01625	1.140047	11.94375
10194	-4334.241	-4619.168	284.9268	0.8212784	1.144161	12.66413
10200	-4321.026	-4604.886	283.86	0.7618354	1.065304	13.28787
10206	-4313.593	-4599.702	286.109	0.7174364	1.000769	12.1733
10212	-4315.792	-4602.913	287.1215	0.7247655	0.9591149	11.66313
10218	-4327.154	-4613.168	286.0134	0.7744609	0.757699	12.33339
10224	-4320.784	-4607.245	286.4606	0.7284667	0.8880966	12.04556
10230	-4322.22	-4608.356	286.1362	0.8509105	0.9339648	12.12521
10236	-4313.079	-4597.158	284.0796	0.7692334	0.8687779	13.27491
10242	-4323.752	-4609.006	285.2543	0.877421	0.8742902	12.60446
10248	-4329.195	-4612.686	283.4908	0.7006386	1.048615	13.51976
10254	-4336.342	-4624.191	287.849	0.8479158	0.9754199	11.20958
10260	-4324.672	-4608.165	283.4931	0.8259714	0.993214	13.4818
10266	-4340.63	-4627.54	286.9099	1.029479	1.052971	11.5656
10272	-4322.808	-4607.549	284.7411	0.7964084	0.8995096	12.89937
10278	-4337.868	-4621.645	283.7774	0.8002484	1.070082	13.30846
10284	-4326.639	-4611.101	284.4621	0.8396158	1.095939	12.91945
10290	-4328.066	-4612.264	284.1984	0.7913398	1.006539	13.12643
10296	-4320.948	-4605.092	284.1447	0.8384278	1.01322	13.12643
10302	-4320.24	-4604.234	283.9939	0.7667549	1.01322	13.24204
10308	-4321.907	-4608.713	286.8059	0.7691996	0.9341933	11.81827
10314	-4314.551	-4600.269	285.7178	0.7691996	1.073563	12.31331
10320	-4312.782	-4598.233	285.4507	0.7109209	0.7472727	12.66627
10326	-4305.167	-4593.768	288.6009	0.860247	1.018815	10.7865
10332	-4320.768	-4607.452	286.6832	0.7986341	0.8157821	11.9353
10338	-4331.402	-4617.017	285.6145	0.6989668	1.072079	12.40444
10344	-4313.604	-4597.181	283.577	0.7183745	1.149673	13.41689
10350	-4323.057	-4607.19	284.1326	0.8037183	0.9919958	13.16179
10356	-4322.096	-4606.751	284.6548	0.6464564	0.8843212	13.0308
10362	-4311.561	-4596.768	285.2064	0.7403014	0.9422164	12.6628
10368	-4305.706	-4590.954	285.2476	0.6729721	0.9674751	12.6628
10374	-4314.188	-4599.59	285.4019	0.8593263	1.094003	12.42093
10380	-4312.162	-4596.901	284.7394	0.7312873	1.010623	12.87426
10386	-4319.051	-4606.12	287.0694	0.8342466	1.010623	11.60589
10392	-4307.194	-4595.666	288.4721	0.8426382	0.9512181	10.89906
10398	-4324.882	-4613.989	289.1062	0.7284407	0.951339	10.62639
10404	-4305.044	-4592.631	287.5869	0.8458967	0.9164976	11.37991
10410	-4305.267	-4592.725	287.4578	0.8748092	1.014027	11.37991
10416	-4311.433	-4596.547	285.1141	0.8670245	1.021065	12.60323
10422	-4311.051	-4595.044	283.9931	0.709565	0.7380563	13.4308
10428	-4319.499	-4602.072	282.5728	0.7503385	0.7380563	14.14653
10434	-4321.008	-4602.715	281.7069	0.7629931	1.069835	14.40199
10440	-4334.955	-4619.158	284.2033	0.7322948	0.9809455	13.16796
10446	-4347.775	-4634.394	286.6184	0.7517237	0.8113638	11.9963
10452	-4327.383	-4615.079	287.6965	0.8441726	0.9956959	11.28063
10458	-4308.963	-4596.385	287.4226	0.8540984	1.059713	11.38592
10464	-4312.116	-4596.679	284.5624	0.9131149	1.082956	12.83539
10470	-4307.369	-4594.626	287.2577	0.8128762	1.06292	11.49208
10476	-4313.63	-4601.826	288.1951	0.7535499	1.003595	11.06295
10482	-4307.258	-4592.431	285.1725	0.6667813	1.003595	12.68611
10488	-4305.951	-4591.14	285.189	0.7498485	0.9074094	12.68611
10494	-4307.43	-4592.495	285.0655	0.7478325	0.9074094	12.75141
10500	-4310.17	-4596.611	286.4407	0.8103845	0.8120102	12.05799
10506	-4307.544	-4593.665	286.1214	0.7935732	0.7123418	12.29685
10512	-4321.938	-4607.154	285.2163	0.7629196	1.05177	12.58864
10518	-4313.735	-4600.345	286.6104	0.9289827	1.05177	11.77519
10524	-4331.816	-4620.027	288.2111	0.9089757	1.266943	10.84736
10530	-4326.75	-4610.7	283.9503	0.857527	1.048014	13.19986
10536	-4329.691	-4618.494	288.8026	0.8714482	1.048014	10.6599
10542	-4325.483	-4613.117	287.6337	0.8510182	1.099147	11.2576
10548	-4314.975	-4602.975	287.9997	0.8982581	1.099147	11.04127
10554	-4301.646	-4587.549	285.9026	0.8308685	1.084045	12.17968
10560	-4302.11	-4588.074	285.9646	0.7919797	1.059644	12.17968
10566	-4308.3	-4595.377	287.0771	0.6171487	0.9582571	11.74299
10572	-4312.686	-4599.67	286.984	0.7102353	0.9582571	11.74299
10578	-4311.074	-4597.858	286.7837	0.7467317	0.8928269	11.86469
10584	-4324.137	-4610.134	285.9972	0.9752967	1.061205	12.06631
10590	-4321.049	-4606.191	285.142	0.6606397	1.025965	12.69366
10596	-4315.441	-4600.991	285.5499	0.6633184	1.001373	12.49256
10602	-4310.545	-4595.31	284.7647	0.8900395	1.029766	12.76866
10608	-4310.18	-4593.88	283.7003	0.882319	0.9965444	13.34317
10614	-4310.773	-4595.953	285.1803	0.8524994	0.9965444	12.58899
10620	-4314.015	-4597.497	283.4825	0.8182732	1.188141	13.39632
10626	-4313.429	-4597.128	283.6985	0.7882949	0.9695377	13.40715
10632	-4305.832	-4594.92	289.0882	0.8580021	0.9695377	10.55803
10638	-4313.112	-4599.179	286.0679	0.8180152	1.267284	12.01548
10644	-4306.248	-4591.658	285.4102	0.8699892	1.086257	12.41479
10650	-4293.989	-4579.301	285.3119	0.8489082	1.050152	12.49488
10656	-4307.114	-4590.778	283.6637	0.8489082	1.024823	13.36497
10662	-4304.492	-4591.456	286.9641	0.818674	1.265472	11.54793
10668	-4304.072	-4587.355	283.283	0.6625203	1.083232	13.63027
10674	-4301.818	-4587.776	285.9583	0.8024046	1.126857	12.14473
10680	-4294.526	-4579.583	285.0574	0.8016401	1.057026	12.64859
10686	-4313.906	-4595.525	281.6182	0.767388	0.9771455	14.49283
10692	-4308.337	-4593.685	285.3479	0.9030738	0.9506443	12.49978
10698	-4314.466	-4599.795	285.3295	0.9118032	0.9600255	12.49978
10704	-4321.203	-4605.347	284.1442	0.9404962	0.9239493	13.12117
10710	-4338.414	-4623.679	285.2653	0.8213239	0.926027	12.59879
10716	-4334.331	-4620.055	285.7243	0.8945608	0.8386859	12.37158
10722	-4325.647	-4611.994	286.3473	0.7799047	0.999655	12.01699
10728	-4319.343	-4608.289	288.9456	0.8974729	1.077759	10.55629
10734	-4321.911	-4610.295	288.3842	0.8662726	1.12315	10.84497
10740	-4316.159	-4601.517	285.3587	0.7827615	1.078249	12.49103
10746	-4319.966	-4604.586	284.6207	0.7878558	1.078249	12.8725
10752	-4313.271	-4598.236	284.9654	0.649193	0.8761867	12.8725
10758	-4324.191	-4609.227	285.0358	0.6430522	0.8761867	12.83906
10764	-4309.539	-4595.188	285.6493	0.8725961	1.016486	12.32389
10770	-4338.924	-4625.654	286.73	0.8932421	0.9806402	11.76811
10776	-4337.999	-4624.459	286.46	0.7002	0.9697292	12.01555
10782	-4303.942	-4590.664	286.7215	0.7586138	0.9855897	11.84019
10788	-4307.191	-4593.903	286.7116	0.768494	0.9855897	11.84019
10794	-4311.725	-4598.285	286.56	0.8683987	1.03776	11.84019
10800	-4315.156	-4603.121	287.9652	0.8089812	0.9017335	11.20963
10806	-4318.963	-4607.762	288.7988	0.9069847	0.8674795	10.74126
10812	-4313.658	-4600.559	286.9013	0.7181178	0.9615753	11.78027
10818	-4309.327	-4597.042	287.7157	0.8245483	0.9605867	11.29952
10824	-4335.798	-4622.714	286.916	0.841443	0.9613725	11.70831
10830	-4320.853	-4605.671	284.8184	0.7668268	1.072402	12.78349
10836	-4309.046	-4597.738	288.6921	0.8293483	1.089062	10.71946
10842	-4309.43	-4593.016	283.5865	0.7753445	1.004032	13.45396
10848	-4314.06	-4595.933	281.8732	0.7753445	0.9205797	14.3871
10854	-4316.533	-4602.326	285.7926	0.8422339	1.060404	12.24278
10860	-4317.515	-4602.441	284.9257	0.7968795	0.9597291	12.76994
10866	-4314.26	-4600.507	286.2465	0.7621932	0.8416248	12.16661
10872	-4321.949	-4607.841	285.8921	0.6885769	0.9134527	12.34845
10878	-4312.894	-4602.094	289.1997	0.8658264	0.9288164	10.51763
10884	-4309.493	-4595.115	285.6219	0.8782886	0.8572294	12.42247
10890	-4317.515	-4604.567	287.0525	1.035657	0.8122458	11.62084
10896	-4308.887	-4595.262	286.3751	0.8301979	0.9133738	12.02281
10902	-4329.323	-4616.867	287.5448	0.8857654	1.052081	11.30926
10908	-4339.538	-4625.977	286.439	0.7955519	1.000736	11.96041
10914	-4312.98	-4596.97	283.9903	0.7566227	1.023494	13.24392
10920	-4312.971	-4599.301	286.3307	0.8381628	1.054674	11.96714
10926	-4304.513	-4588.97	284.4575	0.7495429	1.137771	12.94867
10932	-4311.805	-4597.742	285.9371	0.7859844	0.9775436	12.23935
10938	-4317.108	-4602.484	285.3757	0.7837396	0.8898992	12.58114
10944	-4313.972	-4598.373	284.4017	0.7953219	0.9656672	13.04015
10950	-4298.598	-4587.567	288.9686	0.9788528	0.9087035	10.59082
10956	-4300.502	-4590.214	289.7121	0.8472659	0.9060421	10.27098
10962	-4319.874	-4603.75	283.8758	0.7008628	0.9816192	13.35409
10968	-4326.644	-4609.652	283.0075	0.7154609	0.8769125	13.85468
10974	-4315.596	-4602.781	287.185	0.9064087	1.097487	11.46414
10980	-4334.537	-4614.265	279.7281	0.6857924	1.13379	15.43489
10986	-4327.084	-4613.177	286.0927	0.7661709	1.056076	12.12814
10992	-4325.22	-4608.382	283.1616	0.6727681	0.8827937	13.79352
10998	-4328.072	-4615.938	287.8655	0.8473975	1.029098	11.17317
11004	-4318.664	-4602.758	284.0941	0.7634666	0.955817	13.22189
11010	-4316.721	-4602.042	285.3209	0.7056384	0.9028294	12.64302
11016	-4319.425	-4603.837	284.412	0.7733394	0.9952995	13.0306
11022	-4313.807	-4602.916	289.1093	0.8670391	0.9906269	10.53098
11028	-4315.491	-4602.377	286.8851	0.7624929	0.9079638	11.795
11034	-4324.463	-4613.668	289.2056	0.9086597	0.9721239	10.46841
11040	-4315.587	-4602.278	286.6905	0.813694	1.19953	11.7229
11046	-4329.435	-4616.344	286.9088	0.8006048	0.980966	11.7229
11052	-4327.086	-4611.616	284.5307	0.8490921	0.8835002	12.99046
11058	-4327.45	-4610.437	282.9868	0.8759275	1.118446	13.65623
11064	-4337.344	-4619.387	282.0432	0.7278043	1.194868	14.18692
11070	-4312.928	-4600.485	287.5573	0.8424825	1.16602	11.27019
11076	-4310.653	-4597.498	286.8441	0.7475269	0.8770117	11.8418
11082	-4310.668	-4593.626	282.9581	0.8082699	1.004646	13.76273
11088	-4300.632	-4582.272	281.6398	0.6538885	1.03637	14.50992
11094	-4296.082	-4583.047	286.965	0.9154407	0.8779198	11.69046
11100	-4308.957	-4591.357	282.4	0.7486098	1.096309	14.03734
11106	-4314.276	-4599.507	285.231	0.8602852	0.8219631	12.65632
11112	-4316.46	-4598.48	282.0205	0.7155067	1.052565	14.27263
11118	-4322.818	-4607.762	284.9441	0.6987316	1.02121	12.77923
11124	-4325.661	-4610.054	284.3927	0.7103356	1.118439	13.01193
11130	-4354.3	-4639.848	285.5478	0.9158663	0.9643989	12.38156
11136	-4347.025	-4628.927	281.9024	0.7824448	1.046341	14.30226
11142	-4334.784	-4620.696	285.9117	0.7368271	0.8791527	12.33248
11148	-4340.677	-4626.736	286.0587	0.7406008	1.040635	12.16694
11154	-4339.93	-4619.62	279.6903	0.6945671	0.9339922	15.55074
11160	-4342.755	-4625.484	282.7284	0.729997	1.09669	13.87646
11166	-4340.593	-4623.993	283.4006	0.6848997	1.060604	13.56878
11172	-4323.939	-4610.601	286.6624	0.7583097	0.8400573	11.95263
11178	-4314.586	-4602.72	288.1334	0.9186329	1.030423	10.99494
11184	-4315.588	-4602.558	286.9692	0.7096275	0.8947172	11.78615
11190	-4328.624	-4614.681	286.0565	0.7944874	0.9428516	12.19133
11196	-4320.19	-4604.583	284.3935	0.7279843	1.090799	13.01567
11202	-4327.306	-4613.833	286.526	0.7683338	0.958217	11.95174
11208	-4320.606	-4606.463	285.8567	0.7364981	0.930876	12.33228
11214	-4331.856	-4622.036	290.1799	1.055997	0.8671588	9.937483
11220	-4320.711	-4608.217	287.5052	0.8037002	1.105558	11.34648
11226	-4325.906	-4611.81	285.9042	0.6037666	0.9427063	12.37023
11232	-4319.28	-4603.175	283.8949	0.5936994	0.7820177	13.51396
11238	-4321.918	-4607.3	285.3821	0.7529498	0.9295596	12.57167
11244	-4311.026	-4596.757	285.7314	0.8279305	0.8894009	12.37313
11250	-4320.133	-4604.421	284.2877	0.6133023	0.9153651	13.22139
11256	-4318.927	-4605.34	286.4125	0.6514515	0.9153651	12.09545
11262	-4333.01	-4619.917	286.9066	0.8163171	1.156572	11.62847
11268	-4331.284	-4616.903	285.6185	0.8354596	1.063494	12.33549
11274	-4330.756	-4616.494	285.7378	0.8853453	0.8970606	12.33549
11280	-4313.108	-4598.557	285.449	0.8214695	1.033157	12.44638
11286	-4310.755	-4592.467	281.7111	0.7601983	0.9864837	14.44355
11292	-4332.024	-4615.159	283.1348	0.6425872	1.039855	13.73905
11298	-4311.153	-4598.762	287.6088	0.7737077	1.036117	11.34247
11304	-4318.5	-4604.346	285.8459	0.7264423	1.005408	12.30332
11310	-4308.413	-4594.245	285.8313	0.7433353	0.9450917	12.33416
11316	-4315.339	-4601.256	285.9163	0.8195029	1.03109	12.20491
11322	-4321.467	-4605.964	284.4969	0.7668395	1.027808	12.97305
11328	-4320.523	-4604.245	283.7213	0.8826678	0.9148125	13.37604
11334	-4327.032	-4614.47	287.438	0.8826678	0.9404188	11.42532
11340	-4311.858	-4597.47	285.6116	0.7598478	0.9678434	12.42779
11346	-4311.8	-4599.09	287.2898	0.7484863	0.9015895	11.59449
11352	-4310.542	-4597.346	286.8047	0.8130867	0.8268302	11.85766
11358	-4307.585	-4594.202	286.617	0.7670659	0.9006478	11.93668
11364	-4320.41	-4606.971	286.5614	0.8845775	0.766889	11.9844
11370	-4329.053	-4614.691	285.6377	0.8636311	0.8063554	12.45226
11376	-4336.986	-4622.706	285.7201	0.7485974	0.8345681	12.45226
11382	-4344.913	-4630.795	285.8819	0.7206788	0.7234407	12.45226
11388	-4319.768	-4605.683	285.9152	0.8574167	1.04144	12.18045
11394	-4313.826	-4600.725	286.8997	0.777595	0.9053274	11.78095
11400	-4337.18	-4619.445	282.2645	0.8477715	1.12776	14.04113
11406	-4331.724	-4615.554	283.8305	0.7283915	0.9346117	13.38854
11412	-4309.709	-4597.393	287.6838	0.8777278	0.9894403	11.27302
11418	-4311.747	-4597.988	286.2418	0.8354784	0.9063768	12.09349
11424	-4304.149	-4590.652	286.5022	0.7876743	0.8363958	12.02306
11430	-4304.756	-4593.315	288.5589	0.8419721	0.8958699	10.88472
11436	-4309.179	-4595.796	286.6169	0.7382045	0.8576235	11.97651
11442	-4304.777	-4590.951	286.1739	0.8352352	1.210175	11.97651
11448	-4301.894	-4587.616	285.7228	0.8896582	1.175819	12.1991
11454	-4306.364	-4593.248	286.8834	0.8204559	0.9152909	11.76152
11460	-4308.956	-4596.588	287.6315	0.817506	0.9989025	11.32691
11466	-4306.41	-4592.86	286.4499	0.7633199	0.9914539	11.9764
11472	-4318.874	-4606.302	287.4284	0.9860315	0.9161427	11.3897
11478	-4310.37	-4595.03	284.6598	0.6815299	0.7567456	13.08693
11484	-4312.526	-4600.173	287.6474	0.8163757	0.9222948	11.3605
11490	-4308.456	-4596.52	288.0634	0.8099897	1.052544	11.07723
11496	-4309.399	-4596.114	286.7151	0.8971633	1.131854	11.69793
11502	-4313.606	-4601.088	287.4822	0.7666488	1.070566	11.39503
11508	-4322.381	-4608.758	286.3767	0.9324828	1.153475	11.84602
11514	-4317.964	-4601.166	283.202	0.7838073	0.9205848	13.69377
11520	-4312.236	-4598.65	286.4139	0.7201505	1.013855	12.00603
11526	-4299.75	-4586.109	286.3582	0.8001592	0.9895934	12.00603
11532	-4348.756	-4634.029	285.2726	1.002886	1.066273	12.42714
11538	-4343.414	-4625.286	281.8719	0.7511491	1.091169	14.31219
11544	-4343.177	-4628.252	285.0743	0.7962877	0.8762195	12.7393
11550	-4350.388	-4635.277	284.8894	0.8695119	0.992967	12.73345
11556	-4348.917	-4633.898	284.9809	0.7618926	0.8526227	12.81947
11562	-4318.445	-4604.664	286.2196	0.8489364	0.8311622	12.14167
11568	-4313.612	-4599.498	285.886	0.9927862	0.9563035	12.16957
11574	-4313.693	-4599.606	285.9125	0.989758	0.9188021	12.17782
11580	-4309.964	-4596.643	286.6793	0.9039775	0.846427	11.864
11586	-4321.136	-4608.553	287.4166	0.9039775	1.125674	11.33068
11592	-4316.207	-4598.72	282.5136	0.8414434	0.8706343	14.04911
11598	-4325.1	-4611.655	286.5553	0.9230489	0.7223476	11.99643
11604	-4330.778	-4619.674	288.8954	0.8964184	0.7223476	10.78651
11610	-4320.499	-4609.313	288.8138	0.8236277	0.8513985	10.78651
11616	-4316.617	-4600.837	284.2202	0.8023941	0.8431833	13.19954
11622	-4343.006	-4627.712	284.7057	0.8185235	0.8662316	12.92528
11628	-4340.111	-4622.434	282.3228	0.8303779	1.081266	14.04228
11634	-4337.456	-4621.171	283.7143	0.8195816	0.8424494	13.45385
11640	-4343.308	-4626.593	283.2841	0.7874488	0.8901969	13.66628
11646	-4334.594	-4617.117	282.5233	0.7585623	0.8901969	14.07586
11652	-4325.346	-4609.651	284.3052	0.8119087	0.8678332	13.13602
11658	-4331.872	-4617.726	285.8546	0.7340745	0.8180712	12.39967
11664	-4335.458	-4617.794	282.3362	0.6974039	0.9029445	14.19739
11670	-4336.713	-4616.522	279.8093	0.7216076	0.8852306	15.50233
11676	-4330.738	-4615.031	284.2933	0.7196131	0.9282799	13.15613
11682	-4317.47	-4604.922	287.4522	0.862372	1.007487	11.39274
11688	-4328.414	-4616.985	288.5718	0.869037	1.004	10.80487
11694	-4325.314	-4610.981	285.6671	0.8395145	0.9399573	12.37243
11700	-4313.762	-4599.501	285.7386	0.8610462	0.9399573	12.32392
11706	-4302.951	-4587.724	284.7736	0.8308921	0.9687261	12.82658
11712	-4296.501	-4583.103	286.6017	0.7944277	0.874716	11.94516
11718	-4305.947	-4588.942	282.9949	0.7833465	0.8683358	13.83092
11724	-4329.64	-4613.687	284.047	0.7119755	0.7966434	13.3645
11730	-4339.538	-4625.062	285.5242	0.7963955	0.9256491	12.47716
11736	-4335.907	-4621.355	285.4475	0.7919335	1.029144	12.4646
11742	-4324.436	-4607.445	283.0081	0.6577249	0.8464812	13.90194
11748	-4320.18	-4603.038	282.8572	0.6968214	0.9496143	13.90194
11754	-4317.025	-4598.351	281.3257	0.6780667	0.9034511	14.73049
11760	-4323.748	-4609.259	285.5114	0.7428694	0.9258201	12.51161
11766	-4309.672	-4595.2	285.5279	0.7621893	0.8925375	12.51161
11772	-4317.294	-4600.254	282.9607	0.724157	0.9436419	13.83732
11778	-4314.057	-4602.052	287.9949	0.9145268	1.00462	11.08295
11784	-4329.627	-4615.712	286.0854	0.7583119	0.8558738	12.24426
11790	-4332.952	-4618.676	285.7244	0.8094131	1.089771	12.28093
11796	-4322.987	-4608.472	285.4849	0.8865516	0.9872714	12.41751
11802	-4330.879	-4613.411	282.5317	0.7899772	0.9657321	14.01382
11808	-4327.173	-4613.282	286.109	0.9272446	0.8746629	12.13297
11814	-4333.625	-4618.934	285.3085	0.7212299	1.045532	12.56547
11820	-4327.838	-4615.435	287.5973	0.827833	0.9051411	11.39031
11826	-4328.132	-4614.591	286.459	0.8493055	1.080504	11.88149
11832	-4315.945	-4602.6	286.6552	0.7976639	0.9353276	11.88149
11838	-4320.005	-4605.397	285.3917	0.711763	0.8758237	12.6183
11844	-4317.757	-4602.879	285.122	0.8188482	0.8503737	12.71773
11850	-4317.019	-4601.309	284.2905	0.9134777	0.9088972	13.06753
11856	-4322.912	-4606.788	283.8755	0.8536595	0.8123294	13.37041
11862	-4335.313	-4618.286	282.973	0.781881	0.9245088	13.81142
11868	-4320.822	-4604.31	283.4875	0.7691221	0.9297907	13.54816
11874	-4326.697	-4614.82	288.1231	0.9903934	0.9547249	11.00264
11880	-4345.322	-4631.376	286.0534	0.8110133	0.9611189	12.17446
11886	-4339.237	-4624.578	285.3409	0.6114693	0.8872837	12.69041
11892	-4326.471	-4613.035	286.5647	0.7302415	0.8418086	12.01722
11898	-4332.299	-4615.988	283.6889	0.7313305	0.9770482	13.43778
11904	-4315.964	-4603.429	287.4654	0.9210184	1.131885	11.29326
11910	-4321.816	-4607.066	285.2497	0.7718935	1.016668	12.58439
11916	-4327.954	-4612.175	284.221	0.8429574	1.079119	13.05128
11922	-4323.843	-4610.86	287.0171	0.810786	0.9098673	11.69977
11928	-4335.126	-4621.755	286.6298	0.8776248	0.9098673	11.86708
11934	-4332.706	-4616.689	283.983	0.8459324	0.9098673	13.26193
11940	-4336.164	-4622.142	285.9781	0.7714037	0.9357784	12.2481
11946	-4327.484	-4616.06	288.5766	0.8692234	1.092669	10.75735
11952	-4321.545	-4610.207	288.6612	0.9410814	1.118067	10.66295
11958	-4330.349	-4619.096	288.7468	0.8897257	0.9577235	10.72688
11964	-4334.778	-4616.848	282.07	0.7623829	1.081631	14.20837
11970	-4316.053	-4603.008	286.955	0.8279489	1.164074	11.59363
11976	-4314.44	-4601.387	286.9479	0.8359753	1.101588	11.62283
11982	-4311.807	-4599.635	287.8278	0.7985614	1.10982	11.17829
11988	-4321.506	-4605.814	284.3086	0.8216976	1.195059	12.96207
11994	-4309.178	-4597.506	288.328	0.9048513	1.195059	10.82049
12000	-4338.394	-4624.181	285.7865	0.8345051	1.096324	12.23231
12006	-4341.213	-4629.366	288.1522	0.8103561	1.151884	10.98215
12012	-4304.202	-4593.066	288.8647	0.9155291	0.9787054	10.64019
12018	-4292.127	-4579.135	287.0079	0.8515637	1.003129	11.63289
12024	-4303.027	-4588.965	285.9387	0.891786	0.9879015	12.17791
12030	-4308.803	-4594.575	285.7722	0.8518253	0.9859218	12.28661
12036	-4312.395	-4597.767	285.3722	0.7351318	0.9267992	12.58763
12042	-4319.229	-4604.323	285.0935	0.9299634	1.008592	12.58763
12048	-4322.114	-4609.661	287.5466	0.8802978	0.8221033	11.43784
12054	-4323.655	-4607.849	284.1936	0.8164478	1.127983	13.05574
12060	-4324.166	-4614.031	289.8647	0.8886556	0.8682884	10.1907
12066	-4316.701	-4604.889	288.188	0.9341497	1.203166	10.87481
12072	-4316.966	-4602.143	285.1772	0.930396	0.8720405	12.61832
12078	-4311.297	-4597.599	286.3025	0.9212913	0.8720405	12.03662
12084	-4312.157	-4600.087	287.9299	0.9003484	0.9740711	11.14051
12090	-4317.931	-4604.424	286.493	0.958551	0.9973138	11.84897
12096	-4307.899	-4594.262	286.3637	0.9267357	0.9665964	11.9493
12102	-4309.658	-4597.048	287.3902	0.8794282	0.9086708	11.46961
12108	-4301.024	-4586.798	285.7742	0.7763297	0.9311133	12.35437
12114	-4299.509	-4585.13	285.6204	0.8887871	1.021221	12.32811
12120	-4299.365	-4587.392	288.0273	0.8418916	0.9441753	11.13627
12126	-4294.976	-4581.246	286.2699	0.8428571	0.988986	12.03013
12132	-4295.38	-4583.774	288.3947	0.8852709	0.9494724	10.91827
12138	-4298.487	-4583.816	285.3291	0.787372	0.9494724	12.57048
12144	-4295.298	-4579.177	283.8785	0.7398369	1.153274	13.24743
12150	-4302.382	-4585.115	282.7332	0.9232511	1.012355	13.81579
12156	-4301.365	-4590.678	289.3128	0.9058566	1.012355	10.3923
12162	-4315.682	-4601.414	285.7324	0.9058566	0.963203	12.29124
12168	-4304.817	-4588.351	283.5341	0.7975757	0.9846811	13.47974
12174	-4302.195	-4590.631	288.4359	0.8289596	0.9390524	10.93185
12180	-4310.539	-4598.896	288.3567	0.8608271	0.9851094	10.93185
12186	-4309.766	-4598.053	288.2868	0.8830775	1.033051	10.93185
12192	-4307.224	-4592.802	285.5774	0.7487501	0.9893183	12.43999
12198	-4306.647	-4592.555	285.9071	0.8700249	0.8835932	12.26291
12204	-4301.266	-4585.278	284.0111	0.8510184	0.9818401	13.20567
12210	-4299.095	-4586.453	287.358	0.8631479	1.060998	11.41428
12216	-4303.254	-4586.655	283.4013	0.7297385	1.017922	13.56665
12222	-4310.512	-4596.506	285.9941	0.8793608	1.091179	12.10317
12228	-4312.65	-4596.109	283.4597	0.8672161	0.8139289	13.57835
12234	-4303.35	-4588.418	285.068	0.8055747	0.7745233	12.79881
12240	-4307.913	-4591.958	284.0447	0.7034288	0.868264	13.32751
12246	-4302.279	-4586.376	284.097	0.6765781	0.8455494	13.32751
12252	-4302.267	-4588.132	285.8649	0.829032	0.9441962	12.27248
12258	-4297.868	-4585.671	287.8026	0.8787142	0.748485	11.35088
12264	-4295.695	-4584.586	288.8907	1.065316	0.9576795	10.55927
12270	-4292.599	-4583.306	290.7067	1.033836	0.9715877	9.612917
12276	-4287.025	-4576.14	289.1144	0.9790398	0.9986297	10.46524
12282	-4298.282	-4589.956	291.6746	1.049948	0.9896196	9.08345
12288	-4303.546	-4591.291	287.7447	0.9209324	0.9896196	11.21844
12294	-4301.987	-4588.472	286.4843	0.7699646	0.917988	11.99469
12300	-4293.038	-4577.558	284.5204	0.8563657	1.103908	12.87653
12306	-4303.974	-4589.266	285.2915	0.8140589	0.8123851	12.65469
12312	-4297.153	-4582.899	285.7462	0.7611293	0.9559016	12.36338
12318	-4311.282	-4598.753	287.4713	0.8672415	1.035761	11.36563
12324	-4315.881	-4599.476	283.595	0.7912556	1.018471	13.43386
12330	-4307.453	-4590.832	283.379	0.8975085	1.029073	13.48544
12336	-4314.56	-4599.447	284.8876	0.7276726	0.9455545	12.83345
12342	-4300.899	-4584.083	283.1838	0.7483558	1.090227	13.63383
12348	-4291.618	-4579.329	287.7106	0.7984894	1.016553	11.2863
12354	-4296.447	-4583.632	287.1842	0.8318663	0.9453769	11.58181
12360	-4309.947	-4597.641	287.6945	0.8445506	0.9453769	11.30841
12366	-4311.015	-4598.532	287.5167	0.8805289	0.9079306	11.40333
12372	-4306.375	-4592.118	285.7437	0.8144839	0.9036303	12.36567
12378	-4305.642	-4591.3	285.6574	0.8627523	0.9393529	12.36567
12384	-4304.801	-4590.982	286.1815	0.7657463	0.8087044	12.21844
12390	-4300.233	-4586.345	286.1121	0.6648305	0.9210761	12.24191
12396	-4300.99	-4588.641	287.6514	0.879094	0.9413511	11.3151
12402	-4308.089	-4597.239	289.1496	0.8508609	0.8265882	10.61093
12408	-4309.187	-4596.783	287.5958	1.002235	1.174363	11.16258
12414	-4309.025	-4593.422	284.3976	0.8975785	1.001733	12.97012
12420	-4310.901	-4600.481	289.5803	0.9077796	1.045307	10.2338
12426	-4301.88	-4590.851	288.9713	0.9178782	0.8874033	10.63354
12432	-4304.034	-4593.226	289.1921	1.034493	1.064255	10.36164
12438	-4306.262	-4594.575	288.3129	0.9673467	1.116287	10.83266
12444	-4307.848	-4595.187	287.3389	0.963749	0.936285	11.43703
12450	-4302.957	-4589.581	286.6241	0.8643859	1.158038	11.75024
12456	-4297.215	-4586.148	288.9325	0.9883652	1.003948	10.55307
12462	-4310.607	-4596.267	285.6603	0.8232747	0.9237815	12.39331
12468	-4317.88	-4605.448	287.5675	0.8456463	0.911174	11.39319
12474	-4312.124	-4596.352	284.2277	0.7895182	0.9309635	13.15242
12480	-4305.705	-4590.773	285.068	0.8991005	1.064085	12.5888
12486	-4303.762	-4589.065	285.3027	0.6946165	1.032819	12.5888
12492	-4305.189	-4590.822	285.6328	0.8316683	1.040443	12.34158
12498	-4293.455	-4580.05	286.5951	0.819773	0.9340692	11.902
12504	-4311.136	-4596.085	284.9489	0.8036292	1.013419	12.72617
12510	-4303.208	-4587.386	284.1782	0.7714346	0.9023957	13.20338
12516	-4312.505	-4597.362	284.8569	0.7714346	0.9695188	12.81378
12522	-4310.862	-4598.725	287.862	0.8473322	1.001491	11.18932
12528	-4312.055	-4596.028	283.9735	0.7475478	1.031455	13.25334
12534	-4310.018	-4594.058	284.0407	0.8451957	1.057098	13.15475
12540	-4324.701	-4607.302	282.6011	0.7957132	1.067193	13.92283
12546	-4316.492	-4602.998	286.5059	0.7383438	0.9660418	11.97372
12552	-4313.794	-4599.669	285.8752	0.8449956	0.8795577	12.2949
12558	-4304.111	-4592.018	287.9077	0.9300918	1.103795	11.07051
12564	-4304.628	-4590.771	286.1426	0.7877719	1.046516	12.09563
12570	-4322.323	-4605.596	283.2729	0.7517121	0.9922618	13.63517
12576	-4317.158	-4600.678	283.5208	0.6973147	0.8133183	13.63517
12582	-4308.019	-4592.679	284.66	0.7460972	0.8733242	12.9826
12588	-4318.123	-4603.404	285.2818	0.777939	0.9082554	12.62269
12594	-4310.212	-4597.158	286.9459	0.8345146	1.056444	11.64693
12600	-4315.654	-4603.631	287.9774	0.9422347	1.059881	11.04933
12606	-4317.487	-4604.693	287.2065	0.8303043	0.8173018	11.64459
12612	-4328.154	-4612.587	284.4336	0.8319748	1.000938	12.98592
12618	-4313.955	-4599.053	285.0984	0.854594	1.132227	12.5631
12624	-4315.743	-4605.773	290.0299	0.989513	1.098533	9.927685
12630	-4319.036	-4603.003	283.9665	0.7454881	1.067597	13.23991
12636	-4313.574	-4600.668	287.094	0.9261012	1.067597	11.51611
12642	-4321.233	-4608.637	287.4043	0.7369782	0.945951	11.51611
12648	-4313.004	-4599.018	286.0137	0.7265921	0.9392101	12.25103
12654	-4314.547	-4599.057	284.5101	0.692576	0.8634433	13.09407
12660	-4303.867	-4592.103	288.2356	0.9541655	0.9209442	10.98125
12666	-4304.176	-4591.806	287.6304	0.9396954	0.9532222	11.2879
12672	-4309.522	-4597.876	288.3543	0.7725696	0.8781188	11.03847
12678	-4305.699	-4589.759	284.0594	0.7417538	0.9584456	13.24979
12684	-4302.091	-4586.728	284.6367	0.6927475	0.9196681	12.99631
12690	-4303.504	-4587.063	283.5589	0.7171083	0.9196681	13.54366
12696	-4308.873	-4595.291	286.4173	0.9111342	1.016528	11.90325
12702	-4303.803	-4592.546	288.7433	0.7916302	1.020502	10.74693
12708	-4301.415	-4586.735	285.3193	0.8069263	0.8675116	12.61125
12714	-4298.45	-4587.68	289.2305	0.8818311	1.016285	10.44613
12720	-4324.949	-4613.578	288.629	0.8789721	1.016285	10.76326
12726	-4319.833	-4605.856	286.0237	0.799345	0.9097894	12.22416
12732	-4309.34	-4596.368	287.028	0.8168074	0.937034	11.6759
12738	-4310.551	-4598.548	287.9966	0.7846798	0.9556687	11.17607
12744	-4304.029	-4590.947	286.9181	0.7934063	0.8852077	11.77452
12750	-4303.601	-4592.679	289.0788	0.7678941	0.9382005	10.62727
12756	-4301.073	-4589.038	287.9645	0.7969232	0.8909186	11.22244
12762	-4306.659	-4593.9	287.2417	0.7971117	0.8909186	11.60029
12768	-4314.374	-4600.195	285.8213	0.7228383	1.006325	12.31757
12774	-4309.733	-4595.83	286.0974	0.7830165	1.076396	12.10681
12780	-4371.336	-4658.09	286.7537	0.785481	0.9564791	11.82491
12786	-4356.066	-4638.272	282.2054	0.7209113	1.109678	14.14614
12792	-4321.169	-4606.014	284.845	0.8349711	0.9839229	12.77928
12798	-4337.655	-4624.266	286.611	0.8514633	1.045699	11.81839
12804	-4313.834	-4600.948	287.1146	0.9238827	0.8647637	11.61554
12810	-4315.947	-4601.739	285.7919	0.8817266	0.8337617	12.34594
12816	-4326.059	-4612.063	286.0035	0.9664174	0.9037089	12.15097
12822	-4320.954	-4607.907	286.9529	0.8917768	0.9037089	11.69446
12828	-4324.224	-4610.616	286.3919	1.009755	1.040012	11.85301
12834	-4334.987	-4618.914	283.927	0.7872492	0.8839844	13.33609
12840	-4325.074	-4607.126	282.0513	0.7984043	0.9284544	14.27857
12846	-4324.015	-4605.616	281.6008	0.7933399	0.9284544	14.51454
12852	-4325.747	-4613.196	287.449	0.9854794	1.035497	11.3156
12858	-4311.519	-4601.125	289.6064	1.083625	1.190205	10.05744
12864	-4326.833	-4612.391	285.558	0.9697449	1.190205	12.23665
12870	-4311.495	-4597.277	285.782	0.9613624	0.9628243	12.23665
12876	-4321.407	-4602.589	281.1825	0.8467715	0.9045491	14.71666
12882	-4320.218	-4606.375	286.1564	0.9787827	1.064331	11.97986
12888	-4311.121	-4594.396	283.2747	0.8680472	1.044842	13.5469
12894	-4309.702	-4593.076	283.3742	0.7685472	1.044842	13.5469
12900	-4322.291	-4609.27	286.9793	0.8258007	0.7994843	11.77653
12906	-4321.366	-4605.849	284.483	0.956927	0.986405	12.90288
12912	-4306.207	-4591.872	285.6651	0.7905713	1.001544	12.36612
12918	-4328.256	-4612.266	284.0106	0.726091	1.001544	13.26057
12924	-4330.096	-4617.468	287.372	0.7223164	1.096363	11.46314
12930	-4328.016	-4612.096	284.0797	0.7315272	1.053654	13.19528
12936	-4327.908	-4610.953	283.0447	0.7280284	0.8824522	13.82571
12942	-4335.385	-4619.71	284.3244	0.9286847	1.006008	12.98978
12948	-4324.057	-4608.502	284.4452	0.9279933	1.049366	12.90526
12954	-4329.327	-4611.854	282.5271	0.7112321	1.012566	14.03253
12960	-4326.274	-4613.102	286.8284	0.8653885	0.840982	11.80954
12966	-4335.685	-4618.373	282.6879	0.7608273	1.000549	13.92962
12972	-4327.496	-4613.661	286.1654	0.7645572	1.044452	12.09691
12978	-4317.489	-4604.389	286.8991	0.9502605	0.9789914	11.65087
12984	-4312.822	-4598.52	285.6978	0.7145337	0.7961847	12.50485
12990	-4303.675	-4588.825	285.1502	0.7837456	1.093784	12.59148
12996	-4296.339	-4581.652	285.3133	0.7910379	0.922617	12.59148
13002	-4303.857	-4591.032	287.1746	0.846372	0.9555377	11.57375
13008	-4311.994	-4599.248	287.2541	0.8042014	0.9465673	11.55913
13014	-4319.163	-4604.592	285.4289	0.7847677	0.9940038	12.49615
13020	-4323.433	-4611.543	288.1096	0.909188	0.8707081	11.09932
13026	-4322.299	-4606.999	284.6998	0.7209647	1.051196	12.87957
13032	-4320.368	-4604.493	284.1253	0.8170946	1.048136	13.12987
13038	-4306.247	-4592.494	286.2478	0.8613996	0.9598479	12.04748
13044	-4310.881	-4593.428	282.5465	0.7649518	0.9250493	14.04111
13050	-4306.986	-4590.577	283.5913	0.8852469	1.00598	13.3934
13056	-4324.544	-4610.512	285.9679	0.8810818	1.094591	12.11425
13062	-4318.057	-4604.055	285.9971	0.9104184	1.04345	12.10908
13068	-4326.995	-4610.544	283.5489	0.687367	0.8633409	13.59613
13074	-4304.971	-4591.359	286.3874	0.758491	1.029689	11.99176
13080	-4303.137	-4588.48	285.3428	0.8256909	0.8834753	12.58007
13086	-4297.594	-4584.241	286.6468	0.7028945	1.002667	11.89931
13092	-4299.963	-4585.256	285.2928	0.8067526	1.163403	12.47215
13098	-4308.367	-4592.882	284.5157	0.8093043	1.052351	12.92882
13104	-4305.69	-4594.401	288.7111	0.9557169	0.9960183	10.69051
13110	-4306.671	-4597.212	290.5405	0.9525492	1.085498	9.684582
13116	-4299.425	-4590.389	290.9637	0.966788	1.12706	9.433434
13122	-4303.985	-4589.626	285.6411	0.8017108	1.135665	12.30629
13128	-4314.518	-4599.276	284.7582	0.7172858	1.125857	12.81466
13134	-4305.788	-4591.395	285.6073	0.7849565	0.8741413	12.46889
13140	-4305.077	-4590.5	285.4228	0.766663	1.072425	12.46889
13146	-4317.317	-4598.999	281.6821	0.8705851	0.956571	14.4172
13152	-4344.11	-4630.364	286.2536	0.8406178	0.8377418	12.12435
13158	-4333.663	-4619.133	285.4696	0.7563662	0.9252676	12.52667
13164	-4337.029	-4622.944	285.9153	0.7740297	1.019517	12.23508
13170	-4334.974	-4619.306	284.3321	0.771777	0.9581662	13.09259
13176	-4337.406	-4626.062	288.6565	0.9335644	0.879184	10.7951
13182	-4351.307	-4636.299	284.9926	0.7820707	0.9570812	12.74429
13188	-4332.21	-4618.36	286.1501	0.815246	1.046096	12.0776
13194	-4314.685	-4601.427	286.7424	0.8126698	1.071534	11.7571
13200	-4305.148	-4590.791	285.6426	0.8357633	0.8671232	12.42809
13206	-4306.729	-4588.653	281.9246	0.8608258	0.9901567	14.27888
13212	-4313.155	-4600.081	286.9252	0.7890989	1.098149	11.66088
13218	-4307.17	-4593.904	286.7344	0.8641329	1.113653	11.71385
13224	-4313.168	-4595.662	282.494	0.8511799	1.018656	13.974
13230	-4305.028	-4589.559	284.5309	0.7333781	0.9399135	13.01909
13236	-4315.797	-4598.474	282.6777	0.6394867	1.006994	13.99449
13242	-4326.243	-4611.453	285.2107	0.6377235	1.025063	12.67027
13248	-4320.513	-4605.607	285.0937	0.7666952	0.9180483	12.72099
13254	-4331.205	-4617.127	285.9217	0.7089006	0.8876412	12.33697
13260	-4308.989	-4593.24	284.2512	0.8096173	0.9848662	13.1008
13266	-4312.98	-4596.871	283.8917	0.8096173	1.03977	13.25937
13272	-4322.811	-4608.391	285.5797	0.9038419	1.069675	12.31704
13278	-4311.138	-4596.413	285.2752	0.7881635	1.002001	12.57026
13284	-4320.024	-4604.621	284.5968	0.8462457	0.9424019	12.92475
13290	-4299.522	-4584.596	285.0743	0.7975593	1.000456	12.67077
13296	-4306.514	-4589.293	282.7786	0.8292919	1.045356	13.82422
13302	-4310.292	-4594.197	283.9053	0.7653895	1.035565	13.27739
13308	-4317.638	-4604.977	287.339	0.8116297	0.9905154	11.48732
13314	-4314.83	-4597.755	282.9255	0.7748077	0.8680835	13.87154
13320	-4321.649	-4603.333	281.6843	0.8123512	0.9260248	14.46279
13326	-4319.419	-4604.609	285.1896	0.8015178	1.000888	12.60845
13332	-4329.913	-4615.236	285.3223	0.8249782	0.7287713	12.68582
13338	-4330.663	-4615.945	285.2819	0.8340527	0.7538951	12.68582
13344	-4329.93	-4615.561	285.6312	0.793585	0.8455147	12.46862
13350	-4317.558	-4600.587	283.0292	0.7911456	0.9926141	13.74097
13356	-4309.481	-4594.446	284.9648	0.7484171	0.9248213	12.79384
13362	-4315.376	-4600.366	284.9894	0.6847917	0.9621465	12.79384
13368	-4314.705	-4600.266	285.5611	0.6984595	0.9621465	12.48911
13374	-4307.675	-4593.332	285.6571	0.7780666	0.9556408	12.40112
13380	-4313.365	-4600.432	287.0671	0.8682068	0.8794716	11.6609
13386	-4316.9	-4603.373	286.4737	0.8650884	1.000682	11.90606
13392	-4311.905	-4597.057	285.1512	0.7490171	0.8494987	12.73941
13398	-4306.103	-4591.155	285.0526	0.7131173	0.9748896	12.73941
13404	-4305.071	-4590.468	285.3976	0.6579786	1.064762	12.54241
13410	-4322.273	-4604.44	282.1664	0.6580667	1.08467	14.211
13416	-4322.811	-4609.676	286.8648	0.7467169	1.08467	11.72118
13422	-4319.156	-4602.928	283.7722	0.601506	0.9895606	13.45534
13428	-4318.413	-4606.432	288.0187	0.8328155	0.9125494	11.16305
13434	-4333.71	-4623.143	289.4327	0.7681486	0.8831727	10.47237
13440	-4309.554	-4597.552	287.9982	0.7517977	1.008332	11.16446
13446	-4329.205	-4614.307	285.1016	0.7275904	1.115816	12.63538
13452	-4332.13	-4619.128	286.9979	0.6907224	1.095605	11.6755
13458	-4323.752	-4606.324	282.5715	0.7048041	0.8274941	14.11515
13464	-4327.763	-4610.118	282.3551	0.8521613	1.12156	13.99478
13470	-4310.693	-4599.105	288.412	0.8748853	0.9759467	10.90038
13476	-4319.383	-4600.493	281.1098	0.7038311	0.8898144	14.83651
13482	-4329.806	-4611.546	281.7401	0.7724347	0.8595301	14.49208
13488	-4331.815	-4614.308	282.4936	0.7694833	1.050666	14.00042
13494	-4327.134	-4612.101	284.9673	0.6613701	0.9205046	12.84021
13500	-4318.938	-4601.16	282.2224	0.6672562	1.058111	14.19027
13506	-4327.287	-4609.77	282.4833	0.7853865	0.9478504	14.05088
13512	-4330.765	-4618.538	287.7735	0.9067629	1.058112	11.17555
13518	-4329.171	-4611.817	282.6456	0.7532673	1.11047	13.9007
13524	-4327.873	-4611.106	283.2326	0.8799206	0.8892561	13.64553
13530	-4317.428	-4605.896	288.4676	0.8810031	0.8643589	10.93029
13536	-4326.682	-4616.44	289.7579	1.000541	0.8722722	10.18571
13542	-4327.081	-4612.949	285.8685	0.8645581	1.139778	12.15303
13548	-4324.433	-4610.843	286.4098	0.8646982	1.040117	11.91935
13554	-4324.473	-4611.044	286.5706	0.8366983	0.9099247	11.91935
13560	-4341.15	-4627.036	285.886	0.7919265	1.285829	12.1159
13566	-4336.76	-4622.558	285.7984	0.7889836	1.285829	12.16311
13572	-4347.804	-4630.418	282.6141	0.8484208	0.9296182	13.96026
13578	-4349.833	-4636.36	286.5268	0.8349571	1.071456	11.85809
13584	-4352.399	-4653.547	301.1481	4.403424	0.9352389	0.04508157
13590	-4348.61	-4636.938	288.3283	0.8132286	0.9749386	10.97707
13596	-4345.485	-4628.727	283.2414	0.8570846	0.9534729	13.6174
13602	-4348.268	-4649.462	301.1943	4.33744	0.9840637	0.04662588
13608	-4342.696	-4643.968	301.2721	4.33744	0.9141584	0.0468905
13614	-4321.037	-4607.675	286.638	0.9554569	1.01416	11.76609
13620	-4314.953	-4597.396	282.4432	0.7987675	0.8431948	14.12369
13626	-4325.751	-4612.735	286.9833	0.860011	0.885737	11.70537
13632	-4328.134	-4610.385	282.2514	0.7516243	0.9565493	14.18387
13638	-4325.857	-4610.406	284.5493	0.8382079	1.015726	12.91488
13644	-4327.425	-4611.867	284.4424	0.9117184	1.049989	12.91488
13650	-4328.161	-4615.504	287.3435	0.8504819	0.956709	11.48267
13656	-4333.403	-4617.982	284.5789	0.7126254	0.956709	12.99584
13662	-4335.59	-4622.388	286.7979	0.9100011	1.26027	11.58933
13668	-4327.904	-4613.975	286.0716	0.9750361	1.172581	11.97413
13674	-4338.798	-4626.653	287.8543	1.055893	1.249734	10.96495
13680	-4325.481	-4613.86	288.3795	0.8458293	1.05209	10.89311
13686	-4318.031	-4606.914	288.8825	0.9247078	0.8516853	10.69731
13692	-4324.176	-4608.866	284.6905	0.8466002	1.015792	12.83705
13698	-4326.667	-4609.121	282.4543	0.8802333	1.067867	13.95481
13704	-4334.255	-4620.712	286.4572	0.9517434	0.9900342	11.875
13710	-4331.937	-4617.098	285.161	0.8404655	1.147775	12.53051
13716	-4308.764	-4597.73	288.9662	1.084523	0.9658781	10.50512
13722	-4304.362	-4591.108	286.7465	1.028014	1.077537	11.63955
13728	-4300.143	-4588.599	288.4557	1.116011	1.077537	10.6988
13734	-4294.47	-4583.348	288.8783	0.9858645	1.044998	10.56166
13740	-4296.832	-4580.084	283.2524	0.7464851	1.044998	13.62152
13746	-4303.362	-4589.45	286.0875	0.7314473	1.007406	12.17372
13752	-4309.452	-4593.455	284.0027	0.8285412	1.174389	13.127
13758	-4304.819	-4592.807	287.9888	0.8559877	0.9941054	11.12231
13764	-4297.379	-4584.009	286.6301	0.7208598	0.8715356	11.9706
13770	-4308.882	-4598.253	289.3709	0.9082293	0.9661176	10.38506
13776	-4318.455	-4604.148	285.6933	0.8200535	1.08113	12.29584
13782	-4328.138	-4614.596	286.4573	0.6880824	0.9391433	12.03982
13788	-4329.011	-4614.38	285.3685	0.8112389	0.9792329	12.52156
13794	-4327.605	-4613.549	285.9443	0.877701	0.9583457	12.19808
13800	-4329.329	-4612.139	282.8093	0.7474683	1.024472	13.86132
13806	-4336.095	-4619.623	283.5281	0.740503	1.017163	13.49564
13812	-4318.217	-4604.938	286.7204	0.8332921	1.148145	11.72082
13818	-4326.366	-4612.667	286.301	1.02691	1.023925	11.89972
13824	-4317.235	-4601.624	284.3891	0.7893269	0.997686	13.03296
13830	-4323.535	-4610.207	286.6717	0.7095723	0.997686	11.88542
13836	-4307.146	-4595.938	288.7915	0.8122443	0.997686	10.72271
13842	-4310.643	-4599.663	289.0205	0.8615275	0.9800947	10.58605
13848	-4305.026	-4592.164	287.1379	0.8462292	0.9317803	11.60597
13854	-4324.562	-4610.312	285.7499	0.8423047	1.070173	12.26012
13860	-4313.306	-4598.131	284.8247	0.7658332	0.8646735	12.89168
13866	-4316.785	-4602.161	285.3755	0.7840094	1.021317	12.51021
13872	-4315.796	-4601.33	285.5343	0.711225	0.9367055	12.51021
13878	-4303.504	-4589.984	286.4808	0.6715814	0.9304816	12.04093
13884	-4313.245	-4599.525	286.2802	0.9015944	0.9029276	12.04093
13890	-4304.253	-4593.595	289.3421	0.933071	1.134833	10.30158
13896	-4307.456	-4598.689	291.2325	0.9039178	1.022034	9.37728
13902	-4305.412	-4591.906	286.4936	0.8065101	1.022034	11.91519
13908	-4303.818	-4590.875	287.0572	0.769399	0.9699156	11.66759
13914	-4313.453	-4597.442	283.9896	0.7806712	0.9418202	13.27483
13920	-4307.419	-4596.097	288.6782	0.8018527	0.9818987	10.79593
13926	-4313.19	-4597.865	284.6752	0.7360201	0.9818987	12.92016
13932	-4295.453	-4582.188	286.7344	0.9060504	1.052172	11.72219
13938	-4305.885	-4592.427	286.5418	0.9008258	0.954329	11.87647
13944	-4316.417	-4601.231	284.8134	0.7181522	1.001077	12.84755
13950	-4311.407	-4598.461	287.054	0.8057058	1.051856	11.60783
13956	-4315.18	-4601.422	286.2416	0.8045924	1.051856	12.03252
13962	-4319.024	-4604.932	285.9084	0.8093559	1.06587	12.1968
13968	-4317.135	-4606.195	289.0604	0.9735774	0.9769592	10.50794
13974	-4324.187	-4609.242	285.0547	0.7179987	0.8629907	12.79786
13980	-4326.459	-4615.131	288.6727	1.043953	0.9775073	10.67421
13986	-4328.744	-4613.875	285.1301	0.8950679	0.9112589	12.63901
13992	-4312.586	-4596.258	283.6724	0.8598551	0.9863932	13.37465
13998	-4324.233	-4607.414	283.1807	0.9045927	1.003287	13.59796
14004	-4311.046	-4595.604	284.5586	0.7276056	0.9683882	12.99235
14010	-4309.172	-4592.428	283.2563	0.8286163	1.027866	13.5855
14016	-4308.62	-4595.523	286.9033	0.7947801	0.94547	11.74793
14022	-4309.733	-4593.927	284.1939	0.8558004	0.9655949	13.11679
14028	-4323.643	-4609.295	285.6514	0.9518421	1.142348	12.21949
14034	-4304.437	-4591.488	287.0514	0.9018899	0.9659361	11.60355
14040	-4304.571	-4590.947	286.3762	0.8292035	0.9659361	11.99405
14046	-4316.377	-4603.706	287.3292	0.8078769	1.237446	11.37507
14052	-4310.597	-4595.459	284.8615	0.8137838	0.8947955	12.83033
14058	-4315.616	-4602.178	286.5622	0.7999672	1.128914	11.82994
14064	-4314.141	-4602.576	288.4347	0.8041215	1.128914	10.84829
14070	-4304.412	-4593.192	288.78	1.003424	0.9197407	10.67071
14076	-4306.325	-4593.128	286.8036	0.8563147	0.9287603	11.777
14082	-4313.215	-4599.902	286.6871	0.8510937	0.9297297	11.84
14088	-4312.18	-4596.387	284.2065	0.9159064	0.9867307	13.06783
14094	-4308.097	-4594.892	286.7949	0.9300574	0.9786812	11.716
14100	-4325.036	-4608.552	283.5157	0.9312855	0.990684	13.41668
14106	-4310.729	-4592.292	281.5623	0.7247761	1.054191	14.5044
14112	-4320.573	-4606.591	286.0185	0.9649593	1.063393	12.05948
14118	-4323.519	-4609.944	286.4253	0.8047843	0.8276996	12.05948
14124	-4323.051	-4608.98	285.9295	0.9240087	0.8073287	12.26818
14130	-4321.807	-4608.039	286.2319	0.8890064	0.9812329	12.02994
14136	-4327.565	-4616.111	288.5466	0.9915722	0.9812329	10.76582
14142	-4330.358	-4619.573	289.2143	1.042351	0.9200936	10.42213
14148	-4302.163	-4589.48	287.3171	0.9223681	0.9926585	11.43975
14154	-4318.52	-4606.858	288.3378	0.8763764	0.8357849	11.01762
14160	-4322.494	-4609.331	286.8368	0.8568263	1.016625	11.71251
14166	-4328.128	-4612.958	284.8295	0.9328755	1.107005	12.67437
14172	-4312.83	-4597.892	285.0628	0.6662685	0.9532408	12.77007
14178	-4316.565	-4603.751	287.186	0.7731365	0.961331	11.60292
14184	-4333.492	-4616.643	283.1515	0.7598674	0.9425993	13.72034
14190	-4338.259	-4625.984	287.7253	0.7352772	1.015078	11.31244
14196	-4331.347	-4616.114	284.7662	0.7824633	0.9855618	12.84674
14202	-4327.125	-4616.186	289.0615	0.8328553	0.9855618	10.57669
14208	-4320.844	-4606.606	285.7626	0.7092476	0.9545647	12.38261
14214	-4320.694	-4607.93	287.2363	0.8281812	1.004485	11.52503
14220	-4320.295	-4608.709	288.4141	0.9249675	0.8797385	10.92634
14226	-4319.636	-4608.007	288.3707	0.8852675	0.957737	10.92634
14232	-4325.525	-4613.419	287.8936	0.9839344	1.022009	11.09062
14238	-4318.921	-4605.758	286.8375	0.8859556	1.148201	11.63216
14244	-4312.728	-4598.386	285.6584	0.5565837	0.884192	12.55546
14250	-4311.88	-4596.814	284.9336	0.6140372	0.9361057	12.87376
14256	-4316.562	-4603.097	286.5353	0.7428941	0.9361057	11.97219
14262	-4315.069	-4598.543	283.4736	0.7284683	0.9361057	13.57302
14268	-4323.063	-4608.002	284.9391	0.7887351	0.9361057	12.78001
14274	-4331.824	-4618.395	286.571	0.8535678	0.9361057	11.89584
14280	-4317.023	-4604.417	287.3938	0.8622745	1.030044	11.4117
14286	-4296.823	-4581.518	284.6957	0.8822782	1.118655	12.76477
14292	-4296.951	-4585.16	288.2087	0.9919888	1.037071	10.91363
14298	-4293.101	-4580.06	286.9594	0.9467352	0.9497801	11.63688
14304	-4303.103	-4590.765	287.6614	0.9044187	0.9586209	11.28722
14310	-4290.88	-4577.43	286.5502	0.9706901	1.061804	11.77981
14316	-4296.299	-4583.32	287.021	0.9200196	0.8449485	11.67806
14322	-4303.403	-4592.149	288.7457	0.9065558	0.954226	10.72051
14328	-4298.653	-4589.525	290.8718	1.058003	0.8916668	9.557521
14334	-4318.813	-4608.39	289.5777	1.080717	0.9446115	10.19743
14340	-4327.803	-4616.713	288.9099	0.8993097	1.111262	10.55763
14346	-4313.008	-4599.615	286.6071	0.8299702	0.9287539	11.89333
14352	-4324.023	-4607.467	283.444	0.7038636	0.9546212	13.59111
14358	-4321.19	-4603.884	282.6946	0.8327972	0.9546212	13.91308
14364	-4300.354	-4588.489	288.1348	0.8421613	0.9846301	11.05812
14370	-4309.763	-4600.41	290.6471	0.9818777	0.8049989	9.767863
14376	-4306.215	-4595.473	289.2583	0.9954561	1.207072	10.27914
14382	-4298.87	-4586.77	287.9006	0.8504894	0.8312866	11.26275
14388	-4296.775	-4583.882	287.1067	0.8506582	1.024753	11.57054
14394	-4306.638	-4597.506	290.8683	0.8454099	0.8916391	9.671521
14400	-4298.517	-4586.471	287.9537	0.801454	1.094103	11.11851
14406	-4301.571	-4589.91	288.339	0.8583573	1.060137	10.90375
14412	-4308.651	-4596.197	287.5458	0.8583573	1.049053	11.32458
14418	-4306.556	-4592.953	286.3965	0.8571693	1.049053	11.9257
14424	-4307.478	-4594.787	287.3095	0.792254	1.036086	11.4893
14430	-4317.47	-4604.472	287.0017	0.8895669	1.070892	11.5818
14436	-4310.007	-4595.785	285.7778	0.9112534	1.076141	12.2067
14442	-4303.295	-4589.448	286.1531	0.8535492	1.056517	12.05083
14448	-4310.426	-4597.443	287.0169	0.8920045	1.014122	11.60137
14454	-4321.53	-4606.054	284.5239	0.6392154	0.8800486	13.10506
14460	-4325.345	-4608.255	282.9101	0.7326382	0.9806553	13.83941
14466	-4328.032	-4614.449	286.4171	0.8728324	0.9285197	11.97026
14472	-4322.789	-4607.629	284.8408	0.799621	0.82092	12.89156
14478	-4317.299	-4603.631	286.3321	0.8191904	0.9755603	12.0171
14484	-4334.292	-4619.219	284.9276	0.7923416	1.040268	12.72942
14490	-4323.85	-4609.367	285.5175	0.7481444	0.9290849	12.50392
14496	-4336.191	-4622.426	286.2354	0.724497	1.016195	12.09571
14502	-4316.665	-4602.789	286.1239	0.8949199	0.9577927	12.09571
14508	-4326.237	-4611.162	284.925	0.9161748	0.9766064	12.69926
14514	-4330.931	-4619.174	288.2427	0.8363578	0.971396	11.01168
14520	-4332.13	-4618.849	286.7192	0.8831361	1.114319	11.71153
14526	-4324.472	-4606.412	281.9393	0.6989928	1.011983	14.34383
14532	-4335.867	-4622.165	286.2981	1.087446	1.058309	11.8522
14538	-4330.211	-4617.979	287.7683	0.848166	1.14366	11.16731
14544	-4335.836	-4621.583	285.7473	0.7842662	1.165658	12.24598
14550	-4332.415	-4617.206	284.7911	0.7427049	0.7975495	12.96124
14556	-4334.073	-4619.65	285.5771	0.8975881	0.8766681	12.42448
14562	-4316.496	-4601.702	285.2058	0.9166326	0.9566795	12.56347
14568	-4325.646	-4608.535	282.889	0.8268598	1.064736	13.75855
14574	-4328.095	-4611.911	283.8159	0.8181416	1.011239	13.30885
14580	-4333.836	-4618.047	284.2112	0.943831	0.7963792	13.15889
14586	-4327.6	-4613.268	285.6686	0.7191522	0.8596421	12.47964
14592	-4325.509	-4612.434	286.9256	0.8966476	1.222342	11.54643
14598	-4327.261	-4615.033	287.7722	0.7957188	1.120537	11.20372
14604	-4324.571	-4611.244	286.6726	0.830854	0.7843385	11.94339
14610	-4316.142	-4604.649	288.5066	0.9032183	0.9545073	10.84745
14616	-4317.256	-4604.966	287.7095	0.9831007	0.9545073	11.22311
14622	-4350.962	-4639.1	288.1379	1.047726	0.7460629	11.08853
14628	-4341.293	-4620.867	279.574	0.9209438	0.970059	15.47451
14634	-4314.148	-4602.361	288.2129	0.910245	0.9034008	11.02595
14640	-4310.425	-4597.629	287.2037	0.8896485	0.9956284	11.51458
14646	-4317.818	-4606.259	288.4408	0.9017409	0.8944938	10.91608
14652	-4324.063	-4608.773	284.7096	0.7450974	0.9679816	12.9049
14658	-4333.664	-4619.752	286.0885	0.88385	0.8992005	12.15227
14664	-4324.266	-4610.221	285.9545	0.9550531	0.9586235	12.15227
14670	-4319.828	-4606.101	286.2732	1.023886	0.9035146	11.98043
14676	-4318.17	-4607.14	288.9699	0.867058	1.040736	10.57809
14682	-4314.853	-4599.218	284.3653	0.8200924	0.8623996	13.10368
14688	-4328.381	-4612.404	284.0232	0.8750523	0.9640145	13.19637
14694	-4320.157	-4603.187	283.0296	0.780638	0.784484	13.86449
14700	-4320.074	-4608.059	287.985	0.7582611	0.784484	11.2955
14706	-4336.398	-4622.701	286.3037	0.8828595	0.9832648	11.99466
14712	-4333.984	-4621.005	287.0212	0.7585605	0.8411363	11.76455
14718	-4325.572	-4610.365	284.7931	0.8878703	0.8699534	12.84155
14724	-4325.87	-4613.047	287.1772	0.9223731	0.9381802	11.54212
14730	-4337.347	-4625.435	288.0885	0.7882514	0.9987217	11.10315
14736	-4333.313	-4619.705	286.3922	0.7991638	0.9656048	12.00155
14742	-4320.412	-4607.14	286.7288	0.8337622	0.9814648	11.79934
14748	-4339.064	-4624.705	285.6414	0.8909991	0.9831809	12.33579
14754	-4332.536	-4618.811	286.2751	0.9699799	1.024224	11.94281
14760	-4329.157	-4616.963	287.8063	0.850648	0.9989286	11.21809
14766	-4348.521	-4633.114	284.5923	0.7081114	1.011119	12.96258
14772	-4338.908	-4625.277	286.3688	0.8453202	0.9710453	11.98675
14778	-4333.125	-4617.658	284.5337	0.7772292	1.031792	12.9465
14784	-4336.087	-4623.427	287.3398	0.7829248	1.025632	11.48369
14790	-4336.728	-4623.377	286.6484	0.7569652	1.063627	11.83921
14796	-4337.051	-4622.656	285.6049	0.8436412	0.944862	12.4
14802	-4347.545	-4632.043	284.4977	0.6793999	1.164269	12.95183
14808	-4351.494	-4635.568	284.0739	0.7461386	1.004838	13.21553
14814	-4342.446	-4628.366	285.9206	0.7863609	0.8495028	12.31928
14820	-4335.598	-4620.1	284.5018	0.6840017	1.027932	13.01351
14826	-4334.66	-4617.633	282.9732	0.8532753	0.8996977	13.78809
14832	-4337.351	-4619.808	282.4571	0.6972124	0.9980842	14.08357
14838	-4345.449	-4627.857	282.4079	0.7840278	0.9610608	14.08357
14844	-4326.408	-4611.722	285.3146	0.8649926	0.8853252	12.57324
14850	-4330.831	-4616.716	285.8847	0.9513996	0.9076069	12.21857
14856	-4324.057	-4610.628	286.5706	0.8245958	0.8301449	11.97184
14862	-4350.055	-4634.641	284.5855	1.019956	1.200604	12.71234
14868	-4334.18	-4622.814	288.6337	0.8464724	0.9609004	10.80712
14874	-4323.595	-4608.524	284.9284	0.8615585	1.175358	12.6278
14880	-4324.966	-4609.422	284.4561	0.6676166	1.094726	13.01261
14886	-4309.731	-4594.181	284.4501	0.7542061	0.9150032	13.06397
14892	-4314.459	-4601.52	287.0608	1.006698	1.051843	11.49924
14898	-4337.482	-4623.085	285.6036	0.9816076	0.8004046	12.41224
14904	-4339.356	-4624.106	284.7499	0.7375839	1.059438	12.84075
14910	-4330.573	-4616.335	285.7616	0.7857724	0.8405314	12.40772
14916	-4334.432	-4623.16	288.728	0.7808309	1.040093	10.75059
14922	-4338.014	-4626.032	288.0177	0.7928479	0.9953305	11.13956
14928	-4317.53	-4605.637	288.1071	0.7035315	0.9953305	11.13956
14934	-4321.477	-4609.887	288.4096	0.7091081	0.8044388	11.08665
14940	-4313.94	-4600.875	286.9353	0.8252564	1.068564	11.65127
14946	-4318.051	-4602.134	284.0822	0.7461944	0.9306484	13.2507
14952	-4323.065	-4607.779	284.7144	0.7086124	0.9306484	12.94162
14958	-4334.238	-4618.86	284.6216	0.7055366	1.02482	12.94162
14964	-4330.631	-4616.264	285.6327	0.8248029	1.175506	12.28002
14970	-4330.666	-4614.81	284.1434	0.7530764	1.175506	13.09254
14976	-4325.423	-4611.352	285.929	0.789168	1.062352	12.19837
14982	-4343.182	-4631.27	288.0876	0.8185589	1.232674	10.97466
14988	-4339.437	-4622.691	283.2544	0.8306305	0.8939431	13.65715
14994	-4323.718	-4606.808	283.09	0.7426025	1.149432	13.65728
15000	-4325.105	-4608.407	283.3024	0.6656504	1.006222	13.65728
15006	-4321.76	-4605.515	283.7549	0.6926912	0.9994303	13.41184
15012	-4331.492	-4616.502	285.0104	0.7971982	1.0521	12.67785
15018	-4324.667	-4609.255	284.5888	0.7753538	0.9969696	12.93676
15024	-4325.13	-4611.49	286.36	0.8516662	0.9763903	11.98517
15030	-4331.88	-4617.267	285.3874	0.8672082	0.94311	12.50199
15036	-4336.614	-4620.901	284.2865	0.8592365	0.9384629	13.08151
15042	-4326.339	-4610.42	284.0809	0.9415793	0.8746241	13.18127
15048	-4333.24	-4616.804	283.5637	0.7430279	1.064721	13.45185
15054	-4331.952	-4615.395	283.4438	0.8156755	1.11513	13.45185
15060	-4339.515	-4623.983	284.4678	0.7017957	1.058801	13.0064
15066	-4342.921	-4625.734	282.8127	0.826206	0.8763552	13.8986
15072	-4336.492	-4622.752	286.2606	0.908499	1.131309	11.92958
15078	-4327.891	-4615.243	287.3526	0.908499	0.920478	11.46747
15084	-4323.259	-4607.879	284.6202	0.8444136	0.9555751	12.90641
15090	-4328.978	-4610.183	281.2055	0.8467887	1.135976	14.58643
15096	-4333.42	-4617.354	283.9341	0.73233	0.8998321	13.35196
15102	-4316.133	-4602.123	285.99	0.7718561	1.061777	12.17584
15108	-4319.53	-4608.185	288.6549	0.9458677	1.131766	10.65714
15114	-4326.908	-4613.354	286.4459	0.815855	0.8587248	12.02455
15120	-4331.597	-4614.55	282.953	0.797983	1.036227	13.75457
15126	-4325.857	-4612.125	286.2679	0.7573742	0.9344286	12.10504
15132	-4327.846	-4614.815	286.9689	0.7346978	0.7935357	11.8332
15138	-4318.6	-4603.703	285.1033	0.8575348	0.9104845	12.67292
15144	-4327.653	-4613.509	285.8563	0.8667738	0.8884433	12.28835
15150	-4348.354	-4632.439	284.0842	0.7922868	0.9113539	13.23637
15156	-4337.287	-4621.361	284.0735	0.7654844	0.9468876	13.23637
15162	-4329.696	-4617.928	288.2325	0.8716509	0.8199587	11.08475
15168	-4336.811	-4624.882	288.0704	0.8254514	0.8757919	11.16077
15174	-4324.017	-4609.101	285.0843	0.7655462	1.091293	12.63649
15180	-4338.261	-4624.981	286.7198	0.7938544	1.152762	11.73957
15186	-4327.739	-4613.891	286.1525	0.8122837	0.9321163	12.13787
15192	-4322.03	-4611.097	289.067	1.045373	0.9513517	10.48064
15198	-4328.484	-4617.919	289.4354	0.8877966	1.111228	10.28772
15204	-4330.815	-4615.18	284.3651	0.7902088	0.9027866	13.09625
15210	-4328.796	-4614.086	285.2902	0.807698	0.9077175	12.60311
15216	-4319.41	-4604.583	285.173	0.8037895	0.7825735	12.74005
15222	-4327.517	-4612.62	285.1035	0.5946927	0.749989	12.90569
15228	-4317.622	-4605.283	287.6609	0.7953868	0.7394419	11.4744
15234	-4330.764	-4616.242	285.4776	0.8343667	0.9187082	12.48553
15240	-4319.685	-4606.49	286.8044	0.8803973	0.8692005	11.79767
15246	-4326.318	-4613.103	286.7844	0.8769947	0.9693089	11.75418
15252	-4336.575	-4623.567	286.9918	0.8555738	1.057314	11.61154
15258	-4335.114	-4621.333	286.2191	0.7655687	1.051216	12.06493
15264	-4327.79	-4615.821	288.0309	0.7259039	1.002262	11.16406
15270	-4308.267	-4592.601	284.3333	0.8316144	1.063412	13.00654
15276	-4299.857	-4589.28	289.4228	0.8673536	1.07109	10.32482
15282	-4309.221	-4596.643	287.4224	0.7441156	1.07109	11.43786
15288	-4324.111	-4611.122	287.0115	0.8532502	0.9922359	11.63584
15294	-4308.964	-4592.972	284.0075	0.7674138	0.954944	13.26529
15300	-4336.689	-4619.963	283.2743	0.8140796	1.111241	13.54257
15306	-4338.701	-4622.641	283.9398	0.8275524	0.9208574	13.28781
15312	-4332.194	-4617.861	285.6673	0.7984033	0.8122337	12.46723
15318	-4337.861	-4622.177	284.3155	0.9307206	0.9993647	12.99684
15324	-4330.045	-4614.497	284.452	0.7612223	1.032708	12.99684
15330	-4335.221	-4616.281	281.0594	0.6983976	0.9982576	14.80678
15336	-4328.496	-4614.504	286.0077	0.7063901	1.07134	12.19604
15342	-4314.719	-4601.898	287.1785	0.7741487	1.07134	11.54952
15348	-4317.901	-4602.742	284.8416	0.7445185	1.062121	12.78809
15354	-4313.585	-4598.279	284.6944	0.8129275	1.146974	12.78809
15360	-4317.172	-4601.435	284.2632	0.8091635	1.034548	13.06914
15366	-4318.109	-4603.827	285.7177	0.8856035	1.023849	12.27768
15372	-4324.13	-4608.849	284.7195	0.8029732	1.023849	12.84052
15378	-4329.576	-4615.404	285.8279	0.9436452	1.055222	12.17407
15384	-4321.387	-4607.655	286.2674	0.9527504	0.9820423	11.97773
15390	-4319.205	-4605.838	286.6327	0.8419898	1.058323	11.80568
15396	-4322.097	-4605.045	282.9485	0.7396451	0.8638796	13.88027
15402	-4318.074	-4603.249	285.1756	0.8845081	1.162491	12.49309
15408	-4325.655	-4612.861	287.2054	0.8468195	0.8704365	11.60503
15414	-4323.893	-4607.617	283.7238	0.7386914	0.8872168	13.465
15420	-4311.199	-4596.345	285.1457	0.7543229	1.042799	12.63441
15426	-4323.094	-4609.894	286.8003	0.8570556	1.042799	11.7181
15432	-4334.766	-4620.796	286.0297	0.8765961	1.120114	12.07203
15438	-4322.112	-4606.383	284.271	0.9448882	1.090109	12.96689
15444	-4323.682	-4608.109	284.4264	0.7880575	1.084368	12.97048
15450	-4315.149	-4602.101	286.9515	0.8048643	1.007261	11.68458
15456	-4315.028	-4602.004	286.9759	0.744362	0.9716672	11.72221
15462	-4318.315	-4602.578	284.2632	0.6212966	1.10121	13.13382
15468	-4320.467	-4604.379	283.9117	0.7017094	1.029549	13.31022
15474	-4324.614	-4608.105	283.4911	0.8282341	0.8889159	13.53835
15480	-4328.086	-4611.257	283.1702	0.7569559	1.044626	13.65895
15486	-4328.652	-4611.651	282.9993	0.7228441	1.273242	13.65895
15492	-4324.79	-4610.766	285.9756	0.7185368	0.9830993	12.25154
15498	-4321.923	-4607.664	285.7404	0.7048103	1.18051	12.2841
15504	-4323.365	-4608.875	285.5106	0.7792037	0.9168456	12.49807
15510	-4335.423	-4619.456	284.033	0.8220597	0.9288324	13.23785
15516	-4339.258	-4626.203	286.9445	0.7825238	0.9322501	11.74001
15522	-4333.815	-4618.266	284.4507	0.8022497	1.071406	12.95683
15528	-4327.638	-4613.618	285.9803	0.8361872	0.9877666	12.1853
15534	-4322.111	-4608.256	286.1455	0.730923	1.075186	12.10947
15540	-4338.418	-4624.747	286.3292	0.7287218	0.8959618	12.10947
15546	-4345.984	-4629.081	283.0968	0.6660829	1.047387	13.74281
15552	-4343.341	-4628.489	285.1481	0.7630524	0.9269027	12.68967
15558	-4337.906	-4624.465	286.559	0.7630524	0.9454052	11.94421
15564	-4328.44	-4614.7	286.2607	0.847443	1.068418	11.99194
15570	-4324.511	-4608.617	284.1056	0.777057	0.949025	13.21251
15576	-4340.078	-4623.094	283.0168	0.7130767	1.03889	13.76422
15582	-4337.57	-4620.335	282.7643	0.7378512	1.01717	13.89335
15588	-4334.544	-4616.858	282.3139	0.7657693	0.8636285	14.19588
15594	-4328.738	-4615.794	287.0559	0.9024813	1.097432	11.53366
15600	-4328.811	-4610.962	282.1504	0.8005041	0.9636065	14.20713
15606	-4333.693	-4619.141	285.4482	0.7323518	1.057798	12.48078
15612	-4330.191	-4617.419	287.2283	0.8230255	1.119479	11.47445
15618	-4325.5	-4609.319	283.8185	0.8441353	1.125986	13.23727
15624	-4324.567	-4609.734	285.1669	0.8287924	1.04714	12.58238
15630	-4336.362	-4619.624	283.2616	0.7607338	0.9622903	13.65215
15636	-4341.781	-4625.016	283.236	0.6746812	1.075529	13.65215
15642	-4349.834	-4632.658	282.8239	0.8263835	1.037212	13.80632
15648	-4330.944	-4616.052	285.1077	0.7347326	0.8357429	12.77762
15654	-4326.73	-4612.093	285.3627	0.8075984	0.9250917	12.55574
15660	-4319.948	-4605.227	285.279	0.6944924	1.010138	12.6128
15666	-4316.037	-4600.677	284.64	0.6368401	1.059712	12.95019
15672	-4328.977	-4613.373	284.3965	0.8270038	1.14781	12.93539
15678	-4313.215	-4598.326	285.1114	0.8217112	1.131522	12.57378
15684	-4326.098	-4608.591	282.4927	0.8733623	0.8395537	14.06148
15690	-4333.127	-4619.409	286.2828	0.8290037	1.066627	11.99095
15696	-4330.212	-4616.343	286.1318	0.7069134	1.044497	12.14444
15702	-4326.813	-4613.025	286.212	0.7287765	0.9430257	12.14444
15708	-4336.43	-4620.932	284.5021	0.7306297	0.893664	13.06117
15714	-4342.413	-4627.1	284.6878	0.8597361	0.9917923	12.84406
15720	-4322.208	-4609.774	287.5653	0.6659309	0.9985656	11.44097
15726	-4336.085	-4618.947	282.8623	0.6938134	0.8566315	13.95293
15732	-4338.077	-4623.398	285.3215	1.050652	1.082704	12.36862
15738	-4338.353	-4622.341	283.9881	0.8056512	0.9385242	13.26438
15744	-4321.39	-4605.23	283.84	0.7870561	1.107897	13.26438
15750	-4329.985	-4612.507	282.5225	0.9033832	1.049801	13.9164
15756	-4339.514	-4624.439	284.9252	0.8029255	0.9190051	12.78928
15762	-4321.286	-4607.912	286.6266	0.7931569	0.9190051	11.90777
15768	-4333.527	-4617.511	283.9843	0.7605676	1.126031	13.19453
15774	-4334.23	-4619.757	285.5264	0.7586533	1.046593	12.43197
15780	-4338.429	-4622.458	284.0287	0.7868015	0.8242528	13.3184
15786	-4325.919	-4613.005	287.0856	0.8154602	0.910603	11.66114
15792	-4340.973	-4628.913	287.9403	0.9033454	0.8610226	11.19667
15798	-4330.656	-4614.565	283.9091	0.6972486	1.036707	13.31025
15804	-4356.248	-4640.561	284.3132	0.8645573	0.9205215	13.07472
15810	-4350.32	-4639.379	289.0595	1.044248	0.873571	10.52891
15816	-4331.222	-4618.877	287.6555	0.8192006	0.8860441	11.37523
15822	-4321.191	-4608.526	287.3349	0.9945596	1.026353	11.37523
15828	-4329.457	-4614.22	284.7629	0.7955156	1.029545	12.81892
15834	-4309.086	-4593.595	284.5093	0.8151757	0.9537419	12.98027
15840	-4321.634	-4609.799	288.1648	0.9303008	1.043962	10.96548
15846	-4308.917	-4595.385	286.4683	0.7218584	0.9535572	12.00866
15852	-4312.627	-4598.077	285.4506	0.7454646	0.9757961	12.51491
15858	-4317.696	-4604.862	287.1658	0.8212211	0.9394738	11.60022
15864	-4332.693	-4617.367	284.6741	0.7166927	0.8898923	12.98109
15870	-4326.963	-4612.296	285.3323	0.7192567	0.8807962	12.64247
15876	-4328.555	-4613.222	284.6667	0.795006	0.8779652	12.95103
15882	-4324.161	-4609.285	285.124	0.814656	0.9349623	12.67092
15888	-4324.045	-4609.376	285.3315	0.842908	1.078122	12.47393
15894	-4325.586	-4612.596	287.0096	0.8306874	0.908968	11.69378
15900	-4324.344	-4611.347	287.0022	0.8634606	1.03286	11.6143
15906	-4309.44	-4596.413	286.9732	0.7703232	0.9440092	11.72499
15912	-4327.093	-4614.253	287.1603	0.8008664	0.7520195	11.72499
15918	-4307.202	-4592.406	285.2041	0.7134809	0.8542073	12.72762
15924	-4327.898	-4613.135	285.2378	0.7135208	0.8245917	12.72762
15930	-4334.12	-4620.569	286.4494	0.8185896	0.8832735	12.00711
15936	-4339.407	-4626.941	287.5343	0.7823471	1.040424	11.37471
15942	-4327.256	-4614.171	286.915	0.84705	0.9099679	11.73412
15948	-4320.431	-4605.088	284.6567	0.8388302	1.061182	12.83572
15954	-4328.713	-4611.288	282.5757	0.9728944	1.078011	13.83877
15960	-4324.781	-4611.72	286.9388	0.8248248	1.016147	11.67618
15966	-4316.486	-4603.595	287.1095	0.8568461	1.140101	11.50901
15972	-4340.643	-4626.475	285.8325	0.8945208	0.788243	12.34587
15978	-4320.479	-4606.194	285.7153	0.8320192	0.9498131	12.34587
15984	-4342.469	-4628.746	286.2769	0.9122181	1.075232	11.9463
15990	-4330.867	-4618.337	287.4692	0.8779682	0.9795085	11.39038
15996	-4340.525	-4631.694	291.1691	0.9948336	0.9183475	9.41881
16002	-4329.589	-4617.096	287.5066	0.7688854	0.8714026	11.48779
16008	-4333.266	-4616.371	283.1043	0.703641	1.201663	13.64604
16014	-4318	-4603.604	285.6033	0.7729078	0.9485997	12.43567
16020	-4329.85	-4616.325	286.4747	0.6514315	0.9465157	12.04584
16026	-4330.224	-4615.415	285.1905	0.7188564	0.8425307	12.73875
16032	-4329.664	-4617.728	288.0636	0.8232253	0.8674152	11.17036
16038	-4330.204	-4617.133	286.9296	0.7337951	0.982656	11.74605
16044	-4329.165	-4617.129	287.9633	0.8530493	0.8474817	11.21894
16050	-4330.737	-4616.743	286.0061	0.7540354	1.02184	12.19697
16056	-4323.661	-4606.29	282.6293	0.8056092	1.114777	13.87998
16062	-4334.548	-4622.483	287.9348	0.83565	1.061128	11.12682
16068	-4328.194	-4615.243	287.0495	0.7466134	0.8997017	11.7221
16074	-4324.302	-4611.46	287.1576	0.8066186	0.9845605	11.58792
16080	-4326.753	-4614.373	287.6197	0.9685744	1.089385	11.20817
16086	-4338.799	-4626.103	287.3042	0.8970509	1.089385	11.41063
16092	-4328.61	-4617.256	288.6457	0.9045144	0.9985537	10.75036
16098	-4325.844	-4611.416	285.572	0.7555469	0.9985537	12.43445
16104	-4332.8	-4617.879	285.0794	0.8261647	0.9958357	12.6556
16110	-4345.153	-4628.696	283.5434	0.8614269	0.9958357	13.43589
16116	-4336.131	-4624.917	288.7866	0.9701265	1.111231	10.5852
16122	-4326.658	-4612.933	286.2752	0.7611039	0.9027786	12.11691
16128	-4343.221	-4626.556	283.3353	0.9005033	0.93437	13.55643
16134	-4311.928	-4600.776	288.8471	0.8447612	1.176132	10.58846
16140	-4310.987	-4598.094	287.1078	0.9203896	1.21453	11.4423
16146	-4326.546	-4611.498	284.9524	0.8209998	1.093162	12.67537
16152	-4328.121	-4613.371	285.2501	0.6527771	0.9611339	12.67537
16158	-4334.565	-4618.003	283.4384	0.7292553	0.9983999	13.55774
16164	-4321.83	-4607.144	285.3139	0.8132037	0.998515	12.53888
16170	-4331.733	-4619.581	287.8477	0.8309116	1.145118	11.13407
16176	-4323.004	-4611.476	288.4722	0.8309116	0.8841593	10.94266
16182	-4324.371	-4613.773	289.4025	0.9319566	1.036355	10.31912
16188	-4326.435	-4614.836	288.4012	0.8915407	0.9364993	10.91867
16194	-4331.638	-4615.334	283.6962	0.7777147	0.9570661	13.42052
16200	-4329.107	-4611.439	282.3317	0.8256807	1.074195	14.04352
16206	-4324.773	-4611.224	286.4509	0.8256807	1.130529	11.87384
16212	-4305.447	-4593.042	287.595	0.7791923	1.071552	11.32899
16218	-4320.767	-4609.196	288.4292	0.9047677	1.071552	10.8264
16224	-4323.681	-4605.957	282.2763	0.889751	1.049707	14.05117
16230	-4328.8	-4609.84	281.0402	0.7352767	0.9319965	14.83287
16236	-4318.993	-4606.321	287.3281	0.8598831	1.103481	11.41073
16242	-4326.073	-4613.464	287.3913	0.7037574	1.113679	11.45434
16248	-4331.294	-4619.105	287.8115	0.8165285	0.9027894	11.28547
16254	-4338.931	-4624.811	285.8802	0.8715471	0.9176401	12.25697
16260	-4331.012	-4616.182	285.1699	0.7786759	0.9176401	12.6753
16266	-4328.94	-4612.88	283.9392	0.8437508	0.8426544	13.32433
16272	-4331.613	-4619.943	288.3299	0.9347875	0.927276	10.93847
16278	-4322.05	-4608.444	286.3939	0.7864074	0.9911858	11.99372
16284	-4325.467	-4611.595	286.1277	0.8345221	0.9957285	12.10509
16290	-4336.846	-4621.302	284.4565	0.7538912	0.9907777	13.01993
16296	-4324.455	-4607.111	282.6555	0.7880151	0.9140893	13.97866
16302	-4319.382	-4604.192	284.8102	0.8830351	1.107119	12.71035
16308	-4323.469	-4606.732	283.2623	0.8340524	1.149311	13.52039
16314	-4323.988	-4610.443	286.4548	0.9550503	1.110806	11.81372
16320	-4324.134	-4610.296	286.1623	0.9504483	0.773176	12.1542
16326	-4319.041	-4602.918	283.8765	0.8770796	0.9187433	13.29613
16332	-4334.902	-4618.893	283.9906	0.7612131	0.8775243	13.32025
16338	-4319.56	-4604.367	284.8075	0.8067324	0.7872012	12.92582
16344	-4342.174	-4626.49	284.3158	0.7670828	0.9164249	13.12632
16350	-4327.174	-4613.158	285.9839	0.7777452	1.109591	12.15254
16356	-4322.61	-4606.403	283.7931	0.7777452	0.9316667	13.38393
16362	-4321.586	-4607.142	285.5555	0.8478064	0.8992427	12.44883
16368	-4325.577	-4606.396	280.8197	0.785133	0.9538896	14.90928
16374	-4326.248	-4613.015	286.7676	0.8947715	0.9375289	11.77089
16380	-4323.793	-4608.715	284.9227	0.7327158	0.9540736	12.80795
16386	-4324.453	-4607.682	283.2298	0.7928768	1.003516	13.63031
16392	-4326.651	-4612.23	285.5788	0.8715545	0.9097916	12.41841
16398	-4330.325	-4613.755	283.4303	0.8168868	1.04287	13.49367
16404	-4326.56	-4611.306	284.7456	0.91105	1.001948	12.78201
16410	-4329.883	-4616.765	286.8816	0.8305659	1.001948	11.71046
16416	-4334.356	-4622.185	287.829	0.9983283	0.9966757	11.13007
16422	-4319.647	-4604.618	284.9711	0.8783015	0.9723883	12.69722
16428	-4325.71	-4611.618	285.9078	0.8087418	0.8722036	12.30104
16434	-4316.974	-4598.727	281.7536	0.7997287	1.151772	14.31952
16440	-4317.008	-4604.705	287.6974	0.8983292	1.139018	11.18032
16446	-4332.463	-4616.278	283.8153	0.8944684	1.066428	13.24163
16452	-4322.093	-4610.873	288.7801	1.03012	0.9636874	10.63252
16458	-4320.291	-4608.2	287.9089	1.03012	0.9969114	11.07151
16464	-4311.16	-4596.106	284.9468	0.7373816	0.9679023	12.78558
16470	-4328.416	-4612.646	284.2293	0.7472907	0.9527177	13.16169
16476	-4322.764	-4609.043	286.2797	0.7392526	0.9773197	12.08523
16482	-4311.703	-4597.8	286.0972	0.9349371	0.9643795	12.08523
16488	-4310.839	-4597.516	286.6776	0.85739	1.08566	11.76063
16494	-4304.276	-4591.281	287.0049	0.8161402	0.8118786	11.76063
16500	-4317.486	-4600.471	282.985	0.9144426	1.227976	13.58678
16506	-4323.711	-4608.038	284.3277	0.9589624	1.227976	12.86592
16512	-4315.769	-4602.647	286.8776	0.6791719	1.143216	11.72154
16518	-4306.502	-4592.393	285.8905	0.7676214	0.9353115	12.29598
16524	-4300.793	-4585.979	285.1858	0.8841096	0.9541882	12.59214
16530	-4300.48	-4587.711	287.2314	0.8415832	0.9264874	11.56246
16536	-4297.237	-4583.747	286.51	0.7957086	1.044625	11.90076
16542	-4303.35	-4586.406	283.0561	0.6827576	1.073111	13.7425
16548	-4316.042	-4602.621	286.5798	0.8705699	0.9979755	11.84922
16554	-4298.899	-4584.802	285.9026	0.7156376	0.8396272	12.37133
16560	-4300.57	-4587.861	287.2908	0.8450434	1.035562	11.47172
16566	-4305.786	-4593.014	287.2275	0.8211369	0.858598	11.61382
16572	-4313.083	-4597.715	284.6327	0.8211369	0.9407188	12.92004
16578	-4313.296	-4600.312	287.0154	0.7203343	0.8249033	11.79728
16584	-4303.276	-4591.757	288.4816	0.8986241	0.854838	10.9193
16590	-4322.868	-4611.918	289.05	0.9205724	1.082815	10.48687
16596	-4319.658	-4605.809	286.1508	0.7928449	1.194886	12.01765
16602	-4309.544	-4596.56	287.0161	0.9489404	0.9362667	11.61346
16608	-4313.298	-4602.881	289.5835	1.025354	0.9243244	10.23468
16614	-4316.202	-4601.35	285.149	0.9197906	0.8538274	12.64914
16620	-4318.852	-4604.014	285.1619	0.6960963	1.057035	12.64914
16626	-4306.584	-4591.684	285.0992	0.8178241	0.9968188	12.64914
16632	-4310.602	-4597.938	287.3356	0.8951295	1.050512	11.41456
16638	-4305.383	-4593.962	288.579	0.7855819	0.9106531	10.89541
16644	-4301.96	-4590.116	288.1563	0.8998398	0.9030598	11.06127
16650	-4325.418	-4610.639	285.2207	0.7343086	1.063501	12.5954
16656	-4320.229	-4606.26	286.031	0.7975864	1.063501	12.14021
16662	-4324.107	-4612.612	288.505	0.8683353	1.063501	10.8098
16668	-4309.834	-4600.114	290.28	0.9113263	1.019669	9.876945
16674	-4312.234	-4597.333	285.0989	0.7809062	0.8576505	12.74523
16680	-4327.678	-4612.683	285.0051	0.5966449	1.08111	12.77061
16686	-4326.656	-4611.818	285.1615	0.6594182	0.9984031	12.69833
16692	-4321.936	-4610.852	288.9152	0.7945425	1.004414	10.66361
16698	-4311.756	-4601.53	289.7746	0.8747253	0.9618167	10.1928
16704	-4317.098	-4605.045	287.9471	0.8448246	0.8618313	11.22328
16710	-4312.808	-4597.011	284.2028	0.937113	1.040819	13.03086
16716	-4306.905	-4592.091	285.1863	0.7436072	1.062112	12.60919
16722	-4324.093	-4611.541	287.4486	0.9288564	1.063013	11.33155
16728	-4321.58	-4609.088	287.5079	0.8747227	1.05756	11.33155
16734	-4305.662	-4589.641	283.9795	0.6859115	0.8953465	13.35501
16740	-4301.924	-4585.782	283.8584	0.7858421	0.9213138	13.35153
16746	-4295.531	-4582.459	286.9276	0.8719953	1.133641	11.59922
16752	-4314.103	-4597.318	283.2153	0.8096021	0.9062733	13.68142
16758	-4314.026	-4597.547	283.521	0.8112378	1.073071	13.43447
16764	-4295.722	-4582.362	286.6403	0.8332729	0.8666604	11.9094
16770	-4307.137	-4595.835	288.6976	0.8934362	0.780665	10.85397
16776	-4308.566	-4596.723	288.1572	0.9641157	1.162041	10.89421
16782	-4316.965	-4606.051	289.0856	0.9839833	1.002955	10.47554
16788	-4321.245	-4608.896	287.6508	0.9889764	1.029253	11.21136
16794	-4315.34	-4601.189	285.8494	0.8174899	1.029253	12.24178
16800	-4340.962	-4627.863	286.9007	0.8237944	0.9352407	11.7397
16806	-4331.103	-4614.69	283.5865	0.8252737	1.020804	13.4194
16812	-4324.466	-4610.514	286.0483	0.9270553	0.9899899	12.10126
16818	-4319.559	-4604.179	284.6206	0.8386824	0.928171	12.92411
16824	-4305.791	-4590.726	284.9352	0.8856378	0.8867961	12.75912
16830	-4322.573	-4609.286	286.7127	0.9225489	0.9699558	11.76753
16836	-4320.865	-4603.631	282.766	0.9458195	0.9897565	13.79877
16842	-4322.819	-4611.183	288.3636	0.892907	1.012812	10.89689
16848	-4308.819	-4597.379	288.5604	0.8383537	0.9058761	10.88017
16854	-4305.181	-4594.168	288.9868	0.7842018	0.7994521	10.74788
16860	-4297.877	-4586.671	288.794	0.8569977	0.9059624	10.74788
16866	-4298.615	-4585.277	286.6621	0.7805503	1.187287	11.76065
16872	-4304.239	-4591.865	287.6269	0.8587144	0.7805672	11.43273
16878	-4294.413	-4583.224	288.8111	1.017267	1.051678	10.57708
16884	-4296.463	-4581.792	285.3286	0.8652658	1.059853	12.47281
16890	-4339.473	-4622.445	282.9724	0.7838119	0.9072	13.82036
16896	-4339.269	-4623.273	284.0042	0.7064911	0.9577957	13.29716
16902	-4301.559	-4589.571	288.0126	0.8202585	0.929867	11.16316
16908	-4312.88	-4602.084	289.2044	0.8188629	1.008784	10.49677
16914	-4313.303	-4601.817	288.5136	0.8193647	0.8932883	10.92178
16920	-4316.23	-4605.353	289.1235	0.926037	0.8508578	10.57068
16926	-4322.289	-4607.042	284.7529	0.805076	0.8737951	12.90332
16932	-4345.543	-4627.422	281.8796	0.8743902	1.016191	14.28171
16938	-4323.913	-4610.818	286.9047	0.9452093	0.9310868	11.67648
16944	-4330.327	-4613.752	283.4252	0.7555007	0.9117042	13.59755
16950	-4330.241	-4613.832	283.5907	0.8128565	0.9134388	13.48086
16956	-4321.485	-4607.623	286.138	0.9243497	0.958249	12.07279
16962	-4308.747	-4595.033	286.2857	0.8020178	1.140715	11.96762
16968	-4310.572	-4595.541	284.969	0.8153343	1.145346	12.6447
16974	-4300.472	-4583.358	282.8867	0.7302517	1.049435	13.81751
16980	-4313.8	-4594.543	280.7433	0.7136806	1.092677	14.91514
16986	-4317.181	-4605.048	287.8671	0.8309962	0.9708864	11.21141
16992	-4314.997	-4599.948	284.9509	0.8309962	0.9708864	12.73313
16998	-4325.524	-4610.683	285.1585	0.8309962	1.056128	12.58111
17004	-4314.161	-4600.342	286.1819	0.7772887	0.9808999	12.11451
17010	-4325.642	-4610.241	284.5993	0.7218307	0.9178502	13.00166
17016	-4320.407	-4606.57	286.1628	0.8543363	0.9886092	12.08019
17022	-4315.875	-4599.996	284.1207	0.8530315	0.8731405	13.20747
17028	-4319.778	-4606.845	287.0673	0.8998036	0.9851477	11.58606
17034	-4318.662	-4605.673	287.0105	0.8654326	0.9851477	11.63374
17040	-4343.494	-4627.763	284.2689	0.8105992	0.9401007	13.11505
17046	-4339.193	-4628.13	288.9363	1.080044	1.002518	10.50367
17052	-4336.301	-4623.98	287.6788	0.8458785	1.215117	11.1823
17058	-4342.609	-4630.611	288.0014	0.8107265	0.9503367	11.1628
17064	-4340.79	-4627.019	286.2292	0.8115978	0.9052297	12.11318
17070	-4326.49	-4613.823	287.3339	0.9064563	1.137615	11.36696
17076	-4328.663	-4616.946	288.2826	0.7598771	1.119123	10.95592
17082	-4310.89	-4597.832	286.9422	0.76729	0.8861239	11.77505
17088	-4318.758	-4609.045	290.2865	0.9753697	0.9264914	9.889876
17094	-4309.765	-4596.834	287.0693	0.810846	1.129496	11.55913
17100	-4338.418	-4625.475	287.0574	0.8261876	0.93106	11.6589
17106	-4330.264	-4615.335	285.0707	0.7201355	1.068156	12.67856
17112	-4306.671	-4594.655	287.9839	0.8815444	1.045305	11.08504
17118	-4311.119	-4598.215	287.0959	0.8829529	1.045305	11.54883
17124	-4333.688	-4619.867	286.1798	0.8210187	0.9137766	12.12923
17130	-4302.683	-4589.812	287.1283	0.901	1.05719	11.51653
17136	-4319.976	-4602.755	282.7792	0.7486543	1.07249	13.85227
17142	-4326.373	-4613.912	287.5388	1.122687	1.042193	11.19341
17148	-4315.65	-4601.556	285.9059	1.001293	1.062812	12.09954
17154	-4336.01	-4621.32	285.3097	0.9365768	1.149135	12.40234
17160	-4321.826	-4610.217	288.3915	0.980673	0.947613	10.87093
17166	-4326.172	-4610.253	284.0811	0.7832433	1.005484	13.19215
17172	-4312.112	-4597.983	285.8715	0.9150954	1.072897	12.15746
17178	-4307.09	-4590.575	283.4851	0.8304824	1.047372	13.45589
17184	-4335.451	-4614.352	278.9007	0.7389588	0.7618626	16.03621
17190	-4318.801	-4607.74	288.9387	1.013576	1.001844	10.53768
17196	-4326.959	-4617.033	290.0738	1.039099	0.9373328	9.96234
17202	-4328.587	-4618.716	290.1288	1.002209	0.9201519	9.96234
17208	-4315.738	-4606.373	290.6341	0.984957	0.8916863	9.721396
17214	-4316.674	-4605.235	288.5613	0.9731132	0.9165957	10.80302
17220	-4321.417	-4609.473	288.0564	1.028081	0.9165957	11.03881
17226	-4320.756	-4608.877	288.1216	0.9549456	0.9240131	11.03881
17232	-4325.728	-4611.44	285.7119	0.8027278	0.815639	12.43967
17238	-4321.72	-4608.674	286.9533	0.9117259	0.9266718	11.67104
17244	-4326.852	-4611.006	284.1539	0.8580164	0.8333613	13.21088
17250	-4325.013	-4610.753	285.74	0.8137084	1.085023	12.27291
17256	-4313.003	-4594.821	281.8185	0.7067515	0.9962159	14.41052
17262	-4334.616	-4619.82	285.2048	0.7633807	1.070559	12.58507
17268	-4337.326	-4621.083	283.7575	0.7671501	0.9134685	13.418
17274	-4336.818	-4619.702	282.8841	0.7935305	1.122093	13.75056
17280	-4339.992	-4625.374	285.3822	0.8531852	0.9700418	12.49751
17286	-4322.519	-4605.576	283.0565	0.6910771	0.9837668	13.78336
17292	-4314.2	-4598.807	284.6074	0.8747502	0.8669823	12.9467
17298	-4328.095	-4610.6	282.5053	0.7793492	0.9837301	14.02347
17304	-4303.626	-4589.6	285.9745	0.8138448	1.056732	12.16458
17310	-4314.918	-4601.475	286.5574	0.7841495	0.7760992	12.03303
17316	-4318.334	-4604.028	285.6935	0.7817734	0.91527	12.40237
17322	-4332.742	-4624.058	291.3166	0.9860546	0.9968078	9.302709
17328	-4330.581	-4617.424	286.8434	0.7766449	1.081866	11.71808
17334	-4321.897	-4609.381	287.4844	0.9711626	0.9469237	11.3512
17340	-4328.65	-4613.21	284.5597	0.7886981	1.004434	12.94107
17346	-4322.746	-4608.648	285.9017	0.7892919	0.9513439	12.27014
17352	-4330.557	-4613.564	283.007	0.9814836	1.029515	13.63473
17358	-4327.861	-4615.719	287.8577	1.142083	1.029515	11.02278
17364	-4326.75	-4611.748	284.9987	0.828975	1.029515	12.67878
17370	-4310.783	-4593.637	282.8538	0.8649364	0.955941	13.81309
17376	-4305.09	-4590.684	285.5939	0.9034351	0.9775916	12.357
17382	-4324.188	-4609.835	285.6471	0.8778919	0.9506582	12.357
17388	-4329.165	-4613.036	283.8712	0.8111066	0.9438051	13.31944
17394	-4324.322	-4609.479	285.1574	0.823316	1.110888	12.55883
17400	-4331.408	-4616.286	284.878	0.8286866	0.989846	12.76227
17406	-4331.164	-4618.18	287.0159	0.8680464	0.9856037	11.6293
17412	-4345.515	-4631.759	286.2437	0.8725619	0.9274621	12.06141
17418	-4355.89	-4647.306	291.4159	1.057267	0.998705	9.211537
17424	-4326.956	-4614.334	287.378	0.8648831	0.9472647	11.46224
17430	-4306.807	-4592.527	285.7196	0.8250853	0.9955634	12.32289
17436	-4324.814	-4610.558	285.7436	0.927246	0.8755911	12.32289
17442	-4323.856	-4612.127	288.2708	0.8568537	0.8755911	11.0395
17448	-4307.062	-4594.124	287.062	0.8518852	0.8873928	11.66759
17454	-4318.923	-4600.699	281.776	0.8626548	0.8501824	14.43216
17460	-4316.978	-4600.462	283.4837	0.7835038	0.8226901	13.60404
17466	-4320.274	-4604.912	284.6378	0.880663	0.9467893	12.88315
17472	-4316.731	-4600.932	284.2015	0.9819039	0.8770319	13.09624
17478	-4324.366	-4610.778	286.4126	0.9400572	0.9065686	11.94972
17484	-4332.359	-4620.614	288.2553	0.8390672	0.8894918	11.04896
17490	-4316.5	-4603.864	287.3641	0.8444397	0.9066337	11.50268
17496	-4322.897	-4608.975	286.0787	0.8951724	1.103762	12.04465
17502	-4325.66	-4611.904	286.2441	0.801311	1.028777	12.04465
17508	-4321.272	-4608.26	286.9873	0.8103926	1.041382	11.6455
17514	-4321.075	-4608.419	287.3446	0.9447792	1.152817	11.33413
17520	-4326.383	-4610.061	283.6781	0.8562032	0.7877211	13.48673
17526	-4328.985	-4615.278	286.2928	0.9873549	1.000582	11.93669
17532	-4333.039	-4619.332	286.293	1.04738	1.054394	11.87775
17538	-4320.348	-4602.486	282.1389	0.8441095	0.8821809	14.23533
17544	-4327.153	-4612.955	285.8022	0.9945777	1.004483	12.18683
17550	-4325.491	-4615.049	289.5581	0.9779391	1.079286	10.19149
17556	-4333.739	-4620.757	287.018	0.9779391	1.073364	11.52586
17562	-4336.739	-4620.684	283.9445	0.630821	0.8624216	13.42061
17568	-4323.88	-4609.079	285.1983	0.6590097	1.002372	12.67734
17574	-4344.548	-4632.013	287.4653	0.9364041	1.02966	11.33571
17580	-4330.638	-4615.315	284.6768	0.767287	0.8981974	12.94867
17586	-4340.538	-4623.704	283.1663	0.748355	0.8981974	13.74318
17592	-4328.707	-4613.839	285.1317	0.8417842	0.9527986	12.64312
17598	-4336.499	-4625.84	289.341	0.9743245	1.004747	10.34549
17604	-4324.728	-4613.062	288.3338	0.9755399	1.026935	10.86187
17610	-4304.159	-4591.739	287.5802	0.8965928	0.8582565	11.39019
17616	-4301.138	-4589.622	288.4844	0.7826932	1.05602	10.86925
17622	-4336.772	-4621.206	284.4345	0.7939623	1.031519	12.98953
17628	-4329.806	-4617.083	287.2774	0.8406887	1.031519	11.48309
17634	-4334.274	-4618.867	284.5931	0.7850443	1.090836	12.88217
17640	-4315.561	-4602.771	287.2095	0.8400789	1.135816	11.46753
17646	-4320.203	-4606.629	286.4258	0.8330425	0.9384325	11.98102
17652	-4307.552	-4594.598	287.0453	0.9127305	0.9384325	11.61596
17658	-4298.384	-4583.953	285.569	0.7982032	1.039553	12.39273
17664	-4304.532	-4590.348	285.816	0.710675	0.8848317	12.39273
17670	-4314.393	-4599.965	285.5718	1.007525	0.8711717	12.37314
17676	-4304.408	-4589.17	284.762	0.7690957	0.8587388	12.92606
17682	-4308.814	-4595.061	286.2472	0.8967031	0.9824517	12.01734
17688	-4310.317	-4598.801	288.4842	0.7989517	1.088436	10.84468
17694	-4300.167	-4587.804	287.6378	0.9391488	0.8729452	11.32928
17700	-4304.012	-4591.38	287.3671	0.9124096	0.9586938	11.43689
17706	-4304.672	-4592.252	287.5802	0.7174216	0.9586938	11.42742
17712	-4306.975	-4592.173	285.1977	0.700053	0.8997267	12.71179
17718	-4302.133	-4586.39	284.2563	0.7149284	0.9330435	13.17514
17724	-4301.9	-4585.802	283.9027	0.8018524	1.257711	13.15547
17730	-4310.147	-4595.257	285.1102	0.9401231	1.002859	12.57659
17736	-4307.883	-4593.173	285.2903	0.7808106	0.9821931	12.57659
17742	-4328.134	-4618.053	289.9183	1.087206	0.8472831	10.07048
17748	-4322.617	-4609.621	287.0036	1.073158	0.9772409	11.53298
17754	-4295.767	-4584.043	288.2763	0.8096794	1.125034	10.93026
17760	-4305.964	-4591.664	285.6995	0.8133654	0.890138	12.39688
17766	-4315.596	-4603.979	288.3821	0.7846179	0.8181872	11.05308
17772	-4324.667	-4610.875	286.2084	0.8438894	1.017309	12.04691
17778	-4322.559	-4604.816	282.2572	0.7607521	0.885769	14.21519
17784	-4319.298	-4606.705	287.407	0.8945928	1.01176	11.39732
17790	-4318.845	-4605.086	286.2411	0.9102342	1.033391	11.987
17796	-4330.777	-4617.846	287.0688	0.8368703	0.9549725	11.63433
17802	-4330.665	-4616.148	285.4834	0.858816	0.9745588	12.43942
17808	-4330.338	-4612.453	282.1148	0.8597644	0.9745588	14.18906
17814	-4328.735	-4616.861	288.1261	0.8893134	0.9370235	11.06365
17820	-4338.704	-4622.854	284.1504	0.8531829	0.841981	13.21014
17826	-4338.701	-4626.801	288.0992	0.8994056	0.9950432	11.04128
17832	-4324.94	-4609.861	284.9205	0.7063075	0.8308489	12.89269
17838	-4319.302	-4607.192	287.8902	0.7646205	0.861872	11.29497
17844	-4317.148	-4605.306	288.1579	0.8467711	1.12591	10.97244
17850	-4300.067	-4587.566	287.4988	0.7726023	0.9773292	11.43116
17856	-4309.225	-4594.004	284.7791	0.9536986	1.166592	12.66163
17862	-4318.078	-4604.139	286.0607	0.8369179	1.122393	12.0755
17868	-4306.56	-4590.035	283.4747	0.86181	0.8902496	13.52869
17874	-4314.329	-4595.877	281.5481	0.8294658	1.162976	14.40537
17880	-4324.524	-4608.805	284.2813	0.7743497	0.9378812	13.12865
17886	-4330.77	-4615.626	284.8564	0.7276807	1.177234	12.7341
17892	-4310.343	-4598.192	287.8485	0.7749929	0.9505031	11.26142
17898	-4320.821	-4602.918	282.0969	0.6959522	1.039018	14.24999
17904	-4332.811	-4616.612	283.8012	0.7509576	1.040069	13.33672
17910	-4317.727	-4604.076	286.3492	0.9694998	1.078468	11.87708
17916	-4325.476	-4612.918	287.4416	0.8133782	1.02019	11.41733
17922	-4307.022	-4591.842	284.8196	0.8687102	1.031531	12.75033
17928	-4304.231	-4589.982	285.7511	0.8555958	0.9653892	12.30649
17934	-4298.954	-4591.174	292.2197	0.9572105	0.9869987	8.845266
17940	-4300.175	-4590.744	290.5693	0.8410571	0.947643	9.799994
17946	-4315.183	-4607.275	292.0915	1.143507	0.947643	8.835876
17952	-4307.62	-4597.156	289.5358	0.9257286	1.051333	10.24469
17958	-4322.747	-4612.962	290.2143	0.8762481	0.7624278	10.0782
17964	-4312.358	-4598.445	286.0873	0.807984	0.8543329	12.21826
17970	-4309.823	-4595.802	285.9793	0.7249612	1.037166	12.21826
17976	-4317.225	-4606.301	289.0757	0.7981239	1.108507	10.52504
17982	-4302.689	-4589.81	287.1216	0.8086745	0.9808296	11.60761
17988	-4311.547	-4596.587	285.0393	0.7577468	0.8760938	12.77763
17994	-4305.716	-4593.721	288.0046	0.9647992	1.058374	11.02401
18000	-4308.317	-4595.878	287.561	0.8273043	0.9471243	11.38631
18006	-4302.439	-4587.547	285.1081	0.7578077	0.9530992	12.69897
18012	-4291.985	-4577.197	285.2116	0.7564667	0.8582753	12.69897
18018	-4297.057	-4582.178	285.1203	0.7452561	0.9533704	12.69897
18024	-4335.698	-4620.304	284.6062	0.7625114	1.186579	12.8419
18030	-4320.851	-4606.265	285.4138	0.7311903	0.894953	12.58578
18036	-4327.824	-4617.08	289.2555	0.8624928	1.204959	10.35143
18042	-4314.488	-4597.474	282.9854	0.8417899	0.9500121	13.76003
18048	-4292.806	-4581.577	288.7709	0.8069552	0.9500121	10.76183
18054	-4308.086	-4596.527	288.4414	0.7977886	0.8719656	10.98319
18060	-4298.326	-4586.157	287.8312	0.8229425	0.9121227	11.26656
18066	-4288.444	-4576.802	288.3584	0.8133902	0.855743	11.02798
18072	-4298.834	-4585.095	286.2607	0.8110574	1.102782	11.99406
18078	-4308.577	-4596.731	288.1531	0.8479431	0.9349717	11.07229
18084	-4315.731	-4604.756	289.0252	0.818944	1.043647	10.57288
18090	-4305.161	-4593.022	287.8615	0.827998	1.027464	11.18626
18096	-4309.694	-4600.319	290.6249	0.9319186	0.9171668	9.739747
18102	-4295.42	-4587.473	292.0525	1.013717	0.9772073	8.909213
18108	-4296.383	-4588.607	292.2237	1.048533	1.111082	8.731235
18114	-4307.596	-4599.364	291.7688	1.084299	0.8922393	9.069376
18120	-4314.748	-4600.647	285.8989	0.8049542	1.046223	12.21389
18126	-4308.527	-4592.592	284.0651	0.691542	1.066119	13.21744
18132	-4311.698	-4600.864	289.1657	0.8937841	0.8649728	10.55715
18138	-4311.408	-4598.469	287.0607	0.8729589	1.098236	11.54619
18144	-4306.165	-4593.232	287.0664	0.9456077	0.9991643	11.55524
18150	-4306.007	-4592.307	286.3002	0.8768039	0.8075899	12.09934
18156	-4309.519	-4597.235	287.7166	0.8980144	1.023942	11.22725
18162	-4337.361	-4625.436	288.0748	0.7427382	1.176101	11.04682
18168	-4319.761	-4606.369	286.6084	0.8534038	0.9643133	11.86108
18174	-4316.746	-4601.13	284.3836	0.7318956	1.151753	12.98972
18180	-4320.189	-4605.19	285.0014	0.8528281	1.151328	12.60552
18186	-4329.681	-4616.45	286.7688	0.8882176	1.217949	11.63475
18192	-4334.705	-4621.981	287.2759	0.908555	0.8609938	11.54146
18198	-4338.989	-4629.561	290.5721	0.9605075	1.069075	9.671903
18204	-4318.799	-4606.186	287.3869	0.93308	1.077957	11.35419
18210	-4319.757	-4606.408	286.6516	0.7749594	1.136128	11.79289
18216	-4321.777	-4607.458	285.6811	0.9184842	0.9284937	12.33026
18222	-4313.825	-4598.527	284.7019	0.8592856	1.008276	12.82835
18228	-4317.889	-4601.256	283.3669	0.827461	0.9666597	13.56055
18234	-4315.866	-4603.287	287.4219	1.000415	0.8634425	11.41566
18240	-4307.234	-4595.674	288.4402	0.7901778	1.029372	10.90204
18246	-4320.14	-4605.89	285.7495	0.7117866	1.037833	12.34456
18252	-4316.689	-4602.245	285.5567	0.7659866	1.055747	12.40778
18258	-4300.547	-4587.194	286.6469	0.7929569	0.9870997	11.86044
18264	-4312.188	-4601.358	289.1695	0.8891129	1.017565	10.47367
18270	-4295.08	-4582.811	287.7318	0.8060507	1.017565	11.27074
18276	-4296.297	-4584.181	287.8839	0.7663336	0.9083667	11.27074
18282	-4313.308	-4600.967	287.6598	0.7847576	1.039245	11.30844
18288	-4305.998	-4592.051	286.053	0.7920787	0.9958071	12.16618
18294	-4305.013	-4593.969	288.9562	0.747816	0.9676014	10.68615
18300	-4295.06	-4582.537	287.4765	0.8884607	1.019545	11.36015
18306	-4308.971	-4598.025	289.0547	0.8652069	0.9536945	10.58036
18312	-4304.974	-4591.627	286.6532	0.9203491	0.9704225	11.79948
18318	-4311.072	-4595.876	284.8043	0.7919074	0.8865592	12.87615
18324	-4306.724	-4591.311	284.5874	0.7891588	1.106017	12.87564
18330	-4306.925	-4591.053	284.1283	0.7246874	0.8981716	13.25595
18336	-4304.254	-4590.024	285.7695	0.7832413	0.826588	12.41321
18342	-4319.937	-4603.763	283.8258	0.8855431	1.136322	13.20706
18348	-4313.913	-4599.961	286.0476	0.9350698	1.035579	12.07387
18354	-4326.114	-4616.718	290.6039	0.9118679	1.005024	9.713626
18360	-4326.121	-4614.454	288.3329	0.8344468	1.010884	10.94458
18366	-4327.523	-4616.288	288.7653	0.9005135	0.9938043	10.69221
18372	-4323.698	-4611.149	287.4514	0.9097518	0.9787207	11.38352
18378	-4336.483	-4624.401	287.9185	0.8161095	0.7981937	11.29151
18384	-4343.022	-4632.244	289.2222	0.9588317	1.140543	10.34833
18390	-4315.631	-4602.395	286.7642	0.9434066	0.9392048	11.74636
18396	-4322.472	-4611.805	289.3331	0.785789	0.9392048	10.48385
18402	-4313.024	-4600.729	287.7043	0.7609347	0.9472127	11.34603
18408	-4312.672	-4600.129	287.4575	0.7559103	1.029385	11.43433
18414	-4306.414	-4592.003	285.5884	0.7559103	1.026324	12.41137
18420	-4304.901	-4592.734	287.833	0.7559103	1.108405	11.19856
18426	-4319.804	-4606.433	286.6291	0.7328862	1.331123	11.73962
18432	-4316.124	-4602.016	285.8919	0.7406371	1.108874	12.22022
18438	-4320.867	-4606.564	285.6965	0.7536005	0.8106325	12.47633
18444	-4315.546	-4600.507	284.9617	0.7840333	0.9938711	12.73986
18450	-4314.161	-4599.425	285.264	0.7363158	0.9321062	12.6404
18456	-4300.655	-4586.569	285.9141	0.7887228	1.010788	12.23254
18462	-4297.717	-4584.569	286.8518	0.8278821	1.126403	11.66532
18468	-4298.429	-4586.874	288.4445	0.8154385	1.203574	10.80236
18474	-4295.757	-4583.267	287.5099	0.9184665	0.9521446	11.36261
18480	-4291.265	-4578.833	287.5679	0.8604607	0.9521446	11.36261
18486	-4298.336	-4583.829	285.4929	0.7079404	1.172975	12.41494
18492	-4301.043	-4589.325	288.2816	0.7931129	0.9494947	11.02575
18498	-4300.71	-4587.255	286.5448	0.8632747	0.9412384	11.90162
18504	-4322.344	-4609.465	287.121	0.8083991	1.075408	11.55962
18510	-4316.465	-4601.267	284.8014	0.7360562	0.9852406	12.85272
18516	-4304.502	-4587.469	282.9673	0.7850304	1.033748	13.75516
18522	-4315.343	-4601.777	286.4344	0.8258406	0.9125766	11.99461
18528	-4322.005	-4606.474	284.4693	0.7597951	1.070115	12.96988
18534	-4332.072	-4615.695	283.6224	0.70892	0.8483546	13.55552
18540	-4331.492	-4617.34	285.8475	0.7661214	1.017176	12.27575
18546	-4329.443	-4615.708	286.2652	0.6957902	1.056271	12.07475
18552	-4319.579	-4606.212	286.6329	0.8323107	0.844579	11.92673
18558	-4313.071	-4596.708	283.6366	0.7203181	0.860057	13.5354
18564	-4313.87	-4598.362	284.492	0.7760709	0.860057	13.06205
18570	-4310.938	-4596.906	285.9688	0.8364397	1.018759	12.17505
18576	-4324.256	-4610.374	286.1177	0.7847845	0.9236555	12.17505
18582	-4320.977	-4604.443	283.4658	0.787158	1.034742	13.49481
18588	-4314.263	-4600.667	286.4045	0.848167	0.9070665	12.00161
18594	-4309.974	-4594.019	284.0455	0.8218751	1.022353	13.18192
18600	-4304.972	-4589.949	284.977	0.8038506	0.9592449	12.73989
18606	-4301.138	-4584.259	283.1211	0.8055168	0.9275142	13.7207
18612	-4318.682	-4605.166	286.4849	0.7023968	1.137378	11.91723
18618	-4318.123	-4604.106	285.9829	0.7781836	1.172831	12.12298
18624	-4322.18	-4608.484	286.3045	0.8706235	1.108624	11.93733
18630	-4320.576	-4604.474	283.8974	0.8533324	1.001072	13.2535
18636	-4313.248	-4597.272	284.0244	0.7398252	0.9876046	13.2535
18642	-4314.068	-4598.076	284.0076	0.8236353	0.9228641	13.2535
18648	-4314.781	-4599.877	285.0959	0.7691442	1.039292	12.65439
18654	-4315.328	-4601.364	286.0356	0.7393036	1.227397	12.09095
18660	-4317.421	-4601.382	283.9611	0.7408737	1.11999	13.21967
18666	-4321.968	-4605.973	284.0052	0.7522568	1.000529	13.2503
18672	-4325.048	-4609.074	284.0263	0.6773023	1.05552	13.2503
18678	-4332.014	-4619.634	287.6192	0.8453273	1.057261	11.28887
18684	-4330.015	-4614.726	284.7116	0.7202956	1.023449	12.88786
18690	-4320.252	-4604.911	284.6593	0.6673612	1.134804	12.88786
18696	-4320.088	-4604.887	284.7989	0.7679557	1.044594	12.80688
18702	-4313.378	-4597.666	284.2884	0.785448	1.044594	13.06332
18708	-4329.747	-4613.106	283.3595	0.7655468	1.093768	13.53197
18714	-4329.749	-4616.889	287.1403	0.8596986	1.113373	11.50423
18720	-4330.146	-4615.969	285.8233	0.9525381	1.113373	12.14333
18726	-4340.073	-4624.212	284.1386	0.9348705	0.9499734	13.11284
18732	-4337.485	-4616.874	279.3884	0.7665836	0.9499734	15.66087
18738	-4329.556	-4610.343	280.7872	0.843862	0.9499734	14.89786
18744	-4323.279	-4605.449	282.1694	0.8027858	1.131061	14.11215
18750	-4330.581	-4618.012	287.4307	0.7483012	1.087756	11.42309
18756	-4332.971	-4620.418	287.447	0.5816008	1.121222	11.4855
18762	-4324.578	-4610.052	285.4742	0.6385429	0.9383889	12.57841
18768	-4309.578	-4596.984	287.4065	0.8254906	1.106861	11.38606
18774	-4311.265	-4603.709	292.4439	1.062558	0.9229943	8.705694
18780	-4316.878	-4606.225	289.3475	0.8546753	0.9029595	10.46036
18786	-4320.445	-4609.699	289.2544	0.948307	0.9024996	10.46036
18792	-4309.698	-4597.322	287.6237	0.878926	1.059366	11.2679
18798	-4319.213	-4607.039	287.8257	0.8544391	0.9128809	11.25253
18804	-4321.016	-4607.347	286.3314	0.9148092	0.9848209	11.96269
18810	-4346.916	-4630.219	283.303	0.8433682	0.9107664	13.6159
18816	-4345.321	-4628.576	283.2551	0.8148699	0.9841457	13.6159
18822	-4344.563	-4625.602	281.0395	0.6160435	0.9963092	14.8607
18828	-4341.598	-4625.274	283.6766	0.7166375	0.9944463	13.44263
18834	-4322.843	-4609.674	286.8315	0.8334235	0.9829437	11.74511
18840	-4330.686	-4615.681	284.9946	0.7226178	1.043586	12.72917
18846	-4315.349	-4600.147	284.7984	0.7874071	1.186073	12.72917
18852	-4316.547	-4601.1	284.5531	0.7331047	1.12902	12.91165
18858	-4330.267	-4611.409	281.1418	0.6574759	0.9192868	14.82752
18864	-4335.09	-4622.024	286.9341	0.7736522	0.9133606	11.76057
18870	-4319.378	-4605.575	286.1968	0.5286363	0.9168075	12.27112
18876	-4320.512	-4609.489	288.9775	0.9518687	1.017689	10.54147
18882	-4325.01	-4607.26	282.2501	0.7092584	1.028807	14.16884
18888	-4329.267	-4615.936	286.6689	0.6597272	0.9553076	11.93546
18894	-4322.923	-4607.413	284.4896	0.7071971	0.8376398	13.11224
18900	-4310.54	-4596.58	286.04	0.6694635	1.099176	12.18476
18906	-4316.692	-4603.898	287.2067	0.8519197	1.026466	11.51677
18912	-4327.252	-4612.673	285.4212	0.7281785	0.9054093	12.57759
18918	-4309.847	-4597.949	288.1019	0.8373662	0.924806	11.11026
18924	-4311.673	-4595.954	284.2811	0.644661	1.118833	13.10391
18930	-4311.277	-4595.789	284.5119	0.765415	0.9694916	12.99635
18936	-4292.22	-4580.779	288.5596	0.7872841	0.962231	10.87626
18942	-4307.48	-4596.975	289.4952	0.8072061	1.150393	10.27987
18948	-4307.223	-4596.272	289.0491	0.9544703	0.8582707	10.59039
18954	-4303.355	-4586.026	282.6713	0.7594008	1.035641	13.92105
18960	-4310.228	-4596.58	286.3527	0.9032083	1.088127	11.90513
18966	-4318.036	-4604.499	286.4635	0.7742704	0.8810896	12.02415
18972	-4324.407	-4608.213	283.8065	0.897933	1.031441	13.26194
18978	-4332.132	-4616.045	283.9134	0.7910783	1.031441	13.26194
18984	-4351.513	-4633.036	281.5226	0.7652299	1.080179	14.49118
18990	-4355.101	-4639.674	284.5738	0.900702	1.071129	12.84169
18996	-4337.054	-4622.332	285.2779	0.8105852	1.071129	12.5221
19002	-4347.568	-4632.119	284.5509	0.6990098	1.02146	12.98351
19008	-4338.211	-4618.99	280.7793	0.6663963	1.045907	14.94399
19014	-4333.828	-4618.616	284.7875	0.695734	0.9717088	12.88809
19020	-4337.262	-4623.92	286.6576	0.7613491	1.12675	11.80135
19026	-4325.91	-4613.584	287.6742	0.9256359	1.164164	11.16634
19032	-4326.248	-4614.271	288.0237	0.9140185	0.8400457	11.15982
19038	-4323.336	-4611.42	288.0836	0.797743	0.8906764	11.15982
19044	-4342.8	-4630.898	288.0973	0.7065676	0.8294231	11.23624
19050	-4309.958	-4594.679	284.7205	0.9469404	0.9414719	12.80854
19056	-4316.625	-4603.736	287.1108	0.7943682	0.960618	11.63154
19062	-4309.66	-4596.856	287.1955	0.7691367	0.9041493	11.63154
19068	-4307.049	-4594.321	287.2716	0.8542498	0.9700685	11.51113
19074	-4321.828	-4605.812	283.9846	0.6636343	0.9850178	13.31512
19080	-4307.033	-4595.776	288.743	0.8579771	1.005717	10.71998
19086	-4312.13	-4601.014	288.8839	0.8138192	0.796611	10.78808
19092	-4309.224	-4595.658	286.434	0.8299206	0.8712545	12.01616
19098	-4323.993	-4610.316	286.3229	0.7829622	0.7743817	12.15706
19104	-4311.666	-4599.541	287.875	0.801459	1.176111	11.12068
19110	-4316.686	-4602.193	285.5068	0.8030501	1.001169	12.44229
19116	-4313.98	-4599.603	285.6224	0.8047352	0.8888904	12.44229
19122	-4316.212	-4600.591	284.3784	0.7818273	0.8990744	13.0958
19128	-4305.928	-4594.034	288.1061	0.8535783	0.8579112	11.13773
19134	-4317.338	-4606.045	288.7072	0.7512055	0.874389	10.86691
19140	-4317.028	-4603.877	286.8498	0.7065656	1.050718	11.76681
19146	-4317.324	-4601.619	284.2951	0.7408652	1.050718	13.07994
19152	-4315.79	-4599.92	284.1294	0.6849596	1.050718	13.1951
19158	-4315.859	-4603.202	287.3432	0.8770231	0.8297937	11.54121
19164	-4319.019	-4605.699	286.6802	0.7675324	1.063303	11.81723
19170	-4339.572	-4625.636	286.0645	0.6869478	1.078802	12.17285
19176	-4325.185	-4610.962	285.7765	0.8147911	0.8855442	12.35863
19182	-4324.096	-4610.338	286.2423	0.8545013	1.01704	12.02383
19188	-4317.769	-4602.052	284.283	0.7932562	0.8604086	13.16153
19194	-4318.2	-4603.306	285.1066	0.8036808	1.078037	12.61152
19200	-4326.944	-4614.206	287.2624	0.7913696	0.980919	11.54301
19206	-4329.269	-4611.895	282.6265	0.7402412	0.980919	13.98242
19212	-4316.683	-4604.97	288.2866	0.7807602	0.9542461	11.02702
19218	-4330.019	-4617.502	287.4827	0.8426639	0.9260339	11.43077
19224	-4326.418	-4613.446	287.0282	0.8269965	1.188639	11.54448
19230	-4313.247	-4601.975	288.728	0.8890131	0.987994	10.72087
19236	-4313.622	-4599.804	286.1822	0.7516307	0.9389508	12.15027
19242	-4314.29	-4600.369	286.0783	0.8154634	0.977744	12.15027
19248	-4330.699	-4616.784	286.0845	0.8092943	0.977744	12.15027
19254	-4312.894	-4599.855	286.961	0.7256047	1.009819	11.71972
19260	-4317.935	-4603.314	285.379	0.7858731	0.9628962	12.53805
19266	-4322.147	-4607.166	285.0188	0.8496527	1.242655	12.55657
19272	-4325.329	-4612.809	287.4802	0.7735724	1.0034	11.42665
19278	-4331.215	-4617.459	286.2438	0.8329444	0.857591	12.12174
19284	-4308.587	-4593.811	285.2241	0.7486863	1.05743	12.58917
19290	-4311.696	-4595.703	284.0073	0.741074	1.05743	13.22604
19296	-4301.66	-4587.424	285.7637	0.7050757	1.05743	12.33084
19302	-4312.809	-4600.418	287.6081	0.7237922	0.9169541	11.43243
19308	-4322.911	-4611.323	288.4128	0.8119858	1.022737	10.90834
19314	-4315.945	-4605.399	289.4544	0.8756098	1.187341	10.24811
19320	-4340.523	-4628.014	287.4911	0.7061961	0.9541322	11.48235
19326	-4354.832	-4643.249	288.417	0.8110961	0.8695739	10.99038
19332	-4325.456	-4618.343	292.8872	0.9232928	0.9585297	8.524553
19338	-4312.365	-4600.284	287.9186	0.8035472	0.9727359	11.19782
19344	-4314.237	-4603.122	288.8842	0.8230509	0.9153063	10.71311
19350	-4313.454	-4600.602	287.1479	0.7495779	0.9857223	11.62215
19356	-4309.292	-4596.147	286.8553	0.7107395	0.9827312	11.79684
19362	-4305.805	-4592.557	286.7522	0.8138238	0.9827312	11.79684
19368	-4305.723	-4594.646	288.9233	0.7959672	0.8243768	10.7598
19374	-4314.735	-4600.502	285.7676	0.7595718	0.98103	12.33964
19380	-4328.779	-4609.608	280.8297	0.7242206	0.98103	14.92127
19386	-4327.556	-4611.583	284.0268	0.7719747	1.141923	13.15897
19392	-4331.831	-4617.02	285.1892	0.6231563	1.141923	12.63172
19398	-4324.066	-4607.993	283.9277	0.7250941	0.9763309	13.31736
19404	-4335.526	-4620.12	284.5943	0.8505669	1.115703	12.83544
19410	-4326.332	-4611.18	284.8479	0.8083008	0.949724	12.8099
19416	-4325.02	-4608.1	283.0795	0.6950329	1.061601	13.72968
19422	-4333.658	-4618.943	285.2846	0.6726206	1.028222	12.61201
19428	-4336.491	-4620.279	283.7878	0.7506526	0.9874461	13.3709
19434	-4325.704	-4609.204	283.5004	0.6430718	0.9788977	13.58047
19440	-4318.045	-4601.805	283.7602	0.6782218	0.9939102	13.41944
19446	-4314.729	-4598.621	283.8914	0.6863743	0.8622841	13.41944
19452	-4320.071	-4605.361	285.2901	0.7094855	0.861552	12.68066
19458	-4324.792	-4605.814	281.0218	0.7353084	0.8486149	14.88944
19464	-4321.999	-4602.899	280.9006	0.7125659	0.9832849	14.88944
19470	-4320.81	-4603.248	282.4382	0.7558046	0.9485327	14.0892
19476	-4310.977	-4590.87	279.8931	0.7572177	0.9991557	15.37904
19482	-4323.952	-4608.423	284.471	0.8969336	0.906272	12.98374
19488	-4334.683	-4618.713	284.0298	0.8401378	0.9359874	13.2262
19494	-4337.066	-4621.88	284.8139	0.7564486	0.9463233	12.85638
19500	-4325.476	-4611.662	286.186	0.8740827	1.028465	12.03713
19506	-4321.27	-4605.325	284.0551	0.8281635	1.028465	13.17054
19512	-4340.542	-4622.17	281.6284	0.6806864	1.25044	14.40151
19518	-4341.695	-4626.091	284.3959	0.7980614	0.975847	13.03632
19524	-4331.268	-4616.421	285.1536	0.8116458	1.006023	12.61925
19530	-4335.369	-4620.937	285.5674	0.8209166	0.971204	12.41723
19536	-4331.629	-4617.473	285.8434	0.8886127	0.8902639	12.28262
19542	-4334.45	-4618.655	284.2049	0.8672324	1.062456	13.05527
19548	-4333.66	-4617.659	283.9994	0.9353306	1.056094	13.12989
19554	-4329.635	-4613.54	283.9059	0.8289281	0.9787622	13.27345
19560	-4328.453	-4613.829	285.3754	0.8841641	1.119695	12.40939
19566	-4314.303	-4597.25	282.9473	0.843416	0.9018099	13.80546
19572	-4311.258	-4597.697	286.4395	0.8802869	0.9844659	11.92449
19578	-4313.868	-4602.551	288.6834	0.8915956	0.9849096	10.74455
19584	-4321.438	-4609.332	287.8937	0.8622692	1.008051	11.1615
19590	-4318.142	-4603.047	284.9047	0.8205241	1.008051	12.74311
19596	-4324.953	-4612.222	287.269	0.9141662	1.036253	11.44667
19602	-4342.345	-4622.18	279.8348	0.7721278	1.298672	15.26154
19608	-4323.409	-4609.674	286.2651	0.8853279	0.9108629	12.05283
19614	-4326.168	-4613.148	286.9791	0.9310433	0.9737357	11.62192
19620	-4344.286	-4627.873	283.5865	0.7094535	0.9511099	13.51616
19626	-4326.865	-4610.648	283.7826	0.7759575	1.02256	13.34225
19632	-4320.493	-4607.268	286.7745	0.9279481	0.9395748	11.74884
19638	-4314.558	-4597.637	283.0791	0.8185273	0.9931735	13.70062
19644	-4304.508	-4588.578	284.07	0.7918739	1.074782	13.15849
19650	-4317.794	-4600.749	282.9547	0.6991485	1.137285	13.7557
19656	-4309.281	-4594.218	284.9369	0.7527005	1.034245	12.74827
19662	-4319.297	-4607.227	287.9302	0.910691	1.122388	11.0599
19668	-4308.509	-4592.675	284.166	0.755848	0.9951359	13.16767
19674	-4335.443	-4621.09	285.6465	0.8591658	0.8699649	12.41221
19680	-4305.648	-4588.938	283.2906	0.7628427	1.082319	13.57473
19686	-4315.636	-4601.995	286.3595	0.7093163	1.082319	12.00559
19692	-4329.505	-4615.96	286.4549	0.9389761	0.9617347	11.89793
19698	-4329.372	-4616.565	287.1927	0.8879662	0.8112063	11.62543
19704	-4316.613	-4602.811	286.1983	0.8938794	0.9603826	12.05609
19710	-4306.891	-4593.217	286.3253	0.7430577	0.9836531	12.05609
19716	-4310.113	-4596.926	286.8133	0.9765179	0.7949504	11.78734
19722	-4315.014	-4599.092	284.0777	0.9193637	0.8673911	13.19867
19728	-4320.109	-4608.519	288.41	0.9254715	0.995522	10.86454
19734	-4329.48	-4616.217	286.7379	0.8840048	0.9566427	11.7816
19740	-4334.649	-4620.139	285.4897	0.7750252	0.9756839	12.47918
19746	-4327.399	-4610.374	282.9744	0.9094149	1.083593	13.66215
19752	-4326.899	-4615.674	288.7749	1.079478	1.071744	10.55335
19758	-4346.255	-4637.775	291.5195	1.093795	1.038143	9.116881
19764	-4332.123	-4617.533	285.4096	0.8740688	1.172321	12.3721
19770	-4331.793	-4618.795	287.0019	0.84072	1.012017	11.63708
19776	-4332.774	-4614.37	281.5964	0.7330711	0.8781695	14.57615
19782	-4341.586	-4626.089	284.503	0.7388146	1.049319	12.9736
19788	-4336.279	-4619.544	283.2649	0.7482381	1.161646	13.55786
19794	-4335.238	-4617.814	282.5759	0.9793621	1.102697	13.82332
19800	-4335.233	-4621.984	286.7507	0.7820167	0.9099139	11.85388
19806	-4343.556	-4627.988	284.4318	0.7778922	0.8979437	13.07071
19812	-4328.097	-4615.089	286.9917	0.80881	1.222771	11.55758
19818	-4326.871	-4613.289	286.4189	0.735336	1.268548	11.8749
19824	-4328.129	-4614.132	286.0025	0.8971151	0.9505791	12.1618
19830	-4333.334	-4615.343	282.0091	0.8799716	0.9316123	14.25643
19836	-4320.606	-4604.68	284.0741	0.9149592	1.069627	13.09492
19842	-4333.055	-4620.956	287.9008	0.8199381	1.177134	11.09706
19848	-4338.398	-4624.905	286.5068	0.7035631	1.051156	11.94721
19854	-4342.898	-4630.173	287.2749	0.8531135	0.8723117	11.56438
19860	-4329.927	-4615.747	285.82	0.7651958	1.194112	12.20491
19866	-4329.502	-4615.488	285.9857	0.9625391	0.9636853	12.12938
19872	-4335.512	-4618.119	282.6068	0.8065634	0.972207	13.96281
19878	-4339.191	-4621.814	282.6229	0.7608513	1.001562	13.96281
19884	-4337.321	-4623.32	285.9994	0.7760238	0.8449595	12.28623
19890	-4325.134	-4609.12	283.9863	0.9441573	1.119837	13.101
19896	-4335.334	-4620.467	285.1329	0.9153585	0.9639207	12.59819
19902	-4337.602	-4626.259	288.6564	1.005459	1.069134	10.65566
19908	-4331.422	-4615.064	283.6413	0.7643741	0.9880227	13.43956
19914	-4321.609	-4606.02	284.411	0.7847102	0.9506003	13.04894
19920	-4317.553	-4600.366	282.8131	0.8082261	0.9550282	13.86412
19926	-4323.035	-4609.556	286.5206	0.8522702	0.9918812	11.89285
19932	-4309.062	-4597.895	288.8328	0.9379892	1.141982	10.56306
19938	-4326.3	-4615.049	288.7492	1.033449	1.06	10.59686
19944	-4330.526	-4621.058	290.5318	0.9351046	0.998892	9.742618
19950	-4323.17	-4608.964	285.794	0.7579522	0.8433028	12.40366
19956	-4327.829	-4611.477	283.6481	0.7701243	0.9913438	13.43129
19962	-4321.795	-4605.292	283.497	0.7914915	1.002312	13.49294
19968	-4327.668	-4610.601	282.9326	0.8857653	0.9652445	13.75646
19974	-4327.525	-4609.843	282.3176	0.7938805	0.9091242	14.15357
19980	-4318.883	-4603.077	284.1946	0.813643	1.044011	13.0977
19986	-4320.76	-4606.286	285.5261	0.8645051	0.9597377	12.42214
19992	-4318.794	-4607.488	288.6933	0.9039537	0.8389739	10.81499
19998	-4303.207	-4591.81	288.603	0.9364155	0.8103162	10.86264
20004	-4318.921	-4608.014	289.0933	0.9182097	1.194598	10.41209
20010	-4325.378	-4610.714	285.3354	0.6792506	0.8176368	12.69881
20016	-4324.93	-4611.688	286.7581	0.7838182	0.9234742	11.84151
20022	-4328.595	-4615.944	287.3487	0.9192455	1.077816	11.38144
20028	-4332.617	-4617.426	284.8093	0.7496142	0.9599141	12.85504
20034	-4325.002	-4609.907	284.9056	0.786562	0.8369854	12.85504
20040	-4317.71	-4603.569	285.8583	0.7261834	0.9868059	12.30671
20046	-4315.552	-4604.45	288.8984	1.053104	1.113643	10.48177
20052	-4309.535	-4596.61	287.0747	0.8353273	1.102404	11.55652
20058	-4308.63	-4593.615	284.9849	0.8141566	1.07926	12.66879
20064	-4327.637	-4613.383	285.7458	0.6572577	1.196342	12.29886
20070	-4320.614	-4604.127	283.513	0.7918449	0.8818554	13.54991
20076	-4318.538	-4604.431	285.8936	0.8931996	0.8885874	12.25501
20082	-4314.741	-4600.67	285.9288	0.8298837	1.031187	12.19292
20088	-4319.566	-4606.805	287.239	0.8640815	1.085637	11.46382
20094	-4319.731	-4605.083	285.3527	0.7755004	0.936195	12.57159
20100	-4299.37	-4584.883	285.5122	0.8777379	0.9489624	12.42829
20106	-4289.998	-4573.681	283.6822	0.8392536	0.9489624	13.40019
20112	-4312.443	-4598.965	286.5214	0.8559392	1.028373	11.87161
20118	-4299.625	-4582.544	282.9188	0.6338332	0.9729825	13.89019
20124	-4303.123	-4584.72	281.5977	0.609182	0.9775187	14.58515
20130	-4336.937	-4624.558	287.6217	0.8915613	0.8386553	11.3827
20136	-4336.154	-4623.294	287.1404	0.8190341	0.9957651	11.58449
20142	-4329.062	-4614.795	285.7328	0.5906155	1.031505	12.41963
20148	-4306.996	-4592.829	285.8329	0.8137514	0.9653309	12.28574
20154	-4313.391	-4601.95	288.5585	0.8047479	1.088266	10.80281
20160	-4319.894	-4607.249	287.3555	0.8482227	1.024351	11.44196
20166	-4308.243	-4596.086	287.843	0.8623587	1.176011	11.10562
20172	-4318.154	-4603.437	285.2836	0.7834642	1.047639	12.54501
20178	-4328.612	-4612.329	283.7165	0.7775561	1.089164	13.34253
20184	-4313.922	-4599.148	285.2268	0.8371004	1.083547	12.52882
20190	-4306.96	-4592.354	285.394	0.7699943	0.9810198	12.52882
20196	-4324.281	-4605.894	281.613	0.8224624	0.9248927	14.49512
20202	-4322.351	-4605.207	282.8559	0.8094743	0.9612778	13.83792
20208	-4316.052	-4598.697	282.6447	0.6578431	0.9609346	14.0263
20214	-4313.047	-4596.594	283.5477	0.6596065	0.9576846	13.5586
20220	-4312.124	-4600.831	288.707	0.8382494	1.035402	10.73388
20226	-4302.124	-4585.483	283.359	0.7569731	0.9938871	13.58687
20232	-4311.765	-4594.624	282.8592	0.7795997	0.9801117	13.84171
20238	-4305.077	-4590.871	285.7938	0.8265167	0.9801117	12.29158
20244	-4300.617	-4587.089	286.4713	0.6886297	0.922885	12.04118
20250	-4304.431	-4592.937	288.5068	0.8104302	0.922885	10.91335
20256	-4301.775	-4585.459	283.6841	0.8259677	0.879448	13.44472
20262	-4311.339	-4595.762	284.423	0.6830498	0.8556086	13.14886
20268	-4299.279	-4583.429	284.1496	0.7678148	1.036181	13.14886
20274	-4305.408	-4591.155	285.7472	0.7583875	0.9725477	12.35541
20280	-4331.167	-4618.586	287.4184	0.9119993	0.9161906	11.43365
20286	-4334.485	-4623.846	289.3611	0.9641012	0.9888455	10.34869
20292	-4328.539	-4618.658	290.1191	1.020347	0.8814921	9.979902
20298	-4318.467	-4602.528	284.0603	0.8906911	1.158698	13.07199
20304	-4309.622	-4597.12	287.4976	0.8155465	1.107155	11.34346
20310	-4316.752	-4602.286	285.5335	0.7897763	1.036834	12.41698
20316	-4332.108	-4620.442	288.3331	0.9638224	1.230685	10.77075
20322	-4331.155	-4618.455	287.2994	0.9309323	1.068977	11.4055
20328	-4332.13	-4618.075	285.9459	0.8544363	1.143047	12.11642
20334	-4338.171	-4625.147	286.9767	0.7812218	1.036689	11.66864
20340	-4344.432	-4629.911	285.4797	0.8660336	0.979617	12.43492
20346	-4329.241	-4615.781	286.5404	0.8732819	1.061919	11.83571
20352	-4317.895	-4601.629	283.7336	0.6202685	1.01134	13.45432
20358	-4331.573	-4616.531	284.9578	0.7771016	0.9053107	12.79338
20364	-4337.76	-4626.717	288.957	0.8857467	1.056165	10.56724
20370	-4332.733	-4621.34	288.6067	0.9176362	1.070619	10.72708
20376	-4329.296	-4617.576	288.2796	0.9539207	0.9520857	10.94117
20382	-4324.599	-4611.676	287.077	0.9877244	0.9897886	11.53264
20388	-4325.974	-4613.138	287.1639	0.9007874	0.9897886	11.53264
20394	-4322.347	-4608.171	285.8241	0.9636787	1.172928	12.10899
20400	-4329.237	-4617.895	288.6575	1.083113	1.094777	10.60169
20406	-4332.584	-4622.69	290.1054	1.173576	1.187987	9.748332
20412	-4329.895	-4616.791	286.8961	0.9502563	1.000057	11.64133
20418	-4337.455	-4624.386	286.9318	0.8963538	1.018457	11.64133
20424	-4311.775	-4598.938	287.1632	0.7472769	0.9587365	11.62979
20430	-4309.682	-4597.953	288.2716	0.8009029	0.9587365	11.02194
20436	-4317.648	-4601.721	284.0727	0.8850462	0.9587365	13.16827
20442	-4324.077	-4609.601	285.5238	0.8987182	1.041665	12.36284
20448	-4323.629	-4610.098	286.4693	0.9052782	0.9194168	11.93113
20454	-4318.379	-4602.525	284.1464	0.7866821	1.026607	13.14558
20460	-4328.372	-4612.3	283.9277	0.7395318	1.093884	13.25028
20466	-4333.062	-4619.114	286.0512	0.8446743	1.021122	12.12657
20472	-4339.851	-4626.294	286.4437	0.7859953	1.032225	11.94674
20478	-4329.3	-4613.29	283.9898	0.6775762	0.9563863	13.3204
20484	-4331.459	-4616.997	285.5383	0.7554152	1.001807	12.45038
20490	-4329.636	-4612.049	282.4129	0.7258057	1.094329	14.04341
20496	-4335.477	-4619.658	284.181	0.7632485	1.043696	13.13115
20502	-4332.758	-4619.085	286.3273	0.8835135	0.8723394	12.04326
20508	-4332.802	-4619.28	286.4774	0.7333892	0.8723394	12.04326
20514	-4326.429	-4613.796	287.3668	0.9719834	1.038081	11.36432
20520	-4323.808	-4606.297	282.4894	0.6364645	0.9666728	14.11482
20526	-4332.746	-4618.567	285.8213	0.7836094	0.9175166	12.33354
20532	-4328.319	-4613.325	285.006	0.7851554	0.9612938	12.73346
20538	-4342.82	-4628.491	285.6706	0.9758933	0.8736728	12.33669
20544	-4332.585	-4616.562	283.9771	0.7612875	1.060988	13.2295
20550	-4339.49	-4623.003	283.5127	0.9167223	1.063932	13.38853
20556	-4347.99	-4632.3	284.3096	0.8371556	1.063932	13.01575
20562	-4352.946	-4639.862	286.9159	0.9729991	0.9520634	11.64463
20568	-4341.772	-4626.306	284.5332	0.7998734	1.095923	12.90316
20574	-4331.322	-4617.599	286.2762	0.8826324	0.9001915	12.05445
20580	-4342.666	-4627.26	284.594	0.8530559	1.010483	12.8866
20586	-4336.508	-4621.505	284.9974	0.7753903	0.8891372	12.78283
20592	-4328.946	-4615.93	286.984	0.9372394	0.9848592	11.6102
20598	-4331.905	-4620.017	288.1114	0.9704845	0.813386	11.10043
20604	-4328.711	-4614.571	285.8598	0.7915716	0.9841312	12.27329
20610	-4334.128	-4619.94	285.8115	0.8571258	1.099145	12.20609
20616	-4334.823	-4621.048	286.2253	0.9613554	0.8761294	12.05367
20622	-4332.562	-4621.264	288.702	0.8704257	1.142193	10.66704
20628	-4324.814	-4611.158	286.3437	0.8009515	1.056408	11.97891
20634	-4327.006	-4610.241	283.2357	0.8367592	0.9751712	13.6193
20640	-4323.749	-4609.756	286.0079	0.8509037	1.165368	12.07547
20646	-4309.726	-4596.001	286.2742	0.8077227	0.9344694	12.07547
20652	-4318.962	-4607.127	288.1644	0.7430035	0.9285802	11.12486
20658	-4323.36	-4607.322	283.9621	0.7492845	0.9873021	13.2811
20664	-4311.841	-4592.083	280.242	0.8007839	1.04125	15.15471
20670	-4311.445	-4599.088	287.6437	0.8047699	0.9260878	11.36638
20676	-4306.364	-4591.889	285.5247	0.8950793	1.151434	12.31086
20682	-4307.019	-4590.115	283.0952	0.6595403	0.9820474	13.78054
20688	-4325.359	-4609.77	284.4117	0.6385242	0.8168809	13.20085
20694	-4326.034	-4609.021	282.9867	0.8928422	1.097874	13.65741
20700	-4315.009	-4599.064	284.0548	0.7509023	0.9120717	13.27278
20706	-4317.732	-4602.928	285.1965	0.8797781	0.7295048	12.72229
20712	-4317.983	-4600.748	282.7646	0.801916	0.882385	13.93273
20718	-4332.469	-4616.515	284.0453	0.7537429	0.882385	13.29293
20724	-4322.115	-4605.263	283.1484	0.8273392	1.076154	13.61805
20730	-4311.925	-4598.158	286.2336	0.8017223	0.9403323	12.09657
20736	-4319.723	-4605.043	285.3199	0.8235472	1.054229	12.50192
20742	-4322.357	-4607.159	284.8022	0.7574415	0.9658687	12.85147
20748	-4314.882	-4599.357	284.4754	0.7488019	0.9422161	13.03866
20754	-4334.512	-4620.115	285.603	0.8941903	1.016545	12.33673
20760	-4326.839	-4614.473	287.6343	0.8205815	0.9197086	11.36656
20766	-4328.918	-4614.237	285.3188	0.7677571	1.096026	12.51091
20772	-4324.628	-4610.083	285.4547	0.8304196	1.010672	12.45024
20778	-4316.176	-4601.911	285.735	0.6827075	0.9359261	12.42093
20784	-4313.11	-4598.747	285.6376	0.7801656	0.9359261	12.42093
20790	-4334.451	-4621.239	286.7878	0.8434531	0.9256279	11.79371
20796	-4327.037	-4612.665	285.6289	0.8853785	1.015839	12.32821
20802	-4335.257	-4618.495	283.2378	0.775575	0.8635686	13.71169
20808	-4341.627	-4630.584	288.9568	0.9167066	0.8934032	10.63829
20814	-4328.874	-4616.109	287.2346	0.9325291	0.9755969	11.48659
20820	-4330.373	-4614.591	284.2185	0.6980715	1.109168	13.11334
20826	-4318.504	-4603.742	285.2385	0.7301588	0.9440116	12.6504
20832	-4333.291	-4621.706	288.415	0.7989303	1.000549	10.92559
20838	-4331.704	-4616.553	284.8496	0.8476474	1.000549	12.76161
20844	-4325.295	-4612.421	287.1259	0.7604333	0.8681383	11.69303
20850	-4326.61	-4612.737	286.1276	0.8426169	0.9574414	12.12126
20856	-4328.017	-4612.756	284.7394	0.7195737	1.086257	12.84237
20862	-4327.786	-4614.763	286.9767	0.876822	1.017955	11.62829
20868	-4320.191	-4606.461	286.2701	0.7466046	1.017955	12.06518
20874	-4330.513	-4615.939	285.4256	0.6850912	0.987645	12.5531
20880	-4335.945	-4624.634	288.6891	0.8657586	1.023359	10.73502
20886	-4335.636	-4621.023	285.3871	0.856396	1.023359	12.4654
20892	-4336.083	-4617.289	281.2061	0.7721081	0.9059255	14.74229
20898	-4325.719	-4609.216	283.4972	0.8046344	0.921521	13.52923
20904	-4332.183	-4617.123	284.9406	0.8364267	1.046984	12.69634
20910	-4324.879	-4609.815	284.9352	0.883605	0.9793256	12.70947
20916	-4315.872	-4600.02	284.1478	0.8289775	1.227705	13.02722
20922	-4309.915	-4594.01	284.0951	0.7308365	0.9763646	13.22738
20928	-4321.619	-4605.752	284.1329	0.6411007	1.028392	13.22738
20934	-4312.061	-4596.287	284.225	0.8551029	0.8607272	13.15935
20940	-4321.802	-4608.097	286.2948	0.7333785	0.8453547	12.15423
20946	-4322.189	-4612.459	290.2697	0.8281047	1.011136	9.930623
20952	-4319.68	-4607.484	287.8042	0.8275062	1.011136	11.22495
20958	-4333.533	-4620.322	286.7892	0.8126435	1.019765	11.75882
20964	-4328.019	-4613.875	285.8553	0.8848886	1.068509	12.18383
20970	-4332.349	-4615.001	282.6516	0.8630404	1.160054	13.81729
20976	-4343.061	-4627.555	284.4948	0.8285328	1.093571	12.90935
20982	-4339.817	-4624.265	284.4487	0.7625798	0.8856952	13.07679
20988	-4342.661	-4623.199	280.5388	0.7189863	0.9826034	15.07361
20994	-4336.045	-4620.619	284.5738	0.8601115	0.8874334	12.96009
21000	-4337.603	-4620.883	283.28	0.7239923	0.9701518	13.65752
21006	-4326.608	-4609.834	283.2256	0.7711206	0.9772645	13.65752
21012	-4318.811	-4603.834	285.0229	0.7332991	1.10307	12.67953
21018	-4338.895	-4627.476	288.58	0.9001217	0.8861263	10.84875
21024	-4341.059	-4626.623	285.5639	0.7407768	0.8025534	12.55703
21030	-4321.48	-4607.865	286.3845	0.6593038	0.9305775	12.09752
21036	-4321.709	-4605.138	283.4293	0.76808	0.9305775	13.57845
21042	-4330.297	-4614.161	283.8633	0.7757377	0.9744951	13.32546
21048	-4335.92	-4618.872	282.9522	0.8009867	0.9127003	13.81885
21054	-4323.478	-4606.897	283.4189	0.650392	0.990842	13.6127
21060	-4324.488	-4612.41	287.9214	0.9062655	1.039237	11.10791
21066	-4320.959	-4605.247	284.2881	0.80335	1.05224	13.05034
21072	-4319.348	-4604.542	285.1934	0.8256148	0.9547449	12.61837
21078	-4328.534	-4612.036	283.5023	0.7339148	1.031235	13.50525
21084	-4342.122	-4624.503	282.3811	0.7120866	1.013849	14.10714
21090	-4330.938	-4618.246	287.3077	0.9577052	1.145315	11.35021
21096	-4335.312	-4620.378	285.0659	0.7896248	1.116321	12.6214
21102	-4339.375	-4628.527	289.1514	0.9315379	0.9270632	10.50944
21108	-4332.599	-4619.782	287.1827	0.9078667	1.082242	11.47204
21114	-4333.181	-4618.347	285.1665	0.8263127	1.000826	12.60758
21120	-4328.256	-4616.023	287.7668	0.8324543	0.8989234	11.30273
21126	-4335.169	-4621.314	286.1449	0.8144428	0.8515945	12.18644
21132	-4324.068	-4609.823	285.7549	0.9969165	1.051125	12.18644
21138	-4328.833	-4616.879	288.0457	0.8938052	1.02021	11.0591
21144	-4326.287	-4612.623	286.3363	0.8276794	1.204142	11.89842
21150	-4313.323	-4598.165	284.8416	0.8015438	1.099172	12.74026
21156	-4328.602	-4612.716	284.1145	0.7774435	1.145585	13.10884
21162	-4340.036	-4622.736	282.7001	0.8407896	1.277866	13.75103
21168	-4333.519	-4616.401	282.882	0.8483094	1.064769	13.75103
21174	-4326.745	-4609.949	283.2044	0.7644238	0.9750093	13.67319
21180	-4328.417	-4615.989	287.5718	0.9501627	1.046235	11.26437
21186	-4323.105	-4606.152	283.0463	0.807352	0.944072	13.7495
21192	-4315.247	-4598.295	283.0481	0.7950897	0.9541253	13.7495
21198	-4315.765	-4603.826	288.061	0.8557924	0.9369561	11.11532
21204	-4326.934	-4615.406	288.472	0.8466449	1.041197	10.84973
21210	-4315.504	-4605.031	289.5262	0.8547075	0.9176009	10.35825
21216	-4332.22	-4617.646	285.4266	0.6657367	1.186951	12.46505
21222	-4340.714	-4627.163	286.4491	0.7496198	1.196417	11.88381
21228	-4335.884	-4622.068	286.1843	0.7549346	0.9763768	12.1273
21234	-4322.94	-4609.275	286.3345	0.7297231	0.9335572	12.08522
21240	-4335.154	-4619.771	284.6178	0.7862191	0.9335572	12.94989
21246	-4319.958	-4604.498	284.5394	0.8161135	0.980444	12.94989
21252	-4326.269	-4611.31	285.0417	0.7814144	0.980444	12.70662
21258	-4311.865	-4596.714	284.8497	0.8447718	0.9880125	12.76956
21264	-4328.283	-4613.792	285.509	0.8065765	0.9516064	12.46563
21270	-4316.012	-4600.406	284.3946	0.7905197	0.9618044	13.04841
21276	-4308.975	-4596.101	287.1266	0.8152693	0.7907894	11.7105
21282	-4310.479	-4598.703	288.2244	0.7662544	0.9226242	11.08458
21288	-4313.515	-4601.457	287.9415	0.8637592	0.9012703	11.19358
21294	-4332.917	-4616.284	283.3672	0.8428468	1.276052	13.40443
21300	-4319.148	-4605.107	285.9591	0.8429446	0.9237328	12.22735
21306	-4320.871	-4607.957	287.0857	0.8106746	1.06397	11.5826
21312	-4310.323	-4597.008	286.6845	0.8566098	0.9172222	11.84543
21318	-4304.684	-4591.721	287.0374	0.9063156	0.9970023	11.59205
21324	-4298.742	-4587.003	288.2611	0.9235904	0.9970023	10.94274
21330	-4299.495	-4582.47	282.9748	0.7258515	0.9970023	13.80082
21336	-4301.43	-4591.667	290.2366	0.9013514	1.138188	9.846075
21342	-4290.565	-4577.668	287.1023	0.9548635	1.008682	11.5267
21348	-4309.923	-4595.632	285.7088	0.7045794	1.012015	12.38275
21354	-4303.378	-4589.042	285.6637	0.8147002	0.9479548	12.38275
21360	-4303.945	-4586.234	282.289	0.7022918	0.8865796	14.22855
21366	-4300.397	-4586.114	285.7164	0.7902739	0.9743984	12.35384
21372	-4313.808	-4598.441	284.633	0.7877334	1.001341	12.90504
21378	-4316.545	-4604.389	287.8449	0.9332198	1.001341	11.15342
21384	-4334.246	-4622.203	287.9576	0.7545353	1.049941	11.16296
21390	-4316.673	-4602.677	286.0047	0.7658832	0.8791286	12.2689
21396	-4314.771	-4601.336	286.5652	0.8728742	0.8363389	11.9458
21402	-4337.138	-4622.132	284.9946	0.7372736	1.094446	12.69634
21408	-4338.322	-4622.758	284.4352	0.6595194	1.045698	13.05192
21414	-4322.217	-4608.577	286.3607	0.8197685	0.9825129	11.99821
21420	-4331.719	-4620.651	288.9327	0.8303271	0.9432878	10.66837
21426	-4334.359	-4619.665	285.306	0.782061	1.105808	12.50541
21432	-4345.057	-4631.909	286.8516	0.854346	0.8407499	11.80334
21438	-4333.725	-4617.732	284.0062	0.9019818	1.138449	13.10372
21444	-4335.001	-4622.581	287.5798	1.005554	0.9677689	11.27207
21450	-4334.261	-4621.715	287.4537	0.8466092	1.013708	11.39699
21456	-4336.71	-4624.284	287.5739	0.7828137	0.9578584	11.39699
21462	-4323.373	-4610.626	287.2523	0.8281624	0.9921039	11.52315
21468	-4325.248	-4613.295	288.0472	0.8926208	1.082397	11.02757
21474	-4333.57	-4623.73	290.1604	0.8879954	1.090866	9.916195
21480	-4311.904	-4596.822	284.9181	0.7280643	1.027976	12.77403
21486	-4322.336	-4607.212	284.8759	0.7739296	0.9316223	12.82307
21492	-4327.142	-4612.148	285.0065	0.9003979	1.128407	12.5889
21498	-4327.638	-4611.515	283.8777	0.7627858	1.123241	13.25007
21504	-4327.634	-4611.136	283.502	0.7051382	0.9697144	13.55229
21510	-4341.203	-4628.194	286.9913	0.8202099	1.053043	11.63237
21516	-4326.028	-4612.995	286.9661	0.7858055	1.015384	11.6827
21522	-4317.196	-4602.777	285.5809	0.7638543	0.8546586	12.50494
21528	-4319.26	-4606.385	287.1255	0.8583174	1.038739	11.54956
21534	-4329.578	-4617.815	288.2371	0.8586426	0.9429469	11.01833
21540	-4325.628	-4613.134	287.5062	0.8795658	0.9730778	11.37363
21546	-4339.031	-4626.176	287.1458	0.7517399	0.9726556	11.62908
21552	-4318.315	-4604.573	286.2582	0.7057909	0.9551811	12.12573
21558	-4321.938	-4610.247	288.3087	0.7387311	1.05571	10.9845
21564	-4326.606	-4614.924	288.3184	0.7347216	1.049505	10.98465
21570	-4320.241	-4608.229	287.9881	0.9363444	0.9808685	11.08758
21576	-4327.815	-4610.814	282.9988	0.7180608	0.9808685	13.80085
21582	-4325.005	-4615.358	290.3529	0.9245497	0.7783773	9.969683
21588	-4326.128	-4616.205	290.077	0.9731604	1.111889	9.904992
21594	-4334.834	-4622.161	287.327	1.024829	0.8859365	11.43954
21600	-4324.265	-4614.452	290.1869	1.075329	1.024182	9.837239
21606	-4322.558	-4611.526	288.968	0.9285292	1.036498	10.54901
21612	-4331.499	-4621.302	289.8022	1.04013	0.855084	10.15164
21618	-4323.748	-4611.316	287.568	0.7866774	0.9696276	11.39174
21624	-4304.971	-4588.798	283.8278	0.8413958	1.092676	13.24983
21630	-4314.563	-4598.988	284.424	0.7333422	1.094877	12.99502
21636	-4314.192	-4598.872	284.6793	0.7704414	0.9995943	12.89084
21642	-4304.103	-4588.739	284.6353	0.7190622	1.098421	12.89084
21648	-4304.575	-4589.907	285.3314	0.821349	1.052579	12.49786
21654	-4319.925	-4607.164	287.2392	0.8250547	1.182234	11.43815
21660	-4329.198	-4616.433	287.2345	0.9989603	1.001733	11.43815
21666	-4312.381	-4599.81	287.4288	0.9106584	1.057578	11.35415
21672	-4324.216	-4614.323	290.1077	0.8701188	1.243171	9.881924
21678	-4326.502	-4610.722	284.2192	0.8410512	1.199653	12.99638
21684	-4333.122	-4618.561	285.4392	0.9681059	0.9720195	12.4069
21690	-4327.998	-4616.208	288.2096	1.084169	1.010134	10.87873
21696	-4330.337	-4619.651	289.3144	1.043762	1.172667	10.24009
21702	-4342.693	-4629.802	287.109	0.8462765	1.020986	11.57359
21708	-4328.816	-4615.124	286.3082	0.925337	0.9900349	11.96656
21714	-4329.207	-4615.007	285.7996	0.7807147	1.051691	12.27555
21720	-4322.363	-4607.877	285.5142	0.9540398	0.9747555	12.37368
21726	-4318.922	-4604.441	285.519	0.969852	0.9546822	12.37368
21732	-4309.581	-4598.042	288.461	0.9766693	0.9445001	10.83832
21738	-4320.221	-4607.431	287.2106	1.084088	0.8914674	11.46625
21744	-4308.079	-4595.974	287.8952	0.905895	1.051453	11.11567
21750	-4299.275	-4585.078	285.8028	0.9002253	1.072221	12.20137
21756	-4316.71	-4604.285	287.5748	0.9442598	0.9686731	11.30625
21762	-4308.829	-4594.221	285.392	0.921193	0.9686731	12.45769
21768	-4310.694	-4595.773	285.0788	0.9146069	1.071697	12.57137
21774	-4324.467	-4610.015	285.5481	0.8008823	1.036047	12.404
21780	-4310.447	-4596.706	286.2594	0.9184015	1.100532	11.93984
21786	-4332.027	-4617.814	285.7861	0.9089785	1.100532	12.19162
21792	-4341.383	-4629.905	288.5213	0.9794828	0.9900471	10.78077
21798	-4334.28	-4622.961	288.6804	0.9029309	0.9106131	10.78077
21804	-4323.916	-4606.777	282.8613	0.7845536	0.8987065	13.88233
21810	-4320.805	-4609.544	288.7392	0.9309196	1.004923	10.68412
21816	-4324.649	-4614.299	289.6498	1.002517	0.9199479	10.21427
21822	-4329.495	-4621.302	291.8065	1.002517	1.230914	8.920365
21828	-4316.425	-4605.7	289.2744	0.9003283	0.8109922	10.52896
21834	-4316.377	-4604.888	288.5107	0.8718575	1.003271	10.8358
21840	-4314.898	-4599.307	284.4087	0.7296708	1.018404	13.04307
21846	-4311.403	-4594.194	282.7912	0.8382732	1.081262	13.79523
21852	-4312.201	-4597.006	284.805	0.8465921	1.016997	12.77683
21858	-4311.47	-4596.04	284.5699	0.8302105	1.144219	12.84522
21864	-4314.63	-4597.752	283.1218	0.8067939	0.8971303	13.73655
21870	-4318.154	-4601.452	283.2977	0.7637356	0.8971303	13.6676
21876	-4316.967	-4599.889	282.9221	0.6547392	1.060848	13.83262
21882	-4327.859	-4613.162	285.3031	0.8282426	1.052709	12.50895
21888	-4324.925	-4610.427	285.5019	0.6733836	1.007827	12.50895
21894	-4322.179	-4607.53	285.3506	0.7107456	0.9681458	12.58915
21900	-4325.614	-4613.55	287.9356	0.8983635	0.9808901	11.13495
21906	-4332.785	-4620.919	288.1333	0.9657195	1.008682	10.98152
21912	-4336.842	-4620.417	283.5752	0.8305563	1.144752	13.36185
21918	-4335.26	-4620.166	284.9059	0.798355	1.063714	12.72581
21924	-4329.356	-4615.74	286.3839	0.7957383	0.9902221	11.99459
21930	-4318.832	-4604.997	286.1648	0.9705926	1.024263	11.99999
21936	-4324.776	-4614.145	289.369	0.9225897	0.9909726	10.36523
21942	-4325.256	-4612.487	287.2303	0.9069249	1.056228	11.46056
21948	-4330.543	-4619.543	288.9997	0.8665072	0.9606267	10.60479
21954	-4328.48	-4617.704	289.2234	0.8985691	0.9162347	10.49497
21960	-4322.688	-4609.65	286.9615	0.9661712	0.9415521	11.63013
21966	-4327.456	-4613.401	285.9453	0.7881298	1.026949	12.20827
21972	-4334.486	-4619.305	284.8181	0.7497423	0.9941503	12.83227
21978	-4337.616	-4622.058	284.4418	0.8967424	1.049867	12.92304
21984	-4335.435	-4618.651	283.2165	0.7608948	1.03427	13.63806
21990	-4338.711	-4628.299	289.588	0.8453074	1.061808	10.25424
21996	-4339.555	-4625.661	286.1061	0.7995313	1.061808	12.10089
22002	-4328.355	-4609.807	281.4519	0.7370841	0.9538542	14.60703
22008	-4338.717	-4620.097	281.3795	0.7919709	1.021667	14.58064
22014	-4341.571	-4628.262	286.6918	0.8888499	0.8989414	11.83501
22020	-4320.837	-4607.232	286.3949	0.8152914	1.030472	11.95781
22026	-4331.341	-4618.961	287.6202	0.8137761	1.016629	11.32557
22032	-4329.812	-4617.048	287.2367	0.7969104	0.9211134	11.586
22038	-4330.921	-4616.132	285.2104	0.7014093	1.143246	12.57931
22044	-4333.091	-4614.229	281.1379	0.605104	0.8435669	14.89969
22050	-4341.917	-4628.895	286.9784	0.7290212	0.8435669	11.80088
22056	-4337.664	-4622.246	284.5816	0.7221416	1.0533	12.93941
22062	-4339.995	-4621.653	281.6579	0.8131772	0.9672665	14.45376
22068	-4338.628	-4626.066	287.4375	0.8743201	0.9396438	11.43038
22074	-4341.792	-4627.557	285.7647	0.8023808	0.9297488	12.34651
22080	-4350.197	-4636.054	285.8562	0.7037191	0.9364922	12.34651
22086	-4350.083	-4632.775	282.6922	0.6173233	1.030318	13.98654
22092	-4331.156	-4617.861	286.705	0.9133614	0.9726383	11.77487
22098	-4336.93	-4625.959	289.0286	1.080173	1.0301	10.44088
22104	-4332.457	-4620.769	288.3118	0.9340626	0.9767821	10.92139
22110	-4337.173	-4624.527	287.3541	0.8920183	0.8667006	11.50588
22116	-4330.039	-4617.049	287.0107	1.027541	1.070385	11.50527
22122	-4337.75	-4621.968	284.2181	0.9089672	1.02542	13.04535
22128	-4344.694	-4633.071	288.3762	0.9839694	0.8527521	10.93105
22134	-4314.935	-4600.846	285.9104	0.8920691	1.217476	12.08105
22140	-4318.791	-4605.964	287.1736	0.9263805	0.951492	11.53468
22146	-4322.985	-4611.142	288.1563	0.8520356	0.9498713	11.0603
22152	-4328.65	-4614.558	285.908	0.8758149	1.141553	12.12572
22158	-4330.667	-4617.452	286.7843	0.738954	0.9469049	11.83838
22164	-4327.408	-4612.187	284.7793	0.8511637	0.9521223	12.82202
22170	-4319.718	-4603.578	283.8604	0.8859988	0.9333436	13.29184
22176	-4317.493	-4602.683	285.1905	0.7800218	0.892408	12.67804
22182	-4336.454	-4622.503	286.0488	0.9423864	0.9365902	12.12167
22188	-4329.604	-4613.158	283.5541	0.8221334	0.9895205	13.45407
22194	-4323.451	-4611.144	287.6925	1.112155	1.012686	11.13363
22200	-4314.395	-4597.566	283.1707	0.9089438	1.07181	13.56624
22206	-4321.34	-4608.351	287.0105	0.9422099	1.07181	11.54923
22212	-4331.127	-4617.949	286.8227	0.8919993	1.089029	11.66511
22218	-4337.794	-4622.976	285.1816	0.6789141	0.9306163	12.71399
22224	-4323.508	-4606.668	283.1604	0.8168935	0.9586747	13.67749
22230	-4334.153	-4618.322	284.1691	0.7574579	0.7988585	13.2761
22236	-4328.52	-4609.837	281.3171	0.8329682	0.8461605	14.68751
22242	-4320.233	-4599.508	279.2753	0.8092244	1.130691	15.60651
22248	-4309.045	-4596.921	287.8764	0.8354532	1.105559	11.1356
22254	-4317.872	-4602.922	285.0506	0.7880388	0.9752607	12.7013
22260	-4335.753	-4624.225	288.4719	0.9902918	1.110033	10.74031
22266	-4335.501	-4622.051	286.5497	0.9244373	0.9522915	11.86114
22272	-4322.904	-4608.402	285.4974	0.8275154	1.122385	12.37407
22278	-4320.557	-4604.975	284.4177	0.8369566	1.144314	12.92084
22284	-4318.163	-4605.622	287.4587	0.9808363	1.015996	11.32295
22290	-4313.621	-4598.647	285.0263	0.895514	0.8462939	12.73005
22296	-4313.166	-4596.181	283.0147	0.8103958	0.9459991	13.76326
22302	-4315.867	-4599.549	283.6822	0.7897007	0.9459991	13.42752
22308	-4316.279	-4601.054	284.7753	0.7660593	1.069952	12.80752
22314	-4322.108	-4610.017	287.9093	0.9404787	1.106985	11.06269
22320	-4314.421	-4599.377	284.9554	0.7626336	1.031527	12.73486
22326	-4326.25	-4611.312	285.0618	0.7959648	1.031527	12.66213
22332	-4323.35	-4611.983	288.6326	0.98214	0.9591664	10.73749
22338	-4335.757	-4624.114	288.3564	1.102209	0.9511903	10.82371
22344	-4324.234	-4610.604	286.37	0.8690856	0.9706112	11.97396
22350	-4325.07	-4611.241	286.1708	0.7416285	0.9576906	12.15126
22356	-4325.751	-4607.742	281.9911	0.8015022	1.173716	14.18538
22362	-4320.11	-4604.139	284.0294	0.7151573	1.067087	13.22324
22368	-4318.885	-4602.194	283.3087	0.8001035	1.010821	13.58185
22374	-4326.549	-4612.137	285.5877	0.7595136	1.082454	12.38175
22380	-4318.622	-4604.536	285.9141	0.7324086	0.9353319	12.30206
22386	-4319.8	-4609.204	289.4046	0.9171825	0.973582	10.35861
22392	-4310.732	-4595.423	284.6905	0.7371135	0.9957635	12.90434
22398	-4317.577	-4603.212	285.6343	0.6886369	1.053795	12.40861
22404	-4318.76	-4605.33	286.5701	0.7814995	1.270628	11.77092
22410	-4305.005	-4590.399	285.3941	0.7926063	0.9352626	12.54163
22416	-4312.444	-4596.952	284.508	0.7620049	0.8830493	13.04779
22422	-4320.026	-4606.262	286.2356	0.7479932	0.9832579	12.10054
22428	-4319.457	-4604.785	285.3282	0.793131	0.9613328	12.56152
22434	-4320.136	-4608.451	288.3151	0.8402173	1.191464	10.86279
22440	-4321.358	-4609.853	288.4946	0.8229011	1.016878	10.86279
22446	-4337.301	-4624.358	287.0568	0.9282394	1.066065	11.5352
22452	-4327.303	-4611.388	284.0844	0.840733	1.138589	13.09488
22458	-4324.177	-4608.294	284.1172	0.7994664	1.21002	13.06635
22464	-4330.687	-4616.924	286.2366	0.8860357	0.9939672	12.02235
22470	-4329.343	-4616.626	287.2827	0.838479	1.004304	11.49552
22476	-4337.16	-4620.161	283.0004	1.022839	1.11881	13.57276
22482	-4332.723	-4621.21	288.4869	1.006171	1.209947	10.67724
22488	-4326.583	-4612.083	285.5005	0.9898339	0.8566769	12.42792
22494	-4337.2	-4621.36	284.1601	0.833147	0.9267807	13.16717
22500	-4343.004	-4625.98	282.9768	0.7166569	0.8613659	13.87897
22506	-4332	-4614.681	282.6806	0.798051	0.9416903	13.94532
22512	-4323.028	-4604.672	281.6442	0.7858948	0.9428391	14.4881
22518	-4324.918	-4607.55	282.6319	0.7800197	0.9278178	13.98747
22524	-4326.329	-4614.815	288.486	0.9308364	1.031963	10.80295
22530	-4327.284	-4612.523	285.239	0.7644296	1.072491	12.56574
22536	-4333.459	-4620.246	286.787	0.9030702	0.9320972	11.75939
22542	-4328.305	-4613.314	285.0086	0.7912796	1.029148	12.69343
22548	-4328.442	-4613.925	285.4836	0.7896137	1.039576	12.44167
22554	-4340.693	-4629.101	288.4075	0.8295961	1.039576	10.89326
22560	-4338.611	-4626.164	287.5531	0.9280026	1.109119	11.25467
22566	-4342.246	-4631.782	289.5364	0.9443396	1.109119	10.20591
22572	-4340.469	-4626.792	286.3226	0.997489	0.9711741	11.93136
22578	-4313.195	-4598.411	285.2161	0.9099897	1.098781	12.48899
22584	-4314.709	-4601.181	286.4719	0.8000773	1.098781	11.89153
22590	-4314.897	-4599.297	284.3999	0.8462947	0.8795015	13.06219
22596	-4333.609	-4617.647	284.0371	0.7776499	1.076868	13.18194
22602	-4319.886	-4605.284	285.3986	0.8074289	0.996626	12.49877
22608	-4322.205	-4606.227	284.0228	0.8569946	0.9717529	13.20183
22614	-4350.975	-4636.78	285.8051	0.7162949	0.8905806	12.39219
22620	-4341.746	-4625.631	283.8849	0.6657934	1.091132	13.3122
22626	-4337.721	-4622.957	285.2362	0.6640287	0.8654655	12.73007
22632	-4341.208	-4623.851	282.6429	0.7482974	1.097055	13.91117
22638	-4327.023	-4609.893	282.8693	0.8832539	1.036172	13.7538
22644	-4325.664	-4609.25	283.586	0.8191351	1.193113	13.33985
22650	-4313.263	-4598.572	285.3089	0.7310007	1.017993	12.5742
22656	-4321.856	-4607.322	285.4661	0.7204958	0.8772546	12.5742
22662	-4325.196	-4609.871	284.6753	0.7616671	0.8954779	12.9539
22668	-4331.97	-4618.142	286.1725	0.8687222	1.055284	12.03339
22674	-4313.852	-4598.355	284.5029	0.7480872	1.060595	12.96321
22680	-4314.771	-4603.203	288.432	0.7733279	1.08848	10.88548
22686	-4320.971	-4606.782	285.8107	0.7871812	1.126655	12.22975
22692	-4302.87	-4588.843	285.9731	0.8766278	1.023792	12.14925
22698	-4320.293	-4604.958	284.6652	0.9138503	0.9080765	12.87295
22704	-4310.076	-4595.089	285.0125	0.8827009	0.9677691	12.67584
22710	-4319.966	-4607.951	287.985	0.9003909	0.9677691	11.11502
22716	-4325.567	-4614.478	288.9115	1.016004	1.039845	10.53103
22722	-4322.537	-4611.373	288.8367	0.985043	0.9719965	10.62201
22728	-4321.878	-4609.25	287.3725	0.8213132	1.188319	11.36763
22734	-4327.765	-4612.818	285.053	0.9710781	1.163365	12.51147
22740	-4343.206	-4626.263	283.0565	0.698837	0.8866751	13.83234
22746	-4326.666	-4607.66	280.9941	0.7593101	0.9653051	14.82636
22752	-4319.871	-4608.852	288.9807	0.8027233	1.067058	10.59292
22758	-4329.634	-4618.161	288.5277	0.9320807	1.340699	10.63759
22764	-4341.579	-4627.645	286.0664	0.7781736	0.8489812	12.24783
22770	-4314.663	-4602.851	288.1879	0.8092091	0.9728325	11.05382
22776	-4310.143	-4597.467	287.324	0.7634919	1.029335	11.5002
22782	-4312.452	-4600.595	288.143	0.9225937	0.8035443	11.11501
22788	-4316.55	-4600.318	283.7673	0.8022597	0.7864636	13.4692
22794	-4322.205	-4607.376	285.171	0.8519576	1.103701	12.54033
22800	-4332.745	-4613.31	280.5655	0.7549525	0.8552658	15.11142
22806	-4334.424	-4614.795	280.3709	0.769146	1.027378	15.11142
22812	-4333.041	-4617.031	283.9902	0.7238365	0.8738207	13.34199
22818	-4329.02	-4613.527	284.5063	0.7349695	0.9345196	13.03399
22824	-4326.205	-4608.768	282.5633	0.8440111	1.089786	13.90631
22830	-4327.654	-4613.077	285.4227	0.7319753	1.081885	12.48234
22836	-4322.684	-4608.129	285.4444	0.8330549	0.9573591	12.48234
22842	-4335.012	-4619.993	284.981	0.8155994	1.201797	12.61229
22848	-4318.081	-4601.512	283.4313	0.9125593	0.9942525	13.4684
22854	-4315.617	-4599.032	283.4152	0.8297216	1.093203	13.46998
22860	-4319.721	-4607.082	287.3607	0.8890054	1.151474	11.35551
22866	-4311.482	-4599.616	288.1341	0.7426217	0.9599381	11.12379
22872	-4314.132	-4600.444	286.3123	0.7446186	1.117131	11.99487
22878	-4312.114	-4598.243	286.1288	0.7241561	1.033452	12.14265
22884	-4307.724	-4594.233	286.509	0.7031486	0.9154783	12.01805
22890	-4299.941	-4584.594	284.653	0.6880514	0.8945825	13.00432
22896	-4311.971	-4595.382	283.4108	0.8320644	1.065818	13.48445
22902	-4316.493	-4601.853	285.3603	0.7566762	1.063777	12.51092
22908	-4321.072	-4606.238	285.1662	0.90935	1.107896	12.51092
22914	-4314.433	-4602.299	287.8662	0.9332701	0.9798439	11.15355
22920	-4315.009	-4599.106	284.0973	0.7056677	1.048615	13.20209
22926	-4325.931	-4607.769	281.8385	0.7828505	1.259552	14.23576
22932	-4324.769	-4611.181	286.4123	0.9060638	1.034091	11.89948
22938	-4327.922	-4612.663	284.7408	0.6675336	1.087529	12.86805
22944	-4321.246	-4606.787	285.541	0.7990201	0.9725873	12.44163
22950	-4334.795	-4616.993	282.1977	0.7089431	1.095133	14.16334
22956	-4324.809	-4611.052	286.2429	0.8833003	0.9845545	12.02544
22962	-4315.374	-4603.783	288.4089	0.8686168	0.8870752	10.95438
22968	-4311.537	-4598.748	287.2101	0.9050573	1.037965	11.48135
22974	-4310.122	-4597.768	287.6458	0.9430387	1.076615	11.2142
22980	-4312.243	-4597.709	285.4665	0.7911099	0.9443982	12.49974
22986	-4315.448	-4603.8	288.3522	0.8610118	0.9740034	10.94
22992	-4295.727	-4582.378	286.651	0.9030825	0.9294253	11.83187
22998	-4301.535	-4587.039	285.5041	0.8186703	0.833473	12.52892
23004	-4311.057	-4593.63	282.5728	0.7834564	0.979655	13.98852
23010	-4334.863	-4618.678	283.8159	0.6750561	1.054866	13.36108
23016	-4353.841	-4637.866	284.025	0.622278	0.9012795	13.36108
23022	-4314.803	-4598.015	283.2124	0.8205819	1.184989	13.53681
23028	-4318.256	-4600.396	282.1398	0.6755251	0.8451963	14.3436
23034	-4312.348	-4596.934	284.5855	0.8634918	1.230592	12.78029
23040	-4318.051	-4605.068	287.0167	0.8634918	1.066555	11.58974
23046	-4305.678	-4592.504	286.8259	0.8532477	1.128495	11.66461
23052	-4318.844	-4605.975	287.1314	0.7901784	1.128495	11.53794
23058	-4313.907	-4595.75	281.8425	0.6953233	1.089606	14.35713
23064	-4320.162	-4604.972	284.8103	0.8194582	0.9080434	12.84656
23070	-4314.357	-4599.954	285.5967	0.7548091	0.983416	12.42992
23076	-4318.062	-4603.834	285.7718	0.8427941	1.140831	12.21429
23082	-4325.396	-4611.624	286.2272	0.8613037	0.9960794	12.03905
23088	-4320.562	-4606.848	286.2866	0.782088	1.015974	12.03905
23094	-4319.165	-4606.507	287.3422	0.8111033	1.04237	11.45915
23100	-4326.004	-4613.762	287.7584	0.8402206	0.9747322	11.26139
23106	-4320.057	-4605.726	285.6695	0.841777	0.9769604	12.35007
23112	-4312.24	-4595.883	283.6434	0.8389138	1.039112	13.37349
23118	-4290.789	-4576.694	285.9053	0.8512611	1.039112	12.19002
23124	-4303.185	-4587.545	284.3601	0.7052419	1.039112	13.07049
23130	-4308.224	-4595.118	286.8946	0.804207	0.9789128	11.72956
23136	-4306.403	-4592.671	286.2672	0.7015362	0.9383331	12.13239
23142	-4319.504	-4605.368	285.8634	0.831899	1.020415	12.23151
23148	-4306.63	-4591.655	285.0249	0.7554959	1.067614	12.68429
23154	-4342.074	-4626.826	284.7517	0.7386242	0.9758746	12.88219
23160	-4302.458	-4588.643	286.185	0.7631809	0.9133119	12.15694
23166	-4304.71	-4592.208	287.4976	0.9732997	0.9133119	11.36175
23172	-4315.248	-4600.445	285.1972	0.8015512	1.147908	12.53187
23178	-4322.714	-4607.164	284.4495	0.9185735	1.113572	12.87641
23184	-4333.156	-4619.029	285.8728	0.8157622	1.256513	12.1231
23190	-4334.985	-4621.316	286.3305	0.9210555	0.9864031	11.95905
23196	-4346.822	-4631.828	285.0056	0.8032988	1.428527	12.50979
23202	-4321.938	-4604.079	282.1414	0.7497169	0.952344	14.24414
23208	-4319.186	-4603.018	283.8322	0.841732	1.049223	13.26885
23214	-4318.087	-4602.839	284.7525	0.7778178	1.119809	12.78902
23220	-4325.051	-4611.859	286.8077	0.7640505	1.000323	11.78462
23226	-4330.356	-4617.698	287.3422	0.7837822	1.016042	11.48688
23232	-4328.01	-4615.441	287.4305	0.8468913	0.9053967	11.4674
23238	-4322.008	-4605.95	283.942	0.8141113	1.181929	13.16257
23244	-4311.703	-4598.628	286.9255	0.8094376	1.030426	11.68384
23250	-4304.688	-4589.978	285.2901	0.7507033	0.9048147	12.63447
23256	-4304.853	-4589.383	284.5299	0.6614748	0.8614035	13.10113
23262	-4303.004	-4589.827	286.8232	0.8153596	1.077381	11.71062
23268	-4303.754	-4590.155	286.4004	0.7971913	0.9202488	12.02302
23274	-4328.205	-4614.069	285.8644	0.7545203	0.837822	12.37203
23280	-4305.188	-4590.756	285.5684	0.8625573	0.9657808	12.39788
23286	-4295.542	-4582.085	286.5421	0.7820247	0.9613962	11.93449
23292	-4293.337	-4582.024	288.6873	0.891876	1.164721	10.65288
23298	-4310.687	-4599.762	289.0749	1.055345	1.189395	10.35215
23304	-4296.679	-4583.933	287.254	0.7581772	1.093469	11.50748
23310	-4297.303	-4583.167	285.8637	0.7326083	1.108093	12.23946
23316	-4307.515	-4591.865	284.3503	0.7167816	0.9772032	13.10159
23322	-4299.776	-4584.889	285.1131	0.7639857	0.8317452	12.76194
23328	-4296.356	-4581.004	284.6474	0.6427497	0.9455774	13.00256
23334	-4295.768	-4577.399	281.6311	0.6316105	0.9455774	14.57331
23340	-4294.093	-4578.708	284.6143	0.7579191	0.9430135	12.96126
23346	-4293.63	-4578.097	284.4677	0.7209812	0.9830775	13.03525
23352	-4289.538	-4573.936	284.3984	0.7424448	1.04941	13.02604
23358	-4302.849	-4588.204	285.3548	0.7003959	1.130361	12.51073
23364	-4299.088	-4583.386	284.2976	0.8337646	1.04703	13.03218
23370	-4312.413	-4596.074	283.6616	0.7099214	1.166275	13.36963
23376	-4304.206	-4587.95	283.744	0.7269286	1.039069	13.37942
23382	-4310.586	-4598.914	288.3275	0.8064161	1.039069	10.94759
23388	-4311.27	-4595.905	284.635	0.7088984	0.9102837	12.99399
23394	-4313.331	-4598.107	284.7762	0.668264	0.8682614	12.96559
23400	-4317.48	-4601.306	283.8264	0.668264	0.8923998	13.44536
23406	-4303.355	-4588.847	285.4917	0.6779908	1.175323	12.4301
23412	-4310.303	-4592.34	282.0366	0.7168919	0.9430912	14.32045
23418	-4324.882	-4608.419	283.5368	0.6031509	1.000218	13.57113
23424	-4306.344	-4591.809	285.4642	0.6579728	1.057092	12.51156
23430	-4315.109	-4600.498	285.3884	0.775779	0.8879756	12.57975
23436	-4311.796	-4597.15	285.3532	0.7948736	1.05792	12.49766
23442	-4304.442	-4590.769	286.3264	0.6981232	1.206805	11.97
23448	-4313.669	-4598.975	285.3058	0.8591309	1.100634	12.46786
23454	-4307.674	-4591.588	283.914	0.81017	1.146472	13.19561
23460	-4307.137	-4591.801	284.6647	0.6759448	1.128498	12.88357
23466	-4295.848	-4581.164	285.3161	0.7253585	1.07372	12.54533
23472	-4311.179	-4595.002	283.8224	0.6722918	1.103484	13.3353
23478	-4317.786	-4600.717	282.9306	0.7530256	1.05046	13.78239
23484	-4320.163	-4606.005	285.8419	0.7399307	1.287414	12.16536
23490	-4321.203	-4607.304	286.1006	0.7423695	0.9993922	12.16536
23496	-4319.783	-4603.153	283.3693	0.8469565	1.274317	13.40194
23502	-4307.402	-4591.07	283.668	0.7405828	0.9498824	13.45834
23508	-4320.572	-4607.41	286.8385	0.6656891	1.027868	11.80568
23514	-4333.202	-4614.42	281.2187	0.7526036	1.022071	14.68407
23520	-4337.943	-4622.322	284.3794	0.680579	0.7687461	13.2255
23526	-4327.843	-4613.198	285.3546	0.6828393	0.9274934	12.62362
23532	-4318.086	-4604.685	286.5987	0.8414732	1.0369	11.83447
23538	-4321.442	-4606.927	285.4849	0.8786288	1.128212	12.35113
23544	-4320.836	-4603.996	283.1607	0.6990709	0.906668	13.76692
23550	-4319.121	-4605.718	286.5965	0.8316169	0.9526354	11.88497
23556	-4323.817	-4610.498	286.681	0.7344059	0.9649456	11.88497
23562	-4334.155	-4618.777	284.6223	0.7323804	0.9649456	12.95855
23568	-4326.92	-4610.433	283.513	0.7804091	0.9729917	13.50574
23574	-4325.827	-4613.007	287.1806	0.7804091	0.974524	11.5949
23580	-4344.064	-4627.211	283.1468	0.6799585	0.9606589	13.75452
23586	-4342.201	-4629.063	286.8624	0.7634525	1.022965	11.74467
23592	-4337.72	-4621.351	283.6311	0.750446	1.141693	13.37588
23598	-4339.562	-4622.736	283.1748	0.750446	1.240616	13.5678
23604	-4348.259	-4633.984	285.7249	0.8683844	1.00859	12.29076
23610	-4344.766	-4630.341	285.5749	0.8081472	0.9156566	12.45021
23616	-4328.044	-4611.628	283.5837	0.8253728	0.8778959	13.49807
23622	-4319.452	-4602.941	283.4894	0.7959886	1.035041	13.4778
23628	-4316.114	-4602.323	286.2097	0.7424032	1.035041	12.0901
23634	-4316.76	-4603.124	286.3644	0.7467677	0.8812413	12.0901
23640	-4324.103	-4610.021	285.9175	0.7912096	1.006251	12.23179
23646	-4328.407	-4613.509	285.1018	0.8865592	1.023708	12.5981
23652	-4324.566	-4608.853	284.2871	0.8743774	1.033991	13.02313
23658	-4333.532	-4616.388	282.8563	0.7235002	0.8707331	13.93247
23664	-4336.637	-4618.245	281.6079	0.7546588	0.9555103	14.51624
23670	-4341.016	-4625.764	284.7477	0.7477322	0.9465084	12.89527
23676	-4334.283	-4619.672	285.3889	0.822643	0.8620552	12.57
23682	-4331.569	-4617.563	285.9943	1.000747	1.058782	12.05573
23688	-4331.946	-4619.502	287.556	0.9212787	0.9036334	11.36388
23694	-4330.823	-4619.056	288.233	0.841595	0.9507192	11.02516
23700	-4325.984	-4612.611	286.6271	0.8903211	0.841788	11.90112
23706	-4317.889	-4603.905	286.0161	0.8189262	0.9057104	12.2202
23712	-4335.615	-4621.741	286.1253	0.7508148	0.8838183	12.21118
23718	-4327.975	-4612.209	284.2337	0.7683113	0.9989749	13.12399
23724	-4329.952	-4619.029	289.0771	0.7776317	0.9989749	10.5904
23730	-4324.793	-4613.178	288.3844	0.8391046	0.9925003	10.92477
23736	-4330.369	-4614.464	284.0945	0.8776821	0.8996143	13.19322
23742	-4330.136	-4613.43	283.2945	0.8034011	0.7751431	13.72108
23748	-4324.705	-4610.476	285.7708	0.7807416	1.098384	12.26748
23754	-4324.767	-4607.619	282.8514	0.7598616	1.013187	13.83879
23760	-4324.399	-4611.569	287.1697	0.8340372	0.9898187	11.56448
23766	-4320.237	-4608.699	288.4622	0.819319	1.010659	10.88491
23772	-4322.513	-4612.768	290.2547	0.8375547	1.033292	9.922058
23778	-4316.467	-4604.807	288.3403	0.7742926	1.135393	10.91034
23784	-4324.319	-4612.744	288.4244	0.795628	1.056243	10.89382
23790	-4307.179	-4592.945	285.7661	0.7527949	1.056243	12.30529
23796	-4308.347	-4598.716	290.3683	0.8383242	0.9014009	9.933105
23802	-4309.651	-4596.382	286.7312	0.7824539	0.952068	11.84063
23808	-4310.411	-4596.01	285.5984	0.7421626	1.05213	12.40029
23814	-4331.14	-4614.425	283.2845	0.8059472	0.8939953	13.65431
23820	-4314.117	-4605.845	291.7282	1.113051	1.085988	8.972008
23826	-4306.998	-4596.473	289.4751	0.8786452	0.9249784	10.36836
23832	-4310.606	-4599.227	288.6215	0.8550374	0.9869533	10.79509
23838	-4314.659	-4603.687	289.0282	1.009418	1.080341	10.45289
23844	-4324.038	-4614.66	290.6226	1.041207	0.9444291	9.668167
23850	-4327.616	-4614.488	286.8722	0.7654892	1.020527	11.73972
23856	-4342.924	-4630.657	287.733	1.070663	0.9393011	11.17324
23862	-4310.617	-4597.497	286.8796	0.8566542	0.9494175	11.72583
23868	-4318.592	-4606.12	287.5273	0.863052	1.204995	11.25716
23874	-4328.617	-4616.293	287.6756	0.8661486	0.9556297	11.30141
23880	-4311.866	-4597.064	285.1975	0.9507373	0.9291647	12.56498
23886	-4325.898	-4612.048	286.1508	0.9098073	1.037944	12.03205
23892	-4323.645	-4609.788	286.1433	0.8394992	1.120318	12.03205
23898	-4333.454	-4619.917	286.4631	0.7702762	0.8712829	12.03205
23904	-4337.425	-4624.341	286.9158	0.9336482	1.079279	11.5995
23910	-4346.304	-4635.039	288.7346	0.8552448	0.9378428	10.76221
23916	-4340.249	-4626.725	286.4762	0.8971962	0.7893679	12.00812
23922	-4331.341	-4617.567	286.2262	0.8522202	1.067089	12.00812
23928	-4333.716	-4620.271	286.5552	0.9415682	0.8828339	11.88799
23934	-4333.628	-4619.982	286.3541	0.8022418	1.003277	11.99992
23940	-4319.865	-4606.931	287.0661	0.8468704	0.8812128	11.6716
23946	-4330.869	-4613.426	282.5567	0.8102911	0.8799608	14.03754
23952	-4308.232	-4591.993	283.7612	0.766762	1.071069	13.33382
23958	-4306.539	-4593.834	287.2954	0.8019872	0.9733528	11.52428
23964	-4305.664	-4593.581	287.9171	0.8444286	0.9522263	11.18828
23970	-4313.85	-4601.838	287.9877	0.9076532	1.077655	11.0532
23976	-4327.125	-4615.768	288.6427	0.7829801	0.8720678	10.8854
23982	-4326.933	-4613.208	286.2755	0.804021	0.9902476	12.04679
23988	-4325.571	-4611.825	286.2541	0.8781069	0.9390085	12.04679
23994	-4327.737	-4613.64	285.9035	0.7325933	1.092902	12.22612
24000	-4317.898	-4604.048	286.1505	0.8584787	1.092902	12.03166
24006	-4305.413	-4591.612	286.1994	0.8785469	1.029176	12.02745
24012	-4319.08	-4605.017	285.9365	0.837325	1.075913	12.16261
24018	-4310.484	-4594.295	283.8114	0.8741045	0.9646202	13.30659
24024	-4313.644	-4599.21	285.5658	0.8013028	1.125092	12.35079
24030	-4304.608	-4590.151	285.5429	0.8528736	1.143259	12.32723
24036	-4308.923	-4591.46	282.5371	0.7742561	0.8858837	14.06303
24042	-4309.346	-4596.368	287.0223	0.706115	0.8858837	11.76531
24048	-4322.371	-4605.412	283.0407	0.6815971	0.976454	13.80035
24054	-4327.415	-4610.756	283.3414	0.7208997	1.257109	13.48937
24060	-4331.34	-4619.873	288.5331	0.9165653	1.094867	10.75424
24066	-4333.079	-4620.469	287.39	0.7739658	1.048299	11.4506
24072	-4316.684	-4603.332	286.6479	0.8115985	0.938896	11.87605
24078	-4314.719	-4599.146	284.4273	0.8304403	0.9250739	13.03062
24084	-4320.943	-4608.328	287.3849	0.9236899	0.9438337	11.42979
24090	-4331.955	-4617.549	285.5936	0.8084324	0.9337208	12.4303
24096	-4328.302	-4613.992	285.6905	0.749595	0.9093167	12.42401
24102	-4319.701	-4605.519	285.8187	0.6688467	0.8659142	12.42401
24108	-4323.513	-4610.212	286.6992	0.9502651	0.9260419	11.78396
24114	-4309.533	-4598.598	289.0651	0.9535701	0.8425572	10.59181
24120	-4321.663	-4608.437	286.7732	0.9202652	1.126976	11.65786
24126	-4298.665	-4588.361	289.6962	0.9182974	0.934372	10.22612
24132	-4300.204	-4589.619	289.4149	0.780783	1.017564	10.40167
24138	-4298.837	-4586.485	287.6483	0.7950044	0.9445939	11.35891
24144	-4307.374	-4595.161	287.7871	0.840115	0.9445939	11.26268
24150	-4313.835	-4600.813	286.978	0.7600837	0.9716266	11.7129
24156	-4314.472	-4599.99	285.5181	0.9769479	1.03121	12.33036
24162	-4322.539	-4608.384	285.8442	0.7917252	0.7542386	12.41481
24168	-4302.824	-4588.645	285.8214	0.8611657	0.8581128	12.32692
24174	-4299.689	-4586.723	287.0344	0.8716362	1.059548	11.57975
24180	-4303.244	-4591.031	287.7869	0.8014352	0.9527683	11.27859
24186	-4301.689	-4588.903	287.2141	0.813749	0.9354441	11.58111
24192	-4313.046	-4601.797	288.7508	0.9118125	0.9354441	10.72536
24198	-4293.091	-4576.26	283.1694	0.7797849	1.132124	13.60488
24204	-4332.123	-4613.47	281.3469	0.7561842	1.136369	14.55992
24210	-4315.286	-4602.296	287.0095	0.7932531	1.31667	11.51544
24216	-4300.654	-4586.083	285.4289	0.7932531	1.206896	12.38833
24222	-4298.912	-4588.146	289.2335	0.9131051	0.9932054	10.44022
24228	-4301.594	-4588.695	287.1001	0.7838288	0.9932054	11.62532
24234	-4312.726	-4599.978	287.2517	0.7911	1.002029	11.53768
24240	-4335.276	-4619.994	284.7183	0.7063216	1.037852	12.88428
24246	-4318.923	-4603.741	284.8178	0.6964724	0.9876306	12.86352
24252	-4306.253	-4593.314	287.0605	0.7015716	0.9925727	11.6893
24258	-4303.587	-4590.05	286.4625	0.9302535	0.9089114	11.92749
24264	-4313.506	-4595.133	281.6265	0.8812479	0.9118149	14.46487
24270	-4304.296	-4590.696	286.3999	0.8267419	0.9955432	11.96726
24276	-4317.11	-4603.463	286.3536	0.8387022	1.030218	11.96726
24282	-4314.263	-4602.43	288.1663	0.861814	1.02987	11.00773
24288	-4315.182	-4603.243	288.0607	0.8709596	0.9800285	11.08424
24294	-4318.35	-4601.711	283.3616	0.6426639	0.9763006	13.65412
24300	-4313.011	-4600.381	287.3698	0.7908079	1.033979	11.45958
24306	-4306.415	-4593.701	287.2854	0.8769093	1.033979	11.4587
24312	-4337.794	-4623.555	285.7618	0.5973911	1.046759	12.39326
24318	-4314.27	-4598.242	283.972	0.6881356	1.057297	13.27198
24324	-4319.726	-4606.488	286.7622	0.7560584	0.9254383	11.85278
24330	-4321.964	-4608.585	286.6216	0.6376413	1.047598	11.92351
24336	-4316.107	-4603.557	287.4492	0.7486846	0.8148031	11.56194
24342	-4325.362	-4612.24	286.8773	0.8052902	0.745776	11.87444
24348	-4326.969	-4613.732	286.7632	0.8276781	0.9094904	11.82375
24354	-4323.858	-4608.889	285.0306	0.7493435	0.9066184	12.76921
24360	-4302.914	-4585.875	282.9612	0.8072096	0.8479162	13.84792
24366	-4306.903	-4590.628	283.7245	0.8175955	1.00018	13.36235
24372	-4334.874	-4619.66	284.7863	0.6448601	0.9232597	12.94141
24378	-4337.035	-4621.559	284.5238	0.6850457	1.1512	12.94141
24384	-4324.723	-4610.282	285.5586	0.8461926	0.8774664	12.46044
24390	-4323.974	-4609.656	285.6821	0.829949	0.8258129	12.43489
24396	-4325.903	-4612.442	286.54	0.888773	1.160986	11.78008
24402	-4336.567	-4620.71	284.1421	0.7670069	1.317387	13.02349
24408	-4338.627	-4623.977	285.3505	0.7546154	1.028216	12.53499
24414	-4328.29	-4613.988	285.6982	0.775062	1.043254	12.33559
24420	-4338.267	-4624.845	286.5775	0.8011748	1.318813	11.73612
24426	-4335.549	-4623.723	288.1742	0.7747553	0.9515693	11.09047
24432	-4326.774	-4613.228	286.454	0.9339956	0.8951697	11.93771
24438	-4342.118	-4627.02	284.9016	0.8708043	0.9344097	12.75774
24444	-4311.542	-4596.364	284.822	0.8036693	1.037336	12.77994
24450	-4324.823	-4615.084	290.2617	0.8686966	0.9090599	9.968928
24456	-4337.937	-4624.049	286.1122	0.8436278	1.052344	12.07942
24462	-4333.436	-4619.797	286.3614	0.9276048	0.9517606	11.95804
24468	-4335.56	-4622.268	286.7083	0.975522	0.971196	11.74147
24474	-4327.426	-4612.16	284.7337	0.8761421	0.9652404	12.82568
24480	-4324.798	-4611.899	287.1011	0.7770644	0.9226786	11.66636
24486	-4333.911	-4618.474	284.5628	0.6752813	1.052736	12.97383
24492	-4337.634	-4623.193	285.5587	0.8261361	1.113705	12.34697
24498	-4339.061	-4626.129	287.0679	0.8261361	0.8683812	11.68889
24504	-4326.697	-4612.117	285.42	0.6477626	0.949202	12.59596
24510	-4322.259	-4610.738	288.4784	0.8333438	1.245722	10.75625
24516	-4321.296	-4607.585	286.2893	0.703464	0.9842232	12.09521
24522	-4309.287	-4593.241	283.9544	0.7495599	0.9380709	13.3113
24528	-4305.881	-4593.55	287.6688	0.7513098	0.9016199	11.39491
24534	-4312.747	-4599.198	286.4512	0.6815045	0.7275218	12.17326
24540	-4320.198	-4603.942	283.7439	0.661888	0.9425068	13.46378
24546	-4320.631	-4607.007	286.3761	0.6281685	1.02681	12.06711
24552	-4314.559	-4601.12	286.5607	0.7765561	0.8863601	11.96921
24558	-4315.961	-4602.33	286.3689	0.7980047	1.052513	11.96921
24564	-4326.531	-4613.058	286.5275	0.7199256	0.8669125	12.02726
24570	-4326.811	-4611.308	284.4972	0.8192798	0.9130497	13.00675
24576	-4318.93	-4603.306	284.3754	0.7552831	1.099334	13.00675
24582	-4337.703	-4621.446	283.7436	0.6949771	1.056774	13.38735
24588	-4335.401	-4623.082	287.681	0.8361623	1.022334	11.2791
24594	-4332.21	-4616.61	284.3996	0.8231297	1.022334	12.99719
24600	-4337.487	-4622.396	284.9098	0.8512318	0.953103	12.75354
24606	-4328.929	-4613.933	285.0037	0.8102234	1.030294	12.68554
24612	-4323.53	-4608.185	284.6555	0.8187186	1.011407	12.872
24618	-4328.6	-4613.567	284.9667	0.8033676	1.003566	12.72213
24624	-4330.782	-4612.249	281.4677	0.7505539	0.9744039	14.58091
24630	-4345.048	-4627.504	282.4561	0.744687	1.035028	14.04054
24636	-4339.587	-4625.751	286.1644	0.6832263	1.284132	12.02811
24642	-4346.546	-4629.606	283.0606	0.8540131	1.056434	13.65954
24648	-4335.399	-4621.033	285.6335	0.8300257	0.9008092	12.41657
24654	-4321.787	-4607.556	285.7695	0.8012848	1.003354	12.30521
24660	-4312.512	-4598.174	285.6621	0.9176957	0.9943345	12.30521
24666	-4316.851	-4605.937	289.0853	0.8152989	0.9139612	10.61244
24672	-4330.65	-4618.348	287.6976	0.8196613	0.8917456	11.34969
24678	-4342.574	-4625.914	283.3398	0.9414572	0.9762052	13.51036
24684	-4324.61	-4608.119	283.5094	0.8100577	0.9392517	13.51036
24690	-4316.978	-4601.48	284.5013	0.852388	1.082378	12.89901
24696	-4316.731	-4601.417	284.6856	0.7839796	0.9645789	12.89901
24702	-4319.445	-4601.594	282.1487	0.5849346	0.9705905	14.31601
24708	-4325.085	-4607.04	281.9558	0.7501765	0.9979506	14.31601
24714	-4307.605	-4592.52	284.9156	0.7038478	1.075662	12.76406
24720	-4354.099	-4637.845	283.7458	0.8223891	0.9051402	13.40001
24726	-4342.112	-4625.901	283.7892	0.8223891	1.021524	13.31524
24732	-4312.547	-4599.835	287.2885	0.8839452	0.9990846	11.47144
24738	-4306.249	-4590.848	284.5992	0.7541647	1.07753	12.90158
24744	-4300.454	-4586.5	286.0468	0.6866172	1.029972	12.20674
24750	-4326.087	-4613.052	286.9641	0.9220939	1.074237	11.58278
24756	-4322.148	-4609.26	287.1119	0.8773156	0.9709907	11.58205
24762	-4328.415	-4618.491	290.0759	0.7929456	0.9151836	10.10309
24768	-4324.792	-4611.308	286.5159	0.8036248	0.9151836	11.96219
24774	-4333.496	-4617.268	283.7716	0.7289913	0.9151836	13.42951
24780	-4306.202	-4591.639	285.4376	0.8339486	1.035791	12.44445
24786	-4318.799	-4601.988	283.1885	0.7114456	1.129013	13.63188
24792	-4319.605	-4604.251	284.6451	0.7223908	1.129013	12.86936
24798	-4314.104	-4600.902	286.7983	0.7237731	1.048226	11.78602
24804	-4315.275	-4599.721	284.4461	0.754571	0.9946275	13.02298
24810	-4318.257	-4604.67	286.4124	0.7393882	1.022985	11.99212
24816	-4315.352	-4600.506	285.1546	0.7119786	0.9366041	12.70756
24822	-4321.598	-4603.569	281.9708	0.7393044	1.14243	14.24264
24828	-4323.67	-4605.723	282.0528	0.7581762	1.03499	14.24264
24834	-4327.446	-4611.781	284.3352	0.8557676	1.03499	13.00725
24840	-4332.738	-4619.141	286.4025	0.7811793	1.040201	11.96669
24846	-4337.209	-4624.974	287.7646	0.8992414	0.7728878	11.34439
24852	-4327.705	-4613.801	286.0956	0.8050962	0.7728878	12.26496
24858	-4306.421	-4592.444	286.0226	0.7232816	0.9087386	12.26496
24864	-4300.492	-4585.444	284.9515	0.7743732	0.9081259	12.79653
24870	-4307.513	-4592.062	284.5491	0.8074591	0.9935714	12.94245
24876	-4312.1	-4597.083	284.9828	0.855812	0.9935714	12.69163
24882	-4320.119	-4605.12	285.0005	0.8381935	0.9935714	12.69163
24888	-4315.091	-4602.5	287.4091	0.916836	0.9490576	11.41788
24894	-4310.004	-4595.297	285.293	0.7698444	1.068157	12.53696
24900	-4340.718	-4624.971	284.2529	0.7614091	0.8858643	13.17909
24906	-4333.971	-4616.372	282.4009	0.7137273	1.006739	14.09964
24912	-4320.012	-4605.487	285.4745	0.8052536	1.007835	12.45451
24918	-4317.21	-4607.227	290.0167	0.9353109	0.9383146	10.04647
24924	-4330.561	-4622.13	291.569	0.9104965	1.037012	9.188199
24930	-4320.16	-4606.88	286.7198	0.9073228	1.012121	11.74959
24936	-4312.594	-4598.799	286.2046	0.8091931	1.06965	12.04055
24942	-4315.375	-4602.947	287.5727	0.8714877	0.9507501	11.35509
24948	-4300.074	-4584.453	284.3794	0.7960919	1.046914	13.00927
24954	-4315.303	-4599.634	284.3304	0.7280071	1.081325	13.05309
24960	-4320.61	-4602.253	281.6426	0.7286788	0.7987249	14.60138
24966	-4316.087	-4597.47	281.3833	0.8137358	0.9566	14.60138
24972	-4321.432	-4609.5	288.0684	0.8364191	1.042373	11.06595
24978	-4331.049	-4618.775	287.7254	0.8498035	0.815949	11.36401
24984	-4325.802	-4611.952	286.1506	0.8010859	0.9428933	12.13883
24990	-4322.531	-4609.213	286.6821	0.8963925	1.121992	11.72032
24996	-4314.506	-4599.837	285.3312	0.9007045	1.121992	12.42272
25002	-4316.822	-4602.453	285.6309	0.8374305	0.8855402	12.42272
25008	-4315.046	-4602.364	287.3184	0.9798322	1.10845	11.35063
25014	-4317.444	-4605.483	288.0389	0.9618713	0.9772132	11.04955
25020	-4305.975	-4591.308	285.333	0.721791	1.020941	12.56493
25026	-4312.952	-4597.157	284.2053	0.7226901	1.050756	13.13606
25032	-4310.414	-4594.2	283.7858	0.6847769	1.050756	13.3737
25038	-4311.574	-4595.268	283.6943	0.7709699	1.056297	13.3737
25044	-4309.905	-4592.599	282.6937	0.7155252	1.107632	13.8967
25050	-4307.739	-4594.526	286.7869	0.7969803	1.117744	11.71951
25056	-4306.62	-4593.599	286.979	0.8535651	0.8709418	11.71951
25062	-4308.163	-4591.879	283.7158	0.7369335	1.00643	13.40554
25068	-4322.113	-4608	285.8868	0.7603506	0.988223	12.27331
25074	-4318.499	-4601.43	282.9311	0.8125429	0.988223	13.78309
25080	-4330.406	-4615.816	285.4099	0.7739818	1.072629	12.4717
25086	-4318.096	-4603.882	285.7858	0.7859501	0.9754548	12.31938
25092	-4326.984	-4611.482	284.4978	0.8420187	0.9757793	12.96051
25098	-4327.788	-4612.608	284.8202	0.9041429	1.110092	12.69272
25104	-4307.513	-4593.44	285.9271	0.8910116	0.8670322	12.25109
25110	-4324.67	-4609.394	284.7237	0.7071199	0.8937116	12.9581
25116	-4315.806	-4600.969	285.1625	0.7246955	0.8176632	12.76514
25122	-4321.288	-4607.518	286.2308	0.7394521	0.9756895	12.11149
25128	-4321.56	-4608.623	287.063	0.9297679	1.052022	11.53821
25134	-4324.848	-4612.863	288.0155	0.9226402	1.124845	11.0078
25140	-4330.245	-4614.962	284.7169	0.6878651	0.934989	12.94873
25146	-4328.613	-4615.062	286.4486	0.867666	0.9405192	11.94994
25152	-4323.939	-4610.769	286.8298	0.7652375	1.060706	11.74162
25158	-4322.564	-4605.952	283.388	0.7616469	0.9837276	13.57476
25164	-4315.036	-4602.225	287.1896	0.8731965	1.017541	11.51915
25170	-4311.338	-4598.566	287.2279	0.7830123	1.121889	11.4944
25176	-4308.08	-4595.388	287.3076	0.8858555	1.036088	11.44133
25182	-4296.953	-4583.336	286.3827	0.7782476	1.091431	11.95304
25188	-4300.176	-4587.513	287.3371	1.009114	1.091431	11.33385
25194	-4304.213	-4588.632	284.4183	0.7412163	1.002268	13.04037
25200	-4300.022	-4582.37	282.3479	0.8314293	0.9691078	14.08579
25206	-4322.803	-4609.512	286.7093	1.013584	0.9628777	11.72554
25212	-4324.877	-4607.362	282.4853	0.7311974	0.9491562	14.0772
25218	-4326.979	-4609.292	282.3133	0.9011127	0.9511564	14.0772
25224	-4331.471	-4614.113	282.6416	0.8471205	0.9456022	13.93801
25230	-4322.862	-4608.117	285.2553	0.9244101	0.9322614	12.54691
25236	-4315.416	-4600.721	285.305	0.9682802	0.9244411	12.50247
25242	-4343.001	-4628.153	285.1519	0.7367222	1.092715	12.61562
25248	-4331.447	-4614.909	283.4618	0.7461032	1.092715	13.48943
25254	-4334.737	-4619.869	285.132	0.7386199	1.219992	12.56555
25260	-4329.197	-4613.949	284.7517	0.6385891	1.087946	12.87728
25266	-4329.487	-4613.136	283.6491	0.6542419	0.9884731	13.49243
25272	-4320.239	-4606.841	286.6014	0.8243057	1.016408	11.85254
25278	-4325.25	-4614.773	289.523	0.9065168	1.121095	10.22706
25284	-4328.674	-4613.654	284.9806	0.7510625	1.024587	12.73126
25290	-4329.677	-4614.667	284.9899	0.7369418	1.029568	12.73126
25296	-4321.856	-4606.776	284.9203	0.7638506	1.073874	12.73126
25302	-4324.816	-4608.069	283.2527	0.6338179	1.015063	13.69504
25308	-4324.253	-4606.823	282.5707	0.6983857	0.9036161	14.07496
25314	-4331.223	-4612.46	281.2368	0.7003209	1.106992	14.65981
25320	-4334.595	-4617.472	282.8762	0.8549289	1.102319	13.73229
25326	-4338.175	-4622.254	284.0787	0.8088645	1.163173	13.10289
25332	-4320.331	-4606.7	286.3688	0.8307018	0.9923103	11.9831
25338	-4320.393	-4603.902	283.5092	0.7796715	0.9168474	13.53853
25344	-4309.078	-4596.461	287.3831	0.8027618	0.7866671	11.58562
25350	-4334.264	-4619.754	285.4904	0.7074921	0.9293721	12.53903
25356	-4314.375	-4601.281	286.9054	0.7707257	1.024183	11.71775
25362	-4316.407	-4602.183	285.7766	0.7893363	1.024183	12.29699
25368	-4322.437	-4609.01	286.573	0.8124254	1.021199	11.87107
25374	-4310.682	-4597.039	286.3574	0.874449	1.151244	11.88741
25380	-4321.771	-4608.267	286.4959	0.8349001	1.046954	11.88651
25386	-4313.428	-4601.396	287.9682	0.9411191	0.8297556	11.18083
25392	-4318.356	-4606.003	287.6468	0.8348334	0.9880014	11.31554
25398	-4322.661	-4605.138	282.4768	0.8127516	0.9410788	14.04374
25404	-4318.418	-4603.218	284.7999	0.6509406	0.829048	12.98531
25410	-4342.076	-4624.373	282.2967	0.8068338	0.8866839	14.17031
25416	-4336.057	-4619.826	283.7689	0.5912066	0.7485275	13.6019
25422	-4337.258	-4624.393	287.1341	0.7353737	0.8197115	11.73054
25428	-4324.108	-4607.513	283.4048	0.6513412	1.008859	13.61018
25434	-4323.628	-4609.203	285.5752	0.7418201	1.026692	12.42541
25440	-4327.708	-4614.297	286.5888	0.6813287	1.099126	11.89235
25446	-4321.781	-4608.54	286.7595	0.8174941	0.9190914	11.82567
25452	-4330.729	-4617.263	286.5341	0.7727957	1.20017	11.82567
25458	-4329.508	-4614.982	285.4733	0.9157037	1.295882	12.26224
25464	-4340.069	-4625.097	285.0279	0.7542984	1.009653	12.71264
25470	-4329.217	-4615.992	286.775	0.8044163	0.9374852	11.81425
25476	-4339.949	-4624.057	284.1076	0.7644984	1.065816	13.15757
25482	-4323.757	-4604.245	280.4876	0.7639659	0.914394	15.11352
25488	-4314.065	-4599.806	285.7409	0.8365326	0.9076928	12.35335
25494	-4323.956	-4610.935	286.9784	0.7657546	0.927066	11.73394
25500	-4327.647	-4614.618	286.9709	0.7732537	0.9707867	11.71018
25506	-4332.509	-4620.738	288.229	0.8722571	1.133339	10.91828
25512	-4340.115	-4624.293	284.1779	0.7334128	0.8605049	13.24721
25518	-4343.36	-4628.039	284.6787	0.8299076	1.041109	12.83898
25524	-4324.408	-4611.345	286.9375	0.8819184	0.9470861	11.68362
25530	-4317.11	-4603.817	286.707	0.8512313	1.114099	11.73466
25536	-4318.932	-4604.81	285.878	0.7600966	1.008025	12.26771
25542	-4335.404	-4623.3	287.8955	0.755666	1.087614	11.17616
25548	-4333.619	-4621.856	288.2367	0.8294512	1.06185	10.97161
25554	-4334.364	-4618.957	284.5934	0.7444628	0.9614053	12.96921
25560	-4331.806	-4617.562	285.7559	0.8474649	1.054651	12.26204
25566	-4326.97	-4614.031	287.0608	0.850608	1.054651	11.57938
25572	-4320.582	-4608.17	287.5882	0.7670984	0.9195272	11.41876
25578	-4323.661	-4609.728	286.0671	0.8089237	0.9266672	12.18717
25584	-4324.644	-4609.651	285.0071	0.7619054	0.9301223	12.76188
25590	-4348.738	-4633.809	285.0711	0.7992803	0.8869949	12.73326
25596	-4332.169	-4618.829	286.6601	0.8738163	1.029218	11.78946
25602	-4325.091	-4610.865	285.7737	0.9289079	1.034564	12.22046
25608	-4323.053	-4612.232	289.1795	0.8798437	0.9812071	10.49237
25614	-4322.373	-4608.094	285.7207	0.8967972	0.9412413	12.31394
25620	-4327.496	-4617.111	289.6148	0.8937363	0.9327675	10.28273
25626	-4335.131	-4624.412	289.2815	1.129313	1.039755	10.27726
25632	-4324.354	-4608.44	284.0856	1.066548	1.00372	13.04347
25638	-4315.181	-4604.611	289.4299	1.05209	1.040105	10.23966
25644	-4326.044	-4609.8	283.7569	0.781994	0.9965424	13.36591
25650	-4329.207	-4619.292	290.0851	0.877726	1.098922	9.957308
25656	-4324.006	-4611.78	287.7742	0.8956757	1.004504	11.20842
25662	-4329.501	-4615.901	286.4005	0.9115534	1.226563	11.81106
25668	-4332.725	-4619.74	287.0148	0.8852562	0.9610039	11.63399
25674	-4325.189	-4612.356	287.1673	0.8008884	1.079213	11.53748
25680	-4314.551	-4595.24	280.6889	0.7674907	0.8501578	15.04408
25686	-4303.515	-4589.43	285.9155	0.8354503	1.03291	12.19608
25692	-4312.088	-4599.842	287.7533	0.8557003	0.9968817	11.24425
25698	-4314.872	-4601.783	286.9107	0.9080069	1.052568	11.62885
25704	-4319.628	-4606.682	287.0548	0.9163586	0.9028663	11.62885
25710	-4314.354	-4601.316	286.9625	0.8874721	1.051506	11.61307
25716	-4315.929	-4602.036	286.1065	0.7332375	1.103121	12.11494
25722	-4322.279	-4606.25	283.9715	0.7712681	1.00379	13.25621
25728	-4347.029	-4629.442	282.4132	0.6881182	1.046186	14.08649
25734	-4303.724	-4588.124	284.3999	0.7678929	1.026872	13.02345
25740	-4313.52	-4599.953	286.4335	0.8405103	1.026872	11.92631
25746	-4311.875	-4596.68	284.8046	0.8160458	1.116289	12.74369
25752	-4329.365	-4615.599	286.2343	0.8315206	0.7722051	12.1793
25758	-4332.913	-4620.241	287.3283	0.8633511	0.9046995	11.51263
25764	-4325.593	-4611.34	285.7474	0.7837306	0.9046995	12.37918
25770	-4324.777	-4608.646	283.8697	0.7739244	1.0618	13.27833
25776	-4331.11	-4615.161	284.0504	0.822971	1.024938	13.17748
25782	-4315.454	-4598.398	282.9439	0.7738254	0.9912981	13.7949
25788	-4321.584	-4603.559	281.9745	0.8485697	0.9377325	14.28728
25794	-4332.384	-4615.958	283.5736	0.7089523	1.023999	13.48487
25800	-4323.46	-4604.863	281.4032	0.7300698	0.8971869	14.66695
25806	-4316.455	-4606.178	289.7222	0.921299	0.877351	10.24315
25812	-4314.086	-4599.176	285.09	0.781874	0.8319216	12.76454
25818	-4320.966	-4606.326	285.3597	0.6894528	1.068535	12.5439
25824	-4318.373	-4603.471	285.0977	0.7099622	0.8869303	12.76591
25830	-4311.117	-4600.157	289.0402	0.7725642	0.9102571	10.66061
25836	-4325.127	-4607.665	282.5377	0.732965	0.9958776	14.02442
25842	-4317.275	-4601.084	283.8095	0.6706933	0.9958776	13.39676
25848	-4312.945	-4599.43	286.4846	0.7095908	0.9958776	11.984
25854	-4326.667	-4613.633	286.9661	0.8271322	0.871002	11.74
25860	-4321.094	-4608.183	287.0887	0.8271322	0.871002	11.67598
25866	-4326.035	-4613.897	287.8614	0.94294	1.373783	10.96749
25872	-4324.141	-4609.651	285.5096	0.7926048	1.066177	12.41326
25878	-4330.374	-4615.632	285.2585	0.8234884	0.9812367	12.57146
25884	-4327.63	-4614.523	286.893	0.9217523	0.9308136	11.69499
25890	-4318.451	-4605.089	286.6377	0.8735469	0.977938	11.82801
25896	-4319.398	-4603.35	283.9519	0.8252031	1.042185	13.21877
25902	-4312.948	-4597.4	284.4521	0.6926588	0.9437071	13.07916
25908	-4308.457	-4592.779	284.3222	0.8225766	0.9437071	13.07916
25914	-4332.664	-4616.542	283.8777	0.728355	1.015473	13.32121
25920	-4330.555	-4615.283	284.7274	0.8551231	1.027213	12.80753
25926	-4339.508	-4623.435	283.9269	0.9339277	1.079472	13.15671
25932	-4326.124	-4613.152	287.0287	0.7438573	1.137454	11.61157
25938	-4324.752	-4609.43	284.6781	0.701698	1.137454	12.85897
25944	-4319.106	-4603.772	284.666	0.8269133	1.017881	12.85897
25950	-4317.137	-4602.161	285.0245	0.6838192	1.05872	12.72622
25956	-4307.769	-4594.751	286.9813	0.8354361	0.8749509	11.72546
25962	-4328.35	-4617.107	288.7574	0.8815711	0.874971	10.7719
25968	-4318.086	-4602.65	284.5642	0.8049831	0.9711707	12.94771
25974	-4319.099	-4604.964	285.8652	0.7840475	0.9686646	12.28258
25980	-4325.256	-4611.564	286.3079	0.7867435	0.9740259	12.04748
25986	-4335.394	-4620.704	285.3104	0.7917112	0.9362945	12.5851
25992	-4324.063	-4609.517	285.4541	0.9731262	1.21957	12.27575
25998	-4309.016	-4595.606	286.5897	0.8112626	0.8638556	11.94896
26004	-4304.912	-4590.33	285.4175	0.8396761	1.02017	12.45991
26010	-4310.794	-4599.02	288.2258	0.8534868	1.014905	10.98866
26016	-4320.429	-4608.064	287.6353	0.8128736	1.103333	11.2747
26022	-4317.953	-4603.882	285.9293	0.6402956	0.9785465	12.31885
26028	-4312.663	-4598.374	285.7104	0.812021	1.025769	12.31885
26034	-4318.118	-4605.275	287.1578	0.8052025	0.9234759	11.62161
26040	-4324.649	-4609.486	284.8373	0.8572786	0.951105	12.78918
26046	-4313.263	-4599.313	286.0499	0.8039199	1.062963	12.12733
26052	-4310.376	-4593.938	283.5623	0.8321966	1.026092	13.42567
26058	-4315.189	-4600.773	285.5842	0.7217269	0.8666505	12.51815
26064	-4314.233	-4599.817	285.5836	0.8175653	0.9999404	12.39538
26070	-4312.382	-4599.469	287.0865	0.9059031	0.9140982	11.61149
26076	-4315.187	-4603.032	287.8444	0.8143959	0.9931866	11.22015
26082	-4339.578	-4624.446	284.868	0.8777301	0.9069962	12.78683
26088	-4329.873	-4615.62	285.7468	0.8771127	0.9737342	12.29309
26094	-4325.551	-4612.186	286.6358	0.8099274	0.8617784	11.92679
26100	-4306.911	-4594.913	288.0027	0.8732503	1.033931	11.08535
26106	-4300.579	-4589.559	288.9801	0.8732503	0.9399983	10.62278
26112	-4305.797	-4592.06	286.2638	0.8605003	0.9380782	12.05143
26118	-4313.836	-4600.224	286.3883	0.7744057	0.9019855	12.05143
26124	-4349.022	-4632.582	283.5597	0.7258547	1.077551	13.45651
26130	-4358.612	-4644.164	285.5517	0.6847534	1.01102	12.47542
26136	-4349.991	-4635.202	285.2112	0.7805427	1.096071	12.56028
26142	-4325.547	-4610.509	284.9616	0.8297558	1.145199	12.64112
26148	-4325.764	-4611.232	285.4682	0.8116953	0.9445548	12.48804
26154	-4320.174	-4607.761	287.5878	0.9280554	0.9593078	11.31297
26160	-4318.948	-4603.642	284.6935	0.7920402	1.027232	12.85801
26166	-4312.694	-4597.521	284.8263	0.8195015	0.8732206	12.85801
26172	-4307.952	-4595.764	287.8116	1.048908	0.9406762	11.14274
26178	-4308.458	-4591.481	283.0234	0.8134329	1.13409	13.66224
26184	-4308.745	-4594.99	286.2451	0.7641119	0.9887747	12.08427
26190	-4335.455	-4620.908	285.4528	0.8319855	0.8278416	12.55207
26196	-4330.425	-4616.549	286.1235	0.7855324	1.016321	12.12215
26202	-4322.029	-4607.802	285.7737	0.9206998	1.028573	12.22779
26208	-4316.948	-4605.354	288.4061	0.8953748	0.9556212	10.90367
26214	-4329.161	-4617.402	288.241	0.8632227	0.9556212	11.007
26220	-4319.205	-4607.103	287.8974	0.799281	0.9036935	11.24906
26226	-4312.345	-4599.882	287.5367	0.8324441	0.8611889	11.4448
26232	-4314.66	-4601.682	287.0214	0.8944913	1.081864	11.5635
26238	-4308.165	-4595.303	287.138	0.8196235	1.03832	11.5635
26244	-4306.917	-4589.577	282.66	0.7437846	0.9552719	13.97681
26250	-4303.734	-4589.976	286.2417	0.7286963	0.816864	12.20142
26256	-4303.971	-4587.17	283.1994	0.7322851	1.025334	13.66635
26262	-4318.935	-4602.897	283.9618	0.7206861	1.14901	13.21608
26268	-4328.399	-4615.611	287.2124	0.8632534	1.15794	11.44351
26274	-4337.891	-4624.123	286.2324	0.871917	1.017937	12.01945
26280	-4321.871	-4608.109	286.2376	0.9443923	1.085671	11.94491
26286	-4320.593	-4605.949	285.3561	0.8256942	0.8670355	12.58257
26292	-4315.703	-4601.058	285.3552	0.764718	0.924039	12.58257
26298	-4333.233	-4622.465	289.2326	0.8539433	0.8545771	10.54903
26304	-4330.676	-4615.947	285.2715	0.8528859	0.8968878	12.59541
26310	-4336.73	-4621.917	285.1872	0.9371409	0.8968878	12.59541
26316	-4340.723	-4621.687	280.9642	0.7347568	1.037298	14.81731
26322	-4326.02	-4609.562	283.5416	0.8194713	0.9847001	13.46443
26328	-4325.247	-4608.686	283.4395	0.7670882	1.146578	13.46443
26334	-4325.739	-4613.675	287.9352	0.8326881	1.221946	11.05188
26340	-4312.959	-4600.065	287.1061	0.8989242	0.9111427	11.60654
26346	-4330.006	-4616.048	286.0428	0.7621168	0.9642296	12.20383
26352	-4327.554	-4615.325	287.7712	0.9559802	0.9642296	11.19973
26358	-4308.769	-4596.317	287.5479	0.8073047	0.9804065	11.38571
26364	-4327.735	-4616.411	288.6764	0.8691413	0.9751017	10.76524
26370	-4329.966	-4617.513	287.5462	0.854238	1.10508	11.29882
26376	-4327.578	-4613.687	286.109	0.8089801	1.01914	12.11604
26382	-4319.415	-4604.951	285.5359	0.6562319	0.8631923	12.57942
26388	-4318.453	-4602.021	283.5683	0.8480844	0.8718374	13.49776
26394	-4313.454	-4599.463	286.0082	0.7688445	0.9482233	12.227
26400	-4317.659	-4603.797	286.1383	0.7429521	0.8519196	12.227
26406	-4316.918	-4601.915	284.9969	0.7165167	0.9737865	12.76722
26412	-4316.343	-4599.723	283.3801	0.8175581	0.9824547	13.55049
26418	-4322.879	-4605.791	282.9119	0.7988463	0.8173629	13.89599
26424	-4319.493	-4605.398	285.9046	0.8380257	1.07976	12.17697
26430	-4327.534	-4616.622	289.0873	0.860745	0.8441665	10.62789
26436	-4321.432	-4610.296	288.8636	0.9484881	0.9705156	10.62789
26442	-4322.309	-4608.224	285.9151	0.9163737	1.018573	12.16146
26448	-4323.358	-4611.317	287.9598	0.9282265	0.9475054	11.12464
26454	-4322.316	-4609.949	287.6334	0.9282265	0.8534869	11.34864
26460	-4322.768	-4611.583	288.8148	0.8736584	0.9265038	10.71677
26466	-4332.092	-4616.926	284.8336	0.8341716	1.125164	12.71491
26472	-4337.171	-4621.607	284.4365	0.7976756	0.8655109	13.07648
26478	-4327.213	-4611.737	284.5237	0.7962674	1.149911	12.88423
26484	-4310.612	-4596.848	286.2364	0.8799496	1.088098	11.97798
26490	-4305.587	-4594.861	289.2746	0.9522524	0.9643395	10.41344
26496	-4322.446	-4609.191	286.7449	0.9443122	1.068875	11.6884
26502	-4319.962	-4604.459	284.4967	0.7920107	1.120394	12.91442
26508	-4328.533	-4611.45	282.9171	0.8255589	0.9508208	13.80347
26514	-4321.753	-4609.778	288.0246	0.9537807	1.055358	11.02084
26520	-4326.944	-4613.487	286.5436	0.9287022	1.084439	11.79395
26526	-4321.126	-4606.351	285.2248	0.6963025	0.9390202	12.67787
26532	-4325.279	-4612.758	287.4796	0.9240237	0.9468198	11.37845
26538	-4317.036	-4602.203	285.1663	0.7299572	0.9468198	12.68657
26544	-4320.974	-4604.566	283.5914	0.6769814	0.9468198	13.53274
26550	-4304.647	-4589.604	284.9573	0.8621723	0.8725999	12.768
26556	-4307.595	-4592.503	284.9073	0.8426309	0.9370879	12.768
26562	-4307.437	-4594.123	286.686	0.7486321	0.8971072	11.91226
26568	-4301.696	-4589.942	288.2459	0.8248035	0.9933307	11.00442
26574	-4306.793	-4594.141	287.3487	0.882828	1.064038	11.40736
26580	-4312.674	-4599.854	287.1801	0.9038467	1.227316	11.40736
26586	-4313.575	-4599.149	285.5741	0.9262118	0.966234	12.36149
26592	-4310.662	-4596.32	285.6585	0.791989	0.966234	12.38748
26598	-4306.561	-4590.844	284.2827	0.7829353	0.9388208	13.12297
26604	-4304.007	-4588.77	284.763	0.7508921	1.076558	12.81855
26610	-4328.414	-4617.034	288.6203	0.8578827	0.9826087	10.79656
26616	-4314.982	-4603.623	288.6404	0.692859	1.133591	10.79656
26622	-4331.126	-4617.641	286.515	0.8443205	1.237138	11.78166
26628	-4326.443	-4610.707	284.2643	0.7384386	1.024287	13.11056
26634	-4313.82	-4594.866	281.0456	0.727338	0.9833376	14.80672
26640	-4313.187	-4596.073	282.8867	0.6718925	0.9887836	13.87876
26646	-4301.476	-4586.942	285.466	0.7601334	0.9046578	12.53804
26652	-4311.585	-4598.148	286.5632	0.7885042	0.8303366	11.99444
26658	-4312.492	-4600.04	287.5476	0.8719845	1.053137	11.31447
26664	-4317.5	-4602.268	284.7682	0.9379369	0.9909167	12.76197
26670	-4322.461	-4610.339	287.8777	0.7768202	0.9909167	11.22355
26676	-4314.449	-4599.798	285.3491	0.9304907	0.9883692	12.46477
26682	-4321.883	-4607.94	286.0577	0.7799098	0.9432048	12.19812
26688	-4315.416	-4599.91	284.4937	0.7078495	1.045321	12.99654
26694	-4317.559	-4605.941	288.3811	0.8155427	1.041799	10.91334
26700	-4308.779	-4594.508	285.7294	0.7898696	0.8775758	12.40076
26706	-4319.03	-4606.312	287.2819	0.7508425	0.9915921	11.5484
26712	-4313.303	-4602.055	288.7518	0.7315175	1.002225	10.7835
26718	-4310.497	-4597.367	286.8701	0.780555	1.002225	11.74242
26724	-4313.714	-4602.037	288.3224	0.8923295	1.067135	10.89112
26730	-4316.886	-4603.144	286.2578	0.7713027	0.983704	12.07656
26736	-4322.578	-4609.769	287.191	0.9421747	0.9059151	11.54249
26742	-4340.976	-4624.977	284.0007	0.7909369	0.8957318	13.28924
26748	-4335.909	-4621.926	286.0163	0.6996797	0.88026	12.29669
26754	-4337.574	-4621.444	283.8694	0.6738408	0.88026	13.42703
26760	-4309.546	-4591.63	282.0834	0.7122357	0.9890001	14.2742
26766	-4314.09	-4597.978	283.8882	0.7483635	0.9706081	13.32882
26772	-4323.37	-4605.874	282.5041	0.6432539	0.9031292	14.13832
26778	-4322.022	-4609.052	287.0301	0.8304378	1.071599	11.59752
26784	-4328.723	-4614.928	286.205	0.8619683	0.8624514	12.12401
26790	-4343.342	-4628.394	285.0525	0.8731723	0.8597883	12.72014
26796	-4332.249	-4619.028	286.779	0.8180979	0.836058	11.86293
26802	-4316.216	-4599.862	283.6464	0.799309	0.9445401	13.44191
26808	-4336.504	-4624.22	287.7154	0.7703501	1.123504	11.24528
26814	-4331.289	-4615.988	284.6984	0.7833625	1.008926	12.86934
26820	-4317.653	-4605.182	287.5295	0.7826147	1.032806	11.38097
26826	-4323.306	-4610.914	287.6084	0.8584571	1.032806	11.30003
26832	-4325.942	-4608.867	282.925	0.7497353	0.8857093	13.87471
26838	-4325.213	-4609.941	284.7277	0.6459362	0.7969125	13.04494
26844	-4322.208	-4606.489	284.2805	0.7064618	0.8237121	13.22964
26850	-4309.224	-4595.433	286.2082	0.652067	1.097208	12.1071
26856	-4313.994	-4601.457	287.4634	0.6972396	1.055013	11.44895
26862	-4291.236	-4578.442	287.2059	0.6694667	1.002003	11.62516
26868	-4312.391	-4595.877	283.4855	0.5904214	1.094357	13.55717
26874	-4316.994	-4604.14	287.1465	0.8051897	0.8124798	11.69199
26880	-4325.665	-4611.463	285.7973	0.8239004	1.069779	12.24521
26886	-4320.425	-4605.162	284.7374	0.6775977	0.9609149	12.92935
26892	-4317.803	-4605.361	287.5584	0.835376	0.90342	11.40768
26898	-4327.059	-4614.152	287.0939	0.8947151	1.177739	11.47979
26904	-4311.295	-4600.504	289.2092	1.018786	0.8610518	10.47096
26910	-4305.133	-4594.161	289.0285	0.795237	1.131305	10.54036
26916	-4307.213	-4594.203	286.9902	0.8004453	0.9216999	11.71263
26922	-4313.887	-4598.115	284.228	0.8724381	0.91606	13.11739
26928	-4312.894	-4597.66	284.7654	0.7153089	1.056852	12.84557
26934	-4323.865	-4606.876	283.011	0.6339433	0.98293	13.83706
26940	-4328.229	-4612.357	284.1284	0.7784007	1.08126	13.13195
26946	-4329.255	-4615.033	285.7775	0.7582646	1.085779	12.28188
26952	-4313.483	-4600.554	287.0706	0.8892107	1.085779	11.53862
26958	-4310.549	-4597.899	287.3502	0.8923423	0.8946158	11.49172
26964	-4319.341	-4606.372	287.0314	0.9378346	1.173786	11.49172
26970	-4322.244	-4608.345	286.1011	0.8325959	1.091791	12.07143
26976	-4316.101	-4601.705	285.604	0.6878406	0.9608779	12.47296
26982	-4326.874	-4611.74	284.8656	0.6710475	1.113494	12.78875
26988	-4326.23	-4611.754	285.524	0.7151554	0.9021023	12.53273
26994	-4327.922	-4610.343	282.421	0.8167437	0.8586045	14.11683
27000	-4325.228	-4610.578	285.3495	0.7793521	0.9392701	12.56957
27006	-4315.432	-4600.673	285.2404	0.8289526	0.9973064	12.56957
27012	-4316.941	-4602.339	285.3983	0.7692701	0.9028444	12.56957
27018	-4326.437	-4616.414	289.9767	0.7386221	0.858651	10.21632
27024	-4324.287	-4614.289	290.0026	0.8174986	0.9387279	10.11563
27030	-4317.032	-4602.89	285.8579	0.6996168	1.134226	12.24716
27036	-4308.99	-4595.673	286.6834	0.8332621	0.9745137	11.82701
27042	-4321.753	-4608.373	286.6199	0.7936812	1.046416	11.84358
27048	-4322.843	-4608.043	285.1992	0.760647	1.13798	12.55681
27054	-4321.467	-4607.225	285.7584	0.8612803	1.089841	12.23612
27060	-4299.615	-4584.311	284.6961	0.764955	0.919914	12.92771
27066	-4309.354	-4594.97	285.6165	0.8628933	0.919914	12.39763
27072	-4312.128	-4595.352	283.2238	0.7545831	1.042034	13.63364
27078	-4327.576	-4613.229	285.652	0.9199369	0.8842114	12.36947
27084	-4328.128	-4612.63	284.5026	0.8600408	1.157935	12.85827
27090	-4323.064	-4609.286	286.2219	0.915273	1.095112	11.96369
27096	-4329.228	-4610.618	281.3892	0.8456934	0.8803547	14.62387
27102	-4316.064	-4600.436	284.3718	0.7763703	1.052473	13.02072
27108	-4328.33	-4615.26	286.93	0.7634309	0.9975796	11.72252
27114	-4341.494	-4626.578	285.0838	0.8862321	1.089284	12.57486
27120	-4328.145	-4611.596	283.4511	0.7165901	0.9386891	13.58944
27126	-4320.306	-4605.73	285.4239	0.8814501	0.8579412	12.52355
27132	-4340.946	-4620.863	279.9165	0.7653704	0.8270308	15.45808
27138	-4331.284	-4617.413	286.1289	0.9530522	1.080769	11.9995
27144	-4340.549	-4626.225	285.6767	0.8748141	1.113478	12.26023
27150	-4320.817	-4607.52	286.7029	0.8385848	0.908551	11.85007
27156	-4319.793	-4603.211	283.4178	0.6507594	1.041555	13.58711
27162	-4320.853	-4607.769	286.9162	0.8746169	0.9714995	11.68542
27168	-4321.539	-4609.152	287.6125	0.7781445	0.9724639	11.37142
27174	-4335.355	-4620.107	284.7523	0.9482917	1.053188	12.73298
27180	-4331.283	-4616.315	285.0322	0.8628756	1.053188	12.63173
27186	-4328.5	-4613.347	284.8467	0.936033	1.060164	12.68676
27192	-4325.757	-4609.701	283.9449	0.7532576	1.060164	13.25077
27198	-4318.027	-4604.726	286.6995	0.9635778	1.126329	11.67407
27204	-4316.188	-4601.439	285.2513	0.7528933	1.210287	12.50034
27210	-4307.847	-4592.394	284.5468	0.6960438	0.9427677	13.02866
27216	-4302.629	-4587.483	284.8535	0.7942105	0.9264219	12.82701
27222	-4306.236	-4593.158	286.922	0.9144978	0.9623214	11.66649
27228	-4321.711	-4607.652	285.9403	0.7871553	1.09819	12.17588
27234	-4315.273	-4602.989	287.7164	0.8315924	0.9011783	11.32829
27240	-4322.57	-4610.098	287.5279	0.7935297	0.9021033	11.44622
27246	-4326.92	-4615.051	288.1305	0.8905908	0.9610939	11.04755
27252	-4316.999	-4605.604	288.6052	1.003758	1.006643	10.71533
27258	-4313.54	-4597.835	284.2953	0.8664089	0.989047	13.04617
27264	-4317.306	-4603.104	285.798	0.7809158	1.043565	12.28038
27270	-4317.535	-4607.48	289.9441	0.9658226	1.00699	10.03169
27276	-4321.119	-4611.859	290.7402	1.002736	1.00699	9.592824
27282	-4308.572	-4594.657	286.0853	1.002736	0.8736984	12.10648
27288	-4307.876	-4592.805	284.9286	0.8341681	0.8736984	12.79687
27294	-4318.054	-4604.02	285.9663	0.9260572	0.9938603	12.1425
27300	-4314.441	-4599.664	285.2225	0.9275848	0.9938603	12.52935
27306	-4309.224	-4596.142	286.9181	0.8517024	1.064475	11.64845
27312	-4313.296	-4600.295	286.998	0.7581879	0.836434	11.77966
27318	-4307.513	-4594.177	286.6647	0.9593133	0.958224	11.77966
27324	-4301.866	-4588.721	286.8554	0.7581093	0.9684848	11.77966
27330	-4309.437	-4597.05	287.6139	0.8691753	0.8970039	11.36461
27336	-4307.156	-4593.019	285.8637	0.7770787	0.8492443	12.35388
27342	-4333.648	-4618.768	285.1205	0.6397705	1.176188	12.64292
27348	-4338.829	-4623.007	284.1779	0.8019385	1.054339	13.10729
27354	-4300.91	-4586.735	285.8248	0.881529	0.8656299	12.31017
27360	-4306.019	-4588.229	282.2094	0.8047976	0.8738201	14.22395
27366	-4301.72	-4585.286	283.5664	0.7696221	0.9160177	13.51453
27372	-4299.06	-4584.774	285.7144	0.8606901	1.08447	12.262
27378	-4306.251	-4593.378	287.1273	0.8610865	1.022898	11.55527
27384	-4315.596	-4601.038	285.4424	0.8176279	1.044943	12.44586
27390	-4313.293	-4597.149	283.8555	0.7350788	0.9937117	13.34052
27396	-4319.965	-4607.088	287.1228	0.8111702	0.9729407	11.60988
27402	-4330.254	-4616.625	286.3715	0.7581217	0.9729407	12.02983
27408	-4325.773	-4609.749	283.9758	0.70203	1.001194	13.2913
27414	-4340.733	-4624.921	284.1878	0.7998516	0.9195257	13.17405
27420	-4333.32	-4620.642	287.3217	0.7000762	0.9152602	11.59545
27426	-4324.552	-4611.445	286.8924	0.7379784	1.006294	11.75088
27432	-4314.867	-4601.685	286.8178	0.8120642	1.030271	11.73884
27438	-4309.561	-4597.11	287.549	0.826595	1.042123	11.34305
27444	-4313.975	-4601.474	287.4989	0.8244918	0.7912957	11.51081
27450	-4307.75	-4593.019	285.269	0.8244918	0.9119587	12.60303
27456	-4313.845	-4601.83	287.9842	0.842523	0.9523094	11.15407
27462	-4306.884	-4594.836	287.9522	0.8283705	0.9890028	11.15859
27468	-4311.182	-4595.586	284.4039	0.6721262	1.065391	13.05178
27474	-4334.899	-4615.001	280.1021	0.7046434	0.9038629	15.34934
27480	-4314.75	-4602.939	288.189	0.877035	0.876925	11.07099
27486	-4310.394	-4594.098	283.7038	0.7524227	0.9797405	13.41764
27492	-4313.741	-4600.553	286.8119	0.8401326	0.9330359	11.77875
27498	-4306.862	-4594.355	287.4925	0.9559056	1.13884	11.25752
27504	-4312.922	-4600.477	287.5554	0.8455203	1.056866	11.32237
27510	-4316.163	-4603.559	287.3958	0.9122738	1.075256	11.36173
27516	-4309.037	-4597.08	288.0423	0.8665639	1.077995	11.04595
27522	-4314.997	-4601.323	286.3258	0.7798288	0.9489684	12.05524
27528	-4307.303	-4592.634	285.3305	0.8291612	0.9906974	12.52599
27534	-4336.164	-4621.309	285.1454	0.9056584	1.035458	12.55949
27540	-4328.838	-4617.21	288.3727	0.8865911	1.096406	10.8533
27546	-4331.818	-4615.347	283.5283	0.8144478	1.033423	13.44881
27552	-4328.041	-4616.064	288.0226	0.8818125	1.150803	11.01316
27558	-4310.557	-4594.776	284.2195	0.7913588	0.9219574	13.16069
27564	-4308.097	-4594.695	286.5975	0.8828724	0.9339235	11.86786
27570	-4313.371	-4602.351	288.9802	1.009566	0.9339235	10.55454
27576	-4305.381	-4592.652	287.2705	0.848981	0.9244151	11.53932
27582	-4314.471	-4601.188	286.7169	0.8519889	0.8832132	11.85012
27588	-4301.465	-4588.215	286.7503	0.809318	0.8916543	11.85012
27594	-4293.436	-4579.899	286.4633	0.920915	0.9036054	11.93495
27600	-4298.746	-4585.655	286.9086	0.7646472	0.8936553	11.78966
27606	-4306.3	-4591.612	285.3118	0.7358664	0.9505133	12.60572
27612	-4306.74	-4591.911	285.1712	0.6868583	1.14668	12.60572
27618	-4307.76	-4591.671	283.9105	0.7218284	1.028372	13.30096
27624	-4310.643	-4600.062	289.4195	0.8745592	1.04957	10.33361
27630	-4313.686	-4601.013	287.3271	0.8238163	0.978721	11.49344
27636	-4303.29	-4590.451	287.1609	0.818835	1.158294	11.49344
27642	-4323.494	-4607.784	284.2897	0.8094164	0.9869318	13.07983
27648	-4324.319	-4611.132	286.8128	0.8294187	0.9403556	11.77985
27654	-4303.643	-4589.63	285.9862	0.9029836	1.10042	12.09046
27660	-4308.184	-4595.61	287.4258	0.7274883	0.8317245	11.57508
27666	-4305.647	-4590.191	284.5438	0.7707413	0.9286008	12.99915
27672	-4316.464	-4597.544	281.0794	0.7829489	1.111043	14.69653
27678	-4311.705	-4599.167	287.4616	0.8951041	0.9652681	11.39303
27684	-4351.815	-4634.373	282.558	0.6242725	0.885689	14.13006
27690	-4329.809	-4613.343	283.5341	0.7601399	1.095097	13.44345
27696	-4327.868	-4611.424	283.5557	0.7658258	1.066178	13.44345
27702	-4329.334	-4619.514	290.1806	1.039192	1.030077	9.856575
27708	-4315.931	-4601.845	285.9139	0.886421	1.050844	12.16128
27714	-4324.801	-4608.64	283.8389	0.9384165	1.038143	13.22072
27720	-4315.229	-4599.478	284.249	0.8820445	1.023607	13.04423
27726	-4332.892	-4616.483	283.5909	0.8614692	0.9192628	13.45229
27732	-4320.605	-4604.465	283.8593	0.8097569	0.9192628	13.33974
27738	-4315.258	-4598.246	282.9877	0.7715978	0.8687586	13.84053
27744	-4325.424	-4613.566	288.1421	0.9041963	1.083252	10.97138
27750	-4325.108	-4607.018	281.9103	0.6989944	0.8299067	14.45934
27756	-4319.628	-4605.561	285.9328	0.90607	0.9353841	12.20175
27762	-4320.702	-4604.687	283.9851	0.7485821	0.9522562	13.28817
27768	-4305.366	-4591.253	285.8869	0.8108133	0.910486	12.28908
27774	-4310.609	-4596.934	286.3243	0.7770034	0.995897	12.03248
27780	-4326.511	-4612.823	286.3121	0.7341372	0.9488192	12.08627
27786	-4330.177	-4616.361	286.1836	0.7747611	1.0362	12.08627
27792	-4322.698	-4609.483	286.7857	0.9772378	0.9654476	11.70325
27798	-4325.457	-4614.056	288.5992	0.9330351	1.138987	10.68967
27804	-4319.07	-4607.056	287.9854	0.796157	0.8439338	11.23921
27810	-4316.615	-4602.395	285.7802	0.7368293	0.817233	12.43746
27816	-4310.56	-4596.578	286.0186	0.8331569	1.058719	12.13051
27822	-4308.226	-4594.246	286.0199	0.8318789	1.058719	12.13051
27828	-4304.652	-4592.512	287.8599	0.8661454	0.9779031	11.19303
27834	-4311.712	-4599.716	288.0037	0.8388409	0.9779031	11.13206
27840	-4320.191	-4610.341	290.15	0.8682923	0.8967393	10.03489
27846	-4321.044	-4609.237	288.1931	0.9427065	0.9868312	10.97372
27852	-4325.14	-4615.094	289.9542	0.9320883	0.9689801	10.0643
27858	-4317.162	-4602.53	285.3675	0.7852183	0.8495346	12.60794
27864	-4310.443	-4593.495	283.0515	0.8486123	1.001627	13.6949
27870	-4324.382	-4612.094	287.7121	0.8334443	0.9413363	11.30719
27876	-4331.787	-4614.033	282.246	0.8092856	1.164841	14.05329
27882	-4311.592	-4601.727	290.135	0.8933304	0.9008549	10.02726
27888	-4311.097	-4598.045	286.9474	0.8584997	0.9008549	11.71632
27894	-4319.671	-4607.595	287.924	0.9301493	0.904932	11.16595
27900	-4322.011	-4609.215	287.2041	0.8954965	1.006346	11.50571
27906	-4324.532	-4609.721	285.1886	0.6977899	1.124873	12.60125
27912	-4316.381	-4601.588	285.2068	0.8147837	1.008591	12.58859
27918	-4316.796	-4604.647	287.8511	0.9364371	1.008591	11.1447
27924	-4323.314	-4609.833	286.5193	0.9502386	0.9670127	11.85559
27930	-4307.716	-4594.592	286.876	0.8685768	1.002022	11.6935
27936	-4301.114	-4585.612	284.4987	0.7473047	1.052442	12.96988
27942	-4314.536	-4598.27	283.7338	0.8538985	1.115782	13.28106
27948	-4315.695	-4604.749	289.0541	0.8808123	1.115782	10.48944
27954	-4327.109	-4613.523	286.4139	0.9237185	1.062592	11.87512
27960	-4339.535	-4624.038	284.5035	0.7976585	0.8771273	13.035
27966	-4332.849	-4616.732	283.883	0.7805389	1.02182	13.2881
27972	-4323.133	-4604.682	281.5492	0.6739276	1.111131	14.50974
27978	-4322.994	-4608.433	285.4393	0.8938814	1.074896	12.39279
27984	-4324.421	-4612.319	287.8978	0.8589622	1.050959	11.13912
27990	-4336.308	-4625.73	289.4221	0.9222984	1.20527	10.23229
27996	-4327.354	-4617.221	289.8674	1.007904	1.062396	10.02151
28002	-4328.443	-4613.578	285.1347	0.8286767	0.925971	12.66303
28008	-4320.998	-4604.68	283.6819	0.7546414	1.093857	13.37015
28014	-4300.238	-4582.607	282.3684	0.8071551	1.028123	14.05716
28020	-4312.914	-4599.308	286.3942	0.8300729	1.075774	11.92772
28026	-4325.093	-4610.426	285.3335	0.862914	1.130789	12.437
28032	-4318.915	-4601.948	283.0328	0.8236298	1.012169	13.71213
28038	-4324.537	-4612.097	287.5604	0.8276536	0.9117504	11.40597
28044	-4325.237	-4611.991	286.7535	0.7413119	1.182339	11.73567
28050	-4321.671	-4606.19	284.5182	0.7162373	0.9898298	13.00794
28056	-4318.933	-4603.261	284.3276	0.8652551	1.031695	13.00794
28062	-4324.097	-4609.999	285.9024	0.8854329	0.8554296	12.27361
28068	-4328.414	-4613.055	284.6406	0.7499579	1.037674	12.90212
28074	-4320.751	-4606.349	285.5978	0.7477791	0.9830565	12.43317
28080	-4332.582	-4619.81	287.2288	0.8368166	0.7985487	11.64106
28086	-4321.59	-4607.256	285.6659	0.7642213	1.00166	12.37941
28092	-4323.626	-4607.47	283.8442	0.6908477	1.023047	13.35426
28098	-4319.685	-4603.668	283.9832	0.8333918	0.9094201	13.26856
28104	-4322.629	-4611.711	289.082	0.8923239	0.9963537	10.52898
28110	-4321.345	-4609.341	287.9954	0.9234918	0.9820632	11.08987
28116	-4332.013	-4621.448	289.4355	0.8677711	0.9073913	10.40474
28122	-4314.251	-4600.576	286.3251	0.8189182	0.9786963	12.01926
28128	-4315.553	-4600.022	284.4688	0.7432892	0.8295495	13.10912
28134	-4329.549	-4611.264	281.7151	0.6237853	0.8295495	14.59957
28140	-4335.611	-4615.483	279.8724	0.7899509	1.068582	15.3378
28146	-4326.541	-4607.454	280.913	0.7338757	0.8330364	14.95564
28152	-4354.741	-4637.399	282.6578	0.7997762	1.008872	13.92074
28158	-4371.676	-4653.21	281.5339	0.7627779	0.8947278	14.58374
28164	-4329.386	-4612.545	283.1586	0.7977377	1.068193	13.63207
28170	-4312.458	-4601.335	288.8765	0.9915915	1.174798	10.49657
28176	-4304.473	-4593.5	289.0267	0.9815916	0.911795	10.55718
28182	-4326.861	-4614.463	287.6028	0.8586711	0.931968	11.35632
28188	-4313.001	-4600.604	287.6035	0.9202934	1.077879	11.24762
28194	-4320.655	-4604.392	283.7377	0.7467303	1.133294	13.32637
28200	-4307.414	-4594.121	286.7068	0.9108852	1.01793	11.75151
28206	-4327.37	-4611.311	283.9406	0.894241	0.950031	13.23683
28212	-4326.221	-4611.725	285.5044	0.7908114	1.007856	12.44647
28218	-4333.128	-4620.243	287.1143	0.8381448	1.007856	11.58183
28224	-4328.033	-4618.7	290.6671	0.9908084	0.9470616	9.669846
28230	-4310.76	-4597.482	286.7221	0.775095	1.094899	11.77584
28236	-4313.667	-4600.374	286.7074	0.777679	0.9819284	11.83953
28242	-4301.231	-4588.756	287.5243	0.8066068	0.9819284	11.39761
28248	-4305.263	-4593.352	288.0891	0.7468443	0.9819284	11.13337
28254	-4296.693	-4583.969	287.2761	0.7377867	0.9121879	11.6013
28260	-4307.896	-4592.038	284.1423	0.6702864	0.9654197	13.24014
28266	-4317.072	-4604.154	287.0822	0.8051947	0.9654197	11.63825
28272	-4312.483	-4598.437	285.9535	0.719794	0.9654197	12.27181
28278	-4302.469	-4587.355	284.8859	0.7807234	0.9654197	12.79605
28284	-4318.312	-4602.963	284.6506	0.7946291	0.9380952	12.92597
28290	-4308.989	-4594.922	285.933	0.8032095	1.149481	12.14683
28296	-4312.255	-4594.099	281.8446	0.7656796	1.175027	14.27926
28302	-4316.843	-4603.842	286.9983	0.7660112	0.8936685	11.74213
28308	-4309.812	-4592.44	282.6279	0.7366881	1.115357	13.91615
28314	-4323.426	-4606.842	283.4161	0.8327859	0.920136	13.55746
28320	-4314.27	-4601.821	287.551	0.8470991	1.067583	11.31846
28326	-4326.783	-4614.474	287.6905	0.8470991	1.004274	11.27777
28332	-4315.63	-4598.866	283.2354	0.6990243	0.998358	13.67878
28338	-4322.8	-4606.699	283.8989	0.7466979	0.8377631	13.39861
28344	-4335.189	-4620.259	285.07	0.8650923	0.785712	12.75981
28350	-4330.273	-4612.76	282.4873	0.8756444	0.9099169	14.0228
28356	-4317.897	-4604.523	286.6264	1.020174	1.147417	11.67268
28362	-4324.376	-4612.19	287.8134	1.01617	0.9247587	11.16775
28368	-4317.86	-4603.646	285.7855	0.7179359	0.9206484	12.38471
28374	-4328.886	-4610.982	282.0965	0.6716532	1.005889	14.27967
28380	-4317.588	-4600.875	283.2874	0.828329	1.035685	13.56555
28386	-4319.418	-4606.302	286.8838	0.8566928	1.044145	11.67396
28392	-4320.496	-4606.838	286.3427	0.8736974	1.045167	11.94711
28398	-4333.811	-4618.335	284.5241	0.8874413	0.943233	12.9407
28404	-4325.445	-4610.361	284.9158	0.801028	1.157227	12.6743
28410	-4314.947	-4605.311	290.3645	0.951771	0.8647284	9.896566
28416	-4319.522	-4608.589	289.0673	0.8862045	0.8910906	10.59765
28422	-4310.82	-4598.535	287.7151	0.9800602	0.9885704	11.20355
28428	-4314.265	-4602.204	287.9394	0.8981731	0.8547584	11.20355
28434	-4334.476	-4620.812	286.3358	0.836327	0.9036061	12.04557
28440	-4328.163	-4614.197	286.0344	0.7535447	0.9354909	12.22824
28446	-4328.833	-4613.743	284.9095	0.8197963	0.9354909	12.7796
28452	-4328.549	-4612.933	284.3833	0.8677732	1.102827	12.94243
28458	-4329.657	-4611.601	281.9443	0.8750668	1.103626	14.20447
28464	-4316.186	-4599.444	283.2578	0.9125848	1.0773	13.51645
28470	-4317.57	-4600.611	283.0415	0.8949931	0.9489009	13.7039
28476	-4318.135	-4606.337	288.2019	0.8041005	0.9615953	11.05518
28482	-4314.967	-4600.583	285.6158	0.8451941	1.03847	12.34438
28488	-4308.955	-4597.733	288.7789	0.9565946	1.03847	10.63253
28494	-4317.668	-4600.975	283.3061	0.8520165	0.8771838	13.62873
28500	-4308.845	-4594.482	285.637	0.8161885	1.038235	12.34859
28506	-4319.993	-4604.798	284.8053	0.7555586	0.8994751	12.88721
28512	-4306.994	-4590.619	283.6248	0.7355765	1.048887	13.4319
28518	-4315.887	-4603.778	287.8915	0.7316574	0.9930149	11.23888
28524	-4307.859	-4595.103	287.2436	0.716969	0.8173021	11.68446
28530	-4333.506	-4616.27	282.7633	0.8136329	1.091774	13.81736
28536	-4315.304	-4599.406	284.1019	0.7291007	0.8288327	13.30759
28542	-4316.774	-4602.749	285.975	0.7833251	1.128844	12.14506
28548	-4317.653	-4603.755	286.1017	0.7714029	1.008285	12.14506
28554	-4310.905	-4597.841	286.9359	0.8277433	0.876891	11.75206
28560	-4323.491	-4610.063	286.5723	0.7444728	1.199387	11.82086
28566	-4344.259	-4630.902	286.6427	0.8037963	1.057409	11.82086
28572	-4324.49	-4612.073	287.5825	0.8424684	0.7879152	11.45984
28578	-4317.051	-4601.086	284.0345	0.9321042	0.946406	13.1703
28584	-4318.831	-4605.156	286.325	0.7653164	1.180075	11.94788
28590	-4322.434	-4609.191	286.7575	0.8319113	1.042543	11.75372
28596	-4323.412	-4609.506	286.0939	0.9405897	0.9481744	12.09275
28602	-4321.399	-4606.915	285.5159	0.934576	0.9753688	12.3826
28608	-4314.595	-4598.905	284.3103	0.7989159	1.15242	12.99265
28614	-4324.511	-4611.471	286.9596	0.7618377	1.069536	11.67119
28620	-4319.323	-4605.193	285.8699	0.9223241	0.8664503	12.26489
28626	-4299.365	-4581.167	281.8029	0.7452066	1.088048	14.35256
28632	-4300.747	-4590.189	289.442	0.9610092	1.088048	10.25713
28638	-4295.531	-4580.803	285.2728	0.8878404	1.062301	12.48889
28644	-4323.887	-4611.53	287.6425	0.8878404	0.9520768	11.3093
28650	-4314.752	-4599.401	284.6488	0.8358708	0.9924118	12.87644
28656	-4306.96	-4593.671	286.711	0.9920444	1.037898	11.6967
28662	-4319.448	-4604.368	284.9202	0.7013248	0.8835451	12.86471
28668	-4317.125	-4602.752	285.6272	0.8457077	0.8570176	12.43681
28674	-4318.57	-4605.416	286.8463	1.022031	0.8371513	11.72067
28680	-4310.643	-4595.594	284.9501	0.8515845	0.8800486	12.77295
28686	-4322.208	-4607.034	284.8257	0.7327749	0.906645	12.88446
28692	-4317.988	-4601.752	283.7644	0.7730583	1.056588	13.33608
28698	-4323.195	-4612.109	288.9135	0.8596142	0.7723846	10.76379
28704	-4306.879	-4591.547	284.6685	0.8313647	1.014707	12.85694
28710	-4326.098	-4613.627	287.5297	0.836982	0.9500259	11.39605
28716	-4331.886	-4619.703	287.8166	0.8230468	0.9797898	11.23723
28722	-4329.314	-4614.648	285.3345	0.713297	1.018258	12.56994
28728	-4327.81	-4617.893	290.0831	0.9540098	0.978926	9.979607
28734	-4314.404	-4602.808	288.4038	0.9318936	0.9750208	10.8753
28740	-4327.471	-4612.2	284.7287	0.820367	0.9347526	12.87379
28746	-4318.956	-4603.131	284.1749	0.8562742	1.201499	13.01065
28752	-4306.939	-4592.331	285.3918	0.743387	1.118726	12.47465
28758	-4315.59	-4602.252	286.6617	0.8488983	0.9794145	11.82755
28764	-4325.544	-4610.835	285.2907	0.700622	0.9913268	12.61336
28770	-4319.122	-4602.647	283.5251	0.7247925	1.005767	13.51122
28776	-4310.888	-4594.322	283.4339	0.8159138	1.005767	13.51122
28782	-4311.028	-4594.518	283.4899	0.7542476	1.011528	13.51122
28788	-4316.397	-4604.829	288.432	0.7792903	1.027671	10.9129
28794	-4306.893	-4593.619	286.7254	0.755964	1.114654	11.77456
28800	-4305.607	-4591.088	285.4813	0.7764358	0.9902666	12.47515
28806	-4307.176	-4590.81	283.6346	0.6555908	0.9279861	13.53171
28812	-4308.121	-4592.116	283.9948	0.8415021	1.07489	13.17173
28818	-4317.723	-4601.782	284.0593	0.8729728	1.07489	13.12185
28824	-4315.826	-4600.739	284.9134	0.7805102	0.9866566	12.7706
28830	-4295.416	-4580.079	284.663	0.6893582	1.07181	12.90493
28836	-4301.856	-4589.27	287.4141	0.845696	0.938331	11.45832
28842	-4297.122	-4585.954	288.8325	0.9634578	0.9011163	10.6746
28848	-4288.447	-4574.753	286.3053	0.8540599	0.9679636	12.01694
28854	-4289.003	-4575.203	286.2001	0.8356389	0.884375	12.12761
28860	-4337.76	-4620.656	282.8966	0.7015772	1.04647	13.8287
28866	-4327.861	-4610.913	283.0511	0.8355992	1.001711	13.70185
28872	-4326.401	-4614.396	287.9948	0.8975466	0.8009884	11.20726
28878	-4330.322	-4618.246	287.9244	0.9074817	0.952414	11.15133
28884	-4329.667	-4614.458	284.791	0.8911061	1.09024	12.7243
28890	-4339.224	-4624.423	285.1985	0.7668865	1.016616	12.61371
28896	-4339.826	-4625.207	285.3813	0.7267996	1.153354	12.47234
28902	-4339.992	-4625.362	285.3709	0.798155	1.13343	12.44998
28908	-4329.753	-4614.758	285.0042	0.8731066	0.9701809	12.68383
28914	-4330.551	-4616.868	286.3165	0.7527529	1.136428	11.97925
28920	-4313.98	-4597.814	283.834	0.682656	0.9107029	13.42367
28926	-4313.189	-4598.179	284.9907	0.7500015	1.07032	12.70359
28932	-4346.07	-4629.751	283.6806	0.7326438	1.086037	13.38603
28938	-4340.233	-4624.075	283.8423	0.8115329	0.957371	13.32691
28944	-4332.221	-4618.639	286.4177	0.7597424	1.037932	11.97108
28950	-4323.368	-4609.661	286.2927	0.7886126	1.011872	12.03458
28956	-4321.439	-4604.601	283.1628	0.8105761	0.9685284	13.67428
28962	-4320.849	-4605.716	284.8672	0.768663	0.9697432	12.80975
28968	-4321.737	-4605.729	283.9927	0.768663	0.9697432	13.26442
28974	-4336.337	-4623.093	286.7565	0.7592183	1.191962	11.72035
28980	-4336.539	-4619.72	283.1809	0.8154436	0.8765655	13.71307
28986	-4329.639	-4613.003	283.3638	0.8266182	0.9845673	13.55311
28992	-4319.207	-4605.397	286.1909	0.8697597	0.9845673	12.05963
28998	-4327.551	-4613.735	286.1842	0.9145384	1.085146	11.98858
29004	-4332.433	-4617.481	285.0486	0.8178086	0.9683721	12.69051
29010	-4326.654	-4611.007	284.3528	0.8514274	1.016983	13.00954
29016	-4319.757	-4606.486	286.7288	0.8439301	1.078811	11.7443
29022	-4333.969	-4621.764	287.7951	0.7447916	0.9865824	11.28582
29028	-4313.972	-4600.2	286.2272	0.8121179	0.8126228	12.16804
29034	-4333.506	-4617.564	284.0573	0.8390184	1.04934	13.15323
29040	-4325.857	-4611.822	285.9653	0.8543021	0.965251	12.19562
29046	-4331.021	-4614.187	283.1662	0.7576366	0.8493983	13.76643
29052	-4310.556	-4594.172	283.6159	0.8980479	0.9930227	13.3807
29058	-4317.065	-4602.983	285.9179	0.9499412	0.8719303	12.22234
29064	-4313.075	-4596.428	283.353	0.8063588	0.9417503	13.59213
29070	-4317.334	-4600.996	283.6623	0.671062	0.7859359	13.59213
29076	-4307.889	-4594.348	286.4591	0.9694351	0.7768571	11.98719
29082	-4325.138	-4613.95	288.8128	0.871429	0.7298004	10.83799
29088	-4335.323	-4622.977	287.6535	1.019412	1.063618	11.17667
29094	-4329.85	-4620.638	290.7874	1.101618	1.058784	9.489061
29100	-4325.863	-4611.136	285.2732	0.8949638	1.021283	12.50571
29106	-4332.663	-4618.04	285.3769	0.8399491	0.8834348	12.55489
29112	-4323.93	-4605.442	281.5112	0.7454009	0.9993232	14.54801
29118	-4313.978	-4596.504	282.5255	0.8144787	0.986322	13.99343
29124	-4318.19	-4605.688	287.4979	1.004696	1.047978	11.27364
29130	-4317.689	-4602.981	285.2926	0.8411184	0.9203147	12.57745
29136	-4308.812	-4596.327	287.5153	0.9368167	0.9691288	11.34104
29142	-4311.326	-4600.907	289.5812	0.9894611	1.112181	10.15717
29148	-4312.688	-4601.809	289.1213	0.9161178	0.9336159	10.52971
29154	-4312.348	-4603.066	290.7179	1.002389	0.9728483	9.622888
29160	-4309.1	-4591.91	282.8096	0.8793453	1.175292	13.71984
29166	-4319.189	-4606.963	287.7743	0.775031	0.9986969	11.27454
29172	-4312.814	-4601.627	288.8131	0.915509	1.056037	10.62723
29178	-4312.33	-4598.937	286.6067	0.9512934	0.9375668	11.82539
29184	-4318.766	-4606.551	287.7847	0.9366433	1.005079	11.18118
29190	-4326.203	-4611.783	285.5802	0.9864352	1.016284	12.30069
29196	-4319.706	-4607.385	287.6787	0.9156424	1.047017	11.22612
29202	-4320.901	-4602.543	281.6422	0.8585282	0.9996246	14.42144
29208	-4310.857	-4595.851	284.9942	0.8806463	1.075486	12.6312
29214	-4303.117	-4589.118	286.0006	0.8257036	1.036737	12.15485
29220	-4312.21	-4596.424	284.2136	0.884476	1.038264	13.05391
29226	-4300.629	-4587.756	287.1267	0.8629892	0.9571058	11.58924
29232	-4302.515	-4584.388	281.8739	0.8183437	0.7522561	14.46424
29238	-4305.914	-4594.229	288.3156	1.043639	1.106259	10.7961
29244	-4300.066	-4586.426	286.3604	0.8832968	0.8956168	12.01277
29250	-4308.729	-4596.629	287.9001	0.8050285	1.01463	11.18472
29256	-4312.058	-4597.657	285.5994	0.8006988	1.146836	12.3233
29262	-4314.945	-4602.454	287.5089	0.8926458	1.058836	11.32103
29268	-4320.205	-4603.472	283.2672	0.8358013	0.9951572	13.59298
29274	-4326.888	-4615.437	288.5481	0.9173461	1.156394	10.71646
29280	-4323.683	-4611.709	288.0251	0.8181589	0.944687	11.14956
29286	-4323.306	-4609.064	285.7589	0.8998714	0.9539909	12.28551
29292	-4315.527	-4603.886	288.3589	0.8453857	0.8700234	11.00258
29298	-4321.799	-4608.21	286.4109	0.6852571	1.001451	12.03228
29304	-4323.548	-4608.449	284.9013	0.8300378	1.149749	12.67022
29310	-4336.292	-4620.23	283.9377	0.7383205	0.9134915	13.33936
29316	-4338.205	-4623.91	285.7046	0.666264	1.034503	12.3934
29322	-4336.676	-4622.576	285.9005	0.8887549	1.082511	12.15133
29328	-4331.32	-4612.999	281.6786	0.7934232	1.160203	14.35774
29334	-4311.579	-4594.78	283.2018	0.7820101	1.112263	13.59633
29340	-4325.179	-4609.782	284.6029	0.6705339	0.972123	12.99698
29346	-4322.916	-4606.473	283.557	0.7656673	1.191089	13.3836
29352	-4322.312	-4609.914	287.6026	0.9051642	0.9019333	11.34887
29358	-4315.313	-4598.992	283.6791	0.8168586	0.9029979	13.43874
29364	-4317.729	-4601.847	284.1178	0.7921553	0.9775101	13.18309
29370	-4337.049	-4623.628	286.5796	0.9680246	0.9101669	11.84594
29376	-4317.868	-4602.851	284.9827	0.7181207	0.9560867	12.78327
29382	-4316.482	-4600.697	284.2153	0.8658167	0.9454081	13.11134
29388	-4317.454	-4600.925	283.471	0.8872621	1.006985	13.4543
29394	-4345.636	-4630.831	285.1952	0.9226092	1.06965	12.5076
29400	-4327.625	-4609.364	281.7392	0.8072684	1.11166	14.342
29406	-4321.936	-4603.317	281.3809	0.9052439	1.079844	14.49224
29412	-4323.459	-4606.651	283.1914	0.8155339	1.083713	13.59816
29418	-4315.256	-4599.079	283.823	0.8883843	0.9140281	13.32068
29424	-4310.07	-4597.033	286.9629	0.8226598	0.9140281	11.71958
29430	-4305.703	-4592.134	286.4308	0.8608919	1.009592	11.926
29436	-4316.543	-4604.937	288.3938	0.9438542	0.8392845	10.95084
29442	-4333.703	-4613.446	279.7423	0.8251743	1.10387	15.36969
29448	-4312.959	-4592.894	279.9343	0.7417888	0.9914986	15.36969
29454	-4310.949	-4591.776	280.8267	0.8304017	0.950807	14.88392
29460	-4322.706	-4605.38	282.6735	0.8560886	1.112457	13.83195
29466	-4328.07	-4611.082	283.0127	0.7599191	0.8716909	13.83195
29472	-4345.869	-4627.27	281.4013	0.7530982	0.8554115	14.67989
29478	-4321.075	-4606.188	285.1132	0.7722209	0.9724411	12.67843
29484	-4325.155	-4609.585	284.4294	0.8417474	0.9464508	13.01194
29490	-4323.03	-4609.836	286.8058	0.9721614	0.9233297	11.71835
29496	-4313.182	-4599.352	286.1701	0.8356487	0.9233297	12.12134
29502	-4313.618	-4601.695	288.0765	0.9189189	1.108331	10.98579
29508	-4311.234	-4598.434	287.1995	0.8686876	1.148356	11.45187
29514	-4315.334	-4602.368	287.034	0.8033007	1.174708	11.56027
29520	-4308.425	-4596.779	288.3545	0.7319029	1.047575	10.96821
29526	-4323.284	-4610.878	287.5939	0.8108701	0.8703198	11.42085
29532	-4346.228	-4629.915	283.6877	0.8002534	0.9888964	13.39636
29538	-4333.08	-4615.941	282.8611	0.7409966	0.9917289	13.85466
29544	-4335.147	-4621.225	286.0784	0.713153	1.22888	12.08163
29550	-4329.339	-4611.959	282.62	0.6891577	1.052529	13.97558
29556	-4322.457	-4606.479	284.0219	0.7026333	1.127353	13.20442
29562	-4318.33	-4602.134	283.8041	0.7872777	1.102928	13.28531
29568	-4317.04	-4603.596	286.5556	0.8825364	0.948455	11.882
29574	-4350.055	-4633.461	283.4064	0.7784639	1.128899	13.48406
29580	-4325.181	-4612.68	287.4988	0.8304235	0.9244719	11.42963
29586	-4317.927	-4603.807	285.8801	0.8990522	1.008454	12.19394
29592	-4315.332	-4600.197	284.8648	0.8840473	0.8773834	12.80197
29598	-4314.7	-4602.16	287.4602	1.007972	1.115883	11.25817
29604	-4312.233	-4598.429	286.1956	0.9392015	1.112294	11.9566
29610	-4309.911	-4598.71	288.7988	0.9392015	0.9284267	10.6897
29616	-4315.75	-4599.788	284.0383	0.8546013	1.106247	13.12703
29622	-4315.807	-4600.107	284.2996	0.7385597	0.9576769	13.12703
29628	-4308.116	-4590.639	282.5227	0.7664813	0.9576769	14.03494
29634	-4314.606	-4598.495	283.889	0.7932429	0.9069652	13.33973
29640	-4336.338	-4624.165	287.8263	0.8017092	1.214867	11.12834
29646	-4319.812	-4607.172	287.3604	0.8477254	0.8696933	11.52401
29652	-4318.738	-4606.067	287.3281	0.9711095	1.181474	11.31562
29658	-4323.355	-4610.072	286.7162	0.9815195	0.9768063	11.73121
29664	-4318.839	-4608.048	289.2091	1.067801	1.117691	10.3089
29670	-4314.048	-4598.177	284.1289	0.760358	0.8333495	13.27464
29676	-4310.897	-4598.125	287.2276	0.8123434	0.899411	11.59488
29682	-4334.788	-4618.825	284.037	0.9137701	1.142306	13.0798
29688	-4342.563	-4625.402	282.8391	0.8303924	1.146134	13.74342
29694	-4342.422	-4627.34	284.9177	0.8662868	0.8909315	12.77597
29700	-4310.103	-4597.918	287.8152	0.8105874	1.230485	11.12246
29706	-4308.662	-4593.116	284.4545	0.9487279	1.020607	12.90422
29712	-4309.899	-4597.569	287.6701	0.8787443	1.051441	11.24771
29718	-4320.779	-4610.917	290.1373	0.8925826	1.006215	9.968953
29724	-4311.698	-4600.318	288.6197	0.8884393	0.8865826	10.83379
29730	-4291.839	-4579.026	287.1867	0.8492024	1.061523	11.51088
29736	-4312.596	-4597.352	284.756	1.006563	0.833223	12.82064
29742	-4299.879	-4585.759	285.8808	0.6613695	0.9392519	12.35425
29748	-4296.452	-4582.124	285.6711	0.8049939	1.003949	12.35425
29754	-4306.259	-4587.921	281.6621	0.7846504	1.020252	14.43881
29760	-4297.962	-4583.901	285.9394	0.8218239	0.8903203	12.26737
29766	-4292.889	-4579.887	286.9975	0.8133225	1.063008	11.62779
29772	-4312.179	-4597.74	285.5615	0.7158154	1.140781	12.39009
29778	-4323.281	-4608.772	285.4908	0.769678	1.159495	12.39009
29784	-4324.419	-4611.237	286.8179	0.769678	0.9755955	11.78939
29790	-4320.645	-4607.7	287.0547	0.7988834	1.069225	11.60233
29796	-4323.552	-4611.524	287.972	0.7679702	1.015198	11.16618
29802	-4331.662	-4612.858	281.1959	0.7295491	0.9206974	14.76144
29808	-4336.265	-4623.106	286.8413	0.9979272	1.194053	11.55039
29814	-4313.868	-4599.44	285.572	0.8041589	0.9483421	12.43584
29820	-4309.935	-4593.891	283.9561	0.7573376	1.160071	13.19487
29826	-4299.509	-4586.088	286.5795	0.8738598	1.048434	11.82178
29832	-4305.366	-4593.259	287.8931	0.8582882	0.8702299	11.23959
29838	-4298.47	-4585.32	286.8493	0.8203821	0.9010483	11.78733
29844	-4316.025	-4602.838	286.8128	0.8513933	0.922421	11.77827
29850	-4312.343	-4596.872	284.5289	0.7689547	1.025465	12.95655
29856	-4312.433	-4597.788	285.3544	0.7297966	0.9458687	12.5892
29862	-4310.822	-4596.065	285.2433	0.8409388	0.9458687	12.5892
29868	-4307.735	-4592.9	285.1653	0.7170459	1.110406	12.61032
29874	-4303.836	-4589.312	285.4764	0.7170459	1.011695	12.49749
29880	-4299.791	-4586.013	286.2219	0.6801626	1.011695	12.12816
29886	-4314.131	-4600.204	286.0731	0.7127053	0.90462	12.24645
29892	-4313.164	-4599.246	286.0823	0.8796046	0.8723637	12.17304
29898	-4323.706	-4609.407	285.701	0.680106	1.044203	12.38314
29904	-4319.522	-4606.834	287.3115	0.9006188	1.211297	11.34755
29910	-4310.69	-4595.923	285.2331	0.989477	0.9446565	12.51781
29916	-4320.851	-4606.757	285.9063	0.8694058	1.037443	12.18088
29922	-4348.15	-4633.389	285.2391	0.8293522	1.112077	12.51258
29928	-4331.474	-4615.821	284.3475	0.9181242	0.8800597	13.05179
29934	-4325.349	-4612.274	286.9242	0.9390399	1.024736	11.61977
29940	-4317.535	-4601.867	284.3315	0.7196662	1.099441	13.04805
29946	-4320.051	-4606.854	286.8032	0.7875982	0.9925977	11.77874
29952	-4328.436	-4614.477	286.0406	0.9212379	1.110614	12.04762
29958	-4335.416	-4621.919	286.5029	0.9005568	1.077339	11.83342
29964	-4319.193	-4606.75	287.5564	0.793026	1.154189	11.30204
29970	-4310.309	-4594.676	284.3664	0.7583118	1.154189	12.98378
29976	-4306.447	-4592.844	286.3962	0.8414642	0.9747866	11.97247
29982	-4313.715	-4601.468	287.7522	0.9183251	1.02094	11.19956
29988	-4316.803	-4604.731	287.9276	0.9311608	1.087978	11.06728
29994	-4317.926	-4605.669	287.7425	0.8104364	1.126161	11.20888
30000	-4340.067	-4625.353	285.2853	0.7526187	1.286599	12.44916
30006	-4323.552	-4610.93	287.3782	0.8269047	1.020985	11.44298
30012	-4336.527	-4624.046	287.5193	0.7071533	0.9994536	11.44298
30018	-4329.453	-4617.925	288.4711	0.7750928	1.044466	10.88601
30024	-4319.042	-4605.129	286.0871	0.85519	1.082164	12.07166
30030	-4322.164	-4609.452	287.2882	0.8088736	0.928622	11.5487
30036	-4318.945	-4605.985	287.0406	0.8439545	0.928622	11.65977
30042	-4319.009	-4610.087	291.0773	0.925081	0.928622	9.498332
30048	-4316.666	-4602.849	286.183	0.925081	0.9973639	12.02818
30054	-4321.455	-4606.894	285.4389	0.8131749	0.9882397	12.47919
30060	-4317.889	-4605.56	287.671	0.819754	0.9602422	11.3256
30066	-4315.051	-4603.106	288.0549	0.8866953	0.9602422	11.08964
30072	-4324.716	-4609.489	284.7731	0.8385759	1.018053	12.79704
30078	-4328.829	-4614.933	286.1042	0.8453714	0.9851971	12.11723
30084	-4333.036	-4617.518	284.4825	0.7848839	0.9776155	12.99722
30090	-4321.222	-4608.396	287.1739	0.8727934	0.9376074	11.57006
30096	-4313.389	-4603.001	289.6116	0.9123905	0.9376074	10.27191
30102	-4322.459	-4607.412	284.9529	0.870365	0.8604514	12.77306
30108	-4327.584	-4611.953	284.3693	0.823818	0.9788793	13.03516
30114	-4322.596	-4608.81	286.2137	0.8305447	1.005994	12.05698
30120	-4319.598	-4606.79	287.1916	0.8493117	0.9451393	11.56899
30126	-4327.442	-4612.697	285.2548	0.8749157	1.021255	12.52576
30132	-4324.083	-4606.487	282.4046	0.9444867	1.01798	13.97232
30138	-4318.258	-4600.914	282.656	0.7447861	1.032134	13.93831
30144	-4310.389	-4595.618	285.2297	0.7020999	0.942558	12.67038
30150	-4308.367	-4594.85	286.4832	0.7656675	0.942558	11.98397
30156	-4314.544	-4601.523	286.9796	0.816258	0.9162769	11.71294
30162	-4318.98	-4600.573	281.5937	0.9320158	0.9630945	14.42772
30168	-4322.619	-4609.941	287.3224	0.8770431	1.099757	11.40655
30174	-4320.168	-4607.392	287.224	0.9233885	1.019338	11.47399
30180	-4308.775	-4598.267	289.4916	1.014608	0.863263	10.32355
30186	-4313.608	-4603.877	290.2688	0.9642827	1.08756	9.820529
30192	-4325.686	-4611.564	285.8785	1.031435	0.9965716	12.13196
30198	-4320.357	-4608.157	287.7995	0.8587104	0.9452172	11.24614
30204	-4322.98	-4607.625	284.6457	0.839231	1.10891	12.81786
30210	-4333.162	-4618.126	284.964	0.7606675	0.8769046	12.81482
30216	-4331.996	-4614.799	282.8035	0.7173836	0.9793295	13.90332
30222	-4334.058	-4620.822	286.7636	0.7711956	0.9241444	11.84484
30228	-4335.234	-4620.956	285.722	0.717905	1.046821	12.35118
30234	-4329.533	-4614.986	285.4533	0.8347171	1.265639	12.32793
30240	-4334.989	-4620.224	285.2345	0.7473914	0.9355172	12.64813
30246	-4333.395	-4622.509	289.1135	0.791689	0.9355172	10.59805
30252	-4332.479	-4620.676	288.1971	0.6725072	1.004513	11.10384
30258	-4351.231	-4639.439	288.2079	0.7964989	1.053757	11.00804
30264	-4330.268	-4613.599	283.331	0.8208166	1.064886	13.53221
30270	-4326.143	-4609.118	282.9745	0.7899577	1.128534	13.70242
30276	-4326.442	-4610.989	284.5476	0.7806252	1.035919	12.9354
30282	-4322.792	-4607.36	284.5676	0.7440969	1.119051	12.90313
30288	-4332.382	-4615.695	283.3134	0.8691745	1.087501	13.50516
30294	-4343.022	-4627.429	284.4072	0.740709	1.282617	12.91413
30300	-4340.679	-4626.034	285.3552	0.840801	1.282617	12.36854
30306	-4325.455	-4611.097	285.6419	0.8408904	0.9524945	12.37801
30312	-4316.963	-4605.357	288.394	0.817349	1.147483	10.8539
30318	-4324.965	-4612.281	287.3159	0.9147798	0.9924599	11.44446
30324	-4329.168	-4618.514	289.3458	0.9228457	1.039641	10.35201
30330	-4312.915	-4600.122	287.2069	0.8763665	1.141403	11.44731
30336	-4319.717	-4606.342	286.6246	0.8909999	1.042635	11.7922
30342	-4322.633	-4607.355	284.722	0.8768836	0.9933077	12.81652
30348	-4309.986	-4596.946	286.9608	0.8895084	0.9719634	11.65412
30354	-4318.245	-4604.644	286.399	0.8624123	0.9719634	11.96156
30360	-4321.662	-4608.859	287.1976	0.9149353	0.9719634	11.51709
30366	-4329.448	-4617.423	287.9753	0.8164778	0.9294132	11.18493
30372	-4330.02	-4615.278	285.2585	0.9569105	1.200939	12.39456
30378	-4322.799	-4606.127	283.3288	0.7197696	1.002252	13.61751
30384	-4321.104	-4608.511	287.407	0.9447166	0.9444005	11.4069
30390	-4311.07	-4600.276	289.2063	1.017391	1.023093	10.38408
30396	-4311.959	-4599.519	287.5596	0.8811191	1.023093	11.31867
30402	-4338.788	-4625.491	286.7031	0.8342152	0.9286163	11.8411
30408	-4346.36	-4630.821	284.4606	0.8892171	1.164943	12.86167
30414	-4319.428	-4603.538	284.1106	0.9340541	1.029757	13.08597
30420	-4314.117	-4601.621	287.5035	0.8950222	1.057263	11.32342
30426	-4323.462	-4611.207	287.7454	0.8596796	1.057263	11.21535
30432	-4301.628	-4588.172	286.5438	0.8518124	1.057263	11.84749
30438	-4308.867	-4595.159	286.2915	0.8449944	1.057263	11.98271
30444	-4318.446	-4605.418	286.972	0.8227007	1.228511	11.55808
30450	-4322.421	-4609.725	287.304	0.7645499	0.9135779	11.57195
30456	-4325.675	-4610.547	284.8726	0.8766245	1.078369	12.69517
30462	-4329.559	-4617.204	287.645	0.853263	1.061308	11.26919
30468	-4339.749	-4627.941	288.1916	0.8445074	0.9083906	11.06875
30474	-4316.37	-4604.197	287.8269	0.9225521	1.10417	11.11658
30480	-4306.848	-4592.31	285.4623	0.8849965	0.8397111	12.51241
30486	-4307.112	-4595.509	288.3974	0.9900005	1.227373	10.72476
30492	-4330.968	-4613.015	282.0466	0.6878766	0.9864205	14.30722
30498	-4326.988	-4612.375	285.387	0.862257	1.281062	12.34146
30504	-4317.738	-4605.355	287.6175	0.9126284	0.8659838	11.35782
30510	-4325.63	-4612.98	287.3496	0.8734948	0.9838395	11.45298
30516	-4317.476	-4606.397	288.9217	0.8996468	1.112432	10.55072
30522	-4322.879	-4611.884	289.0055	0.7843392	1.146967	10.55072
30528	-4311.641	-4597.982	286.3415	0.8683448	1.157497	11.89599
30534	-4311.722	-4598.384	286.6623	0.8386208	1.002287	11.82061
30540	-4319.145	-4605.84	286.6949	0.8179624	0.990344	11.82061
30546	-4309.368	-4593.614	284.2456	0.7717003	1.20307	13.01719
30552	-4314.501	-4598.037	283.5357	0.8253855	0.9473423	13.48433
30558	-4318.996	-4605.942	286.9466	0.8169124	0.8600085	11.76192
30564	-4320.004	-4608.331	288.3267	0.8727448	1.176402	10.84661
30570	-4309.414	-4595.306	285.8923	0.8946969	0.8951694	12.25117
30576	-4312.361	-4602.814	290.4532	0.9146561	1.110558	9.738243
30582	-4308.023	-4596.138	288.1149	0.8354179	0.8699393	11.13565
30588	-4315.736	-4605.329	289.5922	0.9549388	1.063259	10.19368
30594	-4323.957	-4609.686	285.7286	0.8408362	1.001206	12.30704
30600	-4313.579	-4599.271	285.6916	0.8426274	1.069117	12.2909
30606	-4311.298	-4597.119	285.8207	0.8709617	0.9129463	12.2909
30612	-4313.687	-4598.522	284.8351	0.806321	1.017507	12.78185
30618	-4311.22	-4593.325	282.1046	0.8143337	0.9551762	14.22823
30624	-4303.726	-4591.385	287.6589	0.8559322	0.8974617	11.34774
30630	-4320.531	-4604.934	284.4031	0.7458752	1.007395	13.04322
30636	-4319.342	-4603.398	284.0561	0.7363582	0.923587	13.27325
30642	-4314.133	-4601.616	287.4828	0.9109461	1.031762	11.33879
30648	-4321.891	-4608.477	286.5856	0.7953854	0.937944	11.91756
30654	-4327.929	-4614.356	286.4265	0.7992349	1.147628	11.89231
30660	-4328.94	-4616.723	287.7832	0.9872146	0.9532476	11.18306
30666	-4329.758	-4615.458	285.7007	0.830585	1.006482	12.32416
30672	-4318.974	-4602.106	283.1321	0.8788076	0.9646621	13.65683
30678	-4313.263	-4601.181	287.9175	0.8217165	1.046591	11.15048
30684	-4320.84	-4608.697	287.8574	1.048445	0.947212	11.11546
30690	-4311.803	-4597.78	285.9772	1.031623	0.893686	12.13639
30696	-4325.073	-4612.679	287.6057	1.076111	0.9678397	11.22158
30702	-4314.306	-4598.14	283.8334	0.8597543	0.9574055	13.30645
30708	-4311.511	-4599.038	287.5274	1.032397	1.00188	11.2674
30714	-4330.583	-4613.693	283.1096	0.765012	1.066952	13.67506
30720	-4329.598	-4613.825	284.2267	0.7711576	1.026171	13.11215
30726	-4326.856	-4618.654	291.7976	1.113869	1.034375	8.961014
30732	-4319.299	-4608.477	289.1781	1.01713	0.9241236	10.45214
30738	-4319.27	-4605.262	285.9915	0.940679	0.9873763	12.12515
30744	-4323.88	-4610.077	286.1968	0.7379673	0.9848283	12.12515
30750	-4319.038	-4605.987	286.949	0.8484707	0.9108655	11.71509
30756	-4319.421	-4607.571	288.1499	0.8780221	0.9587822	11.04523
30762	-4331.157	-4615.641	284.4836	0.9249002	0.9199358	12.95503
30768	-4325.767	-4613.134	287.3667	0.9605774	1.056561	11.361
30774	-4343.476	-4632.324	288.8476	1.002513	1.078487	10.55224
30780	-4316.02	-4605.124	289.1041	0.9360965	1.036279	10.47373
30786	-4320.27	-4609.471	289.201	0.97564	0.9030004	10.47373
30792	-4314.986	-4602.536	287.55	0.9190732	1.122921	11.25427
30798	-4322.461	-4609.381	286.9199	0.9586403	0.9451387	11.65385
30804	-4326.172	-4611.338	285.1659	0.7304053	0.9745742	12.67161
30810	-4308.831	-4594.176	285.3446	0.8406569	0.989578	12.51328
30816	-4313.444	-4597.791	284.3473	0.7187194	1.141148	13.02043
30822	-4309.757	-4595.646	285.8891	0.8524786	1.314203	12.07058
30828	-4302.745	-4588.402	285.6569	0.9841539	0.9732351	12.2844
30834	-4311.997	-4601.683	289.6856	0.9993956	0.9828191	10.16276
30840	-4324.832	-4611.58	286.7476	0.8911126	1.082105	11.70818
30846	-4324.363	-4611.286	286.923	0.8816636	0.9165261	11.70818
30852	-4341.315	-4627.679	286.3632	1.130736	0.9492124	11.85246
30858	-4333.161	-4621.395	288.234	1.10983	1.094946	10.80969
30864	-4320.313	-4607.91	287.5968	0.8692865	1.08149	11.27602
30870	-4306.938	-4591.924	284.9852	0.820351	0.9890243	12.71126
30876	-4321.734	-4604.132	282.3978	0.7295434	0.9944218	14.09946
30882	-4310.553	-4596.576	286.0233	0.813818	0.8992838	12.22274
30888	-4322.496	-4610.377	287.8809	0.7609059	0.8992838	11.28028
30894	-4332.544	-4619.983	287.4387	0.9946287	1.058627	11.30449
30900	-4325.055	-4611.557	286.5022	0.8962509	0.9805963	11.88549
30906	-4317.264	-4603.034	285.7705	0.8154137	0.9246197	12.33954
30912	-4324.395	-4610.974	286.579	0.7301409	1.065073	11.88871
30918	-4328.797	-4613.14	284.3435	0.7684171	1.191805	12.97307
30924	-4331.407	-4619.465	288.0585	0.9337429	0.968747	11.05857
30930	-4315.186	-4599.058	283.8715	0.7775209	0.968747	13.32334
30936	-4317.371	-4601.664	284.2927	0.8381415	1.106636	13.00313
30942	-4322.634	-4604.253	281.6188	0.7788927	0.9075947	14.52421
30948	-4330.677	-4617.539	286.8617	0.8508039	1.066517	11.67736
30954	-4317.453	-4605.671	288.2187	0.9117244	1.286367	10.83348
30960	-4323.541	-4606.917	283.3761	0.7846305	1.123276	13.49924
30966	-4329.613	-4614.788	285.1745	0.8080521	1.037151	12.59428
30972	-4323.925	-4611.896	287.9702	0.8223046	0.8060136	11.25639
30978	-4327.206	-4612.203	284.9964	0.901485	0.8778975	12.72412
30984	-4322.342	-4607.115	284.7729	0.7154469	1.03298	12.8536
30990	-4326.579	-4613.638	287.0597	0.7554987	0.9120967	11.70516
30996	-4324.079	-4608.912	284.8334	0.782408	0.9120967	12.85159
31002	-4321.971	-4608.152	286.1806	0.9364145	0.9079885	12.07186
31008	-4323.698	-4607.74	284.0421	0.7397756	1.00001	13.23785
31014	-4325.259	-4611.097	285.8377	0.7433463	0.9503925	12.32793
31020	-4326.222	-4613.899	287.6763	0.7587753	1.065162	11.30034
31026	-4314.497	-4605.248	290.7511	0.9137496	1.008585	9.633167
31032	-4317.074	-4604.863	287.7893	0.9433086	1.202047	11.07937
31038	-4311.84	-4597.501	285.6608	0.6875421	0.9889444	12.42866
31044	-4317.189	-4603.773	286.5846	0.8219701	1.072763	11.83405
31050	-4338.964	-4626.258	287.2941	0.9000704	0.9556354	11.48317
31056	-4340.86	-4628.52	287.6602	0.8127902	1.023444	11.30163
31062	-4318.083	-4604.769	286.6862	0.8499837	0.9725344	11.81785
31068	-4320.408	-4607.076	286.6676	0.8453235	0.9725344	11.83
31074	-4317.142	-4606.006	288.8642	0.9252518	1.056583	10.59503
31080	-4323.37	-4610.721	287.3512	0.9295502	1.097492	11.36512
31086	-4328.781	-4613.279	284.4981	0.7354863	1.012517	12.99658
31092	-4314.911	-4601.902	286.9913	0.8512914	0.880264	11.70889
31098	-4315.364	-4601.324	285.9603	0.7956054	1.028733	12.19564
31104	-4308.111	-4594.632	286.5205	0.83685	1.010749	11.89116
31110	-4298.848	-4586.254	287.4063	0.8078168	0.9162997	11.49435
31116	-4297.292	-4584.407	287.1149	0.8307595	0.8616041	11.66588
31122	-4304.392	-4591.435	287.043	0.9173557	0.8303975	11.67665
31128	-4308.735	-4596.937	288.202	1.047125	0.9024882	10.96049
31134	-4337.918	-4628.089	290.1717	0.9926178	0.8199833	10.00336
31140	-4320.812	-4606.015	285.203	0.9926178	1.131981	12.43683
31146	-4308.806	-4596.213	287.4069	0.882901	0.8829206	11.47369
31152	-4319.298	-4606.361	287.0629	0.8489909	0.9150775	11.65297
31158	-4328.064	-4615.777	287.7124	0.829517	1.041567	11.2563
31164	-4318.075	-4601.721	283.6464	0.7908669	0.8842571	13.4798
31170	-4315.666	-4602.036	286.3699	0.9059225	0.8791307	12.00539
31176	-4332.1	-4616.931	284.8308	0.7379623	0.837252	12.91907
31182	-4351.016	-4640.503	289.4874	0.8173685	0.8290194	10.4497
31188	-4330.831	-4614.704	283.8733	0.8475372	0.8510524	13.35169
31194	-4339.832	-4624.197	284.365	0.6961265	0.9429305	13.12307
31200	-4326.927	-4612.689	285.7628	0.8569659	0.9941278	12.28449
31206	-4333.371	-4617.778	284.4069	0.9527195	1.156915	12.86034
31212	-4321.869	-4608.62	286.7509	0.8721941	1.156915	11.6805
31218	-4329.759	-4616.417	286.6577	0.7709097	0.8469376	11.94444
31224	-4317.168	-4603.57	286.4023	0.7860249	0.863478	12.0601
31230	-4312.56	-4599.69	287.1292	0.7889928	0.969179	11.62014
31236	-4316.156	-4603.204	287.0484	0.8698184	0.969179	11.62014
31242	-4306.572	-4595.053	288.4807	0.9772304	1.007819	10.79389
31248	-4313.03	-4600.885	287.8549	0.9056261	1.15527	11.08637
31254	-4313.304	-4599.877	286.573	0.9428262	0.9285226	11.85237
31260	-4329.82	-4617.194	287.3735	0.8453621	0.962691	11.46647
31266	-4317.679	-4603.03	285.3502	0.7584991	0.962691	12.56738
31272	-4321.462	-4611.077	289.6151	0.8588535	1.2926	10.12538
31278	-4328.88	-4617.345	288.4649	0.8320312	1.204026	10.78277
31284	-4315.004	-4600.274	285.2708	0.823317	1.104066	12.50308
31290	-4314.489	-4599.997	285.508	0.8378285	0.8569017	12.50308
31296	-4318.653	-4603.585	284.9319	0.9305528	0.9900383	12.68108
31302	-4304.142	-4589.238	285.0957	0.7609809	0.9958096	12.68108
31308	-4312.831	-4599.231	286.4005	0.808733	0.9537263	11.99857
31314	-4318.55	-4604.981	286.4309	0.774397	0.9575607	11.99857
31320	-4325.85	-4610.753	284.9025	0.8579912	0.899375	12.78342
31326	-4330.879	-4619.729	288.8508	1.050225	0.8419409	10.65391
31332	-4324.647	-4612.27	287.6235	0.7386387	1.107333	11.31774
31338	-4324.956	-4611.677	286.7211	0.7621113	0.8885894	11.89176
31344	-4309.899	-4596.266	286.367	0.7331544	0.927158	12.07001
31350	-4312.769	-4600.313	287.544	0.8027799	0.9532583	11.40466
31356	-4328.616	-4617.188	288.5717	0.8027799	0.8870035	10.90365
31362	-4306.239	-4593.06	286.8216	0.7455329	0.9932142	11.79078
31368	-4309.998	-4595.773	285.7748	0.7611744	1.020782	12.31434
31374	-4313.819	-4602.681	288.8622	0.9266094	0.9955785	10.62675
31380	-4303.55	-4588.742	285.1917	0.8331112	0.9168481	12.63606
31386	-4310.014	-4594.687	284.6725	0.9879214	0.9004231	12.83489
31392	-4312.013	-4599.58	287.5664	0.8127329	0.9896169	11.36834
31398	-4320.91	-4606.259	285.3497	1.00108	0.9321943	12.45786
31404	-4322.699	-4608.878	286.1791	0.8602932	0.7613578	12.19997
31410	-4322.856	-4608.628	285.7722	0.8602932	0.9385284	12.30758
31416	-4326.825	-4610.092	283.2666	0.7812866	0.9283944	13.65726
31422	-4311.562	-4599.606	288.0441	0.9222456	0.8600237	11.13302
31428	-4323.988	-4608.321	284.3324	0.8962731	0.8808805	13.07053
31434	-4317.372	-4602.899	285.5268	0.9842429	0.9823112	12.34738
31440	-4310.156	-4598.744	288.5884	0.9147667	0.8837243	10.83805
31446	-4311.653	-4595.765	284.1118	0.713439	0.8873184	13.27652
31452	-4312.65	-4597.116	284.4665	0.884904	1.061778	12.9104
31458	-4321.36	-4610.567	289.2072	1.054141	1.038615	10.35638
31464	-4330.224	-4613.135	282.9118	0.9681838	1.082781	13.66453
31470	-4310.318	-4593.623	283.3053	0.689392	0.9440928	13.67632
31476	-4314.026	-4598.326	284.2996	0.8395471	0.938099	13.08511
31482	-4308.416	-4591.601	283.1853	0.8122041	1.083703	13.60307
31488	-4326.089	-4608.609	282.5195	0.6632557	1.090846	14.02228
31494	-4312.783	-4597.515	284.7315	0.8089152	1.082583	12.80176
31500	-4322.759	-4607.542	284.7829	0.7440423	1.096969	12.80176
31506	-4315.438	-4601.515	286.0769	0.9871588	0.9357614	12.08413
31512	-4314.177	-4599.47	285.2931	0.7181331	0.9988378	12.59902
31518	-4317.196	-4602.005	284.809	0.7247423	0.9068331	12.89722
31524	-4318.066	-4605.478	287.4114	0.9043992	0.8793111	11.46217
31530	-4320.768	-4608.224	287.4562	0.798771	0.9358964	11.46217
31536	-4328.47	-4615.518	287.0479	0.7534664	0.9085421	11.71438
31542	-4334.117	-4619.578	285.4615	0.9522382	1.007736	12.38479
31548	-4331.044	-4615.918	284.8745	0.7418799	0.9774252	12.81579
31554	-4330.249	-4614.966	284.7171	0.857052	0.8750373	12.89421
31560	-4324.006	-4606.729	282.7238	0.8056211	1.163435	13.80807
31566	-4333.281	-4619.077	285.7956	0.8056595	0.8499975	12.37407
31572	-4326.473	-4610.961	284.4879	0.802128	0.8807375	13.03869
31578	-4326.899	-4615.075	288.1755	0.8999912	0.7913097	11.1174
31584	-4324.224	-4608.088	283.8633	0.913491	0.998297	13.24139
31590	-4343.95	-4629.328	285.3773	0.7529893	1.056688	12.50753
31596	-4337.485	-4624.055	286.5692	0.7084486	0.9767983	11.95052
31602	-4342.344	-4625.409	283.0648	0.9043757	0.8758174	13.72756
31608	-4333.58	-4618.429	284.8494	0.839721	1.051823	12.73964
31614	-4328.223	-4611.31	283.0868	0.7097076	0.9394627	13.78167
31620	-4339.7	-4625.179	285.4791	0.9331818	0.8958821	12.44605
31626	-4320.994	-4606.494	285.5004	0.9156581	1.057555	12.35821
31632	-4335.196	-4621.069	285.8733	0.9630073	0.9561889	12.19176
31638	-4330.418	-4617.013	286.595	0.914724	0.8715587	11.88773
31644	-4338.528	-4625.661	287.1335	0.914724	0.9044229	11.58774
31650	-4324.451	-4611.707	287.2566	1.010125	0.984721	11.42968
31656	-4321.558	-4603.879	282.3206	0.7853546	0.9390756	14.13997
31662	-4336.393	-4622.227	285.834	0.8014025	0.9794113	12.28411
31668	-4326.283	-4613.747	287.4632	0.9112532	0.8242417	11.46398
31674	-4334.455	-4617.92	283.4651	0.7445298	1.098171	13.4859
31680	-4307.859	-4596.135	288.2764	0.8100384	0.930195	11.03022
31686	-4319.522	-4607.333	287.8118	0.9860663	1.005589	11.14084
31692	-4320.89	-4608.111	287.2211	0.9106667	0.8149501	11.59644
31698	-4314.56	-4599.343	284.7827	0.8222262	0.911204	12.85773
31704	-4325.629	-4609.859	284.2297	0.7514976	0.84419	13.22046
31710	-4321.209	-4607.878	286.6696	0.9467054	1.004679	11.75909
31716	-4329.21	-4616.779	287.5691	0.8568283	0.9126165	11.38566
31722	-4321	-4607.548	286.548	0.7949705	0.9855022	11.91186
31728	-4321.153	-4609.994	288.8401	0.6995474	0.719145	10.92084
31734	-4332.941	-4619.404	286.4633	0.8482367	0.8895752	11.98079
31740	-4338.584	-4626.262	287.6774	0.8276236	1.15869	11.21853
31746	-4322.259	-4607.506	285.2471	0.7635301	0.9349621	12.63344
31752	-4320.554	-4608.558	288.0037	0.8273913	0.9555167	11.15007
31758	-4323.129	-4609.992	286.8629	0.8699049	1.100808	11.64992
31764	-4344.394	-4631.545	287.1504	0.8718931	1.180848	11.46071
31770	-4323.727	-4607.832	284.1057	0.7355763	0.897676	13.26233
31776	-4321.339	-4608.165	286.8261	0.8601725	1.045558	11.70161
31782	-4331.496	-4617.749	286.2528	0.8579187	1.045558	12.00205
31788	-4329.27	-4614.719	285.4492	0.7953979	1.013806	12.46974
31794	-4329.442	-4614.713	285.2718	0.8938938	1.095902	12.46974
31800	-4325.621	-4612.329	286.7082	0.9783901	0.9335964	11.76039
31806	-4326.164	-4609.891	283.727	0.9936487	1.075878	13.23134
31812	-4326.005	-4608.002	281.9967	0.7872741	1.075878	14.23625
31818	-4324.74	-4606.849	282.1092	0.7837457	0.9653675	14.23625
31824	-4332.222	-4616.372	284.1497	0.8575992	0.9046811	13.17215
31830	-4322.737	-4612.315	289.5777	1.032514	0.8015001	10.30612
31836	-4321.294	-4613.245	291.9504	0.9793253	0.9884559	8.97543
31842	-4319.524	-4604.856	285.3313	0.8999848	0.9421782	12.51464
31848	-4325.337	-4610.134	284.7964	1.000705	1.143486	12.63896
31854	-4327.719	-4612.464	284.7448	1.062843	1.092441	12.6579
31860	-4317.235	-4603.053	285.8174	0.9393211	0.8863662	12.27199
31866	-4319.59	-4605.296	285.7054	0.9519446	0.9806934	12.27199
31872	-4309.273	-4595.842	286.5689	0.771562	0.8850659	11.96827
31878	-4310.587	-4596.535	285.9475	0.832718	0.8850659	12.26048
31884	-4329.443	-4613.481	284.0377	0.9081209	0.8865957	13.2143
31890	-4325.915	-4609.897	283.9815	0.8673329	0.9785352	13.2143
31896	-4331.183	-4614.996	283.8131	0.9756008	0.9097621	13.28289
31902	-4317.039	-4603.842	286.8032	0.8883893	0.9115019	11.77005
31908	-4318.861	-4606.396	287.5351	0.9074342	0.8165934	11.43298
31914	-4325.072	-4612.815	287.7437	0.89558	0.8486219	11.3109
31920	-4315.693	-4597.214	281.5206	0.756601	1.09947	14.4873
31926	-4306.509	-4588.758	282.2483	0.7306568	0.8853205	14.23564
31932	-4305.692	-4589.648	283.9563	0.796893	0.9556404	13.27621
31938	-4309.947	-4597.245	287.2982	0.9169768	0.8977786	11.50423
31944	-4322.675	-4605.997	283.322	0.8694462	0.8676135	13.61695
31950	-4324.572	-4609.183	284.6114	0.9361936	0.9306322	12.87682
31956	-4324.833	-4612.104	287.2716	0.942007	1.177972	11.36204
31962	-4323.553	-4612.182	288.6294	0.9004139	0.9787706	10.77151
31968	-4327.205	-4615.526	288.3212	0.9581803	1.249665	10.77151
31974	-4329.896	-4612.45	282.555	0.8500983	0.902529	14.00506
31980	-4323.693	-4611.031	287.3382	0.9364503	1.200628	11.31971
31986	-4343.191	-4625.589	282.398	0.7812864	0.9264582	14.10886
31992	-4304.462	-4590.615	286.1528	0.8115234	1.221941	11.99461
31998	-4309.071	-4592.395	283.3234	0.726947	1.211199	13.51593
32004	-4314.541	-4598.73	284.1899	0.8226458	1.090386	13.07249
32010	-4342.607	-4627.425	284.8187	0.96812	1.100716	12.66472
32016	-4344.383	-4628.986	284.6023	0.8713067	1.478733	12.66472
32022	-4333.27	-4617.264	283.9947	0.7712971	0.9112862	13.29381
32028	-4316.99	-4602.308	285.3183	0.8896314	0.8518226	12.57783
32034	-4317.831	-4601.184	283.3531	0.884365	1.094353	13.47332
32040	-4330.504	-4617.928	287.4246	0.8137778	0.936174	11.47068
32046	-4316.667	-4605.218	288.5503	0.9254133	1.082839	10.74653
32052	-4314.744	-4597.963	283.2188	0.8226922	1.012286	13.61601
32058	-4332.036	-4612.325	280.2886	0.7105931	0.9121014	15.2453
32064	-4321.572	-4604.963	283.391	0.662341	0.9756281	13.62899
32070	-4315.833	-4600.666	284.8335	0.6500334	1.213686	12.76987
32076	-4319.341	-4603.992	284.6509	0.8326037	1.213686	12.76987
32082	-4311.169	-4597.164	285.9947	0.7408088	0.9726325	12.23549
32088	-4308.754	-4590.99	282.2358	0.5935623	1.277894	14.12002
32094	-4340.628	-4622	281.3713	0.7966599	0.9547767	14.61738
32100	-4346.656	-4636.423	289.767	1.024292	1.038209	10.07797
32106	-4322.805	-4611.09	288.2855	0.972316	1.038209	10.88313
32112	-4330.056	-4616.628	286.5719	0.8958783	1.038209	11.81941
32118	-4330.001	-4617.327	287.3266	0.831218	0.9298467	11.51627
32124	-4326.191	-4611.407	285.2162	0.7773418	0.8206115	12.70802
32130	-4342.092	-4629.266	287.1747	0.8408983	0.7839049	11.67625
32136	-4339.983	-4624.813	284.8297	0.7637156	0.8243407	12.91399
32142	-4331.514	-4617.774	286.2602	0.7647444	0.8937803	12.12791
32148	-4322.774	-4609.346	286.5719	0.7153795	0.9034295	11.98563
32154	-4314.446	-4602.58	288.1333	0.6873941	0.8714006	11.20262
32160	-4311.05	-4594.57	283.5203	0.8052346	0.8916435	13.53361
32166	-4317.518	-4603.152	285.6333	0.8609622	0.9427403	12.37732
32172	-4323.882	-4609.666	285.784	0.9571696	0.9427403	12.24867
32178	-4315.102	-4598.43	283.3281	0.784963	0.9830108	13.59411
32184	-4309.016	-4592.591	283.5748	0.8086851	0.9830108	13.45368
32190	-4313.013	-4596.667	283.6539	0.7296361	0.9830108	13.45368
32196	-4315.473	-4600.674	285.2013	0.7253661	0.9604795	12.66337
32202	-4328.998	-4613.894	284.8956	0.7522444	0.8835104	12.851
32208	-4313.106	-4597.692	284.5858	0.7931587	1.010685	12.92191
32214	-4326.736	-4613.908	287.1715	0.8438223	0.8453354	11.63902
32220	-4341.239	-4630.408	289.1695	0.9203002	0.9823716	10.47577
32226	-4337.943	-4626.576	288.6326	0.8794712	0.9756727	10.78247
32232	-4321.002	-4607.381	286.3789	0.8112092	0.943155	12.01431
32238	-4328.734	-4612.319	283.5849	0.7532795	0.9367235	13.50199
32244	-4311.942	-4597.888	285.9462	0.9810164	1.087239	12.07707
32250	-4312.433	-4598.525	286.0917	0.8699471	0.8697655	12.17467
32256	-4314.387	-4603.504	289.1167	0.9341594	0.8550047	10.56752
32262	-4314.554	-4602.13	287.5764	0.949732	0.9424896	11.31671
32268	-4305.917	-4590.144	284.2273	0.8434888	1.061934	13.05625
32274	-4323.864	-4606.145	282.2815	0.8849651	0.9196992	14.11921
32280	-4306.157	-4593.127	286.9694	0.8898409	0.989882	11.63996
32286	-4301.795	-4589.753	287.9581	0.89955	0.989882	11.11778
32292	-4307.319	-4595.089	287.7697	0.8649886	0.977657	11.24096
32298	-4327.425	-4608.704	281.2793	0.6900617	1.018352	14.68698
32304	-4349.037	-4632.576	283.539	0.7967998	1.177264	13.38308
32310	-4309.827	-4597.553	287.726	0.780546	0.9485312	11.3237
32316	-4318.961	-4602.923	283.9621	0.8056362	1.290336	13.10854
32322	-4327.851	-4611.699	283.8474	0.8086921	1.105804	13.25033
32328	-4333.404	-4617.177	283.7731	0.8086921	0.9003093	13.39567
32334	-4335.49	-4621.429	285.9388	0.8559415	1.088199	12.14565
32340	-4330.242	-4616.072	285.8299	0.8462619	0.8629461	12.32744
32346	-4324.753	-4608.014	283.2609	0.8052034	0.9133456	13.65613
32352	-4314.843	-4600.779	285.9361	0.69409	0.9088817	12.32519
32358	-4330.995	-4617.444	286.449	0.6652106	1.0099	12.01847
32364	-4328.044	-4613.247	285.2022	0.7361166	1.03459	12.61861
32370	-4318.632	-4608.156	289.5244	0.9130382	0.9956969	10.28611
32376	-4318.993	-4606.972	287.9797	0.8147477	1.05778	11.11594
32382	-4311.563	-4599.659	288.0962	0.8221685	0.934314	11.11594
32388	-4297.807	-4584.9	287.0926	0.8340652	0.9280963	11.63806
32394	-4307.363	-4593.212	285.8492	0.8016426	0.9799653	12.27574
32400	-4315.143	-4603.038	287.8955	0.9089939	0.9487511	11.16766
32406	-4321.134	-4609.172	288.0377	0.755848	0.9592785	11.16766
32412	-4310.108	-4598.299	288.1908	0.9256512	0.8311602	11.07157
32418	-4312.919	-4598.642	285.7223	0.8374011	1.055267	12.28452
32424	-4324.206	-4608.148	283.9417	0.7902667	1.03282	13.24696
32430	-4322.427	-4608.394	285.9666	0.8040287	0.9485102	12.23017
32436	-4327.237	-4611.801	284.5639	0.7799037	0.8696422	13.01714
32442	-4331.862	-4614.784	282.9223	0.7332663	1.092283	13.77632
32448	-4337.926	-4622.686	284.7594	0.8616243	1.107041	12.74796
32454	-4323.012	-4606.829	283.8176	0.9728924	0.9233318	13.27444
32460	-4315.583	-4602.099	286.5167	0.9522235	1.05527	11.81021
32466	-4323.166	-4611.785	288.6195	0.981043	0.8361332	10.81495
32472	-4313.788	-4601.805	288.0168	0.9225691	0.8636902	11.145
32478	-4317.678	-4605.917	288.2383	0.9018108	0.9697329	10.9806
32484	-4316.807	-4603.847	287.0402	0.8518209	1.025001	11.60457
32490	-4318.707	-4604.349	285.642	0.9373436	1.14035	12.23293
32496	-4327.508	-4613.435	285.9274	0.9231576	0.8692186	12.23293
32502	-4330.485	-4613.232	282.7469	0.7406253	1.168817	13.8273
32508	-4341.175	-4625.068	283.8936	0.7473505	0.9855212	13.31866
32514	-4342.679	-4626.287	283.6074	0.7473505	1.086288	13.41633
32520	-4345.856	-4631.53	285.6741	0.666206	1.116871	12.36868
32526	-4357.653	-4640.671	283.0175	0.7862877	0.9843547	13.75389
32532	-4344.377	-4632.043	287.6651	0.7705348	0.9843547	11.34154
32538	-4348.597	-4633.675	285.0789	0.7179859	0.992541	12.71389
32544	-4313.143	-4595.2	282.0567	0.937007	1.090183	14.12057
32550	-4328.024	-4614.455	286.431	0.9897737	1.152195	11.78833
32556	-4313.575	-4600.268	286.6928	0.8012693	0.9872995	11.83204
32562	-4323.44	-4602.398	278.9571	0.7820475	0.947476	15.8769
32568	-4324.658	-4605.269	280.6113	0.8205385	0.947476	15.00223
32574	-4326.829	-4608.988	282.1588	0.7126414	0.9528615	14.25409
32580	-4327.716	-4611.072	283.3558	0.7617779	0.9528615	13.60778
32586	-4313.391	-4597.605	284.2145	0.6950148	1.13966	13.10247
32592	-4318.414	-4605.571	287.1577	0.7111474	1.067284	11.59529
32598	-4325.53	-4611.948	286.418	0.7515047	0.9809122	12.0048
32604	-4317.396	-4601.669	284.2731	0.7420484	1.040587	13.09586
32610	-4321.32	-4607.478	286.1572	0.8818148	0.9872575	12.06948
32616	-4330.767	-4619.717	288.9496	0.7387075	0.9857585	10.68468
32622	-4314.871	-4600.325	285.4542	0.7717958	1.044243	12.46394
32628	-4309.873	-4593.966	284.0923	0.7673878	1.044243	13.17479
32634	-4324.014	-4608.04	284.0264	0.7462868	1.137102	13.17479
32640	-4319.384	-4606.897	287.5127	0.7257628	1.063091	11.40422
32646	-4315.638	-4600.127	284.4891	0.8173263	0.9176613	13.00938
32652	-4322.465	-4611.542	289.077	0.8098932	1.139339	10.50337
32658	-4332.877	-4618.659	285.7822	0.7307093	0.9501668	12.36358
32664	-4327.485	-4613.122	285.6371	0.8221425	1.002842	12.36358
32670	-4324.404	-4606.117	281.7128	0.7436106	0.8964075	14.50005
32676	-4345.703	-4629.869	284.1659	0.7772469	0.9627103	13.17369
32682	-4330.354	-4618.188	287.834	0.9189888	1.064226	11.13445
32688	-4344.626	-4628.767	284.1411	0.8812512	0.9890148	13.11862
32694	-4316.719	-4599.997	283.2779	0.8328009	1.055866	13.55806
32700	-4315.535	-4599.833	284.2989	0.7959621	0.9190575	13.11862
32706	-4321.706	-4605.848	284.1422	0.8027838	1.067962	13.11862
32712	-4321.426	-4606.036	284.6107	0.8470719	1.067962	12.85196
32718	-4337.385	-4622.939	285.5547	0.866348	1.033132	12.36791
32724	-4318.988	-4605.138	286.15	0.8977802	1.108833	12.00365
32730	-4321.273	-4608.072	286.7997	0.8328211	1.041846	11.73155
32736	-4324.948	-4612.343	287.395	0.8533446	0.96939	11.44744
32742	-4324.96	-4611.756	286.795	0.6859223	1.200974	11.7344
32748	-4320.485	-4607.329	286.8437	0.8549844	0.9699311	11.7344
32754	-4309.706	-4594.016	284.3101	0.7415497	0.9699311	13.11344
32760	-4326.711	-4612.719	286.0077	0.85166	1.017752	12.14734
32766	-4331.409	-4616.536	285.1264	0.9405056	1.085037	12.52652
32772	-4323.946	-4610.354	286.4072	0.774143	1.022159	11.97709
32778	-4339.76	-4627.733	287.9729	0.8243151	1.163916	11.06315
32784	-4318.406	-4606.234	287.8285	0.8578762	1.013739	11.195
32790	-4328.709	-4613.504	284.7957	0.9302146	1.108822	12.69252
32796	-4329.066	-4614.033	284.9669	0.730687	1.108822	12.70722
32802	-4330.976	-4615.984	285.0085	0.713819	1.082407	12.70722
32808	-4328.073	-4612.886	284.8131	0.8323448	1.002254	12.78766
32814	-4326.14	-4610.65	284.5103	0.8087373	0.9235649	12.99957
32820	-4319.273	-4604.104	284.8309	0.6846516	1.008288	12.85211
32826	-4322.588	-4606.313	283.7253	0.7685137	0.9599149	13.40864
32832	-4313.423	-4599.998	286.5747	0.8946791	0.9599149	11.85948
32838	-4326.007	-4607.143	281.1369	0.8316982	1.004029	14.69469
32844	-4321.225	-4607.148	285.9225	0.7946155	1.008299	12.22635
32850	-4325.603	-4611.562	285.9591	0.8525307	0.9582189	12.20356
32856	-4331.525	-4617.786	286.2615	0.8190397	0.9509421	12.06724
32862	-4329.348	-4613.745	284.3971	0.9018352	1.162757	12.8892
32868	-4344.433	-4628.961	284.5273	0.7715546	1.162757	12.8892
32874	-4336.358	-4620.73	284.372	0.7805432	1.162757	12.9653
32880	-4319.151	-4603.105	283.9543	0.6739663	0.9505034	13.34387
32886	-4315.974	-4599.901	283.9271	0.7108123	0.941319	13.34387
32892	-4315.713	-4599.95	284.2377	0.8607639	1.002144	13.07218
32898	-4315.562	-4599.815	284.2534	0.8607639	0.9182206	13.10902
32904	-4323.101	-4608.441	285.34	0.7368701	1.094207	12.51684
32910	-4312.422	-4597.802	285.3795	0.7722908	1.022464	12.51363
32916	-4323.74	-4609.961	286.2206	0.802314	1.18082	11.98272
32922	-4326.818	-4609.767	282.9492	0.9141122	0.912987	13.76155
32928	-4326.764	-4612.823	286.0583	0.9106365	0.9453849	12.12844
32934	-4330.099	-4611.196	281.0968	0.8063308	1.189817	14.63875
32940	-4334.586	-4619.312	284.7265	0.819035	1.215078	12.73697
32946	-4334.488	-4616.485	281.9973	0.8419715	0.9957677	14.24806
32952	-4335.707	-4620.757	285.05	0.7644431	0.9957677	12.7031
32958	-4339.208	-4623.998	284.79	0.8285804	1.00153	12.80204
32964	-4343.453	-4627.323	283.87	0.8682189	1.172949	13.17601
32970	-4334.217	-4619.052	284.8353	0.8505103	1.172949	12.68316
32976	-4338.422	-4621.47	283.0477	0.8505103	1.137079	13.62899
32982	-4336.968	-4622.685	285.7171	0.9203974	1.214941	12.16822
32988	-4339.819	-4625.616	285.7975	0.9547782	1.087402	12.16822
32994	-4329.835	-4613.79	283.9555	0.7326957	1.11253	13.23041
33000	-4340.186	-4622.328	282.1416	0.7729602	0.9289912	14.24464
33006	-4335.259	-4615.844	280.585	0.8156647	1.198889	14.89468
33012	-4354.404	-4641.171	286.7678	0.9603427	1.056758	11.67407
33018	-4330.408	-4612.734	282.3255	0.7990881	1.066888	14.06415
33024	-4336.55	-4619.853	283.3034	0.717182	0.807412	13.74128
33030	-4333.826	-4620.465	286.6391	0.864369	0.8878077	11.88163
33036	-4334.484	-4622.221	287.7369	0.802949	0.8209677	11.37947
33042	-4332.049	-4617.958	285.9083	0.7412783	0.9244825	12.30642
33048	-4339.928	-4624.564	284.6354	0.6569653	1.121131	12.91218
33054	-4335.822	-4619.76	283.9377	0.7489517	0.9235712	13.32822
33060	-4342.885	-4628.882	285.9968	0.6692808	0.9562711	12.28046
33066	-4342.976	-4630.499	287.5234	0.7077333	0.9384116	11.47323
33072	-4326.564	-4614.271	287.7073	0.8335506	1.162084	11.1982
33078	-4335.749	-4620.162	284.4131	0.9632664	1.061828	12.89739
33084	-4349.114	-4631.864	282.7498	0.7615562	0.9873716	13.90404
33090	-4332.528	-4618.071	285.5428	0.8005001	1.156624	12.34828
33096	-4338.011	-4619.757	281.7454	0.8849605	0.9704185	14.36962
33102	-4342.873	-4632.38	289.5074	0.9196738	1.049788	10.26358
33108	-4344.466	-4630.888	286.4221	0.9487931	1.243608	11.77274
33114	-4341.175	-4627.737	286.5622	0.8841136	1.093489	11.80312
33120	-4339.834	-4626.258	286.4235	0.938466	1.186586	11.80312
33126	-4318.407	-4604.492	286.0843	0.7782654	0.9469134	12.18307
33132	-4325.512	-4612.181	286.6691	0.8646059	0.8539531	11.88544
33138	-4328.021	-4614.49	286.4693	0.8152931	1.108079	11.88044
33144	-4339.983	-4627.795	287.8113	0.7958857	0.9723189	11.25822
33150	-4329.512	-4617.179	287.6665	0.8715882	1.041713	11.25822
33156	-4337.357	-4624.592	287.2354	0.7741947	1.161927	11.47618
33162	-4330.363	-4617.45	287.0866	0.866006	0.9656111	11.60406
33168	-4315.055	-4601.495	286.4408	0.8984077	0.9046164	11.95787
33174	-4330.003	-4618.648	288.645	0.9758685	0.9046164	10.76443
33180	-4349.856	-4637.15	287.2942	0.7869706	0.8614422	11.59518
33186	-4360.029	-4644.865	284.8354	0.9227202	1.169145	12.64724
33192	-4319.299	-4606.561	287.2621	0.9302573	1.149892	11.38623
33198	-4322.438	-4606.99	284.552	0.7487163	0.9728325	12.98244
33204	-4335.554	-4621.21	285.656	0.8067009	1.181113	12.27473
33210	-4326.836	-4614.944	288.108	0.6790821	0.9270998	11.18864
33216	-4328.633	-4613.299	284.6661	0.7819649	0.9928383	12.89524
33222	-4331.717	-4619.016	287.2984	0.7353819	0.9021853	11.59655
33228	-4327.754	-4615.857	288.103	0.7394341	1.020438	11.1098
33234	-4338.287	-4624.949	286.6616	0.7669443	0.9987337	11.86024
33240	-4343.785	-4629.009	285.2237	0.7456478	1.207526	12.51974
33246	-4326.95	-4611.921	284.971	0.7619265	1.033227	12.72621
33252	-4323.309	-4608.947	285.6384	0.7791771	1.07141	12.35053
33258	-4332.137	-4619.276	287.1389	0.6574168	1.051638	11.64107
33264	-4321.302	-4610.543	289.2414	0.8088027	1.020863	10.47637
33270	-4342.57	-4629.481	286.9114	0.9738003	0.9333338	11.6568
33276	-4342.132	-4629.143	287.01	1.04122	1.060386	11.50342
33282	-4338.342	-4620.457	282.1149	0.7034636	0.8795169	14.32215
33288	-4317.801	-4601.494	283.6937	0.8564512	0.9458199	13.38701
33294	-4311.323	-4594.265	282.9413	0.671314	0.840301	13.9332
33300	-4322.746	-4608.557	285.8105	0.6853514	0.8772184	12.41316
33306	-4317.902	-4602.432	284.5297	0.7438203	0.9533566	13.00701
33312	-4337.097	-4622.548	285.451	0.952942	1.088195	12.34941
33318	-4332.425	-4618.55	286.1258	0.8374807	1.113209	12.04561
33324	-4331.537	-4619.444	287.9074	0.7083583	0.9614419	11.25956
33330	-4331.678	-4619.243	287.5652	0.8581243	1.032167	11.32311
33336	-4338.372	-4628.558	290.1861	1.015636	1.005134	9.879025
33342	-4336.676	-4620.674	283.9978	0.7512228	1.130684	13.19012
33348	-4342.086	-4623.753	281.6674	0.8608825	1.156475	14.33031
33354	-4337.718	-4623.616	285.8983	0.8115784	1.03966	12.21408
33360	-4330.593	-4616.209	285.6162	0.7830058	0.9563316	12.41951
33366	-4339.917	-4628.43	288.5132	0.927085	1.002669	10.80586
33372	-4339.094	-4624.429	285.335	0.9001806	1.03598	12.46332
33378	-4342.236	-4628.934	286.6978	0.9047868	0.9459732	11.79749
33384	-4334.161	-4621.031	286.8703	0.743907	1.019319	11.7526
33390	-4354.963	-4640.622	285.6587	0.815556	1.051437	12.33093
33396	-4345.297	-4629.115	283.8182	0.8793165	1.051437	13.2555
33402	-4341.515	-4625.361	283.8461	0.8117028	1.09329	13.2555
33408	-4331.531	-4616.432	284.901	0.7840124	1.020742	12.75752
33414	-4343.176	-4630.641	287.4649	0.7558455	0.8937491	11.50359
33420	-4333.649	-4618.87	285.2211	0.8057759	1.167623	12.508
33426	-4340.097	-4625.314	285.2179	0.7844979	1.167623	12.52078
33432	-4327.551	-4612.575	285.0241	0.7368461	0.9519152	12.75421
33438	-4340.135	-4625.745	285.6099	0.7368461	1.101885	12.37255
33444	-4342.609	-4628.083	285.4741	0.8153161	0.781922	12.57773
33450	-4325.611	-4611.929	286.3181	0.7676432	0.9738779	12.05219
33456	-4340.762	-4627.626	286.8642	0.825604	0.9775666	11.73494
33462	-4336.645	-4622.806	286.1617	0.9247254	1.071229	12.00188
33468	-4344.32	-4630.539	286.2195	0.9455986	0.9907608	12.00188
33474	-4321.604	-4608.257	286.6528	0.7740267	0.8966957	11.91659
33480	-4312.961	-4599.605	286.6438	0.8903102	0.9416865	11.83561
33486	-4319.384	-4605.686	286.3022	0.7569656	1.109573	11.99735
33492	-4345.357	-4626.716	281.3585	0.7738633	0.9530284	14.63677
33498	-4340.082	-4620.614	280.5317	0.7880556	1.00928	15.02774
33504	-4331.147	-4621.219	290.0725	0.8679118	1.098699	9.969185
33510	-4325.857	-4611.859	286.002	0.6778507	0.9636434	12.2693
33516	-4322.265	-4606.854	284.5886	0.8403429	1.000231	12.90134
33522	-4333.115	-4620.923	287.8085	0.7896686	0.9225464	11.29002
33528	-4338.697	-4625.981	287.2838	0.8602969	1.064707	11.45272
33534	-4336.081	-4620.391	284.3091	0.8379926	0.9076735	13.09777
33540	-4325.135	-4609.367	284.2317	0.8253462	1.003235	13.09316
33546	-4334.607	-4620.968	286.3612	0.7071023	1.185478	11.95687
33552	-4322.702	-4603.881	281.1783	0.7571423	1.170351	14.63092
33558	-4326.155	-4607.977	281.8222	0.7141201	1.025905	14.38954
33564	-4328.101	-4611.131	283.0299	0.6692707	1.178436	13.71308
33570	-4322.045	-4605.553	283.5079	0.6744435	1.051505	13.52302
33576	-4310.404	-4596.558	286.1535	0.8511038	0.9113619	12.12864
33582	-4317.115	-4603.234	286.1186	0.8266164	0.96795	12.12864
33588	-4324.75	-4608.864	284.1147	0.7733702	1.153255	13.10727
33594	-4310.887	-4593.697	282.8106	0.8062477	0.9812309	13.85254
33600	-4329.45	-4614.286	284.836	0.8800646	0.9767243	12.76428
33606	-4324.166	-4607.519	283.3528	0.8237224	0.9140143	13.59841
33612	-4324.62	-4607.934	283.3142	0.7739077	0.9995198	13.59841
33618	-4319.103	-4602.918	283.8153	0.7275019	0.9885112	13.36809
33624	-4315.229	-4600.856	285.6268	0.8330121	0.9572602	12.38742
33630	-4322.556	-4608.958	286.4015	0.87317	0.9572602	11.96254
33636	-4317.004	-4603.83	286.8261	0.8717676	0.9563955	11.74208
33642	-4345.779	-4632.909	287.13	0.8840473	0.8802167	11.61936
33648	-4335.345	-4623.431	288.0865	0.8687137	0.9903567	11.06644
33654	-4341.346	-4625.637	284.2912	0.7644419	0.8993794	13.14995
33660	-4326.009	-4610.15	284.1409	0.7696413	0.9112945	13.21869
33666	-4335.917	-4622.365	286.4473	0.6967965	0.9112945	12.05592
33672	-4329.375	-4613.199	283.8234	0.6634329	1.022704	13.37946
33678	-4328.683	-4614.347	285.6638	0.7313088	0.9401265	12.43042
33684	-4323.67	-4611.061	287.3912	0.9089821	1.17009	11.32037
33690	-4320.714	-4605.674	284.9605	0.7938152	1.094471	12.68467
33696	-4317.456	-4602.293	284.8365	0.8595485	1.158219	12.68467
33702	-4327.3	-4614.442	287.1421	0.8800368	1.098159	11.5
33708	-4322.17	-4606.681	284.5103	0.8530544	1.135656	12.86837
33714	-4317.516	-4603.25	285.7335	0.7390607	1.006769	12.35461
33720	-4325.514	-4611.307	285.7934	0.8452038	0.8499198	12.35461
33726	-4330.537	-4615.774	285.2364	0.8452038	0.8760594	12.62954
33732	-4342.401	-4628.45	286.0496	0.8902335	1.111759	12.05857
33738	-4362.7	-4648.318	285.6181	0.8103999	0.8562702	12.46036
33744	-4358.054	-4644.314	286.2598	0.6754328	0.9184889	12.16082
33750	-4341.795	-4625.488	283.6923	0.8003776	1.042549	13.36633
33756	-4331.544	-4615.528	283.9846	0.6853039	0.8714279	13.36633
33762	-4340.886	-4625.242	284.3565	0.832325	1.071469	12.99014
33768	-4334.726	-4619.039	284.3133	0.8574893	1.03692	13.01678
33774	-4326.299	-4613.952	287.6531	0.8724305	1.004025	11.28418
33780	-4316.025	-4599.723	283.6973	0.6757479	0.9619494	13.47031
33786	-4326.354	-4612.504	286.1501	0.7075053	1.282551	12.02361
33792	-4324.224	-4608.635	284.4114	0.6808913	1.152668	13.00137
33798	-4325.651	-4608.713	283.0627	0.7962276	0.9092261	13.76589
33804	-4326.43	-4611.202	284.7719	0.8760411	1.001469	12.78679
33810	-4310.492	-4593.435	282.9426	0.8018184	1.040221	13.75595
33816	-4330.44	-4616.762	286.3224	0.6629725	1.127661	12.0272
33822	-4334.366	-4619.027	284.661	0.7234684	1.087197	12.88066
33828	-4350.492	-4638.611	288.119	0.8182335	0.9264576	11.11042
33834	-4338.505	-4624.318	285.8136	0.6805121	1.001557	12.34612
33840	-4321.268	-4606.627	285.3586	0.8526103	1.030414	12.47862
33846	-4327.814	-4615.673	287.8592	0.8941698	1.100067	11.11652
33852	-4329.378	-4616.201	286.8226	0.7766354	0.9384408	11.80335
33858	-4324.983	-4608.71	283.7265	0.7766354	1.169154	13.2999
33864	-4318.914	-4601.707	282.7929	0.6839775	1.137184	13.84755
33870	-4331.675	-4614.639	282.964	0.634298	1.022564	13.84072
33876	-4343.484	-4626.611	283.127	0.9623195	1.154527	13.52163
33882	-4321.295	-4605.364	284.0688	0.7770462	1.057576	13.17532
33888	-4317.555	-4601.57	284.0152	0.7881644	1.102639	13.17532
33894	-4323.114	-4608.428	285.3133	0.872347	0.9261764	12.54719
33900	-4343.567	-4628.793	285.2257	0.948677	0.9368133	12.54719
33906	-4339.728	-4621.262	281.5342	0.6726222	1.079669	14.53337
33912	-4323.439	-4607.547	284.1085	0.7783207	1.109483	13.12864
33918	-4333.242	-4617.382	284.14	0.8005954	1.052465	13.12864
33924	-4322.154	-4610.225	288.0708	0.8823629	0.9861952	11.06973
33930	-4320.218	-4603.371	283.1528	0.8111897	1.168624	13.58017
33936	-4326.325	-4610.976	284.6509	0.8324163	0.88959	12.93313
33942	-4322.865	-4605.678	282.8126	0.8280519	1.00583	13.82737
33948	-4317.992	-4603.974	285.9825	0.779287	1.059258	12.17717
33954	-4327.685	-4614.796	287.1108	0.8653274	0.9426965	11.60415
33960	-4330.613	-4614.068	283.4557	0.838013	0.8303952	13.58567
33966	-4327.554	-4611.183	283.6287	0.7604843	1.013571	13.43484
33972	-4335.758	-4618.835	283.0771	0.9322474	0.826052	13.73585
33978	-4339.741	-4621.217	281.4755	0.8575271	0.9920478	14.51221
33984	-4338.169	-4619.453	281.284	0.9164384	1.089125	14.53208
33990	-4333.177	-4618.283	285.106	0.8675358	1.016116	12.6097
33996	-4317.806	-4601.307	283.5012	0.8630658	1.102285	13.40363
34002	-4320.666	-4608.805	288.1386	0.911474	0.955507	11.03538
34008	-4318.053	-4603.393	285.34	0.807938	0.9817635	12.5368
34014	-4312.52	-4598.575	286.0542	0.9473518	1.071445	12.04605
34020	-4321.855	-4608.882	287.0268	0.7823311	0.9753697	11.67381
34026	-4325.2	-4611.401	286.2007	0.775105	0.9338575	12.13117
34032	-4312.337	-4601.753	289.4158	0.8436465	1.058613	10.34724
34038	-4308.708	-4595.695	286.9864	0.7922677	1.107944	11.62249
34044	-4319.656	-4603.401	283.7445	0.7840693	1.04524	13.34635
34050	-4328.781	-4612.088	283.3076	0.8173248	0.9643246	13.59784
34056	-4325.527	-4610.478	284.9504	0.7890051	0.9643246	12.75878
34062	-4324.916	-4609.828	284.9122	0.8094101	0.9817411	12.75878
34068	-4314.948	-4596.565	281.6177	0.651377	0.8394159	14.62988
34074	-4333.163	-4614.894	281.7307	0.7870585	1.128408	14.34892
34080	-4317.981	-4602.642	284.6615	0.7278472	1.132682	12.85622
34086	-4315.386	-4598.166	282.7793	0.6301754	1.086361	13.90685
34092	-4313.225	-4598.292	285.0674	0.8070089	0.9556278	12.69318
34098	-4305.707	-4594.586	288.8793	0.8460252	1.066383	10.62376
34104	-4316.688	-4600.184	283.4964	0.6820135	0.9760416	13.56387
34110	-4321.255	-4606.484	285.2285	0.707878	0.9353861	12.67188
34116	-4326.789	-4611.259	284.4696	0.707878	0.9475565	13.06005
34122	-4334.672	-4620.894	286.222	0.7981002	1.080566	12.03187
34128	-4329.676	-4612.927	283.2515	0.7082667	0.9701942	13.68044
34134	-4323.307	-4609.667	286.3598	0.9118272	1.176443	11.85491
34140	-4328.102	-4613.169	285.0669	0.9537371	1.216801	12.48883
34146	-4336.376	-4624.118	287.7412	0.9537371	0.9461277	11.22645
34152	-4330.053	-4618.928	288.8746	0.9854265	1.080272	10.54616
34158	-4328.143	-4614.974	286.8305	0.8819968	1.080272	11.67059
34164	-4346.418	-4629.392	282.9739	0.814838	1.191095	13.66079
34170	-4316.485	-4600.658	284.1737	0.8283535	1.219198	13.01782
34176	-4318.11	-4604.469	286.359	0.7998414	1.011599	11.99427
34182	-4323.816	-4610.331	286.5158	0.8418272	1.098261	11.84708
34188	-4330.841	-4619.339	288.4974	1.033025	1.161297	10.68006
34194	-4329.834	-4614.904	285.0695	0.8230826	1.21556	12.55607
34200	-4331.742	-4616.132	284.3899	0.898172	0.9289746	13.01267
34206	-4341.632	-4627.582	285.9502	0.8890345	0.8959885	12.22351
34212	-4333.486	-4617.952	284.4654	0.8194587	1.274812	12.84627
34218	-4330.587	-4614.638	284.0507	0.7273678	1.044993	13.21687
34224	-4311.287	-4594.312	283.0251	0.719134	0.9153687	13.82199
34230	-4318.987	-4605.989	287.0016	0.8367765	0.9480819	11.67319
34236	-4313.108	-4600.295	287.1873	0.6884516	0.9126637	11.67319
34242	-4311.217	-4598.213	286.9957	0.7567807	1.033233	11.67328
34248	-4321.954	-4603.718	281.7645	0.8471357	1.147262	14.29141
34254	-4344.142	-4627.39	283.2474	0.8223638	1.180554	13.51972
34260	-4321.539	-4606.745	285.2068	0.6838067	1.008774	12.65667
34266	-4321.488	-4607.65	286.1626	0.8504353	1.022019	12.065
34272	-4321.168	-4606.189	285.0215	0.7854531	1.060009	12.6742
34278	-4326.702	-4610.048	283.3462	0.7601218	1.181579	13.50029
34284	-4327.779	-4613.543	285.7632	0.7360955	1.181579	12.25543
34290	-4325.265	-4612.918	287.6527	0.8526715	0.9086186	11.34637
34296	-4326.955	-4610.753	283.798	0.8007242	1.145374	13.26131
34302	-4323.005	-4604.557	281.5522	0.8888741	1.020098	14.4418
34308	-4332.546	-4617.009	284.4632	0.891927	0.7970426	13.05447
34314	-4330.845	-4615.906	285.0611	0.9271723	1.067812	12.57595
34320	-4344.35	-4626.057	281.7067	0.7594581	1.039402	14.41907
34326	-4330.394	-4612.98	282.5852	0.7651145	1.117227	13.92269
34332	-4325.678	-4611.109	285.4313	0.8872189	0.9027298	12.49102
34338	-4329.022	-4614.014	284.9921	0.7116931	1.114737	12.70115
34344	-4339.869	-4626.6	286.7308	0.775759	0.8497442	11.90212
34350	-4329.804	-4612.737	282.932	0.7221134	0.9164572	13.86813
34356	-4333.602	-4615.4	281.7982	0.6097703	0.9670418	14.48657
34362	-4331.859	-4615.814	283.9545	0.6643217	1.024759	13.30982
34368	-4329.18	-4609.233	280.0525	0.7494155	1.044484	15.27764
34374	-4330.708	-4613.511	282.8037	0.6962451	0.9591782	13.92489
34380	-4354.156	-4639.89	285.7339	0.7727947	0.8414528	12.42836
34386	-4341.796	-4629.102	287.3055	0.8381623	1.070291	11.45017
34392	-4331.76	-4617.617	285.8566	0.7741658	1.103597	12.22368
34398	-4323.018	-4606.535	283.5173	0.7574071	0.989308	13.5069
34404	-4329.882	-4613.189	283.3068	0.6943006	1.015514	13.63532
34410	-4318.077	-4604.089	286.0122	0.7872941	1.009354	12.18289
34416	-4317.88	-4604.938	287.0581	0.7803972	1.009354	11.64062
34422	-4335.153	-4622.781	287.6273	1.025538	1.142404	11.14883
34428	-4326.889	-4613.663	286.7745	1.056529	1.039275	11.62916
34434	-4336.75	-4623.986	287.2366	1.034005	1.073399	11.38228
34440	-4341.881	-4623.533	281.6521	0.6890912	1.073399	14.46687
34446	-4326.221	-4611.029	284.8074	0.706775	1.018522	12.84757
34452	-4322.452	-4609.033	286.5817	0.9184352	1.032728	11.80529
34458	-4334.597	-4621.155	286.5579	0.8847951	1.092827	11.80529
34464	-4321.138	-4608.059	286.9209	0.9646142	0.9229699	11.66238
34470	-4309.623	-4593.353	283.7301	0.6883646	0.9766817	13.43885
34476	-4316.294	-4602.281	285.987	0.703052	0.8465857	12.32976
34482	-4329.662	-4613.456	283.7949	0.7632364	0.9656463	13.37221
34488	-4341.259	-4625.925	284.6662	0.8083247	1.17023	12.79438
34494	-4329.287	-4614.113	284.8262	0.7946939	1.013907	12.79438
34500	-4338.371	-4621.242	282.8703	0.8028552	1.049865	13.78809
34506	-4334.992	-4619.63	284.6384	0.8288011	0.9650767	12.89999
34512	-4335.279	-4619.873	284.5936	0.8327645	1.005406	12.89999
34518	-4320.471	-4604.593	284.1212	0.8040679	1.052373	13.13665
34524	-4320.576	-4607.762	287.1865	0.7859987	1.023492	11.5633
34530	-4328.289	-4611.801	283.5121	0.7859987	1.286433	13.35424
34536	-4322.805	-4604.391	281.5864	0.7826186	1.064386	14.45687
34542	-4339.615	-4620.792	281.1767	0.7273836	1.035493	14.71205
34548	-4329.87	-4614.715	284.8445	0.7913894	1.177045	12.70723
34554	-4331.548	-4619.021	287.4738	0.7891759	1.177045	11.33665
34560	-4327.02	-4614.39	287.37	0.8093724	0.9696222	11.4834
34566	-4332.783	-4614.869	282.086	0.7738866	1.071735	14.19894
34572	-4325.911	-4610.199	284.2886	0.7784114	1.200128	12.99268
34578	-4311.594	-4596.514	284.9208	0.7539584	0.9213298	12.81577
34584	-4347.379	-4632.834	285.4545	0.7311196	1.012469	12.50116
34590	-4308.502	-4593.342	284.8401	0.778909	1.022835	12.79082
34596	-4324.632	-4609.974	285.3423	0.778909	1.033868	12.52375
34602	-4319.928	-4606.096	286.1684	0.6827103	1.060737	12.12983
34608	-4322.286	-4608.389	286.1027	0.8661988	0.9429189	12.12983
34614	-4325.426	-4611.643	286.2171	0.7551974	0.9303315	12.13492
34620	-4325.23	-4611.256	286.0257	0.8744394	0.9247174	12.17566
34626	-4328.061	-4610.273	282.2126	0.7172173	1.17072	14.11566
34632	-4343.584	-4630.312	286.7281	0.9444377	1.121061	11.6716
34638	-4344.451	-4627.9	283.4487	0.7078729	1.237648	13.44899
34644	-4318.702	-4605.575	286.8735	0.81224	0.9920883	11.72941
34650	-4321.476	-4609.642	288.1665	0.8368955	0.9552761	11.05999
34656	-4313.921	-4598.697	284.7762	0.8519488	1.006897	12.79427
34662	-4328.353	-4612.842	284.4886	0.7501164	1.234325	12.88801
34668	-4317.417	-4600.428	283.0112	0.8776636	0.9012944	13.75479
34674	-4322.83	-4605.869	283.0381	0.8133912	0.9363968	13.75479
34680	-4318.657	-4602.415	283.758	0.6638797	1.015054	13.41708
34686	-4330.686	-4614.395	283.7087	0.7517095	0.9767413	13.41708
34692	-4331.909	-4616.68	284.7708	0.8302852	1.081308	12.77084
34698	-4329.922	-4615.96	286.0377	0.8419692	0.9796409	12.15665
34704	-4338.049	-4622.648	284.5995	0.8905941	0.9583347	12.89168
34710	-4333.884	-4622.085	288.2015	0.9676609	0.9985912	10.95004
34716	-4333.888	-4619.344	285.456	0.8105146	1.223897	12.35758
34722	-4336.256	-4621.849	285.5938	0.8575701	1.022477	12.35758
34728	-4342.666	-4629.11	286.4435	0.8304324	0.9913274	11.9448
34734	-4340.114	-4625.257	285.1429	0.8187448	0.9913274	12.62878
34740	-4343.424	-4627.536	284.1114	0.9182858	1.016102	13.10074
34746	-4351.57	-4639.116	287.5459	0.9247066	1.013676	11.30794
34752	-4344.19	-4628.495	284.3047	0.8255965	1.274961	12.9266
34758	-4356.101	-4639.997	283.8958	0.6661402	1.093812	13.30502
34764	-4354.523	-4639.195	284.6724	0.7521732	1.131653	12.83842
34770	-4350.995	-4638.379	287.3838	0.9342911	0.801836	11.50707
34776	-4344.475	-4631.504	287.0286	0.960627	0.8081424	11.67504
34782	-4342.743	-4628.27	285.5265	0.8586652	0.9309004	12.44067
34788	-4339.098	-4626.481	287.3828	0.8120606	0.847794	11.54378
34794	-4340.581	-4629.405	288.8238	0.9225638	1.016643	10.63804
34800	-4337.896	-4624.026	286.1303	1.024566	0.9779041	12.01401
34806	-4331.421	-4619.286	287.8655	0.8377214	0.9393885	11.22578
34812	-4325.206	-4614.381	289.1752	0.9980847	0.8992949	10.47761
34818	-4320.402	-4606.491	286.0889	0.9910957	1.073142	12.00429
34824	-4361.499	-4648.803	287.3036	0.8622585	1.031494	11.45814
34830	-4346.577	-4635.421	288.8442	0.9606872	1.121983	10.55474
34836	-4335.387	-4620.73	285.3426	0.9871729	1.085001	12.3896
34842	-4333.422	-4618.113	284.6905	0.8427322	1.066355	12.81351
34848	-4338.736	-4626.775	288.0395	1.095557	0.9323832	11.00357
34854	-4325.324	-4614.603	289.2786	1.008534	1.013251	10.35588
34860	-4339.488	-4623.571	284.0827	0.7945917	1.013251	13.18144
34866	-4329.848	-4613.327	283.4786	0.7360053	0.8545101	13.61254
34872	-4326.203	-4609.799	283.5961	0.8001419	0.8977806	13.49345
34878	-4322.426	-4610.019	287.5932	0.8489586	0.9114905	11.37783
34884	-4361.736	-4644.29	282.5543	0.8555998	0.8249461	14.04743
34890	-4333.2	-4617.897	284.6964	0.7832769	0.9153486	12.92057
34896	-4324.776	-4610.525	285.749	0.8053814	0.9391691	12.34795
34902	-4318.365	-4601.6	283.2348	0.8435443	1.085338	13.5603
34908	-4321.047	-4605.479	284.4318	0.8078108	0.9411518	13.03124
34914	-4329.994	-4618.515	288.5209	0.8078108	1.007431	10.86183
34920	-4327.126	-4613.324	286.1981	0.9081396	1.044414	12.00496
34926	-4326.215	-4612.683	286.4685	0.8927938	1.018819	11.88489
34932	-4347.195	-4634.137	286.9412	0.8599504	1.038831	11.645
34938	-4343.474	-4630.209	286.7347	0.9316122	1.038831	11.71543
34944	-4326.128	-4613.179	287.0511	0.9462947	0.9236245	11.60357
34950	-4353.602	-4639.804	286.2015	0.8726383	1.323947	11.89295
34956	-4351.326	-4637.758	286.4313	0.7183775	0.9648823	12.02363
34962	-4325.01	-4613.71	288.7002	1.147305	0.9384865	10.6267
34968	-4340.676	-4623.205	282.5288	1.017392	0.8590746	13.95664
34974	-4347.52	-4630.384	282.8634	0.794397	0.9904989	13.82641
34980	-4347.112	-4635.432	288.3204	0.988419	0.9362806	10.91038
34986	-4323.387	-4611.185	287.798	0.9627705	0.9687709	11.17974
34992	-4322.922	-4609.779	286.8564	0.9801272	0.7886492	11.76684
34998	-4317.949	-4605.545	287.5963	0.9598829	1.067451	11.23585
35004	-4321.361	-4608.2	286.8392	0.9186543	0.9417377	11.7187
35010	-4340.696	-4628.254	287.5584	0.9208401	1.105677	11.25731
35016	-4331.415	-4617.181	285.767	0.7241833	1.086357	12.30485
35022	-4337.036	-4623.733	286.6974	0.8344729	1.024331	11.79301
35028	-4336.748	-4623.144	286.395	0.7368298	1.088848	11.9695
35034	-4335.916	-4619.317	283.4006	0.8448207	0.8937014	13.57405
35040	-4323.338	-4608.018	284.6798	0.7961638	1.083669	12.83477
35046	-4322.157	-4610.189	288.0325	0.92047	0.9853389	11.07027
35052	-4320.6	-4608.005	287.4047	0.8478734	0.9483185	11.45663
35058	-4319.006	-4608.067	289.0614	0.8717189	0.9480696	10.57648
35064	-4324.799	-4612.138	287.3397	0.9530172	0.9853062	11.41578
35070	-4324.384	-4609.561	285.1768	0.7576133	1.185994	12.54772
35076	-4325.652	-4609.507	283.8547	0.7957671	1.04662	13.28233
35082	-4326.278	-4612.699	286.4207	0.8802764	0.936959	11.95986
35088	-4329.488	-4613.794	284.3059	0.7769597	1.300311	12.94041
35094	-4337.334	-4622.39	285.0559	0.9796244	1.042716	12.56389
35100	-4331.428	-4612.065	280.6364	0.7198732	1.038326	14.99405
35106	-4329.176	-4612.413	283.2376	0.8183745	0.9446745	13.64418
35112	-4327.953	-4611.314	283.3603	0.8111372	0.838761	13.64418
35118	-4319.048	-4601.041	281.993	0.7952388	0.9086332	14.32137
35124	-4318.18	-4601.055	282.8746	0.7991098	1.185788	13.72292
35130	-4313.034	-4596.884	283.85	0.7991098	1.123243	13.24558
35136	-4306.387	-4589.598	283.2117	0.7535006	0.9983474	13.66285
35142	-4309.195	-4594.946	285.7507	0.8760668	0.8592464	12.35533
35148	-4327.937	-4612.428	284.4905	0.798207	0.8583768	13.05227
35154	-4332.754	-4622.07	289.3167	0.9763192	0.9543316	10.3841
35160	-4334.285	-4624.212	289.9276	0.8973067	1.216458	9.974437
35166	-4320.98	-4608.088	287.1078	0.8417523	1.043222	11.5652
35172	-4312.551	-4595.41	282.8589	0.8630448	1.043905	13.76579
35178	-4322.776	-4607.654	284.8772	0.9747095	1.171161	12.5975
35184	-4313.842	-4596.817	282.9757	0.8188252	0.9865788	13.75754
35190	-4324.538	-4608.583	284.0451	0.7606299	0.8480459	13.30932
35196	-4325.249	-4611.552	286.3031	0.8916523	0.92478	12.02196
35202	-4336	-4624.429	288.4288	0.9484148	0.8760131	10.90851
35208	-4343.172	-4631.559	288.3873	0.9923556	0.8738126	10.90851
35214	-4339.287	-4625.717	286.4298	0.6976256	1.070663	11.98076
35220	-4330.332	-4620.091	289.759	0.9467063	0.8528518	10.22482
35226	-4335.81	-4619.842	284.032	0.9572907	0.9444193	13.15956
35232	-4326.498	-4610.431	283.9326	0.7358434	1.068446	13.26211
35238	-4328.118	-4612.717	284.5989	0.801073	0.9390231	12.949
35244	-4331.128	-4619.722	288.5932	0.9029038	0.9026329	10.83098
35250	-4318.487	-4605.286	286.799	0.8187889	0.899906	11.8151
35256	-4327.028	-4612.436	285.408	0.7152609	1.00824	12.53582
35262	-4332.677	-4615.996	283.3193	0.8388533	0.9112108	13.60953
35268	-4342.423	-4625.946	283.5229	0.8771797	1.153118	13.36087
35274	-4339.643	-4626.122	286.4785	0.8982782	0.9257998	11.92641
35280	-4333.923	-4620.498	286.5755	0.9197665	1.009907	11.8196
35286	-4344.226	-4627.482	283.2559	0.7902664	1.12622	13.55732
35292	-4340.167	-4621.92	281.7535	0.8516922	1.004409	14.36485
35298	-4339.867	-4625.185	285.318	0.8867237	0.8974983	12.55324
35304	-4333.84	-4621.395	287.5556	0.9637605	1.080467	11.24862
35310	-4333.533	-4621.103	287.5695	0.8806066	0.8448492	11.41208
35316	-4332.313	-4618.316	286.0029	0.8307281	0.8448492	12.256
35322	-4338.643	-4624.423	285.7802	0.8264757	1.117718	12.22941
35328	-4336.458	-4623.081	286.6223	0.8304181	1.185535	11.75618
35334	-4340.393	-4623.976	283.5827	0.9339312	1.301794	13.23413
35340	-4348.56	-4636.694	288.1336	0.7993285	0.9368449	11.10694
35346	-4337.236	-4622.304	285.0683	0.9996616	1.012331	12.5625
35352	-4326.948	-4614.024	287.0763	0.7742204	0.8897617	11.6993
35358	-4356.211	-4642.75	286.5389	0.8362576	0.8731657	11.95703
35364	-4327.087	-4614.144	287.0578	0.7923692	0.881047	11.70446
35370	-4334.733	-4618.117	283.3844	0.8327638	1.00063	13.53087
35376	-4328.125	-4612.305	284.1802	0.8134009	1.052192	13.10124
35382	-4336.534	-4619.305	282.7705	0.6959985	0.8548983	14.00042
35388	-4341.896	-4627.128	285.2319	0.8656388	1.033629	12.53621
35394	-4338.157	-4624.292	286.1353	0.73389	0.8645054	12.22594
35400	-4331.17	-4614.723	283.5531	0.6399323	0.9090959	13.59262
35406	-4327.433	-4613.347	285.9134	0.7808728	0.936083	12.27671
35412	-4328.007	-4615.279	287.2717	0.8227669	1.028641	11.49692
35418	-4322.661	-4605.662	283.0014	0.6701682	1.036573	13.79561
35424	-4326.952	-4612.929	285.9774	0.7383654	1.05142	12.20506
35430	-4324.885	-4610.216	285.331	0.8349128	1.127454	12.45447
35436	-4322.628	-4609.36	286.7325	0.9109503	0.8973669	11.80315
35442	-4320.968	-4609.358	288.3902	0.9519475	1.066915	10.82444
35448	-4309.145	-4599.308	290.1633	0.9751871	0.8669476	9.988877
35454	-4326.657	-4612.158	285.5002	0.8546542	1.242646	12.30321
35460	-4327.858	-4612.409	284.5512	0.8898612	0.994627	12.89798
35466	-4317.631	-4602.381	284.7504	0.7787597	0.9097232	12.89798
35472	-4335.333	-4621.154	285.8211	0.7683332	1.036522	12.27848
35478	-4346.666	-4634.621	287.9558	0.8398739	0.8901574	11.20495
35484	-4321.42	-4607.565	286.1447	0.8676885	0.92716	12.11578
35490	-4326.291	-4611.235	284.9433	0.7887483	0.9717555	12.75864
35496	-4328.585	-4611.567	282.982	0.7207298	0.8363497	13.8888
35502	-4344.33	-4631.509	287.1788	0.9962312	1.182419	11.38013
35508	-4332.515	-4613.127	280.6127	0.8299361	0.9021673	15.0215
35514	-4329.004	-4615.614	286.6107	0.8548606	1.005	11.83765
35520	-4340.637	-4628.367	287.7294	0.7843063	1.14519	11.22033
35526	-4335.368	-4621.138	285.7693	0.8473803	1.025864	12.26969
35532	-4348.256	-4633.871	285.6147	0.8192286	0.9553126	12.40194
35538	-4343.43	-4631.097	287.6671	0.9423677	1.027809	11.22795
35544	-4344.176	-4627.529	283.3525	0.7623407	0.861298	13.66034
35550	-4340.123	-4623.944	283.8204	0.7537515	0.997783	13.34693
35556	-4325.019	-4610.09	285.0704	0.7133231	1.068171	12.68228
35562	-4320.437	-4604.417	283.9792	0.8782929	0.9874265	13.20513
35568	-4327.093	-4612.473	285.3799	0.7698632	1.111869	12.47032
35574	-4319.957	-4606.888	286.931	1.094872	1.111869	11.49143
35580	-4327.687	-4616.345	288.6575	1.110983	0.9640829	10.65421
35586	-4330.342	-4615.454	285.1125	0.9303976	1.147823	12.50892
35592	-4311.981	-4594.6	282.6199	0.7622576	1.043998	13.94201
35598	-4318.508	-4602.851	284.3428	0.7056461	1.026289	13.08579
35604	-4308.521	-4594.786	286.2645	0.8400391	0.9678967	12.04562
35610	-4312.778	-4597.651	284.8733	0.739894	0.8892911	12.86578
35616	-4314.471	-4599.337	284.8662	0.7025077	0.9374053	12.86213
35622	-4329.26	-4613.385	284.1252	0.7929014	0.9873944	13.17365
35628	-4324.134	-4608.199	284.0655	0.784433	1.056698	13.17365
35634	-4319.137	-4607.814	288.6774	0.8356582	0.9162761	10.81443
35640	-4308.099	-4594.599	286.4992	0.809801	1.204834	11.82242
35646	-4314.168	-4599.816	285.6481	0.8719418	1.119834	12.27355
35652	-4318.186	-4604.124	285.9378	0.7403083	0.9574883	12.27355
35658	-4330.537	-4617.51	286.9737	0.865975	0.9414035	11.67615
35664	-4340.335	-4627.164	286.8292	0.8143727	0.9480185	11.77499
35670	-4325.019	-4609.548	284.5294	0.8479511	1.065655	12.89494
35676	-4327.65	-4612.34	284.69	0.753131	0.9983364	12.89494
35682	-4339.307	-4621.055	281.7479	0.8039224	1.132087	14.32951
35688	-4326.659	-4612.684	286.0255	0.9731714	0.9586427	12.10576
35694	-4331.679	-4615.985	284.3063	0.8384254	0.8763079	13.11677
35700	-4330.047	-4618.737	288.6905	0.9030896	1.081875	10.68518
35706	-4330.133	-4616.767	286.6343	0.9351361	0.8440655	11.87261
35712	-4333.993	-4619.313	285.3206	0.8365529	1.086164	12.47895
35718	-4330.066	-4613.331	283.2656	0.8910331	1.016795	13.55396
35724	-4326.404	-4613.308	286.9048	0.8915787	1.094216	11.6199
35730	-4317.312	-4600.163	282.8513	0.7827234	1.173315	13.74924
35736	-4343.029	-4626.836	283.8067	0.7564147	0.9079125	13.40109
35742	-4342.805	-4630.34	287.5346	0.8562974	1.061454	11.32528
35748	-4341.422	-4628.949	287.527	0.8562974	1.253794	11.23901
35754	-4312.85	-4598.091	285.2407	0.7484629	0.9256637	12.64975
35760	-4322.812	-4609.604	286.7917	0.7654228	1.185828	11.70152
35766	-4314.553	-4604.501	289.9486	0.9136664	1.003322	10.05869
35772	-4308.081	-4595.409	287.3281	0.7916801	0.9292014	11.53652
35778	-4322.873	-4608.252	285.379	0.7627251	1.051663	12.50411
35784	-4322.612	-4607.985	285.3727	0.8965147	0.9252986	12.50411
35790	-4334.626	-4621.792	287.1655	0.8063997	1.145543	11.50354
35796	-4339.474	-4626.795	287.3206	0.7983224	1.291302	11.36097
35802	-4325.027	-4611.211	286.184	0.6888175	1.167012	12.06738
35808	-4326.751	-4613.087	286.3357	0.680861	1.013785	12.06738
35814	-4335.092	-4619.694	284.6017	0.9432926	0.9588709	12.86285
35820	-4326.887	-4610.993	284.1062	0.7142219	0.8500422	13.30055
35826	-4326.84	-4609.04	282.2003	0.696567	0.8623503	14.29131
35832	-4332.466	-4620.739	288.2728	1.033973	0.8342165	10.97005
35838	-4335.595	-4622.91	287.3143	1.019994	0.7990195	11.50032
35844	-4311.966	-4596.597	284.6319	0.7483558	1.258092	12.80391
35850	-4324.966	-4607.195	282.2297	0.6754102	1.013862	14.20462
35856	-4321.964	-4603.803	281.8393	0.7221235	1.130777	14.32519
35862	-4309.797	-4596.049	286.2527	0.8006359	1.091912	12.00897
35868	-4317.176	-4605.883	288.7071	0.941921	0.899962	10.75234
35874	-4316.109	-4601.89	285.7807	0.620009	1.20131	12.29781
35880	-4323.96	-4612.228	288.2683	0.7763527	0.8996983	11.06916
35886	-4316.056	-4601.58	285.5246	0.7616298	0.8564136	12.53437
35892	-4323.009	-4609.28	286.271	0.6868362	1.176328	12.01871
35898	-4316.811	-4604.424	287.6129	0.7860468	1.031989	11.33599
35904	-4322.954	-4607.747	284.7932	0.7993959	1.024656	12.80363
35910	-4305.728	-4589.777	284.0489	0.6654019	1.024656	13.2603
35916	-4315.448	-4601.152	285.7045	0.8958396	0.993581	12.29489
35922	-4319.183	-4608.632	289.4493	0.9951592	0.9180211	10.32461
35928	-4323.231	-4612.757	289.5259	0.9730294	0.8679464	10.32461
35934	-4320.66	-4605.606	284.946	0.7756233	0.920174	12.79201
35940	-4313.6	-4599.734	286.134	0.8154551	0.9977603	12.11072
35946	-4314.178	-4598.287	284.1092	0.6482208	1.192186	13.15723
35952	-4318.942	-4606.022	287.0805	0.8537761	1.068155	11.56069
35958	-4321.027	-4608.27	287.2429	0.8581741	1.0623	11.47642
35964	-4325.731	-4614.375	288.6437	0.9521068	0.9636067	10.74504
35970	-4346.318	-4628.971	282.6529	0.8482805	0.991176	13.9073
35976	-4348.379	-4635.335	286.9554	0.7505763	0.7360827	11.86855
35982	-4328.675	-4615.267	286.5916	0.8276292	0.9921102	11.86855
35988	-4324.047	-4610.772	286.7251	0.7159133	0.9705999	11.86855
35994	-4329.348	-4615.961	286.6137	0.8709454	0.9286741	11.86855
36000	-4326.94	-4612.012	285.0724	0.7556291	1.166508	12.61206
36006	-4316.292	-4602.182	285.8898	0.7053482	1.166508	12.21244
36012	-4314.655	-4600.885	286.23	0.8673791	0.941687	12.06346
36018	-4325.258	-4608.804	283.5463	0.822619	1.131396	13.38727
36024	-4329.284	-4613.878	284.5938	0.7445242	1.102951	12.89703
36030	-4334.162	-4618.795	284.6337	0.7770425	1.026979	12.89703
36036	-4331.021	-4615.855	284.8343	0.7780514	0.8660316	12.87952
36042	-4331.614	-4618.901	287.2872	0.8087168	1.114233	11.45363
36048	-4344.419	-4630.362	285.9434	0.830134	1.063885	12.16871
36054	-4357.418	-4641.572	284.1544	0.9878477	1.143107	12.97985
36060	-4335.416	-4622.235	286.8186	0.8848195	1.034895	11.69802
36066	-4340.823	-4623.671	282.8485	0.8707679	0.9515857	13.81518
36072	-4338.747	-4625.712	286.9649	0.9136863	0.8371678	11.71529
36078	-4329.689	-4616.702	287.0124	0.9002556	1.065086	11.57352
36084	-4337.918	-4625.215	287.2967	0.7735724	1.001289	11.52367
36090	-4343.481	-4626.616	283.1346	0.7097956	0.9909622	13.72937
36096	-4334.723	-4618.817	284.094	0.711824	0.9624878	13.24517
36102	-4326.327	-4612.162	285.8353	0.698173	0.9624878	12.34622
36108	-4326.844	-4613.313	286.4693	1.052698	0.8048755	11.92099
36114	-4340.997	-4627.789	286.7919	0.7921489	1.017639	11.76923
36120	-4335.861	-4620.516	284.6556	0.6839337	1.0591	12.91791
36126	-4338.008	-4624.989	286.9811	0.8815275	0.9628334	11.65255
36132	-4326.479	-4612.749	286.2695	0.8475151	0.9871343	12.0289
36138	-4313.97	-4599.073	285.1028	0.7975079	0.9437217	12.68612
36144	-4317.141	-4602.945	285.8035	0.8855692	1.052157	12.21864
36150	-4353.116	-4633.996	280.8798	0.6461202	1.142598	14.85576
36156	-4335.494	-4617.681	282.1864	0.8103864	1.04097	14.14329
36162	-4317.719	-4602.42	284.7007	0.6822668	0.9481748	12.95288
36168	-4315.172	-4604.759	289.5866	1.060405	1.201767	10.07478
36174	-4317.397	-4604.099	286.7014	0.8127445	0.9404667	11.84667
36180	-4324.257	-4611.606	287.3488	0.764977	0.9171489	11.54633
36186	-4319.401	-4603.043	283.6422	0.7195065	0.9171489	13.50057
36192	-4315.586	-4603.131	287.5449	0.8102407	1.044259	11.35264
36198	-4319.576	-4608.047	288.4716	0.7715286	1.01734	10.90153
36204	-4315.97	-4600.996	285.0257	0.7806223	1.00783	12.70104
36210	-4309.174	-4594.84	285.6655	0.6884422	0.9667745	12.43745
36216	-4316.012	-4599.808	283.7958	0.7891964	0.8796078	13.40574
36222	-4308.761	-4592.604	283.8434	0.7005988	1.112862	13.30517
36228	-4316.017	-4604.327	288.31	0.8396565	1.105365	10.90641
36234	-4316.596	-4604.833	288.2365	0.948252	1.029604	10.92582
36240	-4319.073	-4605.35	286.2778	0.9635483	1.10497	11.90452
36246	-4321.955	-4604.592	282.6368	0.7428051	1.244601	13.84916
36252	-4305.662	-4589.225	283.5634	0.7578764	1.153894	13.40148
36258	-4312.35	-4596.43	284.0797	0.7711322	0.9438221	13.23184
36264	-4325.006	-4608.855	283.8485	0.8777713	1.068891	13.23184
36270	-4324.876	-4606.124	281.2484	0.8048675	1.015219	14.64511
36276	-4319.247	-4603.842	284.5949	0.751406	0.9429113	12.97478
36282	-4310.879	-4594.265	283.3868	0.7100153	0.9631228	13.61309
36288	-4314.114	-4599.183	285.0694	0.7410997	1.120947	12.64263
36294	-4315.867	-4600.974	285.1065	0.7840572	1.036258	12.64263
36300	-4311.421	-4596.37	284.9483	0.8427299	0.9121766	12.76035
36306	-4319.042	-4604.374	285.3318	0.717547	1.041086	12.5575
36312	-4339.773	-4624.676	284.9031	0.8608063	1.041086	12.70612
36318	-4329.271	-4613.506	284.2346	0.8257519	0.9917946	13.09739
36324	-4328.431	-4613.452	285.0209	0.7887487	0.9549117	12.72726
36330	-4318.376	-4604.408	286.0312	0.8532219	0.9615691	12.16379
36336	-4333.439	-4619.512	286.0733	0.9350922	0.8642029	12.1535
36342	-4321.968	-4608.025	286.0569	0.8585036	0.8731385	12.19684
36348	-4317.996	-4603.927	285.9309	0.8654702	0.9856876	12.19684
36354	-4346.316	-4630.981	284.6656	0.7203093	0.9483567	12.95125
36360	-4346.591	-4631.223	284.6313	0.7105713	0.9690584	12.96301
36366	-4343.651	-4630.328	286.6767	0.755891	1.053013	11.83033
36372	-4335.143	-4616.252	281.1097	0.6906796	1.138571	14.7156
36378	-4345.081	-4628.534	283.4533	0.9504472	1.125297	13.37209
36384	-4332.364	-4616.555	284.1914	0.8634102	0.8647161	13.17021
36390	-4337.026	-4622.603	285.5765	0.8484447	1.009639	12.37793
36396	-4332.612	-4621.941	289.3291	0.8243137	1.009639	10.42799
36402	-4332.557	-4617.681	285.1242	0.8243137	1.26973	12.50301
36408	-4327.872	-4613.684	285.8113	0.8432077	1.26973	12.13511
36414	-4330.109	-4615.419	285.3103	0.9039476	1.064223	12.46005
36420	-4325.757	-4610.426	284.6694	0.7847844	0.9979011	12.88945
36426	-4325.482	-4611.145	285.6631	0.7664885	0.9974222	12.38186
36432	-4320.93	-4605.305	284.3747	0.7815548	1.004015	13.04118
36438	-4331.275	-4615.123	283.848	0.8116904	1.165392	13.22033
36444	-4332.083	-4618.776	286.6938	0.8358645	1.14604	11.73436
36450	-4334.691	-4622.284	287.5935	0.8898249	1.070119	11.27263
36456	-4340.085	-4627.457	287.3718	0.8129418	1.196757	11.36847
36462	-4315.035	-4601.785	286.7494	0.9563165	1.030093	11.6993
36468	-4312.576	-4599.415	286.8392	0.8648087	1.194022	11.62106
36474	-4319.472	-4605.641	286.1695	0.8298704	0.9325005	12.11965
36480	-4316.512	-4600.474	283.9622	0.7399494	1.246488	13.16167
36486	-4308.235	-4591.4	283.1657	0.8658756	1.032529	13.61083
36492	-4297.717	-4581.072	283.3554	0.8126932	0.922872	13.59789
36498	-4320.438	-4603.694	283.2558	0.7526019	1.082766	13.59789
36504	-4311.557	-4597.266	285.7088	0.7235179	0.9772945	12.39102
36510	-4323.76	-4609.69	285.9292	0.7201519	0.8935637	12.32382
36516	-4306.985	-4592.772	285.7876	0.8898375	0.8680002	12.32382
36522	-4296.802	-4584.507	287.7055	0.89333	0.9656066	11.2662
36528	-4310.073	-4595.288	285.2153	0.767511	0.949974	12.63976
36534	-4309.461	-4598.148	288.6874	0.9389616	0.8647834	10.78448
36540	-4347.697	-4633.832	286.1356	0.775961	1.184501	12.03909
36546	-4348.592	-4635.785	287.1931	0.807074	1.130778	11.49578
36552	-4314.513	-4600.706	286.1939	0.7947316	0.9466606	12.11749
36558	-4307.591	-4593.669	286.0774	0.7384914	0.9873057	12.18586
36564	-4314.567	-4600.971	286.4038	0.7794591	1.013403	11.98062
36570	-4314.126	-4599.283	285.1567	0.7526556	1.031193	12.63541
36576	-4322.819	-4608.374	285.5541	0.8061054	0.9500925	12.44317
36582	-4317.662	-4602.373	284.7117	0.7543819	0.8905709	12.94156
36588	-4324.618	-4611.439	286.8211	0.8930164	0.8006256	11.82332
36594	-4327.607	-4615.005	287.3975	0.8833435	0.7847847	11.5371
36600	-4335.114	-4617.01	281.8957	0.8289832	0.8992283	14.35956
36606	-4327.296	-4612.355	285.0587	0.741712	0.9421578	12.73894
36612	-4330.12	-4613.418	283.298	0.7209963	0.914266	13.68003
36618	-4322.272	-4609.354	287.0828	0.7659668	0.914266	11.68642
36624	-4318.841	-4605.036	286.1942	0.8282605	0.9890258	12.07721
36630	-4331.469	-4619.16	287.6916	0.7255453	0.9676449	11.36014
36636	-4334.506	-4622.328	287.8226	0.8867296	1.084611	11.14717
36642	-4318.811	-4605.147	286.3362	0.7761979	1.053625	11.99713
36648	-4336.858	-4623.514	286.6561	0.7790671	0.9786269	11.86737
36654	-4329.983	-4616.976	286.9925	0.8439498	0.9786269	11.65778
36660	-4349.505	-4632.148	282.6439	0.6891354	0.9451071	14.019
36666	-4352.892	-4635.585	282.693	0.7113207	0.9278058	13.99145
36672	-4311.129	-4594.069	282.9404	0.7379421	1.060306	13.78023
36678	-4320.004	-4609.271	289.2663	0.9289054	0.8816118	10.47624
36684	-4320.746	-4605.719	284.9736	0.883292	0.8371695	12.76921
36690	-4341.357	-4627.4	286.0423	0.7712505	0.8605782	12.25721
36696	-4353.638	-4632.622	278.9838	0.607807	0.8506423	16.00722
36702	-4325.95	-4609.109	283.1596	0.70331	0.9468683	13.74318
36708	-4325.041	-4607.471	282.4297	0.7044029	0.9537988	14.1174
36714	-4341.667	-4624.902	283.2346	0.7876249	0.8624315	13.70777
36720	-4322.507	-4607.559	285.0523	0.8118869	0.8458864	12.76027
36726	-4334.321	-4617.682	283.3615	0.7941467	0.9773557	13.575
36732	-4307.966	-4592.537	284.5713	0.6593672	0.9176872	13.04875
36738	-4303.683	-4588.172	284.489	0.74484	0.9911943	13.00754
36744	-4321.531	-4604.148	282.6175	0.7237856	1.103868	13.93375
36750	-4311.648	-4597.702	286.0539	0.709219	0.9719293	12.22148
36756	-4320.478	-4604.153	283.6755	0.7913184	1.035467	13.38337
36762	-4335.089	-4622.118	287.0286	0.9121744	0.9264173	11.63157
36768	-4330.69	-4613.626	282.9353	0.716019	1.144334	13.75373
36774	-4303.413	-4590.211	286.798	0.7607549	0.9802309	11.80198
36780	-4306.868	-4590.687	283.819	0.7929028	1.078023	13.28679
36786	-4313.87	-4597.687	283.8164	0.8288588	0.8157937	13.41189
36792	-4325.032	-4606.438	281.4057	0.8493031	1.009053	14.54383
36798	-4322.618	-4604.215	281.5974	0.7891113	0.8830158	14.54383
36804	-4339.229	-4625.699	286.4692	0.9747152	0.9209809	11.89406
36810	-4324.065	-4611.08	287.0155	0.8759036	1.101484	11.56674
36816	-4326.322	-4614.036	287.7141	0.8576821	0.8248975	11.36035
36822	-4324.883	-4612.421	287.5381	0.8075267	1.038945	11.36035
36828	-4318.493	-4606.52	288.0272	0.89101	0.8435232	11.16794
36834	-4323.976	-4608.993	285.0164	0.8428525	1.033102	12.66055
36840	-4310.719	-4596.025	285.3058	0.7356264	0.8586124	12.66055
36846	-4302.293	-4589.269	286.976	0.8879615	0.9046704	11.68383
36852	-4319.238	-4605.875	286.637	0.7942017	1.169792	11.77471
36858	-4322.292	-4610.941	288.6489	0.8315478	1.176162	10.69937
36864	-4337.699	-4624.34	286.641	0.841809	0.8598662	11.90856
36870	-4327.074	-4614.491	287.4177	0.9154412	0.9787384	11.39811
36876	-4316.001	-4603.033	287.0319	1.020065	0.9617517	11.5542
36882	-4323.239	-4608.31	285.0708	1.044058	0.9726346	12.55888
36888	-4320.294	-4608.667	288.3731	0.9324657	0.8498458	10.96138
36894	-4319.618	-4602.96	283.3426	0.7622045	0.9496149	13.6162
36900	-4313.025	-4597.244	284.2189	0.9020218	0.9708993	13.07692
36906	-4335.043	-4619.997	284.9538	0.9142758	1.014939	12.66521
36912	-4335.735	-4618.139	282.4035	0.8575138	0.9076848	14.07685
36918	-4328.659	-4613.789	285.13	0.8575138	0.8026739	12.72205
36924	-4330.276	-4614.64	284.3636	0.817543	1.067964	12.99587
36930	-4325.614	-4611.352	285.7375	0.7962235	0.9198947	12.36932
36936	-4334.766	-4621.949	287.1837	0.792127	1.067581	11.53928
36942	-4319.046	-4605.608	286.5618	0.8400002	1.024346	11.86093
36948	-4320.58	-4606.117	285.5365	0.7715475	1.061372	12.41258
36954	-4328.913	-4612.621	283.7073	0.7734668	0.8227913	13.49312
36960	-4322.24	-4608.775	286.5357	0.8601914	0.8205388	11.97727
36966	-4329.338	-4614.637	285.2991	0.8036928	1.270985	12.4221
36972	-4321.292	-4606.417	285.1247	0.7287134	1.091034	12.63476
36978	-4324.282	-4610.245	285.9622	0.6725204	1.052312	12.24686
36984	-4319.161	-4605.119	285.958	0.9411477	0.9728929	12.15004
36990	-4341.519	-4627.412	285.8933	0.8106323	1.069432	12.20226
36996	-4334.952	-4620.991	286.0388	0.8613341	0.9424201	12.16595
37002	-4324.341	-4610.106	285.7652	0.7939706	0.9424201	12.34371
37008	-4327.268	-4614.077	286.8086	0.9782156	1.047389	11.64812
37014	-4331.939	-4618.968	287.029	0.8638027	0.9418853	11.64812
37020	-4322.792	-4607.872	285.0792	0.8218377	1.061761	12.62436
37026	-4325.889	-4611.09	285.2015	0.8059287	0.954809	12.62436
37032	-4320.417	-4609.315	288.8985	0.8738352	0.9028484	10.68601
37038	-4335.342	-4622.91	287.5674	0.7611352	0.9240657	11.43022
37044	-4307.555	-4596.813	289.2576	0.9303277	1.082851	10.3727
37050	-4348.434	-4629.924	281.4896	0.6413816	1.112379	14.55686
37056	-4354.563	-4639.401	284.8382	0.7493018	1.189121	12.72687
37062	-4321.885	-4607.384	285.4985	0.6831662	1.018652	12.50001
37068	-4309.853	-4593.743	283.89	0.6587051	1.018652	13.34939
37074	-4332.239	-4616.063	283.8243	0.7244431	1.018652	13.34939
37080	-4340.242	-4624.673	284.4311	0.7244431	1.088928	12.99888
37086	-4321.785	-4609.245	287.4603	0.7814481	0.9699465	11.45061
37092	-4320.61	-4605.456	284.8468	0.81577	0.9898947	12.78521
37098	-4328.203	-4613.932	285.7289	0.7234425	1.09378	12.32142
37104	-4327.805	-4613.572	285.7662	0.8885777	1.143426	12.19215
37110	-4345.973	-4628.068	282.0955	0.7342441	1.145436	14.17924
37116	-4334.462	-4618.983	284.5211	0.7021142	1.064524	12.97569
37122	-4327.599	-4610.338	282.7392	0.7385654	1.064524	13.88216
37128	-4334.211	-4612.372	278.1611	0.8721848	1.12281	16.1529
37134	-4328.948	-4613.591	284.6436	0.8217109	1.111593	12.82679
37140	-4317.885	-4607.757	289.8725	1.030091	1.131399	9.973252
37146	-4321.891	-4610.534	288.6427	0.9063705	0.9126773	10.79757
37152	-4315.859	-4603.386	287.5268	0.9138934	0.862898	11.40638
37158	-4317.554	-4606.436	288.8822	0.925373	1.04285	10.59246
37164	-4313.58	-4603.466	289.8857	0.8485432	0.9468737	10.15629
37170	-4324.511	-4611.876	287.3647	0.990745	0.8292575	11.47086
37176	-4316.111	-4602.358	286.2469	0.7104301	0.9999706	12.10542
37182	-4324.964	-4610.12	285.1558	0.8567161	1.000044	12.59777
37188	-4333.626	-4621.264	287.6377	0.9196361	1.093954	11.22212
37194	-4347.231	-4633.046	285.8143	0.8799135	0.9043125	12.29441
37200	-4332.53	-4621.808	289.2782	0.9895662	0.9504219	10.39953
37206	-4319.221	-4603.638	284.4169	0.9060792	1.057635	12.92722
37212	-4316.813	-4601.54	284.7274	0.8247029	0.9216168	12.87941
37218	-4307.999	-4591.538	283.5394	0.7601994	0.9016437	13.54146
37224	-4316.101	-4599.393	283.2913	0.7428818	0.9908014	13.63099
37230	-4311.454	-4597.183	285.7285	0.8634772	0.9061992	12.34659
37236	-4317.409	-4603.208	285.7996	0.7630285	0.9338092	12.34659
37242	-4331.772	-4617.437	285.6653	0.7983241	1.003055	12.36122
37248	-4336.034	-4619.432	283.3987	0.8035268	1.231698	13.42792
37254	-4339.272	-4622.927	283.6556	0.7131286	1.048169	13.42792
37260	-4325.839	-4610.809	284.9703	0.739726	0.8932867	12.81313
37266	-4325.356	-4612.094	286.7375	0.9900085	1.052311	11.67664
37272	-4322.268	-4609.611	287.3434	0.936574	1.003175	11.41307
37278	-4321.262	-4607.554	286.2919	0.7677314	0.9023796	12.10494
37284	-4330.439	-4614.636	284.1967	0.7765702	0.9353504	13.17286
37290	-4317.232	-4604.929	287.6967	0.9582934	1.054022	11.19081
37296	-4331.005	-4613.729	282.7235	0.7638255	0.8678118	13.98215
37302	-4315.296	-4599.785	284.4895	0.8510397	0.877495	13.01431
37308	-4312.748	-4598.869	286.1211	0.7996555	0.9615601	12.14486
37314	-4321.216	-4608.475	287.2594	0.7895475	0.9241264	11.57634
37320	-4332.158	-4614.276	282.1176	0.6856671	1.076265	14.22608
37326	-4337.462	-4623.152	285.69	0.7596026	1.157011	12.2927
37332	-4339.513	-4625.838	286.3247	0.9156679	1.179486	11.86983
37338	-4318.254	-4603.777	285.5238	0.8329841	0.8884688	12.47915
37344	-4305.405	-4593.808	288.4038	0.8353662	1.000606	10.91235
37350	-4307.721	-4596.074	288.3536	0.8232219	1.06445	10.91235
37356	-4319.436	-4609.532	290.0952	0.6191433	0.888006	10.19978
37362	-4319.084	-4602.928	283.8435	0.6136036	0.8857166	13.46864
37368	-4312.366	-4597.595	285.229	0.6932381	1.017105	12.63592
37374	-4343.091	-4630.604	287.513	0.8375973	1.157892	11.29973
37380	-4319.715	-4606.954	287.239	0.7706224	0.8936849	11.61396
37386	-4306.643	-4593.776	287.1328	0.8195815	0.7945147	11.7027
37392	-4305.662	-4593.337	287.6752	0.7982768	1.096966	11.26452
37398	-4309.453	-4597.367	287.9134	0.8144409	1.048123	11.15568
37404	-4313.487	-4601.455	287.9673	0.8358721	1.151065	11.06606
37410	-4312.442	-4596.375	283.9332	0.86045	0.8705509	13.30251
37416	-4313.314	-4599.313	285.9988	0.86045	0.9295487	12.19434
37422	-4311.159	-4596.593	285.4339	0.9073508	0.9073574	12.4766
37428	-4318.2	-4603.622	285.4217	0.8890082	0.9360759	12.4766
37434	-4315.521	-4604.217	288.6958	0.8661411	0.9861285	10.75078
37440	-4317.854	-4603.591	285.7376	0.7570961	1.092562	12.29997
37446	-4312.169	-4598.03	285.8613	0.7132791	1.009648	12.29997
37452	-4313.474	-4598.994	285.5204	0.8373478	1.020026	12.40761
37458	-4318.576	-4602.73	284.1544	0.8578484	1.043976	13.09565
37464	-4327.45	-4614.271	286.8208	0.8818486	1.06933	11.68111
37470	-4336.799	-4621.411	284.6114	0.9162589	1.031057	12.83413
37476	-4329.891	-4612.684	282.793	0.7046742	0.959825	13.92567
37482	-4334.651	-4616.637	281.9857	0.7485876	1.061179	14.26924
37488	-4332.691	-4618.442	285.7506	0.7381781	0.9320899	12.38601
37494	-4321.473	-4605.943	284.4696	0.7257872	0.9763837	13.03532
37500	-4328.543	-4613.206	284.6628	0.7728118	1.048406	12.87326
37506	-4319.623	-4606.252	286.6299	0.6436087	1.041695	11.91906
37512	-4313.631	-4597.87	284.2396	0.7785157	1.007694	13.11109
37518	-4317.129	-4604.566	287.4366	0.7492179	1.007694	11.45994
37524	-4332.348	-4620.031	287.6826	0.7731893	0.9981216	11.32375
37530	-4333.982	-4620.085	286.1031	0.6575132	0.9665282	12.22568
37536	-4316.323	-4599.349	283.0257	0.7524469	1.176157	13.67314
37542	-4324.833	-4607.581	282.7473	0.6900207	0.9684731	13.9524
37548	-4332.196	-4616.352	284.1561	0.7226473	1.045815	13.16411
37554	-4332.54	-4616.917	284.3771	0.7710259	1.060313	13.01684
37560	-4327.283	-4613.03	285.747	0.750654	0.954258	12.36932
37566	-4334.803	-4619.805	285.0023	0.6434842	0.954258	12.81288
37572	-4323.172	-4606.693	283.521	0.6222856	1.004364	13.56727
37578	-4314.85	-4599.906	285.0553	0.7976372	1.091136	12.63494
37584	-4322.23	-4603.139	280.9091	0.7932141	0.9594262	14.85593
37590	-4322.464	-4603.508	281.0447	0.7428733	1.026901	14.77669
37596	-4324.733	-4604.35	279.6166	0.6960845	1.026901	15.5393
37602	-4320.472	-4604.104	283.6324	0.7494547	1.146092	13.37365
37608	-4329.768	-4614.514	284.7463	0.766988	0.9840076	12.86595
37614	-4331.057	-4616.733	285.676	0.8034646	1.009061	12.34983
37620	-4316.765	-4601.539	284.7735	0.7349502	0.8700472	12.93125
37626	-4327.743	-4612.414	284.6711	0.7043521	0.9962369	12.93125
37632	-4326.997	-4609.272	282.2752	0.6528193	0.9636503	14.21899
37638	-4328.849	-4610.873	282.0241	0.6938574	0.8815922	14.37298
37644	-4348.935	-4636.549	287.614	0.8999009	0.7848376	11.41525
37650	-4327.22	-4611.532	284.312	0.727126	0.9366724	13.1379
37656	-4322.723	-4606.577	283.8539	0.7652243	0.944249	13.35202
37662	-4322.772	-4605.621	282.8489	0.7093932	1.071475	13.83697
37668	-4326.449	-4609.445	282.9953	0.708328	0.9263837	13.83697
37674	-4333.549	-4618.375	284.826	0.8669451	0.891626	12.82296
37680	-4343.503	-4633.092	289.5881	0.8941417	1.03088	10.24421
37686	-4328.475	-4617.032	288.5577	0.8004509	0.9772798	10.86228
37692	-4321.329	-4605.624	284.2952	0.5929624	1.017438	13.17363
37698	-4327.98	-4613.181	285.2005	0.7779207	0.9315295	12.6521
37704	-4328.996	-4611.971	282.9752	0.8482532	0.9625664	13.75525
37710	-4324.854	-4606.108	281.2541	0.8193491	0.9083858	14.69163
37716	-4336.499	-4622.461	285.9626	0.6560785	0.9005331	12.33587
37722	-4318.758	-4604.816	286.0585	0.786817	0.9273457	12.20281
37728	-4321.558	-4605.862	284.3045	0.7133085	1.032791	13.0984
37734	-4323.792	-4606.058	282.2669	0.805191	1.112464	14.06921
37740	-4336.712	-4620.363	283.6509	0.6892898	0.9737755	13.48108
37746	-4346.047	-4631.4	285.3531	0.8295113	0.8669164	12.58223
37752	-4338.455	-4626.993	288.5374	1.030228	0.8061425	10.85041
37758	-4335.726	-4621.042	285.3153	0.8285932	0.7599773	12.66736
37764	-4335.056	-4624.031	288.9752	0.8706318	0.8842355	10.65808
37770	-4332.227	-4615.097	282.869	0.8279282	0.9166829	13.84579
37776	-4321.534	-4602.234	280.6994	0.7158405	1.031122	14.96719
37782	-4316.611	-4601.368	284.7571	0.7158405	1.229409	12.76833
37788	-4328.641	-4613.404	284.7624	0.8999704	1.02262	12.76833
37794	-4320.37	-4608.805	288.4349	0.8721194	0.9313883	10.91401
37800	-4322.13	-4608.473	286.3433	0.6772843	0.8449436	12.15848
37806	-4327.936	-4613.24	285.3039	0.705359	1.116888	12.54111
37812	-4321.955	-4606.401	284.446	0.7892756	0.8883071	13.06286
37818	-4328.072	-4614.244	286.1722	0.756351	1.070913	12.08442
37824	-4322.369	-4609.294	286.9247	0.8144089	1.174246	11.61178
37830	-4334.745	-4619.261	284.5162	0.9691781	1.128791	12.80813
37836	-4325.094	-4610.932	285.8381	0.790494	1.142075	12.2064
37842	-4324.602	-4608.839	284.2369	0.7371683	0.9183451	13.18178
37848	-4333.596	-4617.611	284.0147	0.7774413	0.9974835	13.23386
37854	-4333.49	-4615.095	281.6052	0.8454411	1.029235	14.43223
37860	-4336.77	-4622.659	285.8885	0.7713908	1.072388	12.22375
37866	-4330.325	-4616.172	285.8474	0.8125206	1.072388	12.22375
37872	-4330.858	-4615.16	284.3016	0.8464135	0.9838586	13.05603
37878	-4327.561	-4611.22	283.6593	0.7579152	0.9067452	13.47749
37884	-4322.009	-4606.046	284.0369	0.7490707	1.163441	13.1556
37890	-4321.456	-4606.51	285.0542	0.7115071	0.9319187	12.76262
37896	-4324.347	-4606.575	282.2282	0.6294239	1.014409	14.22895
37902	-4318.111	-4599.166	281.0543	0.7055318	1.079139	14.76503
37908	-4316.23	-4600.049	283.819	0.7653293	1.150327	13.26649
37914	-4325.671	-4609.079	283.408	0.5968507	1.125831	13.57895
37920	-4317.156	-4601.073	283.9171	0.6503088	1.03358	13.33209
37926	-4315.003	-4598.146	283.1437	0.749292	1.260421	13.57585
37932	-4325.395	-4609.325	283.93	0.6975168	0.9198997	13.36096
37938	-4312.259	-4595.658	283.3995	0.6975168	1.094599	13.54611
37944	-4324.533	-4606.738	282.2048	0.7757869	1.015457	14.16468
37950	-4318.614	-4601.323	282.7091	0.6951636	1.110845	13.89775
37956	-4323.398	-4606.974	283.5762	0.8488205	1.088259	13.37888
37962	-4332.826	-4621.759	288.9331	0.8821858	1.056618	10.58142
37968	-4344.283	-4628.209	283.9261	0.8821858	1.089932	13.17894
37974	-4324.29	-4606.477	282.1872	0.8088684	0.8676061	14.23691
37980	-4322.725	-4606.266	283.5412	0.7574144	1.052007	13.46239
37986	-4346.387	-4630.423	284.0363	0.7807597	1.115989	13.16175
37992	-4341.627	-4626.104	284.4764	0.8331099	0.9722247	12.97817
37998	-4346.612	-4631.19	284.5782	0.6915513	1.003971	12.98222
38004	-4346.578	-4631.992	285.4145	0.9188484	0.9895071	12.43616
38010	-4335.715	-4622.641	286.9253	0.8386108	1.046304	11.66067
38016	-4334.997	-4621.964	286.9672	0.8920838	0.9293573	11.67253
38022	-4326.419	-4614.271	287.8524	0.8971588	0.9367186	11.20298
38028	-4319.253	-4607.165	287.9122	0.8501188	0.9246983	11.20298
38034	-4325.053	-4610.806	285.753	0.7489861	0.9882231	12.34897
38040	-4326.668	-4613.194	286.5256	0.9435486	0.9882231	11.84454
38046	-4323.167	-4607.508	284.341	0.8045032	0.9882231	13.055
38052	-4311.235	-4595.171	283.9361	0.8045032	0.9385863	13.29198
38058	-4310.801	-4596.388	285.5867	0.6525857	1.016219	12.47129
38064	-4303.34	-4591.763	288.4229	0.9522401	0.8979106	10.89703
38070	-4324.622	-4608.387	283.7649	0.9779318	1.194223	13.16386
38076	-4324.172	-4605.16	280.9877	0.8560011	1.273419	14.63255
38082	-4330.818	-4616.677	285.8589	0.7588441	0.9966898	12.28419
38088	-4318.455	-4604.138	285.6832	0.7761331	1.164427	12.28419
38094	-4317.589	-4604.003	286.4138	0.7398693	1.151991	11.92787
38100	-4307.404	-4595.616	288.2123	0.8357192	0.9762394	11.02535
38106	-4320.724	-4607.895	287.1703	0.8535103	0.9072326	11.59888
38112	-4311.002	-4597.593	286.5909	0.880556	1.086376	11.79347
38118	-4308.768	-4594.523	285.7545	0.7981322	1.037921	12.29691
38124	-4328.17	-4614.165	285.9956	0.7878852	0.898963	12.25085
38130	-4328.821	-4614.05	285.2281	0.6994203	1.149108	12.56841
38136	-4310.384	-4592.888	282.5044	0.706977	0.9504567	14.07919
38142	-4312.687	-4594.9	282.2132	0.8375254	0.9504567	14.16243
38148	-4316.633	-4602.108	285.4758	0.9253707	1.092078	12.34896
38154	-4330.764	-4612.348	281.5837	0.8167221	1.04319	14.45116
38160	-4312.324	-4600.132	287.808	0.8217692	1.022385	11.22011
38166	-4325.77	-4616.139	290.3698	0.9735733	0.9159666	9.852884
38172	-4328.333	-4617.312	288.9788	0.9538626	0.9816938	10.55863
38178	-4320.853	-4604.404	283.5515	0.8930934	0.9895001	13.41853
38184	-4323.46	-4612.527	289.0668	0.947191	0.9738932	10.52011
38190	-4327.114	-4612.348	285.2346	0.8498906	1.03498	12.54229
38196	-4329.348	-4613.379	284.0317	0.921794	1.03498	13.13073
38202	-4328.553	-4616.424	287.8712	1.044913	0.9414646	11.11323
38208	-4325.914	-4616.365	290.4512	1.074705	1.097193	9.661446
38214	-4320.77	-4608.185	287.415	0.8137498	1.085234	11.39832
38220	-4322.244	-4606.799	284.5556	0.8428079	1.060819	12.88642
38226	-4319.701	-4606.516	286.815	0.8323547	1.119104	11.68572
38232	-4323.407	-4608.25	284.844	0.8564037	0.9637129	12.7794
38238	-4341.688	-4629.236	287.5478	0.7325361	0.8831037	11.47855
38244	-4329.516	-4615.358	285.8424	0.7940461	1.122492	12.21161
38250	-4332.722	-4618.919	286.1964	0.807496	0.9241329	12.1219
38256	-4328.356	-4612.946	284.5904	0.868751	0.9155463	12.93112
38262	-4336.931	-4623.821	286.89	0.9260938	1.065136	11.62395
38268	-4327.588	-4615.565	287.9768	0.8737839	0.9192288	11.1598
38274	-4329.664	-4617.688	288.0243	0.8452747	0.9015624	11.1598
38280	-4324.648	-4610.656	286.0071	0.7980754	1.150883	12.11022
38286	-4337.647	-4626.617	288.9699	0.8050885	0.952054	10.6573
38292	-4337.281	-4625.63	288.3498	0.8478659	0.980464	10.94468
38298	-4341.251	-4627.347	286.0962	0.7803618	1.120384	12.08743
38304	-4345.54	-4633.131	287.5909	0.7765237	1.034985	11.35096
38310	-4327.472	-4616.308	288.8366	0.765712	1.034985	10.70416
38316	-4324.708	-4612.413	287.7054	0.8554518	1.010764	11.2622
38322	-4315.483	-4602.46	286.9767	0.805668	1.100803	11.62402
38328	-4328.787	-4613.089	284.3019	0.7532142	1.035306	13.07777
38334	-4330.09	-4614.498	284.4083	0.7402949	0.9425672	13.07777
38340	-4332.891	-4618.259	285.3684	0.6828208	1.163758	12.49716
38346	-4328.236	-4612.202	283.9658	0.6569279	0.9828204	13.32956
38352	-4328.819	-4616.553	287.7341	0.6702977	0.9310066	11.38671
38358	-4336.295	-4624.542	288.2472	0.8065272	0.936267	11.04398
38364	-4331.725	-4619.934	288.2087	0.791268	1.06693	11.00375
38370	-4331.966	-4612.819	280.8531	0.7083367	1.02907	14.89259
38376	-4328.194	-4614.742	286.5486	0.8402501	0.9294626	11.91809
38382	-4329.159	-4612.906	283.7475	0.6874424	0.8967839	13.4739
38388	-4322.044	-4608.077	286.0323	0.7272589	0.9228032	12.25001
38394	-4319.35	-4605.129	285.7785	0.7502458	0.9228032	12.3703
38400	-4345.364	-4630.049	284.6849	0.6194134	1.027867	12.95193
38406	-4328.464	-4616.642	288.178	0.8855354	0.79914	11.11878
38412	-4323.563	-4610.203	286.6397	0.7466601	1.024167	11.86905
38418	-4318.93	-4604.529	285.5993	0.9247514	1.039067	12.31125
38424	-4312.533	-4595.967	283.434	0.7812955	1.254611	13.41101
38430	-4339.11	-4627.322	288.2127	0.9331602	1.022112	10.95005
38436	-4331.654	-4615.135	283.4805	0.801687	1.00638	13.4941
38442	-4326.335	-4610.453	284.1179	0.7834905	0.8411556	13.26371
38448	-4313.879	-4597.841	283.9621	0.7945778	0.879758	13.31646
38454	-4315.146	-4599.356	284.2102	0.644886	0.8563136	13.27887
38460	-4311.189	-4595.029	283.8398	0.7660952	1.100639	13.27887
38466	-4329.9	-4617.102	287.202	0.6919006	0.9163798	11.66164
38472	-4324.196	-4611.154	286.9586	0.7973838	1.100429	11.63798
38478	-4325.122	-4610.525	285.4035	0.7122649	1.080488	12.50329
38484	-4321.77	-4607.611	285.841	0.7970471	0.9224486	12.31356
38490	-4323.808	-4608.944	285.1361	0.8453031	0.9995699	12.6142
38496	-4328.668	-4617.05	288.382	0.6798581	0.8945551	11.06307
38502	-4315.8	-4603.522	287.7215	0.819323	0.9676121	11.29543
38508	-4318.053	-4605.856	287.8033	0.8663836	0.8478374	11.29543
38514	-4307.797	-4595.545	287.7479	0.786139	0.9634374	11.30126
38520	-4314.563	-4602.953	288.3898	0.7965683	1.060456	10.90932
38526	-4329.123	-4615.852	286.729	0.7929959	0.9456745	11.83975
38532	-4333.003	-4619.47	286.4672	0.773683	0.942411	11.98822
38538	-4325.047	-4611.67	286.6235	0.8783388	1.059603	11.79085
38544	-4329.49	-4616.441	286.951	0.8215467	0.8038065	11.79085
38550	-4318.804	-4604.084	285.2797	0.7832822	1.061937	12.53994
38556	-4318.909	-4602.52	283.6103	0.7512899	1.061937	13.42474
38562	-4321.006	-4609.455	288.4488	0.8788992	0.8156035	10.9703
38568	-4315.545	-4601.776	286.2311	0.7030665	0.827726	12.21375
38574	-4320.52	-4604.83	284.3103	0.9637342	0.9413769	13.01319
38580	-4319.363	-4608.47	289.1073	0.9560982	0.8914526	10.53979
38586	-4318.865	-4608.002	289.1367	0.9649825	0.8567755	10.53979
38592	-4318.653	-4603.428	284.7748	0.7231838	1.110914	12.81013
38598	-4317.59	-4601.966	284.3759	0.8599772	1.05904	12.97184
38604	-4314.467	-4599.255	284.7881	0.8177319	0.9632705	12.82883
38610	-4326.136	-4607.385	281.249	0.7431168	0.8947055	14.74139
38616	-4313.482	-4601.019	287.5366	0.8119231	0.9532144	11.40381
38622	-4329.757	-4616.998	287.2412	0.7636237	0.9549846	11.58248
38628	-4318.752	-4606.811	288.0583	0.8557682	1.021878	11.07155
38634	-4333.631	-4619.172	285.5403	0.8552429	0.9613287	12.41874
38640	-4327.536	-4608.507	280.9706	0.7512744	0.8418998	14.91157
38646	-4324.913	-4610.609	285.696	0.8322387	0.8953862	12.38591
38652	-4325.695	-4612.772	287.0772	0.733041	1.044543	11.63732
38658	-4316.785	-4602.439	285.6539	0.8432842	0.8552339	12.42518
38664	-4310.045	-4597.313	287.2684	0.7327878	0.8552339	11.64058
38670	-4317.756	-4602.673	284.9174	0.7830487	1.106814	12.70669
38676	-4321.392	-4607.698	286.306	0.7795872	1.024691	12.02575
38682	-4303.453	-4593.58	290.1274	0.9112744	1.094489	9.919506
38688	-4310.578	-4597.663	287.0847	0.8463203	1.094489	11.5494
38694	-4298.752	-4584.475	285.7232	0.7776821	1.010165	12.3381
38700	-4305.527	-4596.02	290.4923	0.8822299	0.7958743	9.907546
38706	-4292.111	-4581.189	289.0777	0.8796404	0.9529267	10.56116
38712	-4298.79	-4586.441	287.6507	0.8451183	0.87366	11.37132
38718	-4309.414	-4596.969	287.5544	0.7950546	0.9234742	11.4196
38724	-4303.879	-4589.168	285.289	0.862355	1.022735	12.51373
38730	-4295.884	-4582.095	286.2109	0.8193026	1.022735	12.05568
38736	-4301.732	-4586.198	284.4661	0.9003236	0.9880058	12.94027
38742	-4332.043	-4618.077	286.0341	0.7158839	0.9484445	12.24096
38748	-4325.097	-4610.572	285.4754	0.7115153	0.9484445	12.53431
38754	-4305.288	-4589.978	284.6901	0.7899516	1.089391	12.82989
38760	-4299.208	-4582.68	283.4719	0.7852707	0.8572995	13.58882
38766	-4293.455	-4578.866	285.4108	0.8828955	1.022282	12.4398
38772	-4335.732	-4623.47	287.7382	0.9954258	1.028401	11.16269
38778	-4323.44	-4610.22	286.7801	0.8405384	1.028401	11.74461
38784	-4321.213	-4607.821	286.608	0.8802668	1.170361	11.74461
38790	-4305.194	-4591.144	285.95	0.81748	0.8357166	12.2959
38796	-4309.963	-4593.45	283.487	0.6834554	1.063671	13.52316
38802	-4312.14	-4603.126	290.986	0.9288911	0.9335287	9.541766
38808	-4311.579	-4598.448	286.8693	0.8176096	1.178815	11.63696
38814	-4310.459	-4595.077	284.618	0.7334542	0.8987406	12.99654
38820	-4301.827	-4589.551	287.7238	0.7633931	1.114418	11.2489
38826	-4312.001	-4599.81	287.8084	0.7796971	1.008924	11.2489
38832	-4328.217	-4615.378	287.1605	0.8164765	1.045675	11.54963
38838	-4328.572	-4614.996	286.4239	0.8441481	0.9575747	11.96583
38844	-4329.76	-4612.398	282.6378	0.9364636	1.127558	13.80159
38850	-4323.459	-4608.865	285.4064	0.7483299	1.036655	12.50489
38856	-4319.747	-4604.433	284.6861	0.8358622	1.001523	12.85227
38862	-4334.371	-4619.049	284.6776	0.8152317	0.9671024	12.88555
38868	-4324.275	-4610.974	286.6996	0.7943371	0.9885358	11.83144
38874	-4321.535	-4607.24	285.7053	0.854374	1.032028	12.29624
38880	-4315.17	-4600.881	285.7112	0.872408	1.111996	12.24419
38886	-4314.364	-4598.722	284.3576	0.845533	1.081653	12.9777
38892	-4311.375	-4596.965	285.5895	0.8211399	1.050477	12.36459
38898	-4308.601	-4596.423	287.8217	0.8962026	0.96321	11.20515
38904	-4316.336	-4603.099	286.763	0.9014777	0.9636916	11.7556
38910	-4314.027	-4600.73	286.703	0.917925	1.006729	11.7556
38916	-4309.98	-4596.797	286.8168	0.9671372	0.8526177	11.7556
38922	-4326.425	-4611.088	284.6627	0.7020575	0.8841672	12.99787
38928	-4334.188	-4618.864	284.6758	0.7306057	1.022029	12.90183
38934	-4323.434	-4608.103	284.6691	0.8124406	1.213493	12.771
38940	-4328.518	-4615.545	287.0278	0.8757434	0.8655228	11.68559
38946	-4324.908	-4609.011	284.1029	0.7802986	1.05204	13.15866
38952	-4333.87	-4622.491	288.6208	0.9317498	1.028021	10.73381
38958	-4315.629	-4602.57	286.9405	0.9317498	1.165885	11.54611
38964	-4326.76	-4609.965	283.2053	0.7550891	1.103196	13.61285
38970	-4323.206	-4612.703	289.497	0.8814245	1.033776	10.2973
38976	-4305.865	-4597.519	291.654	1.010648	1.033776	9.09197
38982	-4318.005	-4609.606	291.6011	1.022732	1.076212	9.09197
38988	-4304.673	-4591.801	287.128	0.8230255	1.00246	11.58537
38994	-4305.536	-4591.227	285.6911	0.781421	0.9130121	12.40503
39000	-4311.39	-4600.969	289.5793	0.8653197	1.016863	10.27128
39006	-4314.9	-4598.457	283.5575	0.9087443	0.8136274	13.50618
39012	-4294.853	-4578.264	283.4116	0.7714139	1.084911	13.50618
39018	-4317.747	-4601.492	283.7446	0.778637	0.9832892	13.38095
39024	-4326.742	-4609.132	282.3907	0.8123353	0.8747797	14.12554
39030	-4323.824	-4610.281	286.4571	0.7769429	0.948819	11.98829
39036	-4329.727	-4615.086	285.3593	0.7429398	0.8215661	12.65088
39042	-4299.361	-4589.092	289.7305	0.9189818	0.8783226	10.23949
39048	-4311.353	-4600.617	289.2634	0.8282253	1.111352	10.4093
39054	-4325.061	-4611.905	286.8432	0.8282253	0.7454628	11.8805
39060	-4327.729	-4609.991	282.262	0.7266986	0.8533539	14.24899
39066	-4333.562	-4616.355	282.7929	0.7637582	0.9870307	13.88072
39072	-4306.584	-4594.337	287.7531	0.7929734	0.8636716	11.35082
39078	-4310.383	-4595.384	285.0016	0.6962709	0.9619743	12.7816
39084	-4312.624	-4597.409	284.785	0.7776919	1.100163	12.7816
39090	-4310.288	-4598.255	287.9668	0.7973947	1.105752	11.10811
39096	-4306.983	-4590.118	283.1354	0.6442571	0.915952	13.80332
39102	-4313.527	-4601.602	288.0752	0.8303489	1.033045	11.07033
39108	-4323.45	-4611.638	288.1876	0.8667002	0.888787	11.07033
39114	-4313.385	-4600.455	287.0699	0.7803183	0.9015954	11.69279
39120	-4315.984	-4603.087	287.1027	0.9044805	0.9015954	11.61076
39126	-4300.989	-4588.912	287.9231	0.7664235	1.013596	11.19342
39132	-4318.152	-4603.966	285.8136	0.7120101	0.8714504	12.40097
39138	-4317.958	-4605.924	287.9656	0.8938369	0.9521693	11.13703
39144	-4330.626	-4613.707	283.081	0.8445783	0.9203138	13.72516
39150	-4345.065	-4634.199	289.1339	0.9565348	0.9870259	10.47296
39156	-4341.604	-4629.052	287.4476	0.8641703	1.12385	11.33617
39162	-4323.765	-4607.132	283.3673	0.7058488	1.058667	13.57616
39168	-4334.322	-4621.514	287.1918	0.830895	0.9566463	11.57224
39174	-4323.358	-4608.427	285.0684	0.8235537	0.9892277	12.66616
39180	-4323.685	-4608.767	285.0817	0.7812598	1.026115	12.66219
39186	-4324.223	-4611.878	287.6552	0.899377	1.119655	11.2111
39192	-4316.688	-4604.365	287.6776	0.8400053	0.8480292	11.3749
39198	-4322.733	-4608.936	286.2022	0.8117016	0.9645207	12.09467
39204	-4320.632	-4605.822	285.1907	0.7669451	1.002284	12.62514
39210	-4327.602	-4615.452	287.8497	0.8636645	0.948768	11.21533
39216	-4321.702	-4606.61	284.9082	0.8059346	1.135385	12.68596
39222	-4320.764	-4605.435	284.6715	0.7913525	0.9558845	12.90718
39228	-4321.973	-4609.108	287.1346	0.8724026	0.8818236	11.62211
39234	-4307.221	-4594.365	287.1443	0.7604023	0.978647	11.62211
39240	-4305.68	-4593.322	287.6421	0.8045699	0.8637806	11.40276
39246	-4308.484	-4598.861	290.3773	0.9738828	0.8775185	9.870709
39252	-4320.304	-4608.201	287.897	0.8891833	1.141188	11.07963
39258	-4326.738	-4611.112	284.3741	0.897324	0.9474796	13.01124
39264	-4329.678	-4614.793	285.1154	0.8675884	0.9015589	12.66639
39270	-4327.223	-4611.12	283.8975	0.8745242	1.060264	13.21237
39276	-4336.795	-4621.811	285.0154	0.8624744	0.8101049	12.77456
39282	-4333.582	-4623.548	289.9668	0.9283877	0.9442869	10.07307
39288	-4337.561	-4623.727	286.1656	0.7790421	0.9442869	12.14174
39294	-4325.756	-4612.738	286.9821	0.8066744	0.8911739	11.73074
39300	-4317.284	-4605.407	288.1228	0.8980059	1.018857	11.01725
39306	-4317.354	-4605.43	288.0765	0.788699	1.018857	11.0987
39312	-4306.728	-4594.053	287.3257	0.833002	1.058078	11.44843
39318	-4319.784	-4603.261	283.4772	0.7341541	0.9908577	13.53898
39324	-4326.28	-4610.878	284.5982	0.812453	0.9908577	12.91573
39330	-4321.633	-4607.856	286.2233	0.8422078	0.7712612	12.18004
39336	-4323.668	-4611.681	288.0131	0.7488501	0.7917852	11.28118
39342	-4331.904	-4616.167	284.2638	0.7081294	1.063911	13.10663
39348	-4327.945	-4613.362	285.4171	0.7841223	0.934232	12.53462
39354	-4323.37	-4607.518	284.1475	0.7807175	1.169589	13.07879
39360	-4319.065	-4607.265	288.1995	0.7473636	0.8919087	11.12478
39366	-4319.326	-4607.625	288.2984	0.793168	0.7662202	11.12478
39372	-4303.036	-4587.807	284.7711	0.7453634	1.12575	12.79338
39378	-4297.14	-4585.905	288.7645	0.8291827	0.9356658	10.7614
39384	-4299.193	-4585.051	285.8577	0.9704567	0.8524399	12.25437
39390	-4296.722	-4587.046	290.3236	1.071267	0.8789047	9.846893
39396	-4303.332	-4589.473	286.1405	0.7876347	0.9759547	12.1333
39402	-4306.097	-4591.067	284.9701	0.7984046	1.112041	12.66881
39408	-4312.162	-4599.594	287.4323	0.897192	0.8848326	11.45186
39414	-4305.223	-4593.006	287.7828	0.8282865	1.127259	11.17788
39420	-4313.692	-4598.394	284.7022	0.797353	1.043359	12.84251
39426	-4319.118	-4604.14	285.0219	0.685718	0.8719533	12.82656
39432	-4308.751	-4593.606	284.8554	0.8053273	0.8973213	12.83649
39438	-4312.247	-4597.471	285.2232	0.8372328	1.097015	12.52406
39444	-4304.967	-4590.873	285.9059	0.7335316	1.059593	12.24079
39450	-4320.257	-4606.991	286.7338	0.7194074	1.021719	11.83545
39456	-4323.021	-4607.236	284.215	0.9206818	0.8916075	13.11275
39462	-4314.726	-4602.193	287.4669	0.7989033	1.040256	11.40139
39468	-4317.62	-4606.044	288.4243	0.8661965	1.090045	10.84009
39474	-4323.217	-4612.027	288.8097	0.9627487	1.088545	10.58801
39480	-4320.171	-4605.696	285.5245	0.8588042	1.029261	12.38958
39486	-4323.526	-4611.382	287.8566	0.8347069	1.121977	11.13846
39492	-4320.948	-4605.858	284.9104	0.9949453	0.9562763	12.67671
39498	-4317.166	-4604.975	287.8093	0.8842265	0.8821026	11.26301
39504	-4315.655	-4603.39	287.7352	0.8395163	0.9953819	11.26301
39510	-4316.262	-4602.314	286.0529	0.8806053	1.030371	12.10221
39516	-4318.042	-4604.056	286.0136	0.843414	1.005238	12.15501
39522	-4333.518	-4619.552	286.0344	0.7973955	0.93018	12.2083
39528	-4323.82	-4610.042	286.222	0.6928202	0.8539585	12.2083
39534	-4311.315	-4597.195	285.8798	0.8663038	0.9098573	12.26421
39540	-4312.325	-4602.039	289.7131	0.8663038	0.8756162	10.27789
39546	-4305.668	-4595.343	289.6758	0.9460114	0.837831	10.27789
39552	-4319.692	-4608.798	289.1056	0.8195118	1.075056	10.51457
39558	-4312.285	-4598.182	285.8961	0.7243341	0.9622683	12.30105
39564	-4313.096	-4598.978	285.8819	0.7609437	0.9406723	12.30105
39570	-4308.428	-4592.987	284.5591	0.6971756	1.052927	12.9643
39576	-4316.336	-4599.755	283.4194	0.826475	0.9210099	13.55857
39582	-4319.291	-4603.393	284.1023	0.7365843	1.083004	13.16638
39588	-4311.629	-4593.434	281.8052	0.770173	0.9913205	14.38711
39594	-4319.787	-4604.949	285.1614	0.7622796	0.9457705	12.67287
39600	-4315.744	-4597.373	281.6293	0.7320012	0.9060496	14.54394
39606	-4319.978	-4606.938	286.9594	0.8350469	1.003661	11.66659
39612	-4331.499	-4615.293	283.7948	0.7430989	0.9265152	13.40388
39618	-4332.894	-4618.137	285.2427	0.7780988	0.8141972	12.69771
39624	-4331.16	-4618.332	287.1715	0.8407709	0.8998481	11.60909
39630	-4329.44	-4618.622	289.1822	0.8505195	1.184375	10.40566
39636	-4320.615	-4606.572	285.9564	0.9312041	0.9770718	12.15383
39642	-4321.548	-4608.646	287.0976	0.7621306	1.045694	11.6109
39648	-4321.64	-4608.578	286.9379	0.9095619	1.058463	11.6109
39654	-4322.344	-4607.541	285.1965	0.7350701	0.9369224	12.67354
39660	-4318.672	-4601.285	282.6127	0.8589426	1.067914	13.88366
39666	-4321.864	-4609.184	287.3194	0.7775902	1.044433	11.48757
39672	-4321.924	-4608.651	286.7265	0.888903	1.015747	11.75383
39678	-4324.483	-4612.153	287.6697	0.9950713	1.015747	11.20526
39684	-4316.714	-4604.873	288.1594	0.9986213	1.071546	10.91865
39690	-4325.853	-4610.352	284.4987	0.8966143	1.071546	12.88268
39696	-4321.449	-4605.851	284.4019	0.8727041	1.012823	12.97507
39702	-4313.766	-4600.2	286.4337	0.8139368	0.9097227	12.00278
39708	-4318.064	-4604.031	285.9669	0.7197473	0.8917032	12.30545
39714	-4307.111	-4593.468	286.3568	0.8847749	0.978404	11.96848
39720	-4289.646	-4573.534	283.8878	0.8169533	1.091197	13.2321
39726	-4309.457	-4594.359	284.9018	0.9148623	1.059751	12.66931
39732	-4305.376	-4594.461	289.0846	0.9539739	0.9128496	10.54068
39738	-4319.206	-4605.448	286.2417	0.8831195	1.097204	11.96912
39744	-4312.094	-4597.477	285.3822	0.911442	0.901858	12.50447
39750	-4317.929	-4605.511	287.5818	0.8306708	0.9693828	11.36165
39756	-4320.817	-4608.263	287.4463	0.7517548	0.8763083	11.52544
39762	-4318.935	-4606.222	287.2876	0.8473789	0.9348272	11.52544
39768	-4319.154	-4606.93	287.7759	0.8394356	0.9796873	11.25004
39774	-4332.322	-4619.04	286.7185	0.8849839	1.164873	11.68702
39780	-4333.956	-4622.675	288.7195	0.8925777	0.9513522	10.74312
39786	-4334.224	-4620.498	286.2741	0.836258	1.126705	11.96246
39792	-4325.174	-4614.954	289.7799	0.836258	1.254094	10.06743
39798	-4321.289	-4605.587	284.2977	0.7691093	0.9550827	13.11354
39804	-4339.631	-4629.155	289.5243	0.9706984	1.013894	10.24633
39810	-4306.572	-4595.383	288.8112	0.8574479	1.020419	10.67683
39816	-4319.27	-4606.221	286.9512	0.807302	0.8369863	11.77811
39822	-4310.861	-4596.482	285.6201	0.8510979	1.02795	12.34442
39828	-4303.532	-4589.097	285.5658	0.799618	1.053551	12.38663
39834	-4307.67	-4598.963	291.2927	1.054711	1.183538	9.186402
39840	-4333.42	-4618.997	285.5768	0.8934134	1.006685	12.35587
39846	-4330.579	-4618.825	288.2458	1.07511	1.065745	10.83614
39852	-4322.473	-4609.411	286.9383	1.001204	1.065745	11.55918
39858	-4329.961	-4614.909	284.9475	0.8109056	1.094315	12.68259
39864	-4324.13	-4611.956	287.8261	0.9617405	1.094315	11.10128
39870	-4317.717	-4603.77	286.0525	0.8452814	0.9770998	12.14851
39876	-4314.6	-4598.439	283.8394	0.7600599	0.8658343	13.40613
39882	-4331.978	-4619.866	287.8882	0.9242536	0.9713407	11.15129
39888	-4332.154	-4619.879	287.7252	0.8514401	0.9982374	11.26049
39894	-4341.638	-4629.263	287.6248	0.9643313	0.9857584	11.26049
39900	-4318.218	-4606.24	288.0219	0.9981005	0.8038603	11.13864
39906	-4319.292	-4603.29	283.9984	0.9274806	0.9894066	13.16855
39912	-4331.653	-4619.777	288.1236	0.8032603	0.9947123	11.07903
39918	-4335.774	-4621.155	285.3804	0.7118976	1.00211	12.55513
39924	-4320.963	-4605.674	284.7111	0.912739	1.043638	12.7777
39930	-4311.4	-4596.739	285.339	0.8887192	1.095975	12.43739
39936	-4316.973	-4602.841	285.8688	0.9573436	1.198258	12.07738
39942	-4317.889	-4605.906	288.017	0.9157835	1.053901	11.04547
39948	-4319.519	-4605.847	286.3277	0.987027	1.107996	11.86475
39954	-4323.438	-4608.786	285.3474	0.7735132	1.175115	12.45557
39960	-4320.8	-4604.509	283.7095	0.7459391	0.9859638	13.4148
39966	-4323.736	-4612.231	288.4948	0.931268	0.9859638	10.8221
39972	-4310.109	-4594.569	284.4606	0.6831322	1.114569	12.99264
39978	-4307.004	-4594.253	287.2489	0.9835033	1.000605	11.43927
39984	-4300.682	-4586.838	286.1558	0.8238355	0.9859205	12.10118
39990	-4297.537	-4585.282	287.7448	0.8244147	1.042372	11.24162
39996	-4311.497	-4598.002	286.5047	0.7502349	0.8488756	12.03392
40002	-4309.3	-4594.27	284.9704	0.8070814	0.9410098	12.75154
40008	-4314.482	-4599.558	285.0756	0.7309613	0.9134532	12.75154
40014	-4314.574	-4599.805	285.2305	0.721876	1.01997	12.61876
40020	-4312.974	-4599.661	286.6864	0.8595258	1.01718	11.78936
40026	-4308.565	-4594.317	285.7522	0.8448516	1.044487	12.27046
40032	-4315.03	-4602.081	287.051	0.7426912	1.003109	11.66727
40038	-4309.056	-4597.482	288.4267	0.9240239	0.950595	10.88057
40044	-4319.1	-4605.139	286.0386	0.873935	1.075993	12.09023
40050	-4315.779	-4604.852	289.0738	0.973548	1.046302	10.46484
40056	-4308.744	-4592.433	283.6891	0.6944719	0.9690441	13.46102
40062	-4306.222	-4589.09	282.8682	0.7841597	1.038532	13.80459
40068	-4314.03	-4599.758	285.7278	0.781975	0.9761201	12.35132
40074	-4314.287	-4603.955	289.6678	0.9308243	0.8964029	10.25579
40080	-4310.921	-4596.55	285.6297	0.8076878	1.134767	12.30952
40086	-4310.207	-4596.979	286.7717	0.8265234	0.8511017	11.85343
40092	-4312.624	-4599.116	286.4918	0.7997226	1.157324	11.85343
40098	-4325.36	-4610.987	285.6262	0.9210733	1.221783	12.21219
40104	-4330.75	-4623.998	293.2474	1.064767	0.9090549	8.285565
40110	-4346.875	-4634.209	287.334	0.817929	0.9576519	11.50417
40116	-4333.534	-4619.68	286.1461	0.7976354	0.9576519	12.13496
40122	-4325.123	-4607.83	282.7067	0.7036027	0.9580078	13.97198
40128	-4319.958	-4603.974	284.0164	0.7961883	1.012278	13.21557
40134	-4316.857	-4603.856	286.9989	0.750486	1.012525	11.68549
40140	-4318.982	-4606.342	287.3593	0.7849893	0.9017484	11.53904
40146	-4308.678	-4598.278	289.5999	0.9598251	0.9818946	10.22916
40152	-4315.532	-4602.347	286.8145	0.8691672	1.025211	11.71328
40158	-4312.824	-4601.071	288.2471	0.7712193	1.025211	11.01528
40164	-4306.305	-4594.764	288.4591	0.8734975	0.9586478	10.8857
40170	-4319.879	-4608.754	288.8751	0.8909353	0.8358481	10.72831
40176	-4309.575	-4596.834	287.2598	0.9406072	1.12635	11.3932
40182	-4314.923	-4600.404	285.4816	0.8379321	0.8833867	12.50145
40188	-4307.617	-4592.429	284.8114	0.8379321	0.9198482	12.82984
40194	-4306.494	-4595.963	289.4693	0.8811071	1.130857	10.26393
40200	-4310.443	-4599.325	288.8818	0.9134355	1.150712	10.54611
40206	-4319.299	-4610.569	291.2701	1.071788	1.00934	9.275321
40212	-4308.391	-4597.366	288.9756	0.8327996	0.8623375	10.69043
40218	-4312.04	-4597.581	285.5413	0.7936101	0.9940855	12.43296
40224	-4303.34	-4590.445	287.1052	0.8567463	1.03071	11.56512
40230	-4301.565	-4590.365	288.8002	0.813287	0.9230067	10.75802
40236	-4298.712	-4584.152	285.4401	0.8496435	0.9721871	12.46801
40242	-4310.084	-4593.167	283.0834	0.7584729	1.10357	13.67418
40248	-4319.432	-4603.014	283.5822	0.8690991	0.9117239	13.45703
40254	-4315.677	-4601.21	285.5328	0.7328792	1.154089	12.38993
40260	-4340.959	-4627.868	286.9084	0.7038046	0.8232212	11.86278
40266	-4327.567	-4614.451	286.8833	0.9069938	0.9950978	11.67321
40272	-4305.008	-4591.547	286.5397	0.8666969	1.081804	11.8297
40278	-4312.827	-4597.316	284.4891	0.7687095	1.158153	12.9127
40284	-4319.553	-4603.506	283.9531	0.8747602	1.098069	13.16476
40290	-4318.253	-4603.162	284.9095	0.8492013	0.8619354	12.80579
40296	-4313.722	-4598.171	284.4489	0.8793253	0.938294	12.9867
40302	-4308.908	-4593.41	284.5013	0.8227971	0.9422108	12.9867
40308	-4316.394	-4601.377	284.9834	0.855849	1.079604	12.64774
40314	-4301.146	-4589.386	288.2397	0.8634447	0.9487584	11.01126
40320	-4300.165	-4589.127	288.9616	0.9238435	1.115439	10.51562
40326	-4292.579	-4579.727	287.1484	1.061076	1.052638	11.42458
40332	-4292.581	-4577.356	284.7748	0.7923338	1.052638	12.80272
40338	-4299.076	-4586.138	287.0618	0.8547599	1.065738	11.57118
40344	-4304.804	-4590.697	285.8932	0.7756407	0.9672506	12.27312
40350	-4314.847	-4600.636	285.789	0.8819462	0.9615198	12.27511
40356	-4302.658	-4589.748	287.0904	0.8063564	1.11353	11.55808
40362	-4298.514	-4588.163	289.6486	0.9009788	0.9163064	10.27032
40368	-4297.569	-4583.402	285.8329	0.8472544	0.9699898	12.2658
40374	-4309.542	-4596.944	287.4026	0.9143921	1.094852	11.34742
40380	-4318.996	-4605.718	286.7217	0.7374655	0.9301167	11.88107
40386	-4312.404	-4597.845	285.4415	0.8001471	0.9230735	12.51972
40392	-4312.271	-4598.226	285.9552	0.9029147	0.7986683	12.27106
40398	-4314.366	-4601.986	287.6201	0.8064684	0.9916079	11.34244
40404	-4308.48	-4594.122	285.6419	0.8562639	0.9561754	12.36801
40410	-4308.162	-4595.299	287.1362	0.7496164	0.9220273	11.66273
40416	-4328.719	-4617.515	288.7955	0.8056026	0.8608003	10.80004
40422	-4334.443	-4617.037	282.5945	0.7825092	1.044643	13.94433
40428	-4327.366	-4616.084	288.718	0.9841322	1.141845	10.59918
40434	-4317.991	-4605.531	287.5393	0.8750134	1.035502	11.32613
40440	-4314.837	-4598.836	283.9986	0.8839203	1.022503	13.17398
40446	-4328.547	-4611.634	283.0867	0.833607	1.022503	13.67367
40452	-4310.468	-4598.285	287.8167	0.7849983	0.9723591	11.26105
40458	-4314.618	-4598.146	283.5286	0.6304461	0.8654716	13.63499
40464	-4314.89	-4600.21	285.32	0.8739127	1.038073	12.48377
40470	-4308.389	-4593.484	285.0945	0.7287484	1.038073	12.67675
40476	-4316.96	-4602.783	285.8227	0.8969847	1.096179	12.1809
40482	-4311.792	-4602.434	290.6425	1.126105	1.049145	9.557519
40488	-4321.067	-4608.309	287.2421	0.7801805	0.7494533	11.69472
40494	-4334.76	-4625.216	290.456	0.842165	0.8928809	9.889798
40500	-4319.434	-4605.558	286.124	0.8763523	1.071756	12.04651
40506	-4329.56	-4613.501	283.9413	0.9179885	0.9077137	13.24736
40512	-4312.646	-4600.513	287.8672	0.9371518	0.9020546	11.19366
40518	-4306.157	-4591.699	285.5412	0.8396753	0.96722	12.42319
40524	-4305.161	-4590.804	285.6435	0.786049	0.9697536	12.39651
40530	-4327.657	-4617.677	290.0204	0.8571654	0.8589514	10.13084
40536	-4326.511	-4616.317	289.8061	0.9701069	0.9530578	10.13084
40542	-4303.52	-4592.945	289.425	0.8418023	0.8838445	10.43734
40548	-4299.877	-4585.872	285.9952	0.7603142	0.9806781	12.22081
40554	-4313.961	-4598.739	284.7773	0.756391	0.9925407	12.85085
40560	-4313.268	-4598.33	285.0624	0.7098754	0.9925407	12.72674
40566	-4318.515	-4603.365	284.8504	0.6475391	0.9837125	12.87411
40572	-4311.222	-4597.229	286.007	0.8416773	1.062667	12.13014
40578	-4322.766	-4606.402	283.6367	0.7676012	1.184659	13.34411
40584	-4319.773	-4604.037	284.2646	0.8782671	1.072449	13.01355
40590	-4309.633	-4598.372	288.7396	0.8543652	0.9574805	10.74933
40596	-4311.41	-4599.587	288.1767	0.9931448	0.9827287	10.95806
40602	-4310.18	-4593.311	283.1315	0.8344157	1.062915	13.62967
40608	-4314.861	-4599.534	284.673	0.8432163	1.131212	12.79094
40614	-4325.223	-4613.117	287.894	0.8432163	0.8740778	11.24478
40620	-4324.568	-4610.337	285.7698	0.7199667	0.9996134	12.34937
40626	-4317.837	-4601.393	283.556	0.8295795	0.8886067	13.50417
40632	-4318.205	-4604.065	285.8599	0.8619553	0.9690304	12.24452
40638	-4319.579	-4605.682	286.1033	0.8468126	0.7644789	12.24452
40644	-4319.77	-4605.461	285.6908	0.8882865	0.9325567	12.33872
40650	-4329.79	-4614.624	284.8339	0.8516351	1.11725	12.70948
40656	-4320.889	-4605.879	284.9899	0.8555659	0.9532544	12.70948
40662	-4321.567	-4604.041	282.4743	0.8757942	0.8833935	14.04434
40668	-4325.804	-4614.028	288.224	0.8494091	0.9660517	11.01751
40674	-4331.572	-4619.281	287.709	0.8299102	1.084566	11.23641
40680	-4320.301	-4603.415	283.114	0.7438935	1.084566	13.67508
40686	-4310.025	-4594.388	284.3622	0.7883562	0.9514732	13.07194
40692	-4312.392	-4600.018	287.6263	0.8967334	0.9971288	11.28911
40698	-4328.891	-4616.475	287.5834	0.8914718	0.9971288	11.31431
40704	-4325.343	-4608.325	282.9819	0.7573048	1.015279	13.77135
40710	-4325.534	-4614.934	289.4	0.9611276	0.9884094	10.33007
40716	-4323.621	-4610.972	287.3511	0.8586965	0.9495808	11.4783
40722	-4325.002	-4609.648	284.6465	0.8010374	1.101555	12.84086
40728	-4324.992	-4608.581	283.589	0.7521973	1.038387	13.44713
40734	-4323.626	-4605.544	281.918	0.8249037	0.8730355	14.36496
40740	-4314.795	-4600.291	285.4962	0.8740985	0.988528	12.41742
40746	-4314.857	-4603.18	288.3224	0.9654291	0.988528	10.89316
40752	-4306.94	-4594.68	287.7398	1.177517	0.9960491	11.08331
40758	-4300.567	-4586.24	285.6733	0.7673008	1.057732	12.34533
40764	-4304.895	-4589.218	284.3231	0.7214327	0.8953192	13.15804
40770	-4307.588	-4593.522	285.9343	0.8115002	1.10377	12.1636
40776	-4312.606	-4598.705	286.0989	0.7732069	0.9739456	12.1636
40782	-4313.664	-4600.14	286.4767	0.95436	1.024151	11.84577
40788	-4315.758	-4605.098	289.3395	0.9575289	0.9891974	10.36332
40794	-4307.06	-4592.205	285.1446	0.8999541	0.9622486	12.601
40800	-4326.125	-4613.068	286.9432	0.8175257	1.005591	11.68317
40806	-4313.036	-4599.422	286.3858	0.8160979	0.9773	11.98981
40812	-4330.333	-4615.909	285.5756	0.9086086	0.9869056	12.35893
40818	-4332.427	-4618.549	286.1224	0.8199218	1.030174	12.09768
40824	-4336.701	-4623.719	287.018	0.6955305	1.033083	11.69371
40830	-4326.848	-4611.943	285.0951	0.7087703	1.08739	12.66233
40836	-4324.203	-4609.27	285.0669	0.841599	0.9801736	12.66233
40842	-4320.216	-4607.47	287.2536	0.9486463	1.113766	11.39827
40848	-4322.454	-4611.676	289.2228	0.8896127	1.114924	10.39669
40854	-4306.646	-4593.729	287.0826	0.7958627	1.081551	11.58323
40860	-4301.159	-4588.298	287.139	0.8995364	0.9658544	11.559
40866	-4318.336	-4605.007	286.6712	0.9073202	0.8506435	11.86401
40872	-4323.954	-4607.128	283.1747	0.7799046	0.9034528	13.71949
40878	-4325.06	-4608.889	283.8285	0.8067464	0.9053723	13.36506
40884	-4325.2	-4612.292	287.0927	0.8460787	1.023672	11.58084
40890	-4327.261	-4617.306	290.0445	0.9098509	0.9617384	10.03242
40896	-4318.118	-4603.698	285.5806	0.785318	1.161571	12.33419
40902	-4334.351	-4619.699	285.3482	0.8534737	1.11868	12.44004
40908	-4316.465	-4601.521	285.056	0.8359947	0.9260384	12.70012
40914	-4323.562	-4609.683	286.1213	0.7762587	1.117921	12.07766
40920	-4322.269	-4606.934	284.665	0.7827055	0.9991969	12.8921
40926	-4331.628	-4618.817	287.1892	0.7781387	0.9144241	11.62436
40932	-4314.276	-4600.656	286.3796	0.8434212	1.127649	11.90321
40938	-4317.981	-4604.031	286.05	0.8591641	1.127649	12.06697
40944	-4311.273	-4597.452	286.179	0.825299	0.9347514	12.11585
40950	-4312.83	-4600.984	288.1537	0.8949383	0.8683151	11.08511
40956	-4318.947	-4604.837	285.8895	0.739675	0.9897762	12.28189
40962	-4315.736	-4603.715	287.9788	0.7906675	1.039771	11.13813
40968	-4319.174	-4604.325	285.1507	0.7994706	1.039771	12.60985
40974	-4321	-4606.87	285.8697	0.8377352	1.037235	12.21657
40980	-4314.029	-4600.082	286.0525	0.7884631	0.9066359	12.21657
40986	-4310.216	-4597.14	286.9241	0.9261129	0.9066359	11.68991
40992	-4316.71	-4602.594	285.8834	0.7460487	1.005463	12.27353
40998	-4322.713	-4604.825	282.1122	0.7735523	1.005463	14.21896
41004	-4319.998	-4606.698	286.6993	0.7194444	1.0049	11.8621
41010	-4311.19	-4594.07	282.8798	0.7349834	1.026562	13.83014
41016	-4318.398	-4601.632	283.2344	0.8257577	1.032388	13.59608
41022	-4314.169	-4602.31	288.1412	0.8142892	0.9352481	11.09601
41028	-4314.029	-4601.602	287.5735	0.9035871	0.9145768	11.35783
41034	-4308.72	-4593.384	284.6646	0.7352391	0.9601182	12.93769
41040	-4318.096	-4605.533	287.4373	0.920774	0.9601182	11.39509
41046	-4314.355	-4598.939	284.5842	0.6384907	0.9776801	13.02041
41052	-4320.428	-4607.721	287.2931	0.8149541	0.941661	11.53579
41058	-4320.848	-4607.781	286.9324	0.9865625	0.937952	11.63663
41064	-4306.761	-4594.392	287.6303	0.9399118	1.023365	11.2508
41070	-4350.516	-4633.14	282.6238	0.8299511	1.086781	13.8837
41076	-4351.739	-4634.87	283.1308	0.6851182	0.8908393	13.79854
41082	-4315.273	-4601.312	286.0391	0.7915083	0.9130112	12.21844
41088	-4322.308	-4607.739	285.4314	0.7915083	0.8512835	12.57036
41094	-4320.692	-4608.339	287.6475	0.8472504	1.080087	11.2617
41100	-4329.224	-4615.941	286.7173	0.750769	1.165459	11.75747
41106	-4324.212	-4607.079	282.8663	0.7235865	1.144838	13.78534
41112	-4316.37	-4602.905	286.5355	0.8433528	0.9224172	11.9272
41118	-4334.69	-4618.392	283.7019	0.8028275	0.9224172	13.42337
41124	-4315.952	-4603.984	288.0322	0.9305447	0.9894107	11.06302
41130	-4306.286	-4594.449	288.1632	0.708259	1.089429	11.05989
41136	-4312.781	-4598.55	285.7691	0.7336635	0.9635275	12.36169
41142	-4307.2	-4593.875	286.6752	0.8458149	0.9895571	11.81675
41148	-4314.117	-4598.665	284.548	0.8130218	0.9137355	12.98321
41154	-4319.146	-4607.929	288.7834	0.8078646	1.232762	10.61543
41160	-4303.3	-4591.022	287.7214	0.8048167	1.181238	11.19697
41166	-4305.106	-4593.086	287.9801	0.7562325	0.9758291	11.18877
41172	-4303.472	-4589.712	286.2399	0.798752	0.9758291	12.07576
41178	-4315.112	-4601.444	286.3319	0.8707822	0.9112448	12.02534
41184	-4328.433	-4613.497	285.0639	0.8079603	0.9721644	12.68562
41190	-4322.841	-4610.381	287.5407	0.7438639	1.046547	11.38843
41196	-4312.711	-4600.673	287.9621	0.8932699	0.883106	11.17772
41202	-4319.137	-4606.123	286.9856	0.8171702	0.8544781	11.74468
41208	-4319.08	-4604.06	284.9798	0.8387724	0.8929358	12.75681
41214	-4316.674	-4601.186	284.5123	0.7022184	1.095045	12.96524
41220	-4314.296	-4600.134	285.8375	0.877482	1.137934	12.16333
41226	-4325.728	-4614.302	288.5735	0.8841114	0.9584917	10.82024
41232	-4330.395	-4616.092	285.6969	0.7327357	1.183465	12.29089
41238	-4330.182	-4615.286	285.1044	0.8349538	1.079415	12.59567
41244	-4327.929	-4612.771	284.8416	0.8040024	0.960863	12.80942
41250	-4326.311	-4611.934	285.623	0.8451194	0.88125	12.42526
41256	-4337.396	-4622.85	285.4536	0.8883826	1.001718	12.42526
41262	-4331.309	-4615.598	284.2887	0.8119465	0.9975457	13.07349
41268	-4326.202	-4610.599	284.3972	0.8618732	0.8937499	13.04742
41274	-4325.501	-4610.912	285.4105	0.7678734	0.7555763	12.65225
41280	-4322.963	-4610.969	288.0067	0.8376459	0.9829657	11.12843
41286	-4320.185	-4607.86	287.6754	0.7783692	0.9626889	11.34362
41292	-4330.934	-4615.428	284.4939	0.8666324	1.039189	12.91693
41298	-4317.823	-4604.67	286.8474	0.8208103	0.9839392	11.74286
41304	-4315.018	-4599.915	284.8968	0.8383722	1.055536	12.71382
41310	-4316.996	-4603.813	286.8171	0.7960816	1.034078	11.74557
41316	-4317.916	-4607.741	289.8252	0.7624179	0.9113531	10.2531
41322	-4315.218	-4600.33	285.112	0.7537961	1.132752	12.60823
41328	-4316.189	-4601.277	285.0879	0.8131178	1.09458	12.60823
41334	-4329.099	-4615.915	286.8166	0.8001135	1.02226	11.74979
41340	-4324.38	-4610.329	285.9495	0.918417	1.092756	12.10529
41346	-4321.185	-4608.472	287.2868	0.9512077	1.009255	11.43185
41352	-4327.534	-4618.463	290.9284	0.955809	0.9459531	9.551086
41358	-4318.316	-4607.502	289.1865	1.007749	0.9459531	10.44058
41364	-4315.191	-4604.471	289.28	0.9556265	0.9069209	10.44058
41370	-4325.7	-4612.228	286.5281	0.8186148	0.938132	11.93532
41376	-4331.189	-4614.001	282.813	0.7098312	1.186906	13.80072
41382	-4314.577	-4598.822	284.2449	0.7802432	1.005147	13.10878
41388	-4317.516	-4603.773	286.2569	0.8572478	1.021193	12.01265
41394	-4331.075	-4618.838	287.7628	0.8456234	0.8315126	11.33725
41400	-4308.674	-4593.199	284.5256	0.7401703	0.8437977	13.07276
41406	-4305.409	-4592.176	286.7669	0.7863957	0.866892	11.86769
41412	-4313.252	-4600.055	286.8032	0.82582	0.996606	11.75667
41418	-4315.495	-4599.92	284.4249	0.7434622	0.8756165	13.10489
41424	-4309.025	-4594.394	285.3693	0.899476	0.9878681	12.47067
41430	-4309.524	-4595.784	286.2607	0.8474648	1.032226	12.01013
41436	-4296.138	-4582.413	286.2741	0.8340283	1.032226	12.01013
41442	-4305.652	-4589.45	283.7981	0.720098	0.8544282	13.45498
41448	-4305.069	-4592.134	287.0649	0.8363588	1.052954	11.58553
41454	-4312.039	-4598.218	286.179	0.7455048	1.052954	12.09547
41460	-4314.825	-4601.704	286.8784	0.7728244	1.120931	11.6828
41466	-4310.955	-4595.496	284.5402	0.7964181	0.9498095	12.97607
41472	-4305.101	-4590.401	285.3002	0.7906637	1.170388	12.47343
41478	-4306.434	-4591.202	284.7676	0.7875388	1.148275	12.76262
41484	-4304.524	-4591.932	287.4082	0.763797	1.134663	11.40407
41490	-4311.315	-4599.459	288.1441	0.8747542	1.031093	11.01197
41496	-4307.314	-4595.143	287.8284	0.8809324	1.031093	11.17405
41502	-4318.658	-4605.4	286.7424	0.7217914	1.031093	11.82491
41508	-4311.296	-4597.391	286.0955	0.7525132	0.9197798	12.20558
41514	-4312.808	-4596.981	284.173	0.8176032	1.048154	13.10479
41520	-4314.986	-4601.565	286.5789	0.8245596	1.051487	11.8463
41526	-4330.11	-4614.956	284.8462	0.7935214	1.006148	12.78859
41532	-4334.772	-4622.865	288.0928	0.9300507	1.131966	10.96002
41538	-4332.667	-4616.351	283.6846	0.7564792	0.976452	13.42724
41544	-4324.15	-4609.837	285.6861	0.6824427	0.9107632	12.46044
41550	-4322.102	-4609.11	287.0074	0.7098789	1.052308	11.68201
41556	-4326.083	-4609.416	283.3332	0.722243	0.9477029	13.64284
41562	-4317.773	-4601.441	283.6675	0.763321	1.093307	13.37341
41568	-4311.816	-4595.254	283.4376	0.7815785	1.162358	13.45055
41574	-4312.913	-4596.317	283.4045	0.8147125	1.162358	13.45055
41580	-4311.493	-4596.715	285.2221	0.8250321	1.029808	12.56439
41586	-4318.142	-4604.68	286.538	0.8847756	0.8818621	11.92717
41592	-4316.843	-4604.278	287.435	0.7473305	1.038686	11.44584
41598	-4315.284	-4599.745	284.461	0.6941737	0.8976319	13.09924
41604	-4323.183	-4607.761	284.5781	0.7891489	1.142618	12.86302
41610	-4322.425	-4608.418	285.993	0.7499206	0.9358131	12.25155
41616	-4312.113	-4598.832	286.7187	0.7903748	1.162593	11.73736
41622	-4316.361	-4603.201	286.84	0.8924034	0.9320198	11.73736
41628	-4313.347	-4600.253	286.9063	0.7083613	0.9320198	11.7988
41634	-4313.179	-4598.065	284.8856	0.8176709	1.046729	12.73486
41640	-4311.424	-4595.502	284.0778	0.9020822	0.9463781	13.16339
41646	-4316.999	-4600.856	283.8568	0.688798	1.051709	13.33429
41652	-4317.479	-4601.07	283.5913	0.75477	0.7915879	13.58203
41658	-4313.694	-4598.935	285.2414	0.7395513	1.000955	12.61371
41664	-4316.843	-4600.606	283.7631	0.7561698	1.019344	13.36433
41670	-4316.369	-4601.578	285.2093	0.7166047	0.9986549	12.64358
41676	-4309.444	-4593.021	283.5774	0.7889213	0.856323	13.53269
41682	-4311.401	-4597.336	285.9359	0.8855375	1.005878	12.17326
41688	-4313.209	-4598.211	285.002	0.9258262	0.9778168	12.65351
41694	-4326.644	-4611.772	285.1277	0.842793	1.123928	12.55791
41700	-4328.944	-4614.095	285.151	0.908802	0.9208238	12.61564
41706	-4321.924	-4612.272	290.348	0.8087801	0.8181127	10.00844
41712	-4315.172	-4601.58	286.4079	0.7336495	1.181343	11.92055
41718	-4317.24	-4603.84	286.6002	0.7269228	0.9846775	11.92055
41724	-4315.464	-4603.628	288.1644	0.995598	0.9846775	10.96221
41730	-4308.22	-4592.606	284.3858	0.9750248	0.9911386	12.94153
41736	-4305.625	-4594.363	288.7382	1.052513	0.9817074	10.63311
41742	-4328.605	-4616.405	287.8001	0.7911971	1.113522	11.19486
41748	-4325.728	-4611.787	286.0586	0.8461675	0.8791597	12.19892
41754	-4306.533	-4595.393	288.8597	0.9143926	1.016288	10.62369
41760	-4313.391	-4598.71	285.3184	0.8664793	0.983255	12.51677
41766	-4317.258	-4602.528	285.2706	0.8453526	1.05316	12.51677
41772	-4320.736	-4607.967	287.2307	0.7769291	1.035479	11.53879
41778	-4322.943	-4611.644	288.7016	0.902243	1.149372	10.64718
41784	-4333.56	-4623.419	289.8593	0.902243	0.9581801	10.13578
41790	-4340.16	-4626.745	286.5852	0.9419988	0.8153009	11.91193
41796	-4329.466	-4615.087	285.621	0.7499223	0.8153009	12.51477
41802	-4314.774	-4600.323	285.5498	0.7680301	1.156096	12.3618
41808	-4318.633	-4604.373	285.7402	0.6199882	1.043619	12.39434
41814	-4309.482	-4594.785	285.3034	0.815602	1.077587	12.50304
41820	-4312.647	-4599.017	286.3703	0.8249017	1.067907	11.94677
41826	-4312.015	-4599.117	287.1023	0.8840501	1.045315	11.54493
41832	-4341.239	-4626.748	285.509	0.8975547	0.742746	12.54167
41838	-4330.127	-4612.602	282.475	0.9160136	0.8881293	14.02044
41844	-4316.554	-4600.171	283.6165	0.6984345	1.009676	13.47541
41850	-4314.742	-4601.936	287.1934	0.736311	1.009676	11.59278
41856	-4304.939	-4593.661	288.7224	0.7802774	0.8984416	10.82993
41862	-4298.525	-4584.37	285.8448	0.7376562	1.012981	12.29414
41868	-4313.603	-4600.634	287.0308	0.7398829	1.025391	11.66777
41874	-4330.352	-4613.188	282.8359	0.6425634	0.7923104	14.03173
41880	-4317.877	-4604.416	286.5388	0.8927883	0.86627	11.93154
41886	-4333.381	-4621.337	287.9552	0.8695762	0.86627	11.20349
41892	-4321.066	-4609.066	288.0002	0.790698	0.8970988	11.20349
41898	-4315.693	-4602.682	286.9886	0.8128664	1.00231	11.66361
41904	-4312.585	-4599.725	287.14	0.7749322	1.051827	11.57897
41910	-4320.653	-4607.464	286.8113	0.8613815	1.035834	11.71363
41916	-4315.899	-4601.442	285.5423	0.8883743	1.075708	12.34161
41922	-4334.477	-4620.702	286.2251	0.8045987	1.075708	12.02924
41928	-4331.827	-4616.994	285.1673	0.7232347	0.9339236	12.69653
41934	-4328.257	-4616.369	288.1126	0.9177086	1.042968	10.99991
41940	-4329.727	-4615.455	285.7288	0.8540286	1.042968	12.27862
41946	-4328.889	-4614.511	285.6221	0.8540286	0.9192751	12.3997
41952	-4328.06	-4613.639	285.5787	0.8315597	0.9582711	12.41269
41958	-4333.439	-4619.039	285.5999	0.657958	1.083038	12.42803
41964	-4344.027	-4624.253	280.2257	0.7330099	1.102206	15.16828
41970	-4326.573	-4613.599	287.0263	0.7303666	1.0116	11.68217
41976	-4326.171	-4609.84	283.6694	0.7519328	0.9703881	13.44072
41982	-4324.3	-4611.469	287.1686	0.7668577	0.8723143	11.66496
41988	-4326.313	-4611.181	284.8677	0.7608485	1.036093	12.77909
41994	-4322.225	-4609.303	287.0778	0.9338093	1.038066	11.53542
42000	-4327.024	-4611.523	284.499	0.8706236	0.9136717	12.97873
42006	-4330.915	-4616.907	285.9921	0.751148	0.9483744	12.24451
42012	-4324.659	-4608.305	283.6456	0.7919106	0.9901829	13.42186
42018	-4336.909	-4620.021	283.1124	0.8387561	0.9911804	13.67388
42024	-4326.033	-4611.868	285.8345	0.9954273	1.023097	12.15995
42030	-4318.455	-4604.106	285.6508	0.7729144	1.045248	12.3604
42036	-4323.935	-4609.092	285.1569	0.7393613	0.962459	12.67811
42042	-4326.068	-4612.171	286.1028	0.7470583	0.9771531	12.17348
42048	-4332.206	-4617.186	284.9793	0.7026349	1.01494	12.76208
42054	-4319.229	-4603.265	284.0357	0.7815783	1.082204	13.178
42060	-4340.94	-4630.069	289.1283	0.8609772	1.162108	10.43884
42066	-4323.333	-4609.447	286.1142	0.8781556	0.8642996	12.16182
42072	-4336.441	-4616.954	280.5127	0.669912	1.178986	15.01653
42078	-4321.69	-4605.811	284.1214	0.7408234	0.8291306	13.29119
42084	-4324.143	-4608.802	284.6587	0.9137995	1.226942	12.71765
42090	-4328.99	-4615.409	286.4192	0.8598371	1.116821	11.87912
42096	-4314.218	-4599.782	285.564	0.9354257	1.118601	12.28489
42102	-4320.813	-4607.548	286.7355	0.7737635	1.044729	11.79446
42108	-4320.944	-4606.671	285.7262	0.6875383	1.200529	12.29137
42114	-4321.859	-4607.183	285.3245	0.7687221	1.104513	12.50331
42120	-4325.965	-4609.079	283.1146	0.6627002	0.9832795	13.76822
42126	-4319.634	-4606.49	286.8562	0.7669331	0.9070154	11.80828
42132	-4328.452	-4615.142	286.69	0.8390331	0.9977549	11.80828
42138	-4337.696	-4623.879	286.1829	0.6164697	1.190169	12.09505
42144	-4329.533	-4615.033	285.4998	0.7562596	0.9100997	12.51944
42150	-4333.958	-4617.645	283.6866	0.7136772	1.062988	13.40414
42156	-4337.03	-4621.327	284.2968	0.8848283	1.061105	12.99902
42162	-4341.744	-4626.323	284.5784	0.9219367	1.116239	12.80631
42168	-4337.045	-4624.943	287.8981	0.9001302	1.091098	11.09747
42174	-4336.811	-4621.369	284.5584	0.6585435	1.002591	13.01035
42180	-4349.161	-4633.876	284.7155	0.8652549	1.073704	12.78514
42186	-4339.838	-4622.286	282.4485	0.7333776	1.073704	14.0311
42192	-4328.801	-4612.934	284.1329	0.6811435	1.144234	13.14996
42198	-4328.037	-4617.792	289.7553	1.014077	0.9729884	10.12366
42204	-4354.367	-4637.247	282.8805	0.5873881	0.9101999	13.96822
42210	-4345.799	-4636.498	290.6989	0.976355	0.9776667	9.644085
42216	-4335.414	-4624.969	289.5552	0.939772	1.058766	10.22336
42222	-4323.144	-4610.105	286.961	0.8663978	1.117639	11.59234
42228	-4321.413	-4607.356	285.9432	0.7396734	1.182537	12.15928
42234	-4327.697	-4613.278	285.5811	0.759718	1.106255	12.37353
42240	-4332.37	-4618.156	285.7862	0.9343389	1.100979	12.17813
42246	-4330.309	-4614.434	284.1251	0.8567771	1.169063	13.05113
42252	-4318.146	-4603.68	285.5346	0.7863617	1.015198	12.42926
42258	-4332.155	-4618.622	286.4669	0.6783503	1.015198	11.99952
42264	-4320.826	-4607.267	286.4403	0.8913905	0.8393114	11.99952
42270	-4319.947	-4604.353	284.4054	0.8304192	0.9311729	13.03867
42276	-4326.17	-4613.781	287.611	0.9380715	0.9013853	11.32759
42282	-4329.378	-4612.372	282.9933	0.8119488	1.010052	13.73977
42288	-4329.989	-4614.085	284.0956	0.852908	0.9590592	13.17286
42294	-4337.087	-4619.617	282.5307	0.852908	0.9319911	13.99991
42300	-4329.597	-4611.828	282.2312	0.7447855	0.9007935	14.22846
42306	-4324.785	-4609.537	284.7514	0.8806189	0.9007935	12.84948
42312	-4322.613	-4605.059	282.4453	0.7469796	0.9663559	14.08057
42318	-4335.422	-4617.884	282.4623	0.729941	0.9663559	14.08057
42324	-4349.729	-4636.277	286.5476	0.844742	0.8609435	11.95513
42330	-4336.935	-4622.378	285.4432	0.8028043	0.7956562	12.59184
42336	-4334.818	-4620.526	285.7077	0.8314793	0.9821404	12.33278
42342	-4333.791	-4619.533	285.7422	0.7439664	0.9821404	12.36041
42348	-4336.036	-4620.903	284.8676	0.7295758	0.8505191	12.89649
42354	-4341.791	-4626.924	285.1329	0.7481695	0.9506753	12.69236
42360	-4349.237	-4634.616	285.379	0.8456818	1.021491	12.47617
42366	-4337.102	-4620.473	283.3707	0.7519783	1.052038	13.55375
42372	-4323.403	-4611.162	287.759	0.8628908	0.8252969	11.33391
42378	-4329.163	-4614.364	285.2015	0.7195147	0.8868026	12.707
42384	-4334.833	-4621.144	286.312	0.7842708	1.159356	11.9544
42390	-4332.206	-4617.881	285.6756	0.8471451	1.17822	12.24474
42396	-4341.435	-4624.249	282.8137	0.8891971	0.9503752	13.82433
42402	-4329.154	-4615.666	286.5115	0.6693407	1.197048	11.89285
42408	-4313.862	-4599.456	285.5933	0.7393083	1.30962	12.28575
42414	-4316.708	-4600.22	283.5114	0.837751	1.083958	13.42037
42420	-4318.669	-4603.049	284.3807	0.8997601	0.9572325	13.00128
42426	-4303.883	-4592.865	288.9825	0.8792858	1.070842	10.54994
42432	-4314.003	-4600.897	286.894	0.8918071	0.8589883	11.75088
42438	-4323.039	-4609.172	286.1331	0.7763321	0.8624569	12.20615
42444	-4329.079	-4615.806	286.7278	0.7512556	1.108694	11.77862
42450	-4320.566	-4605.873	285.3077	0.9123866	0.9294103	12.52746
42456	-4326.919	-4613.548	286.6295	0.7610499	0.8391808	11.96887
42462	-4336.018	-4622.437	286.4188	0.7629951	1.037816	11.96887
42468	-4335.063	-4619.327	284.2642	0.7325958	0.9452811	13.15524
42474	-4334.204	-4617.93	283.7261	0.7274371	0.8606722	13.4849
42480	-4350.304	-4635.754	285.45	0.9500725	0.9135316	12.44251
42486	-4343.097	-4625.728	282.6304	0.7970283	1.031538	13.9248
42492	-4344.029	-4631.42	287.3909	0.8358257	1.11202	11.38633
42498	-4333.603	-4619.152	285.5486	0.829545	1.052734	12.38037
42504	-4333.106	-4618.353	285.2475	0.7536724	0.9831959	12.61249
42510	-4348.559	-4634.144	285.5844	0.8864177	0.9991514	12.35951
42516	-4345.003	-4633.533	288.5297	0.7786101	1.037029	10.85725
42522	-4333.637	-4619.53	285.8929	0.8249171	0.8177396	12.33256
42528	-4337.49	-4622.146	284.6552	0.8119309	0.9533636	12.90629
42534	-4334.266	-4618.855	284.5895	0.9258886	0.9076697	12.90629
42540	-4324.694	-4614.061	289.3669	0.8856176	0.8460253	10.46698
42546	-4320.482	-4606.461	285.9784	0.8213158	0.8868402	12.24927
42552	-4305.794	-4591.925	286.1313	0.7680445	0.9825079	12.14484
42558	-4306.781	-4595.245	288.464	0.9466928	0.9825079	10.83198
42564	-4308.444	-4592.365	283.9217	0.861843	1.00105	13.23647
42570	-4342.324	-4631.458	289.1333	1.018763	0.98325	10.44261
42576	-4332.362	-4621.05	288.6881	0.8844424	0.9449027	10.76736
42582	-4323.866	-4609.291	285.4253	0.8671645	0.9862474	12.45917
42588	-4324.704	-4612.356	287.6521	0.8695288	0.9901563	11.29353
42594	-4324.223	-4611.131	286.9088	0.8912893	0.996752	11.66724
42600	-4322.114	-4606.356	284.2417	0.9399568	0.8716606	13.10025
42606	-4311.142	-4599.815	288.6737	0.9170877	0.9941542	10.73139
42612	-4318.029	-4604.833	286.8036	0.9484551	0.9172792	11.73524
42618	-4310.03	-4597.177	287.1464	0.9210792	0.8773694	11.59306
42624	-4314.453	-4599.286	284.8331	0.7760515	1.056412	12.77898
42630	-4328.723	-4614.162	285.4388	0.7203655	1.056412	12.49263
42636	-4337.32	-4622.604	285.2831	0.903855	1.027742	12.49263
42642	-4328.748	-4614.18	285.4323	0.8023842	1.204893	12.38268
42648	-4326.789	-4614.107	287.3182	0.8104079	1.133242	11.42743
42654	-4326.608	-4613.113	286.5053	0.7844259	0.7529901	12.07478
42660	-4330.945	-4617.326	286.3807	0.7940795	0.8504569	12.07478
42666	-4333.652	-4620.159	286.5071	0.7997456	1.133952	11.85642
42672	-4329.456	-4613.683	284.2271	0.8011595	1.041254	13.0887
42678	-4330.859	-4615.677	284.8175	0.6480657	0.8880409	12.94328
42684	-4330.215	-4615.081	284.8663	0.805534	0.8713688	12.8455
42690	-4330.367	-4617.758	287.3907	0.7495969	0.9709415	11.50312
42696	-4335.143	-4621.074	285.9317	0.8743427	0.8497145	12.26751
42702	-4331.175	-4617.958	286.7826	0.821589	1.108625	11.71329
42708	-4344.502	-4627.72	283.2186	0.9049672	1.085784	13.53661
42714	-4347.692	-4630.282	282.5901	0.7781013	0.9497204	13.99827
42720	-4338.849	-4621.73	282.8812	0.7781013	1.060975	13.78977
42726	-4327.407	-4613.249	285.8414	0.7780678	0.8624459	12.35728
42732	-4345.55	-4629.181	283.6307	0.7861959	1.181742	13.33894
42738	-4342.536	-4627.791	285.2553	0.7808032	1.016391	12.57699
42744	-4336.79	-4623.401	286.6113	0.829004	0.9200592	11.89644
42750	-4333.846	-4617.857	284.0103	0.7604139	0.9606146	13.26442
42756	-4343.636	-4630.139	286.5027	0.9095077	0.9764295	11.88048
42762	-4335.102	-4621.261	286.1589	0.8588806	1.036448	12.05514
42768	-4326.345	-4611.644	285.2993	0.8166318	1.039648	12.52356
42774	-4328.552	-4608.656	280.1042	0.6828083	0.9454101	15.33676
42780	-4341.447	-4623.388	281.9417	0.6978943	0.9545171	14.37327
42786	-4337.109	-4621.171	284.062	0.7733616	1.104603	13.15773
42792	-4333.294	-4620.257	286.9631	0.8271007	1.013304	11.66377
42798	-4343.093	-4628.182	285.0882	0.8644987	1.013304	12.62203
42804	-4339.13	-4625.531	286.4012	0.8320501	0.9183841	12.00546
42810	-4333.514	-4619.677	286.1624	0.9016033	1.087759	12.00546
42816	-4325.92	-4607.989	282.0696	0.7171338	1.175238	14.18773
42822	-4333.61	-4619.968	286.3571	0.9751432	1.123545	11.84813
42828	-4328.045	-4614.604	286.5593	0.8475704	1.044303	11.84813
42834	-4338.228	-4624.649	286.4204	0.9877314	1.043026	11.84813
42840	-4342.697	-4626.812	284.1157	0.7744626	1.255739	13.05983
42846	-4346.983	-4631.248	284.2648	0.8508213	0.9519935	13.08981
42852	-4328.301	-4615.972	287.6713	0.9300659	1.092152	11.2
42858	-4328.366	-4614.849	286.4833	0.8846858	1.023577	11.87895
42864	-4330.794	-4619.379	288.5854	1.023268	1.187505	10.62685
42870	-4323.527	-4611.828	288.3002	0.9867098	1.182396	10.79795
42876	-4326.732	-4610.466	283.7348	0.8052614	0.861217	13.43966
42882	-4338.402	-4620.956	282.5536	0.7078489	0.8968351	14.08274
42888	-4316.365	-4600.88	284.5156	0.6994636	0.9778789	13.02432
42894	-4328.44	-4610.755	282.3155	0.6318561	0.85195	14.27123
42900	-4328.495	-4614.913	286.4173	0.7379563	1.058356	11.97236
42906	-4330.083	-4616.706	286.6222	0.719775	1.085635	11.86142
42912	-4314.295	-4601.134	286.8388	0.6690744	0.9196777	11.86142
42918	-4314.666	-4600.17	285.5045	0.7295548	0.843665	12.56905
42924	-4304.825	-4591.329	286.5032	0.8443228	1.076214	11.86316
42930	-4311.438	-4598.053	286.6151	0.8649789	0.9428375	11.86316
42936	-4304.137	-4588.561	284.4243	0.7546635	0.9428375	13.06186
42942	-4304.103	-4588.177	284.0732	0.6639011	0.949016	13.28813
42948	-4300.288	-4584.173	283.8848	0.7895271	1.010879	13.28813
42954	-4298.965	-4585.166	286.2012	0.9452281	1.075088	11.96868
42960	-4298.927	-4585.36	286.4329	0.7914876	0.9950487	11.96868
42966	-4300.258	-4586.607	286.3489	0.8872801	0.9950487	11.96253
42972	-4299.206	-4586.761	287.5546	0.9222241	1.014156	11.30439
42978	-4307.319	-4595.207	287.8876	0.7631251	1.135574	11.15318
42984	-4301.035	-4587.556	286.5207	0.9213667	1.112918	11.79592
42990	-4303.839	-4591.708	287.8682	0.9213667	0.9859044	11.15552
42996	-4300.205	-4585.17	284.9654	0.8765309	0.970276	12.70224
43002	-4306.925	-4592.876	285.9505	0.8560781	1.068131	12.14939
43008	-4326.502	-4613.099	286.5975	0.8505647	0.9938151	11.85259
43014	-4320.844	-4604.901	284.0569	0.753844	0.9939164	13.22601
43020	-4309.837	-4594.232	284.3954	0.753844	1.075791	13.00858
43026	-4314.555	-4601.295	286.7393	0.753844	0.9186459	11.86967
43032	-4302.481	-4588.201	285.7207	0.7932653	1.144851	12.26487
43038	-4312.676	-4600.927	288.2504	0.8957832	1.098928	10.91135
43044	-4332.456	-4614.399	281.9433	0.7286294	1.043159	14.31056
43050	-4319.755	-4606.993	287.2383	0.810258	0.8285003	11.63169
43056	-4323.464	-4610.648	287.1836	0.8358583	1.008764	11.54636
43062	-4323.846	-4611.618	287.7721	0.8464212	0.9219077	11.27977
43068	-4312.889	-4599.575	286.6863	0.8064102	1.14121	11.75598
43074	-4332.506	-4616.773	284.2678	0.9246646	1.079692	12.9842
43080	-4320.258	-4604.801	284.5429	0.773275	0.954448	12.9842
43086	-4341.095	-4620.985	279.8896	0.775866	1.050949	15.34493
43092	-4339.538	-4627.453	287.9147	0.9825535	0.95719	11.11453
43098	-4320.511	-4605.934	285.4233	0.9446004	1.07876	12.37278
43104	-4336.177	-4621.967	285.7898	0.7059287	0.8828906	12.40994
43110	-4330.287	-4615.74	285.4528	0.852488	1.002011	12.44426
43116	-4335.472	-4618.379	282.9063	0.8228279	0.9729025	13.79868
43122	-4333.126	-4620.363	287.2362	0.9651098	0.8481036	11.54022
43128	-4324.847	-4609.132	284.2852	0.8480068	1.028694	13.04051
43134	-4327.319	-4607.458	280.1389	0.7257534	0.963795	15.28678
43140	-4325.435	-4607.053	281.6179	0.6789879	0.9891818	14.53245
43146	-4322.175	-4604.782	282.607	0.6891511	0.8968614	14.06472
43152	-4335.756	-4619.161	283.4049	0.9048856	1.002166	13.48195
43158	-4330.292	-4618.202	287.9103	0.8547775	0.98439	11.16915
43164	-4316.781	-4600.751	283.9701	0.7321802	0.8722319	13.34901
43170	-4319.96	-4601.049	281.0891	0.8241115	1.041305	14.70439
43176	-4312.044	-4598.645	286.6007	0.8539163	0.9887966	11.85181
43182	-4326.255	-4610.59	284.3346	0.7395668	0.802994	13.19687
43188	-4329.78	-4615.201	285.4204	0.7846644	0.9007522	12.55121
43194	-4323.192	-4606.109	282.9169	0.7143153	1.027756	13.821
43200	-4324.383	-4611.127	286.7443	0.9125047	0.8630992	11.81583
43206	-4323.692	-4608.715	285.0233	0.7709729	0.8577248	12.78972
43212	-4320.18	-4605.957	285.7769	0.9983563	1.030425	12.18468
43218	-4330.269	-4616.884	286.6148	0.9147071	1.030425	11.79117
43224	-4309.74	-4596.823	287.0829	0.7871358	0.9814275	11.63876
43230	-4315.397	-4602.396	286.9993	0.7692065	0.9450748	11.71132
43236	-4318.205	-4605.875	287.6698	0.8637958	0.9450748	11.3114
43242	-4319.507	-4609.471	289.9634	0.8869964	0.8570494	10.14626
43248	-4318.926	-4605.097	286.171	0.7885438	0.9681511	12.12107
43254	-4320.53	-4604.899	284.3688	0.7331204	0.991902	13.07572
43260	-4350.283	-4638.663	288.3792	0.8502156	0.9525312	10.94309
43266	-4327.618	-4612.51	284.8919	0.8331467	1.046396	12.72365
43272	-4316.216	-4602.558	286.3419	0.8407082	0.9838059	11.9964
43278	-4318.12	-4604.652	286.5315	0.7812046	0.8614027	11.9964
43284	-4330.197	-4616.52	286.3225	0.8107934	1.033463	11.9964
43290	-4330.037	-4617.608	287.5715	0.7553045	0.7608294	11.52828
43296	-4323.763	-4611.814	288.0511	0.9348563	0.9876484	11.0518
43302	-4316.368	-4604.099	287.7311	0.8027739	1.060211	11.25109
43308	-4322.423	-4610.236	287.8128	0.8690133	0.913919	11.25109
43314	-4316.435	-4605.988	289.5529	1.006155	0.9332392	10.25589
43320	-4322.13	-4612.365	290.2355	0.9760515	0.8391512	9.966887
43326	-4303.791	-4590.193	286.4016	0.7548545	1.216425	11.89682
43332	-4304.332	-4587.156	282.8232	0.7410336	0.9547868	13.89386
43338	-4326.859	-4612.811	285.9516	0.8807557	1.03509	12.15254
43344	-4329.001	-4613.865	284.8643	0.844255	1.075024	12.71799
43350	-4309.235	-4593.339	284.1043	0.8362734	0.998944	13.15595
43356	-4312.283	-4601.42	289.1363	0.9682759	1.02925	10.44349
43362	-4320.809	-4609.386	288.5778	0.854057	0.9744974	10.82517
43368	-4326.284	-4614.709	288.4246	0.9684478	1.013044	10.82517
43374	-4324.506	-4613.01	288.504	0.9622041	0.9411942	10.82517
43380	-4311.76	-4602.1	290.3405	0.9523295	0.8467058	9.919563
43386	-4317.56	-4606.413	288.8531	0.9055599	1.05583	10.61158
43392	-4332.101	-4617.809	285.7074	0.8144654	0.9460033	12.36118
43398	-4322.926	-4608.575	285.6495	0.8678878	0.9502734	12.36118
43404	-4325.699	-4610.912	285.2132	0.9541051	0.9445232	12.54666
43410	-4331.209	-4617.508	286.2992	0.9623098	1.094166	11.89927
43416	-4333.7	-4618.743	285.0422	0.9961438	0.9399842	12.61631
43422	-4324.217	-4609.751	285.5347	0.8520311	1.252942	12.28204
43428	-4316.098	-4602.52	286.4219	0.913007	1.061041	11.8773
43434	-4300.316	-4585.372	285.0558	0.7535618	0.9605198	12.72437
43440	-4314.549	-4602.351	287.802	0.8006865	1.055571	11.21741
43446	-4297.543	-4586.099	288.5561	0.9060208	1.017935	10.78642
43452	-4316.558	-4599.797	283.2389	0.6554895	1.035093	13.68072
43458	-4317.231	-4602.36	285.1284	0.8551324	1.164411	12.53209
43464	-4298.8	-4586.286	287.4862	0.9416201	0.9014698	11.39098
43470	-4319.24	-4604.707	285.4672	0.69702	0.9963267	12.52067
43476	-4329.004	-4613.141	284.137	0.7807664	1.138763	13.09861
43482	-4296.895	-4586.361	289.4663	0.9863804	0.9389756	10.30865
43488	-4307.723	-4593.305	285.5827	0.891849	0.9389756	12.38963
43494	-4315.182	-4600.973	285.7914	0.8870925	0.9163063	12.29589
43500	-4308.328	-4593.532	285.2043	0.8255215	1.087396	12.54468
43506	-4317.171	-4605.742	288.5704	0.9754708	0.9314901	10.78874
43512	-4311.79	-4597.519	285.7287	0.966136	0.844793	12.32837
43518	-4310.538	-4593.531	282.9934	0.89489	1.029197	13.6869
43524	-4317.268	-4600.127	282.859	0.8530247	0.9853962	13.80096
43530	-4300.652	-4584.75	284.0984	0.8058757	0.9886598	13.18018
43536	-4301.62	-4588.316	286.6961	0.8544554	0.9323947	11.83211
43542	-4290.079	-4573.462	283.3828	0.8183466	1.002794	13.53803
43548	-4315.214	-4598.371	283.1568	0.7534088	1.002794	13.68906
43554	-4330.976	-4615.95	284.974	0.7235669	1.123247	12.70033
43560	-4309.691	-4594.857	285.1669	0.8227021	0.8368943	12.70033
43566	-4310.672	-4596.27	285.5985	0.7503025	0.9544502	12.44677
43572	-4310.038	-4594.323	284.2846	0.856151	0.8575753	13.12965
43578	-4305.271	-4588.98	283.7096	0.8000484	1.028323	13.36471
43584	-4318.967	-4601.83	282.8636	0.7498654	0.9767587	13.85666
43590	-4313.449	-4600.219	286.7701	0.9805958	1.3412	11.5323
43596	-4327.636	-4616.494	288.8577	0.9311328	1.117484	10.56531
43602	-4326.506	-4614.858	288.3512	0.9505828	0.9155241	10.92558
43608	-4318.017	-4604.45	286.4336	0.8611663	1.175615	11.84321
43614	-4353.515	-4636.625	283.1101	0.8133459	1.103152	13.63205
43620	-4325.765	-4612.831	287.0654	0.8113337	0.8349631	11.71761
43626	-4320.433	-4606.952	286.5189	0.7960889	0.970449	11.9344
43632	-4323.726	-4607.789	284.0627	0.7372978	1.049111	13.20339
43638	-4316.066	-4606.083	290.0173	0.9004378	1.049675	10.00559
43644	-4308.882	-4591.809	282.9275	0.8691885	1.179394	13.66205
43650	-4315.435	-4602.002	286.567	0.8222704	1.056768	11.85106
43656	-4322.464	-4605.126	282.6616	0.797226	0.9978059	13.92584
43662	-4326.282	-4613.36	287.0778	0.8209382	0.9634524	11.63337
43668	-4322.375	-4609.481	287.1059	0.9030876	0.9727529	11.57079
43674	-4325.86	-4610.692	284.832	0.9381471	0.9971375	12.72544
43680	-4324.788	-4611.227	286.4391	0.8171937	0.9639419	11.96851
43686	-4338.002	-4623.446	285.444	0.7134872	0.874178	12.59114
43692	-4319.227	-4603.302	284.0743	0.8406211	0.871073	13.23923
43698	-4321.524	-4605.838	284.3149	0.8368607	1.069564	13.01034
43704	-4339.92	-4625.82	285.9	0.8320267	0.9519451	12.24844
43710	-4353.296	-4636.931	283.635	0.7697109	0.9168117	13.47842
43716	-4350.734	-4635.924	285.1893	0.8140812	0.9950102	12.60511
43722	-4334.137	-4619.919	285.7813	0.8316043	1.205019	12.18552
43728	-4333.323	-4619.346	286.0235	0.9726557	1.205019	11.98564
43734	-4329.353	-4618.092	288.7386	0.8961297	1.065835	10.67155
43740	-4326.148	-4614.895	288.7476	0.8154902	0.7575754	10.88335
43746	-4308.266	-4596.701	288.435	0.9268139	0.9779358	10.86002
43752	-4339.682	-4624.476	284.794	0.943922	0.915179	12.78632
43758	-4333.235	-4623.045	289.8097	0.9379225	1.076643	10.08156
43764	-4322.905	-4608.436	285.5306	0.7434539	0.9816897	12.47118
43770	-4351.281	-4636.037	284.7566	0.824748	0.9291344	12.86008
43776	-4340.55	-4625.903	285.3526	0.6238854	1.088405	12.57196
43782	-4318.164	-4604.225	286.0613	0.7519812	1.040197	12.15991
43788	-4331.052	-4619.591	288.5399	0.9101113	1.040197	10.78137
43794	-4340.491	-4626.26	285.7691	0.8275655	0.8692365	12.36521
43800	-4318.87	-4608.215	289.3449	0.8982556	0.985242	10.39368
43806	-4326.753	-4610.994	284.2408	0.9214314	1.121858	12.97949
43812	-4324.941	-4611.798	286.8566	0.928179	0.9523384	11.69891
43818	-4312.437	-4600.345	287.9082	0.7853935	0.9834407	11.20707
43824	-4319.528	-4604.553	285.0258	0.8958215	0.9275241	12.68387
43830	-4320.875	-4605.645	284.7706	0.7800677	0.9674611	12.85527
43836	-4320.423	-4608.076	287.6528	0.8608147	1.00676	11.28901
43842	-4312.246	-4599.521	287.275	0.7975415	0.8492262	11.60682
43848	-4326.654	-4613.336	286.6817	1.144408	1.089214	11.60682
43854	-4312.058	-4599.019	286.9614	0.9501505	0.9274247	11.64632
43860	-4313.356	-4595.789	282.4328	0.9501505	1.178522	13.87708
43866	-4295.131	-4580.513	285.3824	0.7641525	0.9636805	12.54713
43872	-4290.631	-4577.483	286.8522	0.8148973	0.9686379	11.7516
43878	-4306.178	-4592.776	286.5978	0.9969533	1.041218	11.7516
43884	-4307.934	-4593.505	285.5717	0.7654031	0.9705536	12.44423
43890	-4306.001	-4592.868	286.867	0.9727954	1.022909	11.63293
43896	-4303.354	-4586.775	283.4207	0.8965881	0.9359341	13.51329
43902	-4303.668	-4592.343	288.6752	0.7837992	0.9460356	10.8263
43908	-4306.495	-4591.483	284.9883	0.9295098	1.045939	12.62358
43914	-4319.907	-4609.557	289.6498	0.9334043	0.8513037	10.29014
43920	-4333.127	-4620.085	286.9586	0.9284904	0.9408659	11.65168
43926	-4329.647	-4618.41	288.7634	1.03905	0.9225418	10.65914
43932	-4323.157	-4610.536	287.3788	0.9349164	0.9257946	11.437
43938	-4330.679	-4617.57	286.8909	0.8719304	0.8148588	11.78919
43944	-4320.586	-4606.636	286.0497	0.8712694	0.9847885	12.13236
43950	-4324.411	-4612.52	288.1091	0.8798687	0.8971568	11.09979
43956	-4313.938	-4601.664	287.7268	0.9046057	0.8971568	11.2869
43962	-4312.41	-4600.026	287.6159	0.9046057	1.003892	11.2869
43968	-4333.775	-4621.315	287.5396	0.8276177	1.052619	11.3421
43974	-4334.551	-4620.291	285.7398	0.7484525	0.8770825	12.41717
43980	-4325.384	-4609.172	283.7874	0.8257756	0.8277104	13.42143
43986	-4318.946	-4601.129	282.1834	0.7917349	0.9760296	14.18798
43992	-4311.647	-4595.147	283.5002	0.8201751	1.043263	13.4555
43998	-4299.884	-4586.65	286.7668	0.7464054	1.019334	11.80534
44004	-4318.409	-4603.726	285.3168	0.638732	1.052707	12.60054
44010	-4315.907	-4603.137	287.2301	0.7961168	1.055136	11.51917
44016	-4298.065	-4586.484	288.4189	0.9493854	0.9998698	10.84505
44022	-4296.27	-4583.496	287.2261	0.7495576	0.8610032	11.65056
44028	-4306.53	-4592.674	286.144	0.893681	0.9564418	12.0866
44034	-4311.839	-4596.476	284.6365	0.7848654	0.822245	13.00471
44040	-4314.467	-4599.772	285.3055	0.9047344	0.9482563	12.52231
44046	-4317.984	-4602.35	284.3665	0.876553	0.7646283	13.13299
44052	-4329.485	-4616.876	287.3914	0.859682	0.8803395	11.49542
44058	-4321.243	-4611	289.7575	1.024534	1.092721	10.05548
44064	-4324.25	-4612.337	288.0866	0.9387069	0.9825182	11.03391
44070	-4323.982	-4609.701	285.7184	0.7312413	0.8496864	12.45324
44076	-4310.088	-4595.637	285.5484	0.7558847	0.801495	12.55787
44082	-4307.083	-4593.959	286.8759	0.7858691	1.068519	11.70286
44088	-4299.188	-4584.256	285.0677	0.7839341	1.187925	12.58993
44094	-4313.783	-4598.34	284.557	0.7687621	0.9871493	12.96187
44100	-4306.114	-4591.329	285.2149	0.8659261	0.9178728	12.60632
44106	-4313.771	-4599.133	285.3616	0.6765063	0.9586096	12.60632
44112	-4337.504	-4622.785	285.2814	0.8634475	0.9214092	12.57106
44118	-4336.414	-4620.784	284.3693	0.9386427	0.9214092	13.00653
44124	-4322.771	-4610.612	287.8407	0.8730583	1.077434	11.14841
44130	-4325.03	-4614.643	289.6125	1.022181	1.065021	10.14676
44136	-4341.931	-4631.748	289.8169	1.225152	1.067651	9.931087
44142	-4318.091	-4601.697	283.6068	0.7766404	0.9606832	13.46554
44148	-4309.575	-4593.612	284.0371	0.8357134	0.8598158	13.2676
44154	-4338.315	-4625.618	287.3021	0.790088	1.118371	11.45362
44160	-4309.238	-4593.105	283.8669	0.6764949	0.9741076	13.37533
44166	-4306.745	-4593.821	287.076	0.7846825	0.9915998	11.63826
44172	-4301.266	-4588.457	287.1909	0.8053092	1.022279	11.55155
44178	-4301.364	-4588.496	287.132	0.9030156	0.983368	11.55155
44184	-4311.028	-4597.5	286.4719	0.7685698	0.998515	11.9585
44190	-4305.203	-4591.691	286.4884	0.8466055	0.9073668	11.9585
44196	-4317.386	-4607.701	290.3148	0.7918522	0.9374867	9.96553
44202	-4316.479	-4603.995	287.5156	0.7444498	1.051893	11.39853
44208	-4321.64	-4603.61	281.9702	0.7429161	0.9732909	14.32519
44214	-4329.55	-4614.779	285.2299	0.8917206	1.168373	12.45835
44220	-4320.593	-4605.317	284.7237	0.7885296	0.9098207	12.90669
44226	-4320.65	-4606.722	286.0721	0.8276717	0.9419052	12.16641
44232	-4320.64	-4605.016	284.3754	0.8200441	0.9627231	13.04254
44238	-4321.04	-4607.613	286.573	0.8439141	0.9627231	11.88538
44244	-4318.545	-4608.389	289.844	0.8757777	0.9885099	10.14146
44250	-4308.781	-4592.5	283.7191	0.7409301	0.9970705	13.40659
44256	-4305.117	-4591.298	286.1811	0.7903965	0.9970705	12.09958
44262	-4315.56	-4604.428	288.8686	0.8923367	0.9824288	10.64832
44268	-4304.885	-4592.922	288.0367	0.9571895	0.9824288	11.0504
44274	-4342.712	-4627.05	284.3382	0.7701356	0.9879868	13.07448
44280	-4320.968	-4609.675	288.7074	1.111177	1.102968	10.55677
44286	-4309.992	-4596.479	286.4871	0.8275809	0.9835059	11.92766
44292	-4311.655	-4596.314	284.6594	0.7835369	1.064369	12.8615
44298	-4309.994	-4596.068	286.0741	0.7477332	1.035331	12.15791
44304	-4314.983	-4600.979	285.9963	0.7416356	1.124211	12.15791
44310	-4320.911	-4607.54	286.6288	0.9428587	1.061503	11.75344
44316	-4321.064	-4607.629	286.5649	0.6614894	1.054501	11.9372
44322	-4322.922	-4608.412	285.49	0.7346717	1.131176	12.42211
44328	-4330.782	-4618.579	287.797	0.8071471	1.036772	11.22617
44334	-4335.906	-4623.468	287.5622	0.876197	1.217996	11.22617
44340	-4337.252	-4620.284	283.0314	0.7439557	1.233861	13.64856
44346	-4343.107	-4628.396	285.289	0.9025569	1.141627	12.43441
44352	-4332.976	-4621.334	288.3579	1.017914	1.119217	10.78114
44358	-4325.445	-4614.286	288.8411	0.8834093	0.9432884	10.68858
44364	-4322.78	-4611.515	288.7346	0.8933233	0.9118466	10.75666
44370	-4314.581	-4601.308	286.7273	0.7916093	1.049474	11.78699
44376	-4314.499	-4604.226	289.7274	0.8346728	0.9899037	10.22365
44382	-4325.467	-4610.984	285.5168	0.7717594	0.8325912	12.54727
44388	-4324.029	-4607.882	283.853	0.858032	1.136719	13.20701
44394	-4304.874	-4593.402	288.5273	0.7878809	0.9288855	10.91113
44400	-4323.615	-4610.202	286.5875	1.059722	0.9077475	11.79531
44406	-4296.133	-4582.234	286.101	0.9249962	1.112795	12.01313
44412	-4305.497	-4588.858	283.3609	0.8802757	1.112795	13.46248
44418	-4305.879	-4590.328	284.4491	0.9209658	0.8647671	13.0063
44424	-4310.18	-4599.159	288.9792	0.9336026	0.8628206	10.63536
44430	-4308.239	-4595.185	286.9462	0.8114719	1.182262	11.59841
44436	-4301.795	-4586.284	284.4892	0.8685204	1.01961	12.92838
44442	-4311.118	-4597.658	286.5401	0.9701555	0.9970057	11.81848
44448	-4319.765	-4607.391	287.6268	0.9629305	1.019298	11.24268
44454	-4302.257	-4590.957	288.6997	0.8747401	1.03433	10.71911
44460	-4296.918	-4586.403	289.4853	0.9405291	0.9694775	10.30613
44466	-4301.062	-4587.222	286.1598	0.8300931	0.946161	12.11709
44472	-4299.657	-4585.991	286.3342	0.8398796	1.14059	11.92257
44478	-4306.932	-4591.551	284.6183	0.6981628	1.033663	12.94266
44484	-4310.355	-4592.958	282.6031	0.8251348	0.902685	13.99295
44490	-4302.401	-4589.429	287.0276	0.8813586	1.036226	11.59
44496	-4305.74	-4592.781	287.0412	0.8338098	1.00799	11.62225
44502	-4302.599	-4589.502	286.9026	0.8660199	1.00799	11.67784
44508	-4293.439	-4580.729	287.2894	0.9399846	0.9413779	11.47251
44514	-4299.101	-4587.391	288.2896	0.8050219	0.7953098	11.10487
44520	-4305.377	-4591.699	286.322	0.715524	0.8103357	12.1704
44526	-4307.897	-4591.115	283.2185	0.7712913	0.9827263	13.65824
44532	-4328.03	-4613.55	285.5196	0.7413984	0.9981592	12.46934
44538	-4334.987	-4620.31	285.3233	0.7980477	0.8818541	12.60553
44544	-4315.334	-4602.312	286.9778	0.7952533	0.9349329	11.7145
44550	-4345.13	-4627.609	282.4785	0.9104918	1.026251	13.94744
44556	-4339.505	-4626.515	287.0099	1.041836	1.040817	11.51306
44562	-4321.803	-4610.574	288.7707	0.8540683	1.081638	10.66895
44568	-4322.031	-4611.406	289.3749	0.9372832	1.057108	10.32024
44574	-4325.65	-4609.438	283.7877	0.7358312	1.095449	13.32418
44580	-4314.726	-4600.748	286.0219	0.8263986	1.094873	12.11447
44586	-4322.173	-4607.026	284.8532	0.9548454	0.836884	12.79481
44592	-4319.276	-4603.251	283.9743	0.6452131	0.8981829	13.37725
44598	-4326.988	-4610.797	283.8086	0.7993103	0.9089112	13.37725
44604	-4331.897	-4616.107	284.2094	0.742087	0.9342927	13.18473
44610	-4334.233	-4617.863	283.6305	0.851236	1.027461	13.37966
44616	-4322.715	-4606.403	283.688	0.7262311	1.146358	13.35668
44622	-4321.492	-4607.107	285.6157	0.8009543	0.9792365	12.3982
44628	-4312.626	-4597.326	284.7	0.8135826	0.9429909	12.88777
44634	-4319.917	-4602.901	282.9841	0.7791054	0.9132282	13.81334
44640	-4326.569	-4611.95	285.3812	0.7408718	0.8991303	12.59532
44646	-4309.049	-4595.269	286.2203	0.8098443	1.025966	12.05401
44652	-4298.832	-4583.688	284.8557	0.7724829	1.037809	12.77838
44658	-4315.244	-4603.609	288.3654	0.9739122	1.197518	10.76354
44664	-4330.025	-4618.951	288.9262	1.03664	1.04158	10.51159
44670	-4330.665	-4617.621	286.9558	0.9362231	1.029144	11.60244
44676	-4332.611	-4614.683	282.0719	0.8511332	1.123523	14.14123
44682	-4318.239	-4603.822	285.5821	0.7304507	0.9030998	12.49391
44688	-4315.42	-4601.704	286.2838	0.7662366	1.058114	12.02738
44694	-4330.349	-4616.701	286.3519	0.927991	0.9349418	11.97195
44700	-4331.996	-4621.409	289.4131	1.013539	0.8686198	10.36222
44706	-4334.816	-4621.401	286.5848	0.8853605	0.8277145	11.93418
44712	-4331.632	-4616.944	285.3123	0.9225932	0.9640706	12.50092
44718	-4329.607	-4612.611	283.0044	0.7349503	0.9483658	13.80649
44724	-4326.386	-4612.576	286.1897	0.8093022	0.9765917	12.09603
44730	-4319.983	-4607.805	287.8217	0.8163183	1.019466	11.21733
44736	-4310.858	-4596.117	285.2587	0.9476182	0.9386593	12.52953
44742	-4324.931	-4612.222	287.2915	0.8456731	0.9525724	11.51466
44748	-4331.386	-4616.852	285.4664	0.7860638	1.091227	12.42683
44754	-4316.32	-4602.285	285.9646	0.8421899	0.827003	12.28059
44760	-4334.997	-4623.896	288.8993	0.8762464	1.147526	10.55793
44766	-4347.296	-4633.359	286.0636	0.8677657	0.9789008	12.13005
44772	-4337.066	-4622.752	285.6858	0.9150081	0.9389393	12.32386
44778	-4331.879	-4618.193	286.314	0.8008583	0.9389393	12.05587
44784	-4306.918	-4591.13	284.2124	0.8681018	0.9995572	13.08289
44790	-4317.483	-4602.336	284.8527	0.7729445	0.9966108	12.80092
44796	-4324.724	-4611.216	286.4924	0.8712725	0.8155617	11.99712
44802	-4322.679	-4606.841	284.1622	0.8080175	0.9985915	13.14073
44808	-4332.932	-4621.249	288.3175	0.7669345	0.8602051	11.07111
44814	-4310.669	-4598.201	287.5328	0.7031373	0.9667938	11.45533
44820	-4298.988	-4583.25	284.2628	0.7028911	0.9908574	13.1471
44826	-4298.509	-4583.643	285.1343	0.7449337	0.8683086	12.73934
44832	-4306.685	-4593.458	286.773	0.719397	0.7944255	11.94291
44838	-4294.685	-4576.821	282.1358	0.7403364	1.056537	14.19806
44844	-4302.894	-4587.16	284.2657	0.8574362	1.012646	13.05394
44850	-4318.087	-4602.662	284.5744	0.6938386	0.873911	13.05394
44856	-4307.594	-4594.799	287.2051	0.8828022	0.9596794	11.53657
44862	-4307.513	-4593.184	285.6715	0.8345974	1.091064	12.29475
44868	-4295.973	-4584.156	288.1831	0.9424829	0.896956	11.02836
44874	-4305.508	-4591.874	286.3656	0.9636724	0.9793894	11.92223
44880	-4314.056	-4597.849	283.7929	0.8072048	0.8042403	13.44236
44886	-4313.107	-4599.913	286.8067	0.7758794	0.8843971	11.84228
44892	-4323.141	-4609.361	286.2195	0.7655919	1.064725	12.05799
44898	-4325.322	-4611.338	286.0163	0.7576316	1.035387	12.18286
44904	-4307.348	-4593.334	285.9857	0.8172311	1.005898	12.18286
44910	-4303.521	-4587.868	284.3468	0.7314836	0.9716822	13.09868
44916	-4312.119	-4596.361	284.2428	0.9502237	0.8641511	13.09868
44922	-4313.242	-4597.943	284.7006	0.8204314	0.9081447	12.9031
44928	-4311.526	-4598.67	287.1437	0.8632058	0.9825338	11.56667
44934	-4291.792	-4576.89	285.0983	0.8351907	1.034285	12.6213
44940	-4300.486	-4586.5	286.0133	0.8539186	0.9062639	12.20313
44946	-4310.435	-4594.193	283.7581	0.7338505	1.052575	13.36169
44952	-4310.966	-4600.042	289.0754	0.7342951	1.001951	10.61244
44958	-4308.847	-4596.247	287.3998	0.8077354	0.9660265	11.47057
44964	-4300.659	-4589.034	288.3753	0.7475176	0.9660265	10.99165
44970	-4294.314	-4579.846	285.5316	0.7744069	0.9299156	12.48243
44976	-4303.847	-4589.521	285.6745	0.8164686	0.8934257	12.40646
44982	-4307.839	-4595.15	287.311	0.7623913	1.040074	11.50211
44988	-4314.511	-4599.232	284.7207	0.7996544	1.041352	12.83273
44994	-4305.754	-4594.007	288.2537	0.8604381	1.008692	10.97363
45000	-4314.382	-4597.81	283.4283	0.8032139	1.003457	13.52192
45006	-4315.863	-4601.586	285.7236	0.7849298	0.9632888	12.35881
45012	-4318.274	-4605.462	287.1871	0.7352626	0.7111864	11.77207
45018	-4326.983	-4611.568	284.5858	0.7819853	0.9114611	12.98091
45024	-4311.667	-4594.054	282.3874	0.7344086	1.081757	14.0583
45030	-4308.834	-4592.468	283.6339	0.7395618	1.081757	13.4088
45036	-4323.412	-4608.417	285.0049	0.6470391	0.9432664	12.81564
45042	-4328.382	-4613.424	285.0424	0.8283891	0.7503659	12.81564
45048	-4326.649	-4612.995	286.3457	0.7924297	1.079017	11.97105
45054	-4326.883	-4610.211	283.3279	0.8164257	1.037481	13.54979
45060	-4326.779	-4614.147	287.3673	0.8589754	0.9496438	11.46966
45066	-4316.812	-4602.585	285.7734	0.7919723	1.025357	12.29667
45072	-4321.625	-4608.244	286.6191	0.8592794	0.8842397	11.89676
45078	-4320.053	-4603.827	283.7737	0.8848069	0.9788908	13.31302
45084	-4307.042	-4591.495	284.453	0.7581295	1.046315	12.99107
45090	-4314.416	-4601.113	286.6967	0.8482143	0.9059533	11.84971
45096	-4327.756	-4613.983	286.2269	0.8232228	0.8851052	12.11971
45102	-4324.501	-4610.982	286.4812	0.7808791	0.9301134	11.98391
45108	-4325.737	-4610.58	284.8425	0.6934442	1.105987	12.79272
45114	-4321.83	-4609.709	287.879	0.8238123	1.105987	11.14011
45120	-4334.035	-4621.361	287.3265	0.8470709	1.004629	11.46793
45126	-4333.594	-4617.044	283.4501	0.7664333	0.9241629	13.57205
45132	-4337.581	-4625.258	287.6769	0.9479928	0.9298171	11.27203
45138	-4338.581	-4626.334	287.7522	0.8996831	0.9044914	11.27203
45144	-4341.102	-4631.997	290.895	0.8951131	0.9044914	9.623892
45150	-4338.164	-4628.816	290.6525	1.030521	1.007988	9.623892
45156	-4325.064	-4614.843	289.7783	1.051669	1.038599	10.05739
45162	-4327.089	-4613.454	286.3658	0.8680758	1.074015	11.92356
45168	-4327.806	-4612.901	285.0951	0.9338306	0.9629156	12.6088
45174	-4336.791	-4626.629	289.8383	0.8284494	0.9480997	10.1911
45180	-4336.857	-4621.586	284.7281	0.7986059	1.065729	12.81722
45186	-4332.815	-4616.581	283.7663	0.7310522	1.065729	13.35236
45192	-4338.175	-4622.605	284.43	0.7624617	1.094042	12.97718
45198	-4356.769	-4639.93	283.1613	0.828856	1.0596	13.61878
45204	-4354.941	-4638.949	284.0073	0.9008263	0.9517822	13.19777
45210	-4342.372	-4626.328	283.9561	0.7579431	1.152246	13.19815
45216	-4338.982	-4621.192	282.2094	0.7072901	1.037804	14.18642
45222	-4328.009	-4613.865	285.8561	0.7579645	1.117104	12.22587
45228	-4330.213	-4619.296	289.083	1.031457	0.8164371	10.55726
45234	-4335.562	-4623.887	288.3248	0.849035	1.092371	10.90008
45240	-4361.513	-4645.274	283.7612	0.7746712	1.053863	13.33825
45246	-4367.579	-4648.354	280.7752	0.74399	0.9830453	14.93816
45252	-4339.469	-4624.655	285.1864	0.8430513	0.9541203	12.61327
45258	-4331.797	-4620.736	288.9385	0.9157952	0.9368181	10.62403
45264	-4331.133	-4617.89	286.7571	0.8477141	1.066399	11.73367
45270	-4342.597	-4629.152	286.5545	0.8461582	1.044097	11.85149
45276	-4333.268	-4619.957	286.6899	0.8359654	0.9205662	11.85149
45282	-4322.999	-4607.004	284.005	0.7890738	0.9190254	13.27495
45288	-4318.258	-4603.492	285.2338	0.7099583	0.9011028	12.68709
45294	-4335.209	-4620.787	285.5783	0.8217583	0.8053513	12.50562
45300	-4319.963	-4605.867	285.9034	0.8035445	1.03999	12.21542
45306	-4326.736	-4613.622	286.8859	0.9303134	1.060607	11.62613
45312	-4316.985	-4604.601	287.6158	0.9137458	0.8643624	11.35903
45318	-4323.357	-4611.995	288.638	0.9272957	1.020605	10.73095
45324	-4327.375	-4615.032	287.6571	0.7854595	0.8186723	11.43172
45330	-4318.554	-4604.054	285.4999	0.8574539	1.159506	12.33962
45336	-4320.167	-4606.493	286.3259	0.8512947	0.9662247	12.00857
45342	-4315.417	-4602.536	287.1187	0.88684	0.8977657	11.61381
45348	-4317.76	-4604.303	286.5424	0.7543097	1.024144	11.91589
45354	-4312.342	-4596.31	283.9688	0.6551386	0.9621679	13.33986
45360	-4319.048	-4604.4	285.3518	0.7391171	0.9621679	12.57694
45366	-4320.174	-4607.599	287.4255	0.810397	1.124847	11.37538
45372	-4336.372	-4622.359	285.9863	0.8176873	1.151889	12.11033
45378	-4326.553	-4613.13	286.5771	0.9610306	0.9258597	11.84216
45384	-4328.548	-4612.554	284.0068	0.8541881	0.9541225	13.22102
45390	-4317.409	-4601.515	284.1058	0.8517729	0.8642403	13.22102
45396	-4336.633	-4618.639	282.0062	0.739561	0.8642403	14.36852
45402	-4319.261	-4606.778	287.5171	0.8241795	1.057554	11.35319
45408	-4319.283	-4607.033	287.7494	0.9056887	1.022606	11.20676
45414	-4324.651	-4611.817	287.1663	0.8069472	1.017596	11.56594
45420	-4325.085	-4611.247	286.1617	0.7991585	0.8407557	12.19209
45426	-4318.911	-4604.929	286.0186	0.8115811	0.9283279	12.21013
45432	-4313.332	-4600.94	287.6083	0.8249683	0.9015204	11.38807
45438	-4322.643	-4610.859	288.2164	0.9708922	0.9015204	10.99345
45444	-4320.433	-4603.789	283.3565	0.8055035	1.010206	13.55452
45450	-4320.322	-4604.69	284.3682	0.7818695	1.031224	13.03044
45456	-4320.247	-4606.184	285.9374	0.7851402	0.9362101	12.26191
45462	-4320.463	-4606.618	286.1556	0.7660454	0.7306978	12.28122
45468	-4310.365	-4595.913	285.5481	0.9026349	1.041322	12.3483
45474	-4325.243	-4614.885	289.6418	0.8701996	0.884785	10.30801
45480	-4342.907	-4628.442	285.5348	0.9028025	1.022943	12.3645
45486	-4340.722	-4621.16	280.4388	0.7890364	0.9108685	15.12773
45492	-4331.022	-4617.448	286.4267	0.8383226	0.877617	12.0119
45498	-4325.241	-4610.676	285.4346	0.8385137	0.877617	12.52895
45504	-4338.683	-4624.148	285.465	0.7198796	0.8504824	12.59064
45510	-4328.05	-4616.274	288.2243	0.7638334	0.8188738	11.14616
45516	-4324.206	-4609.736	285.5299	0.807569	0.9645246	12.44727
45522	-4325.148	-4610.616	285.4684	0.7093583	1.036052	12.4932
45528	-4324.375	-4609.067	284.6913	0.7978675	1.068763	12.83526
45534	-4310.665	-4597.503	286.8377	0.7575656	1.041984	11.75095
45540	-4311.171	-4594.716	283.5451	0.8044712	1.003386	13.46067
45546	-4313.004	-4597.091	284.0867	0.8114848	1.016003	13.16917
45552	-4329.19	-4615.019	285.8292	0.8815556	0.9728829	12.24828
45558	-4325.146	-4610.873	285.7273	0.8388193	1.122481	12.24828
45564	-4336.368	-4618.823	282.4552	0.8735099	1.14498	13.92077
45570	-4340.143	-4622.401	282.2585	0.8304459	1.049506	14.09125
45576	-4324.798	-4607.449	282.6514	0.8988407	1.062853	13.84543
45582	-4314.92	-4601.122	286.2011	0.8130805	1.299362	11.93468
45588	-4319.352	-4606.163	286.8112	0.7537685	0.8409595	11.8768
45594	-4336.549	-4625.675	289.1256	0.8790417	0.7956736	10.62771
45600	-4329.243	-4617.352	288.109	0.874123	1.011502	11.04078
45606	-4330.797	-4617.705	286.9086	0.8783767	0.9456008	11.70138
45612	-4347.231	-4635.053	287.8224	0.9482387	0.9571125	11.18085
45618	-4342.575	-4631.989	289.4135	0.9102246	1.021165	10.33254
45624	-4329.318	-4615.175	285.8569	0.8325334	1.003823	12.24313
45630	-4321.391	-4607.172	285.7811	0.9252084	0.9869849	12.24313
45636	-4326.11	-4612.516	286.4059	0.9503258	0.9909409	11.90205
45642	-4329.135	-4616.077	286.9424	0.8215221	1.000748	11.68405
45648	-4322.376	-4607.282	284.9056	0.8788197	0.8794853	12.78224
45654	-4345.656	-4628.507	282.8505	0.7144145	0.9939025	13.87282
45660	-4325.122	-4609.123	284.0008	0.737234	0.9726576	13.27501
45666	-4332.049	-4615.851	283.8019	0.8078397	1.14626	13.25518
45672	-4330.003	-4617.131	287.1287	0.8109481	1.087149	11.54849
45678	-4339.28	-4624.297	285.0171	0.7674399	1.062125	12.68486
45684	-4339.967	-4625.358	285.3914	0.8564628	0.9066974	12.52557
45690	-4318.121	-4603.563	285.4421	0.782095	1.021431	12.47644
45696	-4324.793	-4608.719	283.9261	0.844585	0.9847647	13.25163
45702	-4332.15	-4618.744	286.5945	0.8972373	0.9759624	11.83924
45708	-4335.601	-4621.952	286.3512	0.8203923	1.005407	11.99083
45714	-4315.211	-4602.614	287.4027	0.9197283	0.9693046	11.40879
45720	-4313.588	-4598.133	284.5454	0.8649451	1.041248	12.88999
45726	-4321.19	-4604.332	283.1423	0.8067769	1.041248	13.64926
45732	-4326.813	-4611.899	285.0862	1.042264	0.8507642	12.61985
45738	-4332.565	-4616.793	284.2279	0.7713196	0.9118814	13.17228
45744	-4336.631	-4619.557	282.9261	0.7403465	1.139738	13.74801
45750	-4339.621	-4632.228	292.6067	1.154879	0.8624728	8.605245
45756	-4326.789	-4612.199	285.4106	0.9830508	0.9970128	12.40083
45762	-4336.216	-4619.569	283.353	0.8689484	0.8774373	13.59544
45768	-4335.497	-4618.575	283.078	0.7741146	1.101999	13.66967
45774	-4325.506	-4607.766	282.2609	0.7290743	1.117467	14.10937
45780	-4329.611	-4612.329	282.7186	0.7424305	1.039492	13.90334
45786	-4324.259	-4606.2	281.9413	0.8091684	1.11423	14.23508
45792	-4327.73	-4613.899	286.1686	0.9228173	1.118758	11.97613
45798	-4328.389	-4609.488	281.099	0.7245545	1.089594	14.72694
45804	-4324.967	-4607.892	282.9251	0.7286071	1.078862	13.78385
45810	-4322.212	-4606.202	283.99	0.7545216	0.8730458	13.32662
45816	-4325.079	-4612.232	287.1527	0.8758138	0.9534102	11.57097
45822	-4317.445	-4603.263	285.8175	0.8913769	0.9534102	12.25968
45828	-4322.109	-4606.555	284.4467	0.735719	0.7981749	13.14354
45834	-4328.603	-4613.052	284.4496	0.7328474	0.7981749	13.14354
45840	-4322.961	-4606.122	283.1607	0.7478777	0.8932414	13.74914
45846	-4321.34	-4607	285.6604	0.8832679	1.097393	12.27208
45852	-4312.96	-4598.962	286.0022	0.7750674	0.9702699	12.21499
45858	-4311.143	-4597.395	286.2519	0.8831501	0.9702699	12.0284
45864	-4315.407	-4599.025	283.6176	0.7975045	0.8965443	13.48432
45870	-4309.59	-4595.764	286.1736	0.9866864	0.8965443	12.05576
45876	-4314.89	-4599.21	284.3205	0.8474772	0.9954907	13.03955
45882	-4323.757	-4606.552	282.795	1.01396	0.9920953	13.74714
45888	-4338.872	-4623.737	284.8646	0.9381007	1.133883	12.64055
45894	-4319.971	-4605.47	285.4986	0.6754181	0.9351455	12.54828
45900	-4316.771	-4604.144	287.3732	0.8559111	0.9475494	11.46931
45906	-4316.075	-4603.082	287.0067	0.8530696	1.031758	11.61794
45912	-4313.536	-4601.046	287.5101	0.8481819	0.8676384	11.4467
45918	-4323.366	-4609.727	286.361	0.9230872	1.026604	11.92124
45924	-4335.068	-4622.735	287.6668	0.8793024	1.042005	11.25388
45930	-4321.981	-4608.001	286.0199	0.8855067	0.9928841	12.1362
45936	-4335.048	-4619.348	284.3009	0.7908646	1.231255	12.96582
45942	-4303.758	-4589.946	286.1871	0.7889543	1.231255	11.98433
45948	-4308.151	-4592.612	284.4616	0.8201343	1.047761	12.9536
45954	-4312.01	-4599.213	287.2036	0.8539153	0.8451865	11.61708
45960	-4330.629	-4617.861	287.2317	0.8490818	0.8248193	11.61708
45966	-4329.48	-4617.032	287.5526	0.7537533	1.013748	11.39378
45972	-4335.938	-4620.483	284.5442	0.6330245	0.9281725	13.07076
45978	-4316.94	-4604.313	287.3726	0.7509085	1.003527	11.49468
45984	-4329.324	-4614.073	284.7485	0.8789135	1.010912	12.79256
45990	-4325.394	-4609.104	283.7099	0.7044407	1.026774	13.41505
45996	-4310.078	-4594.334	284.2561	0.8178848	0.96979	13.10192
46002	-4315.035	-4599.26	284.2248	0.7822736	1.036851	13.10192
46008	-4306.889	-4591.622	284.733	0.8415771	0.9869669	12.83252
46014	-4318.028	-4601.275	283.2469	0.7286187	1.00114	13.65601
46020	-4316.012	-4600.806	284.7938	0.7987124	0.9538661	12.84077
46026	-4331.252	-4617.599	286.347	0.6720403	0.9538661	12.09774
46032	-4313.887	-4599.406	285.5186	0.6991569	0.9701828	12.50657
46038	-4320.586	-4605.787	285.2014	0.7093235	0.9372608	12.68422
46044	-4320.298	-4608.071	287.7732	0.6551397	1.064605	11.30415
46050	-4314.345	-4601.755	287.4093	0.7813168	0.9635922	11.48077
46056	-4318.871	-4606.227	287.3566	0.8453638	1.025971	11.44208
46062	-4318.494	-4605.811	287.3161	0.9274907	0.984171	11.44208
46068	-4307.244	-4594.99	287.7456	0.9005992	1.121577	11.16224
46074	-4315.075	-4601.34	286.2647	0.7620813	1.032273	12.05258
46080	-4329.195	-4614.533	285.3379	0.8671891	1.034119	12.47991
46086	-4325.932	-4614.132	288.1997	0.8780424	0.9429244	11.02775
46092	-4308.876	-4592.693	283.8172	0.7708547	1.168072	13.2563
46098	-4318.518	-4604.571	286.0528	0.8266149	1.096464	12.09747
46104	-4324.313	-4609.397	285.0848	0.7817604	0.9191842	12.71716
46110	-4315.403	-4599.871	284.4684	0.7994936	0.9191842	13.02859
46116	-4316.884	-4604.441	287.5572	0.8072535	0.8852151	11.43334
46122	-4314.435	-4603.083	288.6487	0.8877071	0.9018177	10.81034
46128	-4315.011	-4601.239	286.2272	0.6956709	0.8970932	12.17927
46134	-4316.578	-4601.387	284.8092	0.6864338	1.153838	12.79097
46140	-4323.474	-4610.406	286.9318	0.804339	0.9235491	11.74005
46146	-4317.684	-4606.159	288.4754	0.65217	0.912079	11.01877
46152	-4329.839	-4616.035	286.1955	0.765177	1.123159	12.0422
46158	-4329.192	-4613.357	284.165	0.8009394	0.9484248	13.16955
46164	-4335.79	-4619.76	283.9701	0.7348243	0.7907423	13.39622
46170	-4322.744	-4607.708	284.9642	0.8181229	0.7953283	12.83337
46176	-4330.242	-4617.99	287.7483	0.760963	1.069129	11.25952
46182	-4312.203	-4596.174	283.9717	0.7149526	1.068486	13.25265
46188	-4317.896	-4603.91	286.0142	0.6966313	0.7619689	12.37081
46194	-4324.424	-4609.456	285.0325	0.7955864	0.876533	12.76123
46200	-4340.26	-4622.464	282.2038	0.7979685	1.042028	14.14018
46206	-4349.299	-4633.394	284.0952	0.7016226	1.094661	13.18258
46212	-4337.388	-4621.367	283.9796	0.8081776	1.104363	13.18258
46218	-4328.612	-4612.986	284.3735	0.8206528	0.8715141	13.09382
46224	-4316.905	-4604.231	287.3261	0.7297593	0.9693135	11.54811
46230	-4321.138	-4608.664	287.5259	0.7584094	0.9660559	11.43045
46236	-4320.787	-4608.141	287.3544	0.866482	1.029379	11.43045
46242	-4324.965	-4610.954	285.9897	0.6510672	1.047489	12.24615
46248	-4327.397	-4612.193	284.7964	0.8604632	0.9724566	12.79735
46254	-4310.711	-4597.211	286.5	0.9059519	1.121913	11.81044
46260	-4327.505	-4612.192	284.6873	0.6932886	1.130553	12.86181
46266	-4323.267	-4607.914	284.6467	0.8018204	1.057845	12.86181
46272	-4333.239	-4615.123	281.8847	0.8187352	1.049953	14.29086
46278	-4320.942	-4608.296	287.3536	0.9040813	0.9845523	11.43453
46284	-4328.71	-4615.705	286.9951	0.7628472	0.9424923	11.71826
46290	-4325.447	-4611.093	285.6462	0.8217771	0.8673971	12.43334
46296	-4330.984	-4613.359	282.3749	0.753733	0.9564316	14.11884
46302	-4336.043	-4621.079	285.0358	0.6510612	0.9993613	12.76761
46308	-4330.178	-4615.896	285.7176	0.7262831	1.14579	12.30095
46314	-4324.164	-4609.76	285.5963	0.7245334	1.288493	12.30095
46320	-4316.819	-4600.455	283.6362	0.7786505	1.181329	13.34017
46326	-4321.017	-4605.487	284.4703	0.65717	0.9421908	13.08897
46332	-4323.659	-4607.121	283.4617	0.6812032	0.9893958	13.57527
46338	-4311.486	-4596.747	285.2617	0.6812032	0.9322706	12.67018
46344	-4331.767	-4613.873	282.1064	0.6548223	0.9182102	14.33006
46350	-4330.054	-4615.263	285.2091	0.6882517	0.8811443	12.72255
46356	-4327.248	-4613.306	286.0579	0.7375708	0.8811443	12.25474
46362	-4313.124	-4599.569	286.4452	0.6934308	0.9353505	12.04545
46368	-4309.058	-4592.969	283.911	0.7569109	0.9706137	13.31251
46374	-4325.377	-4607.526	282.149	0.8121706	0.9068191	14.23278
46380	-4329.036	-4612.449	283.4129	0.6602016	0.8548566	13.68574
46386	-4320.486	-4604.641	284.1548	0.790544	1.008789	13.14836
46392	-4322.544	-4609.982	287.4374	0.9501511	1.082414	11.31664
46398	-4327.677	-4614.376	286.698	0.7864244	0.9220167	11.87232
46404	-4325.413	-4612.904	287.491	0.850257	0.9412524	11.41408
46410	-4328.415	-4614.804	286.3894	0.7023254	0.8771241	12.1026
46416	-4324.27	-4609.953	285.683	0.844829	1.146969	12.25664
46422	-4330.991	-4621.092	290.1013	0.8421758	1.015347	10.00966
46428	-4315.427	-4601.189	285.7617	0.753054	0.8775034	12.40312
46434	-4333.449	-4620.314	286.8649	0.7790766	0.93473	11.78202
46440	-4340.744	-4622.952	282.2074	0.7587608	0.9606024	14.20085
46446	-4338.87	-4624.17	285.2996	0.7284072	0.8189028	12.6911
46452	-4320.194	-4605.605	285.4104	0.7499495	0.9614033	12.54119
46458	-4316.579	-4601.759	285.1794	0.7654646	0.8738323	12.70199
46464	-4326.457	-4610.181	283.724	0.6960331	0.8738323	13.49467
46470	-4317.306	-4602.513	285.207	0.7582213	0.8526261	12.70373
46476	-4323.305	-4605.901	282.5957	0.7967309	0.9071683	14.009
46482	-4328.527	-4612.761	284.2334	0.6814239	0.9144747	13.2147
46488	-4333.766	-4621.401	287.6352	0.6814239	0.9421895	11.42647
46494	-4337.297	-4625.08	287.7829	0.8066824	0.7689798	11.38568
46500	-4324.542	-4613	288.4578	0.8227963	0.9297455	10.92878
46506	-4314.121	-4601.191	287.0697	0.7820445	0.867527	11.71145
46512	-4308.48	-4592.403	283.9228	0.7497989	1.06755	13.2604
46518	-4311.411	-4593.368	281.9566	0.7094312	1.06755	14.30147
46524	-4325.953	-4607.751	281.7979	0.6009064	0.9318309	14.51027
46530	-4312.255	-4596.155	283.8996	0.6717719	0.8603903	13.42386
46536	-4323.923	-4609.124	285.2012	0.7600372	0.8102639	12.73108
46542	-4328.379	-4613.56	285.1801	0.8207464	0.9890102	12.60957
46548	-4321.129	-4606.009	284.8804	0.6733165	0.9890102	12.84231
46554	-4325.641	-4610.723	285.0821	0.6692421	0.9291488	12.77162
46560	-4319.742	-4607.196	287.4543	0.7702919	1.14456	11.37191
46566	-4322.04	-4608.019	285.9789	0.837115	1.109851	12.12406
46572	-4330.931	-4620.219	289.2879	0.8185508	0.8132866	10.56341
46578	-4338.704	-4624.009	285.3049	0.8484982	0.9231858	12.56562
46584	-4328.544	-4611.071	282.5264	0.7726133	1.254832	13.88649
46590	-4342.497	-4626.746	284.2498	0.800459	0.9850895	13.10616
46596	-4333.139	-4618.227	285.0876	0.7592949	1.106448	12.63065
46602	-4328.717	-4618.899	290.182	0.9816674	0.9783319	9.913286
46608	-4322.445	-4608.01	285.565	0.8981381	1.092636	12.31636
46614	-4314.33	-4600.832	286.5017	0.8721765	0.9588753	11.90991
46620	-4347.6	-4631.903	284.3033	0.7428785	1.010817	13.0949
46626	-4337.712	-4623.048	285.3355	0.7303294	1.010817	12.5644
46632	-4330.781	-4613.137	282.3561	0.7572793	1.034589	14.08611
46638	-4330.414	-4614.277	283.8627	0.7627778	0.9035431	13.37117
46644	-4319.963	-4604.79	284.8278	0.8052807	0.8976234	12.8507
46650	-4327.962	-4612.283	284.3219	0.6600102	0.9687488	13.15037
46656	-4323.939	-4609.438	285.4987	0.7899415	1.04523	12.43079
46662	-4327.39	-4613.501	286.1112	0.7729444	0.8509243	12.22605
46668	-4314.97	-4600.892	285.9214	0.770374	1.045103	12.22077
46674	-4314.217	-4598.318	284.1001	0.7696346	1.126179	13.12955
46680	-4307.244	-4591.245	284.0005	0.679028	0.8180488	13.39277
46686	-4307.164	-4590.683	283.5188	0.8085018	1.165873	13.39277
46692	-4308.866	-4592.429	283.5633	0.7775148	1.175509	13.38128
46698	-4317.88	-4601.957	284.0769	0.6401599	1.002122	13.27046
46704	-4303.186	-4588.61	285.4237	0.7877956	0.9460481	12.52284
46710	-4312.221	-4598.31	286.0886	0.8013044	0.8949114	12.19769
46716	-4318.8	-4602.187	283.3867	0.8327433	1.021977	13.51867
46722	-4316.474	-4600.862	284.3873	0.9694289	1.041835	12.91757
46728	-4329.207	-4613.529	284.322	0.8323799	1.060541	13.01345
46734	-4323.14	-4608.077	284.9376	0.7883278	0.8324924	12.84018
46740	-4343.723	-4628.465	284.7418	0.7811233	0.822999	12.95144
46746	-4332.598	-4620.002	287.4039	0.7546677	0.9600589	11.49939
46752	-4315.592	-4601.487	285.8942	0.8204603	1.075114	12.19388
46758	-4322.459	-4608.759	286.3003	0.7811277	1.161968	11.96089
46764	-4311.722	-4596.285	284.5624	0.7331209	1.16116	12.89167
46770	-4329.214	-4613.656	284.4426	0.74973	0.9189453	13.068
46776	-4341.409	-4625.964	284.5556	0.5962605	0.9575655	13.068
46782	-4329.603	-4614.225	284.6214	0.7649965	0.8043487	13.03373
46788	-4316.613	-4601.494	284.881	0.815989	1.035669	12.7437
46794	-4328.822	-4612.558	283.7357	0.7331721	0.946988	13.42855
46800	-4321.672	-4609.15	287.4781	0.9747118	0.9892904	11.32995
46806	-4308.664	-4592.551	283.8872	0.898762	1.038467	13.21605
46812	-4323.986	-4610.862	286.8763	0.7794753	0.7388358	11.89299
46818	-4317.15	-4602.335	285.1847	0.7794753	0.7528888	12.76544
46824	-4314.458	-4604.837	290.379	0.8843619	0.8474563	9.93467
46830	-4352.957	-4638.929	285.9723	0.7845886	0.8755159	12.27811
46836	-4339.07	-4626.475	287.4052	0.8420961	0.9514892	11.45765
46842	-4321.929	-4607.039	285.1098	0.7649329	0.9555336	12.69306
46848	-4321.239	-4605.439	284.1999	0.6384853	0.9090083	13.25751
46854	-4326.081	-4612.033	285.9511	0.659966	0.9090083	12.3351
46860	-4331.639	-4615.66	284.0213	0.7587308	1.061672	13.20748
46866	-4326.699	-4612.558	285.8591	0.8526044	1.061672	12.20206
46872	-4309.63	-4595.845	286.2146	0.7245448	1.002121	12.11378
46878	-4326.481	-4612.127	285.6462	0.8392756	0.9122554	12.39874
46884	-4313.434	-4600.71	287.2756	0.7310528	0.9122554	11.60507
46890	-4310.404	-4596.558	286.154	0.9739859	0.8766216	12.08395
46896	-4316.436	-4601.012	284.5755	0.7962123	0.8201831	13.03174
46902	-4316.365	-4601.423	285.0579	0.6363659	1.013704	12.75633
46908	-4312.836	-4597.862	285.0256	0.7216656	0.9612414	12.75633
46914	-4310.429	-4597.38	286.951	0.8411179	1.019029	11.65984
46920	-4320.005	-4608.121	288.1162	0.8223229	1.019029	11.06021
46926	-4316.813	-4601.976	285.163	0.7121543	0.921986	12.71113
46932	-4314.322	-4599.647	285.3252	0.8377782	0.8014142	12.63151
46938	-4306.491	-4591.34	284.8498	0.7421801	0.7721915	12.94676
46944	-4317.778	-4602.632	284.8547	0.7712274	1.085979	12.75564
46950	-4335.006	-4619.837	284.8315	0.8611451	0.8563869	12.84335
46956	-4321.548	-4605.276	283.7281	0.8265751	0.8575877	13.43419
46962	-4332.92	-4616.192	283.2718	0.9514502	0.8466061	13.61268
46968	-4301.834	-4587.181	285.3463	0.731545	0.8336279	12.65631
46974	-4321.184	-4608.153	286.9692	0.8661616	1.073121	11.60994
46980	-4320.802	-4606.19	285.3888	0.6473854	1.066998	12.55141
46986	-4316.808	-4602.362	285.554	0.7710249	1.00854	12.43057
46992	-4320.514	-4604.697	284.1837	0.7453594	0.8222373	13.26059
46998	-4325.318	-4611.39	286.0715	0.9047807	0.8923987	12.15405
47004	-4309.926	-4596.233	286.3066	0.7941591	0.9294503	12.06841
47010	-4325.994	-4608.682	282.688	0.6221782	1.231022	13.89118
47016	-4313.939	-4596.756	282.8165	0.638624	1.070066	13.89118
47022	-4322.407	-4607.714	285.3072	0.9643194	0.9976445	12.46411
47028	-4311.186	-4596.645	285.4595	0.8452466	0.9976445	12.44678
47034	-4314.904	-4601.373	286.4692	0.8680729	1.006345	11.90391
47040	-4308.697	-4597.377	288.6797	1.088386	1.165852	10.55325
47046	-4313.088	-4602.781	289.6926	1.014043	1.033754	10.12476
47052	-4300.661	-4587.725	287.0642	0.7446319	0.8716535	11.73151
47058	-4316.264	-4603.071	286.8078	0.7703177	1.099207	11.73151
47064	-4316.015	-4602.992	286.9768	0.8857203	0.8241531	11.73151
47070	-4312.933	-4599.562	286.6289	0.8376662	0.9510572	11.86576
47076	-4314.523	-4600.622	286.0983	0.7798182	0.8743455	12.21556
47082	-4333.903	-4623.063	289.1605	0.8933299	1.017177	10.47639
47088	-4331.98	-4618.389	286.409	0.9164389	1.118032	11.85435
47094	-4310.395	-4596.913	286.5174	0.8041508	0.9039188	11.96745
47100	-4305.887	-4595.242	289.3545	0.8658105	0.9194357	10.44159
47106	-4307.846	-4598.317	290.4706	1.045723	0.9258751	9.756203
47112	-4297.286	-4587.938	290.652	0.8897023	0.9021059	9.756203
47118	-4300.495	-4585.77	285.2757	0.832273	0.9060633	12.59881
47124	-4305.54	-4590.679	285.1386	0.831568	0.8779276	12.68649
47130	-4310.789	-4597.292	286.5033	0.8938231	0.9085884	11.92538
47136	-4314.437	-4603.888	289.4508	1.020174	1.155541	10.18885
47142	-4315.043	-4601.261	286.2185	0.7618593	0.9073466	12.14351
47148	-4309.679	-4594.915	285.2368	0.7000143	0.8176041	12.73935
47154	-4325.84	-4612.105	286.265	0.8302173	0.9759033	12.04617
47160	-4313.978	-4600.909	286.9304	0.7211263	1.009943	11.73795
47166	-4315.246	-4598.084	282.8381	0.7410326	1.003883	13.86026
47172	-4318.934	-4606.095	287.1611	0.9459598	0.9019068	11.55838
47178	-4316.376	-4600.755	284.379	0.9124404	1.08759	12.92883
47184	-4320.723	-4609.759	289.036	0.6281467	1.004284	10.68762
47190	-4332.385	-4618.454	286.0697	0.9327252	1.100204	12.03152
47196	-4325.978	-4609.376	283.3979	0.9313655	1.114085	13.41609
47202	-4306.626	-4593.2	286.5742	0.7878083	1.059885	11.86373
47208	-4311.586	-4598.087	286.5007	0.7706891	0.969582	11.95762
47214	-4312.164	-4596.579	284.4151	0.7630447	1.055549	13.00359
47220	-4312.926	-4598.514	285.5874	0.6481534	0.96877	12.49808
47226	-4307.921	-4592.029	284.1082	0.6999095	0.9546325	13.24824
47232	-4309.762	-4596.216	286.4543	1.037768	1.047673	11.80192
47238	-4316.585	-4602.622	286.0368	0.8569917	1.057772	12.10907
47244	-4304.73	-4589.511	284.781	0.7170762	0.7273755	13.02446
47250	-4299.522	-4583.933	284.4112	0.7042943	1.079235	13.02446
47256	-4289.966	-4573.735	283.7694	0.7042943	0.9120726	13.44523
47262	-4297.643	-4581.465	283.822	0.7042943	1.03688	13.35174
47268	-4317.476	-4601.35	283.8738	0.6792106	0.9846185	13.36481
47274	-4326.363	-4609.653	283.2894	0.7053391	0.9337039	13.68194
47280	-4327.851	-4613.669	285.818	0.7325569	1.018451	12.30796
47286	-4338.277	-4624.826	286.5491	0.7220269	1.03498	11.92372
47292	-4323.409	-4611.098	287.6892	0.7733995	1.001589	11.31836
47298	-4308.746	-4594.388	285.6419	0.6708028	0.9271752	12.48043
47304	-4314.733	-4602.399	287.6663	0.797909	0.9394221	11.35081
47310	-4317.998	-4603.728	285.7304	0.6095855	1.163512	12.34681
47316	-4306.762	-4593.224	286.4627	0.780227	1.163512	11.87592
47322	-4309.593	-4597.274	287.6815	0.8197105	0.9376962	11.33241
47328	-4302.638	-4589.198	286.5604	0.757549	0.8813942	11.98215
47334	-4299.403	-4588.552	289.1485	0.7928666	0.916415	10.58968
47340	-4326.997	-4610.722	283.7247	0.7423513	1.044657	13.37859
47346	-4317.4	-4600.856	283.4553	0.6623015	0.9341118	13.61797
47352	-4309.508	-4598.039	288.5309	0.8498455	1.147325	10.76513
47358	-4319.53	-4606.548	287.0174	0.8143129	1.123623	11.58723
47364	-4316.886	-4605.993	289.1065	0.7514575	1.136039	10.52017
47370	-4311.178	-4596.804	285.6269	0.7146033	0.9057805	12.47735
47376	-4308.056	-4594.109	286.0531	0.8930942	1.035415	12.09299
47382	-4307.782	-4593.515	285.7325	0.9321253	1.061901	12.22652
47388	-4312.697	-4600.419	287.7218	0.9112275	0.8798658	11.29594
47394	-4301.731	-4589.311	287.5798	0.9772231	0.9173046	11.3145
47400	-4332.815	-4620.19	287.3751	0.7898914	1.133813	11.40815
47406	-4308.294	-4593.292	284.9983	0.6543158	0.9411041	12.81643
47412	-4316.466	-4603.478	287.0122	0.7038862	1.036556	11.69058
47418	-4329.359	-4614.726	285.3668	0.5982149	0.921531	12.66462
47424	-4325.74	-4610.367	284.6269	0.7033264	0.8522349	13.0343
47430	-4326.391	-4613.982	287.5904	0.9809975	1.041155	11.24111
47436	-4318.193	-4606.054	287.8613	0.8076011	0.9441587	11.24111
47442	-4325.895	-4607.913	282.0182	0.8363665	0.8559138	14.31697
47448	-4341.002	-4625.729	284.7273	0.690891	0.9423716	12.9377
47454	-4330.793	-4616.004	285.2107	0.8489068	0.9105154	12.62149
47460	-4326.09	-4610.46	284.3705	0.8567403	1.279843	12.87406
47466	-4331.634	-4619.956	288.3224	0.9859186	1.111129	10.82046
47472	-4317.357	-4604.891	287.5342	0.9222631	1.047839	11.29785
47478	-4314.162	-4601.72	287.5583	0.9783706	0.9297439	11.31821
47484	-4330.482	-4619.779	289.2974	0.9997042	0.9297439	10.39551
47490	-4326.077	-4611.446	285.3696	1.02112	0.9274447	12.43963
47496	-4330.728	-4613.904	283.1761	0.8465811	0.9237638	13.67286
47502	-4329.861	-4612.322	282.4608	0.8229391	1.113787	13.95884
47508	-4322.997	-4609.736	286.7397	0.9973244	0.8674794	11.77143
47514	-4327.338	-4613.97	286.6323	0.838651	1.132588	11.77143
47520	-4312.419	-4598.896	286.4768	0.8862909	0.8972555	11.94955
47526	-4311.054	-4599.232	288.178	0.8862909	0.9135941	11.05108
47532	-4305.699	-4594.541	288.8421	0.8602882	0.8949799	10.72719
47538	-4300.854	-4589.615	288.7606	0.8965458	1.114144	10.63606
47544	-4309.582	-4593.735	284.1528	0.8086228	1.042262	13.12295
47550	-4299.73	-4583.748	284.0182	0.8086228	0.9967592	13.21618
47556	-4302.266	-4589.629	287.3631	0.9450968	0.8927223	11.45846
47562	-4303.402	-4590.549	287.1467	0.9248045	1.130841	11.45846
47568	-4320.118	-4604.684	284.5667	0.9352209	0.8709268	12.93416
47574	-4310.213	-4596.006	285.7927	0.8443563	0.8709268	12.34318
47580	-4315.722	-4602.465	286.7431	0.8599971	1.005946	11.76534
47586	-4312.977	-4599.445	286.4674	0.9055705	1.074856	11.85052
47592	-4317.121	-4602.605	285.4845	0.7799215	1.06383	12.43408
47598	-4311.375	-4598.264	286.8888	0.7946991	1.150792	11.65179
47604	-4306.304	-4594.861	288.5567	0.9012267	0.9768138	10.81026
47610	-4315.952	-4602.815	286.8633	0.8680785	1.060149	11.67071
47616	-4304.8	-4591.815	287.0157	0.8651726	1.045871	11.59977
47622	-4306.135	-4591.968	285.8327	0.7593238	0.9080399	12.34554
47628	-4317.653	-4604.879	287.2265	0.8413753	1.098551	11.47592
47634	-4305.037	-4589.961	284.9239	0.694214	1.098551	12.75354
47640	-4311.709	-4597.623	285.914	0.7648047	1.032034	12.23415
47646	-4306.582	-4594.299	287.7166	0.7409187	1.032034	11.30533
47652	-4311.308	-4597.066	285.7579	0.8029648	1.070417	12.27634
47658	-4311.802	-4597.246	285.4435	0.7728675	0.9117679	12.53915
47664	-4300.675	-4585.954	285.2789	0.7860591	1.061461	12.53915
47670	-4305.518	-4590.955	285.4378	0.713892	0.9736428	12.53915
47676	-4307.451	-4593.899	286.4478	0.7681048	0.8548556	12.05077
47682	-4311.256	-4599.359	288.1034	0.7612434	0.9028497	11.16161
47688	-4315.461	-4604.697	289.2359	0.7853784	1.017287	10.49339
47694	-4302.723	-4591.162	288.4384	0.8968447	1.03607	10.84365
47700	-4311.46	-4603.169	291.7088	1.046036	1.061048	9.030285
47706	-4306.729	-4594.718	287.9897	0.9900216	1.129579	10.98379
47712	-4307.466	-4592.845	285.379	0.9263457	1.006901	12.4417
47718	-4319.068	-4606.662	287.5947	0.8118909	1.091834	11.30204
47724	-4335.795	-4623.538	287.7423	0.8118909	0.9425532	11.30204
47730	-4337.881	-4623.387	285.5062	0.7613659	1.021982	12.45359
47736	-4325.019	-4612.442	287.4231	0.8534608	1.020031	11.40612
47742	-4347.5	-4634.19	286.6894	0.8774736	0.9953424	11.78978
47748	-4341.132	-4631	289.8675	1.061103	1.107618	9.971055
47754	-4326.459	-4613.025	286.5652	0.8915915	1.046029	11.82121
47760	-4332.26	-4617.376	285.1153	0.7238542	0.9899918	12.69323
47766	-4323.982	-4608.21	284.2281	0.7011413	0.9899918	13.16653
47772	-4325.076	-4612.21	287.1342	0.9154722	1.006026	11.53197
47778	-4319.339	-4608.139	288.8004	0.839271	0.8784837	10.7695
47784	-4328.414	-4619.006	290.5922	0.9203892	1.090104	9.671972
47790	-4319.523	-4611.087	291.5643	0.9456964	0.9954698	9.193815
47796	-4313.953	-4601.715	287.7624	0.8440595	0.9726818	11.25839
47802	-4320.096	-4604.222	284.1258	0.7046225	0.9618307	13.23278
47808	-4321.676	-4608.158	286.482	0.8781693	0.8082235	12.00338
47814	-4324.725	-4610.316	285.5909	0.8226585	1.207954	12.28808
47820	-4325.296	-4612.248	286.9519	0.8607863	1.086487	11.61518
47826	-4330.434	-4615.685	285.2516	0.9355031	1.027063	12.49291
47832	-4328.637	-4617.15	288.5126	0.9216757	1.1189	10.75065
47838	-4324.609	-4611.587	286.9781	0.9633156	1.03224	11.57506
47844	-4329.834	-4614.886	285.0523	0.7176795	0.8419053	12.81164
47850	-4311.069	-4593.713	282.644	0.7219194	1.041587	13.95161
47856	-4323.873	-4609.142	285.2689	0.7968976	0.979508	12.5808
47862	-4313.589	-4597.843	284.2548	0.8901392	0.9458387	13.07789
47868	-4316.33	-4600.454	284.1247	0.6933583	0.9785234	13.23032
47874	-4315.154	-4599.331	284.1767	0.7428578	0.9993232	13.16664
47880	-4317.846	-4602.157	284.311	0.7546237	0.9028988	13.14279
47886	-4316.572	-4600.318	283.7464	0.7378518	0.8640506	13.46698
47892	-4321.239	-4606.36	285.1213	0.8319297	1.059262	12.59845
47898	-4319.42	-4605.218	285.7976	0.8497772	0.976217	12.27953
47904	-4320.595	-4603.855	283.2602	0.6610537	1.088305	13.64039
47910	-4314.704	-4598.352	283.6486	0.7280446	1.065573	13.4151
47916	-4321.697	-4605.112	283.4145	0.9024822	1.061503	13.44811
47922	-4336.308	-4621.07	284.7615	0.7848975	0.825649	12.93763
47928	-4318.825	-4603.454	284.6296	0.9327382	0.8119036	12.93763
47934	-4308.481	-4598.111	289.6308	0.9858166	1.059347	10.15909
47940	-4320.727	-4604.504	283.7772	0.9306338	1.059347	13.24617
47946	-4320.758	-4603.734	282.976	0.7908337	1.025479	13.75182
47952	-4321.945	-4607.99	286.0449	0.8349875	0.9489099	12.17296
47958	-4323.838	-4609.874	286.0366	0.7617121	1.029839	12.17296
47964	-4308.125	-4595.118	286.9926	0.8632775	1.157538	11.55857
47970	-4304.44	-4592.036	287.5958	0.7956854	0.9725788	11.3709
47976	-4314.79	-4600.995	286.2057	0.805839	0.9694241	12.09328
47982	-4313.618	-4601.099	287.481	0.836646	0.862398	11.47098
47988	-4316.048	-4603.304	287.2565	0.7826624	1.209412	11.43885
47994	-4308.347	-4594.114	285.7673	0.7459994	0.9297224	12.37454
48000	-4315.064	-4603.164	288.0998	0.8545689	0.8126237	11.16765
48006	-4313.982	-4603.769	289.787	0.9780161	0.9767257	10.12393
48012	-4322.618	-4608.002	285.3843	0.882344	1.141822	12.39517
48018	-4307.958	-4595.591	287.6326	0.9273491	0.9419713	11.29934
48024	-4310.992	-4600.552	289.5594	1.054261	0.9018866	10.24477
48030	-4340.438	-4622.962	282.5239	0.6964755	1.113405	13.99189
48036	-4338.301	-4625.696	287.394	0.8770629	0.9456878	11.44836
48042	-4338.388	-4621.437	283.0485	0.8999737	1.032186	13.65417
48048	-4331.687	-4612.154	280.4671	0.8428604	0.9285478	15.07556
48054	-4334.427	-4618.098	283.6704	0.7233187	1.055833	13.41108
48060	-4316.384	-4601.608	285.2238	0.7521054	1.122982	12.55557
48066	-4321.158	-4603.897	282.7397	0.7432761	0.9966049	13.91394
48072	-4338.066	-4619.96	281.8934	0.6255892	1.045986	14.38838
48078	-4324.805	-4607.347	282.5425	0.6764767	1.105927	13.99618
48084	-4320.003	-4606.933	286.93	0.8029896	0.9075087	11.75064
48090	-4321.957	-4606.553	284.5959	0.6837881	0.9703898	12.99464
48096	-4320.383	-4604.742	284.3584	0.7477111	1.151594	12.99464
48102	-4329.611	-4613.514	283.9028	0.8192728	1.066631	13.23514
48108	-4335.23	-4620.565	285.335	0.9304701	1.062274	12.43431
48114	-4326.27	-4613.894	287.6236	0.9304701	1.006685	11.26789
48120	-4328.614	-4614.425	285.8105	0.7929782	0.9760309	12.30252
48126	-4307.889	-4594.11	286.2206	0.7508615	1.051343	12.07178
48132	-4316.701	-4601.948	285.2464	0.6588225	0.9766389	12.6659
48138	-4317.006	-4602.208	285.2018	0.766781	1.161007	12.54145
48144	-4311.154	-4598.494	287.3392	0.8932262	0.8946631	11.49699
48150	-4327.878	-4614.121	286.2429	0.7987321	1.074576	12.0236
48156	-4332.255	-4616.926	284.6708	0.8395889	0.9997837	12.8592
48162	-4323.16	-4611.514	288.3539	0.9981072	1.069906	10.81779
48168	-4333.564	-4618.59	285.0257	0.8413209	1.069953	12.63803
48174	-4321.668	-4604.771	283.1028	0.8898729	1.040492	13.62701
48180	-4329.523	-4614.675	285.1516	0.7379971	0.825279	12.7593
48186	-4324.95	-4609.718	284.7678	0.9453321	0.9891002	12.7593
48192	-4325.883	-4611.014	285.1308	0.7739574	0.8809867	12.71875
48198	-4331.754	-4616.915	285.1608	0.8266389	0.9918909	12.61506
48204	-4317.694	-4602.276	284.5821	0.8225127	1.077183	12.87509
48210	-4316.955	-4602.71	285.755	0.9041731	0.8498038	12.344
48216	-4315.494	-4599.448	283.9535	0.8372804	0.9566492	13.25613
48222	-4320.417	-4605.594	285.1773	0.8606563	1.038694	12.56468
48228	-4312.799	-4599.923	287.1243	0.9350465	1.123657	11.46824
48234	-4319.396	-4605.167	285.7708	0.9790731	0.9048145	12.26507
48240	-4325.247	-4613.039	287.7919	0.8554524	0.9048145	11.27423
48246	-4313.803	-4598.664	284.8613	0.9099295	1.092849	12.67665
48252	-4341.553	-4628.976	287.4226	0.9663941	1.006334	11.35442
48258	-4349.639	-4633.779	284.1408	0.8263194	1.076149	13.10309
48264	-4321.472	-4607.359	285.887	0.8573429	1.042915	12.19446
48270	-4316.465	-4602.585	286.1195	0.7790219	0.8926344	12.19446
48276	-4322.356	-4604.813	282.4576	0.7235763	0.8926344	14.12667
48282	-4321.845	-4607.829	285.9831	0.7568343	1.00023	12.21865
48288	-4314.987	-4601.04	286.0533	0.8292742	0.9032177	12.19681
48294	-4307.335	-4595.051	287.7165	0.7628399	0.9032177	11.363
48300	-4341.652	-4624.124	282.472	0.6839181	0.9689303	14.09804
48306	-4330.642	-4614.358	283.7161	0.7949077	1.016954	13.36984
48312	-4341.891	-4625.355	283.4632	0.7047867	1.002229	13.55554
48318	-4345.755	-4629.051	283.2954	0.9240504	0.9517282	13.55554
48324	-4355.045	-4638.298	283.2531	0.6833791	0.8087301	13.78409
48330	-4319.637	-4608.289	288.652	0.8826788	1.292766	10.61871
48336	-4317.369	-4605.388	288.0187	0.896201	1.228861	10.97178
48342	-4326.449	-4614.305	287.8566	0.8416919	1.131792	11.13007
48348	-4320.815	-4607.329	286.514	0.9607459	0.9575911	11.85795
48354	-4328.201	-4614.861	286.6599	0.6976542	1.10131	11.84564
48360	-4323.809	-4608.913	285.1039	0.8548607	0.759554	12.76396
48366	-4323.008	-4606.754	283.7459	0.7290692	0.759554	13.53523
48372	-4321.105	-4606.777	285.672	0.7814216	1.041941	12.34658
48378	-4320.57	-4608.694	288.1241	0.8500154	0.8953604	11.10856
48384	-4328.692	-4616.512	287.8198	0.8022952	0.852272	11.31775
48390	-4324.194	-4611.047	286.853	0.8810778	0.9802033	11.71042
48396	-4326.368	-4611.628	285.2603	0.9624032	1.065939	12.45479
48402	-4323.527	-4610.58	287.0529	0.8273281	0.9626603	11.64346
48408	-4327.076	-4612.698	285.6222	0.7882956	0.8329575	12.48353
48414	-4335.094	-4622.253	287.159	0.7555017	1.084505	11.56296
48420	-4340.398	-4624.19	283.7918	0.7364032	0.9400483	13.40152
48426	-4348.072	-4634.365	286.2926	0.8268895	1.015987	12.01256
48432	-4340.681	-4628.03	287.3489	0.7473426	0.9398617	11.54294
48438	-4318.193	-4605.482	287.2891	0.8291173	0.9191153	11.54294
48444	-4315.687	-4602.806	287.1196	0.8699818	1.017973	11.55721
48450	-4325.992	-4609.433	283.4409	0.7997146	0.9227652	13.56031
48456	-4322.073	-4604.548	282.4757	0.7282278	0.9227652	14.09811
48462	-4325.687	-4611.448	285.7603	0.8263799	1.153026	12.22312
48468	-4316.268	-4599.954	283.6861	0.6861117	1.004555	13.44833
48474	-4311.467	-4599.854	288.3874	0.8218059	1.098064	10.87875
48480	-4315.12	-4598.111	282.9909	0.7884023	0.975809	13.77109
48486	-4310.492	-4593.43	282.9382	0.7806531	0.8821756	13.85384
48492	-4335.899	-4620.04	284.1409	0.8446797	1.03277	13.11518
48498	-4337.931	-4624.859	286.9279	0.8887888	1.234396	11.54396
48504	-4322.707	-4610.753	288.0454	0.966559	1.148238	10.95803
48510	-4330.374	-4613.971	283.5971	0.7531375	1.08638	13.41861
48516	-4322.466	-4608.046	285.5798	0.8173189	1.060204	12.36677
48522	-4327.252	-4614.051	286.7984	0.913392	1.01621	11.70324
48528	-4322.984	-4609.284	286.2999	0.7981818	0.9483714	12.05949
48534	-4329.141	-4616.568	287.4266	0.8986029	1.007861	11.38697
48540	-4322.291	-4607.248	284.9572	0.7295496	1.115885	12.70948
48546	-4321.683	-4607.868	286.1848	0.8858354	0.8828448	12.11031
48552	-4350.786	-4636.844	286.0578	0.9439552	0.9339349	12.11758
48558	-4341.97	-4629.042	287.0728	0.8493619	1.078005	11.56216
48564	-4340.421	-4630.847	290.4263	1.055888	0.9247959	9.77478
48570	-4324.114	-4612.789	288.6748	0.9678194	0.952472	10.72653
48576	-4330.939	-4616.924	285.9848	0.8779215	0.964204	12.17367
48582	-4323.853	-4609.826	285.9724	0.8210958	1.033369	12.17367
48588	-4319.242	-4605.386	286.1439	0.8210958	0.9328002	12.13741
48594	-4332.805	-4619.294	286.4884	0.7334485	0.9809867	11.97742
48600	-4344.587	-4630.723	286.1358	0.7506768	1.356122	11.97742
48606	-4333.969	-4621.578	287.6093	0.8476552	0.9565702	11.34527
48612	-4326.527	-4611.584	285.0564	0.6778737	0.8900866	12.80233
48618	-4322.193	-4606.694	284.5004	0.7202342	1.003215	13.00815
48624	-4334.107	-4619.016	284.9088	0.7426996	0.9316761	12.82217
48630	-4319.822	-4608.732	288.91	0.9307248	1.1031	10.54507
48636	-4327.58	-4616.223	288.6435	0.8463467	1.150871	10.70628
48642	-4316.713	-4604.577	287.8641	0.857012	1.033823	11.16644
48648	-4327.285	-4614.592	287.3067	0.7618797	1.006172	11.52201
48654	-4322.602	-4608.619	286.017	0.7993403	1.006172	12.17576
48660	-4312.393	-4598.49	286.0971	0.7548646	0.9708014	12.17576
48666	-4313.943	-4600.153	286.2104	0.8169572	1.086204	12.02532
48672	-4325.674	-4612.119	286.445	0.8239922	0.8510003	12.02532
48678	-4329.271	-4613.961	284.6896	0.7609246	1.165803	12.80891
48684	-4360.294	-4641.809	281.5148	0.7258054	1.108336	14.502
48690	-4327.013	-4612.354	285.3412	0.7698741	0.7823227	12.67032
48696	-4338.239	-4620.255	282.0152	0.6878405	1.121529	14.25618
48702	-4341.718	-4625.506	283.788	0.7518415	0.9676113	13.38064
48708	-4341.65	-4628.917	287.2668	0.9409771	0.9398656	11.48463
48714	-4339.298	-4627.804	288.5064	0.9115683	1.117196	10.76003
48720	-4323.79	-4609.876	286.0864	0.6931195	0.9907583	12.203
48726	-4332.086	-4618.726	286.6401	0.7061234	1.128983	11.83826
48732	-4331.387	-4615.586	284.1991	0.7448265	1.053093	13.12661
48738	-4329.964	-4614.313	284.3484	0.7894192	0.8654651	13.12661
48744	-4322.868	-4611.402	288.5338	0.8561868	0.9459943	10.86251
48750	-4323.968	-4612.379	288.4111	0.81456	0.9666416	10.9374
48756	-4313.614	-4599.025	285.4112	0.8207764	0.9825399	12.49266
48762	-4312.762	-4600.132	287.37	0.7442303	1.123594	11.43957
48768	-4314.747	-4600.811	286.064	0.6631808	1.088097	12.18094
48774	-4319.265	-4601.695	282.4297	0.7652147	1.047077	14.03754
48780	-4314.369	-4599.528	285.1594	0.8272647	1.073084	12.57416
48786	-4316.366	-4603.911	287.5456	0.788947	0.8856148	11.44877
48792	-4315.85	-4605.137	289.2862	0.9070333	0.9647689	10.4309
48798	-4326.381	-4615.714	289.333	0.9954695	0.839656	10.4309
48804	-4312.455	-4599.604	287.1491	0.8437331	0.8440818	11.65152
48810	-4326.271	-4612.085	285.8146	0.7213839	1.254576	12.20352
48816	-4319.578	-4605.752	286.1735	0.6873477	0.9114349	12.20352
48822	-4324.605	-4611.735	287.1298	0.8389741	0.9177137	11.62178
48828	-4340.279	-4628.768	288.4888	0.9253014	0.8274272	10.91787
48834	-4332.126	-4618.262	286.1359	0.8390895	0.7514372	12.23989
48840	-4346.936	-4635.851	288.9153	0.8057337	0.9339799	10.69549
48846	-4343.825	-4631.208	287.3822	0.9968705	0.9339799	11.39834
48852	-4323.231	-4608.339	285.1086	0.7392567	1.039076	12.66346
48858	-4317.962	-4602.909	284.947	0.8153901	1.129883	12.66346
48864	-4322.056	-4603.843	281.7873	0.7548758	0.8429597	14.48635
48870	-4315.406	-4600.403	284.9973	0.8900324	0.9425785	12.69352
48876	-4325.26	-4610.189	284.9292	0.8818227	1.136259	12.63509
48882	-4325.897	-4609.267	283.3695	0.8917753	0.8045764	13.61811
48888	-4326.925	-4612.71	285.7843	0.8159036	1.090754	12.24586
48894	-4318.983	-4604.826	285.8429	0.8787143	0.9668186	12.24586
48900	-4320.342	-4607.15	286.8085	0.7530828	1.031861	11.77365
48906	-4331.178	-4619.277	288.0992	0.7576886	0.9944981	11.11576
48912	-4340.542	-4626.816	286.2747	0.6652652	0.9944981	12.11737
48918	-4329.33	-4616.067	286.7372	0.6927536	0.9358382	11.89314
48924	-4329.995	-4616.771	286.7761	0.8415373	0.920657	11.80354
48930	-4319.575	-4606.23	286.6541	0.7931018	1.055183	11.82158
48936	-4310.837	-4599.046	288.2092	0.9306546	0.9858937	10.97212
48942	-4312.975	-4605.054	292.0798	1.156506	1.123489	8.744263
48948	-4315.795	-4600.379	284.5839	0.9147709	1.123489	12.80375
48954	-4313.732	-4602.675	288.9429	0.8934273	0.9881704	10.60575
48960	-4318.719	-4604.47	285.7518	0.9681526	1.06244	12.1974
48966	-4313.314	-4598.503	285.1889	0.8678094	0.976636	12.58704
48972	-4322.873	-4607.918	285.0448	0.7495467	0.9860182	12.71866
48978	-4316.233	-4602.896	286.663	0.7567548	1.053179	11.8369
48984	-4321.918	-4605.45	283.5321	0.8319726	1.00358	13.45306
48990	-4324.077	-4610.805	286.7287	0.7640052	0.9940474	11.82918
48996	-4337.851	-4622.608	284.7568	0.7882416	0.8442153	12.92731
49002	-4333.202	-4620.225	287.0226	0.8338596	0.9408293	11.66769
49008	-4326.048	-4610.104	284.0554	0.7564865	0.862362	13.29781
49014	-4334.771	-4618.047	283.2761	0.7130549	0.8307521	13.74353
49020	-4328.932	-4611.566	282.6344	0.7441366	1.008033	13.96216
49026	-4322.257	-4607.804	285.547	0.8549498	0.9812687	12.40478
49032	-4329.643	-4613.725	284.0818	0.8583102	0.8419354	13.2431
49038	-4311.705	-4599.9	288.1956	0.8908372	1.091185	10.94643
49044	-4319.336	-4605.051	285.7144	0.7919301	1.22388	12.23258
49050	-4320.651	-4605.083	284.4322	0.7953105	0.9777646	13.0179
49056	-4319.967	-4606.004	286.0369	0.8417371	0.958544	12.16845
49062	-4312.181	-4597.348	285.1668	0.8172943	0.9503092	12.63894
49068	-4317.842	-4603.862	286.0202	0.7531922	0.8624337	12.27708
49074	-4310.802	-4596.726	285.9236	0.8474547	1.052568	12.1757
49080	-4315.886	-4599.981	284.0946	0.8253154	1.052568	13.13931
49086	-4317.345	-4602.351	285.0056	0.7114093	0.8336005	12.84411
49092	-4305.981	-4593.185	287.2048	0.89093	0.932073	11.5475
49098	-4313.803	-4600.5	286.6974	0.8322477	1.052225	11.78005
49104	-4303.836	-4590.484	286.6487	0.8563492	1.078008	11.78005
49110	-4293.373	-4580.068	286.6948	0.8101954	1.078008	11.78005
49116	-4300.625	-4586.598	285.9732	0.7663562	1.188291	12.12709
49122	-4313.05	-4599.959	286.9089	0.8457483	0.8990904	11.74411
49128	-4315.367	-4601.349	285.982	0.7641166	0.90655	12.26606
49134	-4303.548	-4589.566	286.0172	0.9101507	1.00902	12.11635
49140	-4316.428	-4606.218	289.7893	1.071591	0.9652957	10.07965
49146	-4310.914	-4600.602	289.6879	0.9947185	1.151046	10.07965
49152	-4318.602	-4606.158	287.5559	1.118359	0.9864775	11.21558
49158	-4312.875	-4598.942	286.0664	0.8688548	1.0978	12.0677
49164	-4310.585	-4597.499	286.914	0.7211021	0.9636909	11.77094
49170	-4312.529	-4600.089	287.5604	0.9058333	0.9605239	11.33827
49176	-4318.593	-4607.726	289.1328	1.076634	1.092585	10.35661
49182	-4318.456	-4606.383	287.9278	0.9340261	0.9963971	11.11218
49188	-4309.176	-4596.059	286.8826	0.8893324	1.074512	11.64238
49194	-4306.671	-4593.803	287.1326	0.7553625	0.9572021	11.64238
49200	-4300.189	-4586.234	286.0459	0.8115593	1.068779	12.12253
49206	-4295.414	-4579.551	284.1372	0.8400021	0.8956871	13.19283
49212	-4297.793	-4581.949	284.1559	0.772732	0.9412667	13.19283
49218	-4303.818	-4585.294	281.4765	0.8210535	1.088944	14.48186
49224	-4311.758	-4600.174	288.4165	0.8914366	0.840187	10.96586
49230	-4317.601	-4606.333	288.7326	0.9657227	1.001204	10.67127
49236	-4303.924	-4593.334	289.4105	0.8330239	0.9861872	10.39299
49242	-4296.093	-4583.158	287.0643	0.6947464	0.9506234	11.71325
49248	-4307.612	-4594.557	286.9445	0.8744718	1.291532	11.51771
49254	-4319.188	-4605.967	286.7793	0.8731231	0.8413829	11.8309
49260	-4316.019	-4606.186	290.1673	0.9839961	1.011125	9.902488
49266	-4333.71	-4623.753	290.0424	1.109035	1.010967	9.902488
49272	-4320.082	-4603.227	283.1451	0.7783925	0.9064696	13.73395
49278	-4313.273	-4597.23	283.9574	0.8191785	0.9064696	13.29103
49284	-4318.331	-4601.798	283.4673	0.8293634	1.09764	13.44098
49290	-4316.553	-4600.569	284.016	0.8553904	1.09764	13.14236
49296	-4317.264	-4603.689	286.4257	0.8323874	0.9670286	11.96597
49302	-4318.797	-4608.135	289.3379	0.9454131	0.9670286	10.38235
49308	-4330.193	-4619.85	289.6561	0.9454131	0.971976	10.21247
49314	-4333.886	-4620.911	287.0245	0.8053145	1.253254	11.52873
49320	-4318.392	-4605.978	287.5857	0.896061	1.104126	11.25672
49326	-4323.822	-4611.067	287.2448	0.8069942	1.104126	11.48159
49332	-4321.621	-4605.214	283.5934	0.8005717	0.9238155	13.48011
49338	-4326.935	-4613.154	286.2184	0.9217545	0.8666113	12.08339
49344	-4325.211	-4608.436	283.2255	0.7584209	1.125666	13.58991
49350	-4327.267	-4613.866	286.5998	0.7944226	1.031934	11.86099
49356	-4316.073	-4600.315	284.2423	0.8906699	0.9584397	13.07732
49362	-4316.511	-4600.636	284.1257	0.7541342	1.22831	13.07732
49368	-4326.54	-4610.865	284.3247	0.8351959	0.9326734	13.07732
49374	-4318.559	-4600.868	282.3088	0.7475584	0.8541888	14.21344
49380	-4318.943	-4603.791	284.8483	0.7283049	0.9171445	12.86916
49386	-4317.34	-4602.738	285.3983	0.8861351	0.9171445	12.50074
49392	-4307.333	-4593.349	286.0159	0.8771461	0.9475112	12.16686
49398	-4321.706	-4610.304	288.5974	0.9341957	1.208095	10.65788
49404	-4339.506	-4626.186	286.6802	0.7234869	1.01791	11.86327
49410	-4333.409	-4619.564	286.1548	0.8014072	0.872846	12.17572
49416	-4336.495	-4617.393	280.8984	0.7448081	1.107867	14.8115
49422	-4328.385	-4613.25	284.8643	0.7818358	0.8549938	12.86837
49428	-4318.51	-4602.167	283.6571	0.6768442	0.9330284	13.5062
49434	-4334.088	-4620.135	286.0466	0.7969286	1.166999	12.08268
49440	-4306.116	-4592.224	286.1086	0.8249213	0.9289631	12.15592
49446	-4319.459	-4605.577	286.1182	0.7598108	0.7601967	12.28486
49452	-4308.306	-4594.93	286.6241	0.7095226	1.071082	11.87298
49458	-4313.293	-4597.438	284.1444	0.6973017	1.073882	13.16942
49464	-4309.082	-4592.85	283.7677	0.8389165	1.009934	13.3238
49470	-4303.367	-4591.83	288.4633	0.9076791	0.9890584	10.84932
49476	-4312.179	-4598.828	286.6484	0.8037035	0.9483662	11.87477
49482	-4308.769	-4594.999	286.2305	0.8627775	0.9483662	12.06198
49488	-4326.763	-4617.427	290.6643	0.9997102	1.005393	9.635272
49494	-4310.817	-4601.327	290.5101	0.8784166	1.174343	9.696965
49500	-4317.889	-4607.91	290.0208	0.9130797	0.9930011	10.02643
49506	-4297.491	-4585.449	287.9586	0.8308621	0.9599846	11.16946
49512	-4315.218	-4603.095	287.8775	0.7899571	0.9239504	11.25302
49518	-4328.038	-4613.401	285.3631	0.6691049	1.071026	12.55146
49524	-4323.492	-4609.14	285.6474	0.7330452	1.060867	12.37512
49530	-4323.893	-4608.73	284.8375	0.641242	1.112052	12.81958
49536	-4315.642	-4602.382	286.7393	0.8782635	0.8396455	11.85011
49542	-4325.644	-4610.904	285.2594	0.6685809	1.074551	12.60401
49548	-4321.059	-4606.304	285.2458	0.7995498	0.9559539	12.60401
49554	-4328.869	-4613.927	285.0575	0.8478191	1.0439	12.6311
49560	-4334.457	-4618.328	283.8712	0.7584122	0.9098406	13.3655
49566	-4322.89	-4610.987	288.0963	0.8553093	0.9627783	11.08305
49572	-4318.446	-4604.789	286.343	0.9107569	0.9627783	11.9705
49578	-4312.836	-4597.705	284.8682	0.8040718	0.9999434	12.77492
49584	-4304.336	-4590.683	286.3469	0.821138	0.9999434	11.99553
49590	-4330.817	-4617.063	286.2453	0.7536618	0.8072073	12.19242
49596	-4342.047	-4628.196	286.149	0.8499722	0.8072073	12.19242
49602	-4336.383	-4621.301	284.9183	0.7574366	0.9501249	12.79954
49608	-4347.263	-4631.421	284.1585	0.6447137	1.029918	13.21142
49614	-4350.726	-4633.021	282.2948	0.7284787	1.025788	14.13726
49620	-4308.41	-4595.105	286.6946	0.8354374	0.9754437	11.81952
49626	-4328.862	-4613.873	285.0106	0.823631	0.8894092	12.75067
49632	-4321.698	-4611.355	289.6573	0.8649152	0.9641035	10.25839
49638	-4316.343	-4606.788	290.4441	0.928558	1.003451	9.789912
49644	-4328.034	-4613.848	285.8145	0.9143851	0.9147213	12.27051
49650	-4324.389	-4611.14	286.7505	0.9086821	0.8885725	11.79992
49656	-4327.37	-4614.597	287.2269	0.8849556	0.8105703	11.60949
49662	-4324.162	-4609.456	285.2933	0.7948797	0.9685163	12.57496
49668	-4326.601	-4611.12	284.5194	0.7966187	1.060376	12.92948
49674	-4314.611	-4601.21	286.5989	1.045479	0.9364805	11.78086
49680	-4319.98	-4604.649	284.6699	0.8038955	1.007272	12.87436
49686	-4333.213	-4619.842	286.6282	0.7056548	0.8842348	11.97219
49692	-4331.964	-4616.047	284.0835	0.8199948	0.7757434	13.30245
49698	-4333.242	-4618.652	285.4093	0.8189925	0.9048916	12.53681
49704	-4336.408	-4621.699	285.2919	0.7542002	1.086177	12.53681
49710	-4323.496	-4612.634	289.1384	1.00775	0.9788938	10.44803
49716	-4318.511	-4603.922	285.411	0.7850449	0.8857741	12.56439
49722	-4322.913	-4609.541	286.6278	1.013438	0.8857741	11.8109
49728	-4319.709	-4605.553	285.8443	0.8964284	1.050356	12.19261
49734	-4350.045	-4639.025	288.9804	0.7931837	0.9609994	10.65318
49740	-4333.979	-4620.546	286.5673	0.6857862	0.9055849	12.00224
49746	-4330.159	-4616.689	286.5295	0.600509	1.025409	12.00224
49752	-4324.456	-4611.14	286.684	0.7235309	1.057019	11.84139
49758	-4323.546	-4608.229	284.6831	0.7175342	0.9142965	12.96229
49764	-4319.616	-4605.296	285.6791	0.6973981	1.207377	12.30768
49770	-4330.472	-4613.734	283.2618	0.8593057	1.016137	13.57275
49776	-4320.742	-4607.619	286.877	0.9467477	0.9493252	11.68017
49782	-4317.409	-4603.155	285.7466	0.806452	1.09695	12.26741
49788	-4323.62	-4609.94	286.3203	0.8101152	1.009813	12.01004
49794	-4338.599	-4624.145	285.5467	0.7097391	0.9321246	12.50705
49800	-4341.788	-4627.973	286.185	0.7829691	1.220717	11.99325
49806	-4339.769	-4626.347	286.5777	0.8339725	0.7811867	11.99325
49812	-4328.641	-4614.171	285.5294	0.9011951	0.8655213	12.45389
49818	-4323.573	-4612.071	288.4987	0.990102	0.837439	10.87272
49824	-4320.237	-4607.904	287.6665	1.002284	0.8911543	11.27077
49830	-4330.127	-4620.06	289.933	0.9904144	0.8262006	10.1263
49836	-4321.11	-4610.879	289.7689	0.9818436	0.9322305	10.1557
49842	-4312.633	-4599.982	287.3492	1.035319	0.9264664	11.39963
49848	-4311.605	-4599.735	288.1292	0.868936	0.9007138	11.09294
49854	-4316.977	-4605.177	288.2	0.8479587	0.9336651	11.04843
49860	-4311.787	-4598.613	286.8262	0.9479188	1.030785	11.66323
49866	-4309.709	-4595.822	286.1134	0.8422609	1.063743	12.0738
49872	-4324.145	-4611.364	287.2189	0.908465	1.008345	11.49015
49878	-4320.664	-4607.54	286.8754	0.9499729	1.005366	11.64952
49884	-4315.901	-4602.988	287.087	0.839324	0.8200542	11.70067
49890	-4319.504	-4603.091	283.5876	0.7936286	0.8198007	13.54659
49896	-4315.816	-4602.769	286.9525	0.8613263	0.9747538	11.67166
49902	-4304.228	-4588.065	283.8367	0.7588337	0.9747538	13.34791
49908	-4306.022	-4594.7	288.6782	1.09581	1.124737	10.56963
49914	-4309.798	-4597.193	287.3947	0.9678226	0.8938069	11.42947
49920	-4305.955	-4591.31	285.3553	0.8194744	0.9516147	12.53896
49926	-4314.281	-4600.639	286.358	0.861566	1.068395	11.93381
49932	-4327.029	-4610.905	283.8752	0.6804918	0.8985305	13.41021
49938	-4335.324	-4617.453	282.1288	0.7525103	0.9886622	14.22999
49944	-4311.951	-4597.945	285.9946	0.8139966	0.9664437	12.20069
49950	-4315.333	-4601.14	285.8067	0.864372	0.9664437	12.27242
49956	-4316.333	-4602.733	286.4001	0.7138737	0.9570331	12.04652
49962	-4323.369	-4606.847	283.4781	0.7100225	0.9003059	13.60004
49968	-4324.412	-4611.985	287.5733	0.8435404	1.192706	11.24892
49974	-4320.846	-4609.24	288.3942	0.8298153	0.836174	11.01223
49980	-4317.861	-4600.668	282.8067	0.7827503	0.9276454	13.89553
49986	-4333.739	-4617.163	283.4245	0.7077529	1.069181	13.54025
49992	-4326.412	-4609.784	283.3726	0.7083227	1.124212	13.54025
49998	-4328.337	-4616.113	287.7756	0.812838	1.14883	11.17952
50004	-4348.131	-4636.619	288.4885	0.9349028	0.7711531	10.94786
50010	-4349.672	-4635.279	285.6071	1.008456	0.812516	12.38901
50016	-4350.708	-4637.094	286.3861	0.9464827	0.7593799	12.04831
50022	-4338.687	-4625.367	286.6802	0.8319147	0.9034245	11.86826
50028	-4320.484	-4605.241	284.7567	0.8885963	1.031737	12.7726
50034	-4350.777	-4636.353	285.5758	0.8554571	0.9987156	12.38033
50040	-4329.602	-4611.325	281.7231	0.6976577	1.096831	14.41426
50046	-4329.684	-4615.75	286.0662	0.855648	0.9406731	12.15558
50052	-4326.226	-4608.497	282.2705	0.7415686	0.8286011	14.25143
50058	-4323.75	-4610.702	286.952	0.8226277	1.006258	11.67559
50064	-4330.288	-4617.615	287.3267	0.8713035	1.006258	11.45431
50070	-4326.954	-4611.824	284.8706	0.8192626	0.9614464	12.78608
50076	-4335.807	-4620.483	284.6759	0.884632	1.228905	12.72298
50082	-4328.843	-4614.565	285.7217	0.9067156	1.140309	12.20734
50088	-4329.62	-4615.511	285.8908	0.8400411	0.8636946	12.2985
50094	-4322.409	-4608.162	285.753	0.8460754	0.9031275	12.34466
50100	-4311.667	-4597.36	285.6936	0.8076401	1.070675	12.30732
50106	-4319.253	-4603.918	284.6649	0.7077983	1.046124	12.90713
50112	-4322.208	-4607.208	285.0007	0.8483449	0.9767457	12.6951
50118	-4321.688	-4608.441	286.753	0.7415129	1.09679	11.77632
50124	-4329.097	-4613.917	284.8199	0.7487531	1.221218	12.72218
50130	-4325.352	-4607.488	282.1363	0.7307783	0.8314394	14.32491
50136	-4327.51	-4614.328	286.8176	0.9839302	0.8087974	11.7727
50142	-4322.766	-4609.471	286.7049	0.9520262	0.9393715	11.7727
50148	-4327.323	-4610.644	283.3205	0.8284736	1.251423	13.44689
50154	-4328.679	-4612.641	283.9622	0.8424045	1.079798	13.18578
50160	-4317.958	-4605.049	287.0918	0.8286151	0.9917217	11.60704
50166	-4319.88	-4604.681	284.8009	0.7280596	0.9962972	12.85139
50172	-4325.029	-4613.191	288.1629	0.8695906	1.167404	10.93827
50178	-4320.03	-4604.417	284.3871	0.8580729	1.003493	12.99521
50184	-4328.056	-4614.999	286.9436	0.8665063	1.003493	11.65849
50190	-4330.079	-4617.249	287.1699	0.8665246	1.003493	11.54022
50196	-4337.504	-4623.41	285.9059	0.7164952	1.131971	12.21443
50202	-4322.582	-4611.019	288.4368	0.8601982	1.108015	10.8279
50208	-4319.668	-4605.004	285.3354	0.7597471	0.9604509	12.57567
50214	-4335.09	-4619.04	283.9502	0.813474	0.8935404	13.30501
50220	-4324.876	-4611.904	287.0277	1.003981	0.9750334	11.55769
50226	-4325.616	-4609.592	283.9756	0.925072	1.098929	13.12651
50232	-4343.002	-4622.523	279.5209	0.86777	1.008764	15.50929
50238	-4333.24	-4617.584	284.3447	0.9427796	0.9584187	12.99702
50244	-4315.382	-4600.479	285.0972	0.7702917	0.87714	12.74039
50250	-4318.702	-4608.284	289.5811	1.180091	1.325115	9.960288
50256	-4318.034	-4602.69	284.6553	0.8664139	0.9378185	12.88636
50262	-4320.942	-4605.523	284.5806	0.8776305	0.9242038	12.92681
50268	-4319.829	-4606.386	286.5575	0.8265828	0.868059	11.95533
50274	-4324.136	-4611.052	286.9161	0.9113028	0.8649556	11.72567
50280	-4325.28	-4609.384	284.1048	0.80107	0.8560799	13.25262
50286	-4332.194	-4621.155	288.9609	0.8760894	0.8825087	10.66373
50292	-4319.202	-4602.749	283.5472	0.7829917	0.9178208	13.51657
50298	-4321.773	-4605.879	284.106	0.7216414	1.046477	13.19032
50304	-4321.804	-4608.062	286.2573	0.7644028	1.114124	12.01472
50310	-4315.227	-4601.967	286.7406	0.8078701	1.065332	11.76364
50316	-4324.734	-4611.362	286.6279	0.834114	1.158919	11.76364
50322	-4312.663	-4594.606	281.9435	0.8668143	0.9646559	14.27945
50328	-4306.413	-4593.595	287.1821	0.8822442	1.012994	11.52069
50334	-4315.257	-4599.778	284.521	0.8376366	1.227878	12.82849
50340	-4314.667	-4599.088	284.4214	0.8522731	1.050817	12.95631
50346	-4333.59	-4618.279	284.6898	1.014493	1.119028	12.69883
50352	-4336.174	-4622.715	286.5411	0.7379459	0.9842751	11.94585
50358	-4331.188	-4616.265	285.0766	0.7503778	0.936092	12.72843
50364	-4324.271	-4609.369	285.0975	0.7005302	0.963951	12.72843
50370	-4323.58	-4609.388	285.8084	0.8140621	1.052601	12.25314
50376	-4340.778	-4625.741	284.9631	0.9031338	1.2046	12.57475
50382	-4353.428	-4636.962	283.5338	0.8568401	1.156989	13.36397
50388	-4345.121	-4633.282	288.1613	0.9803495	1.118562	10.90423
50394	-4323.272	-4609.592	286.3194	0.8292314	1.11017	11.95037
50400	-4324.654	-4608.609	283.9555	0.9045399	1.096407	13.14887
50406	-4324.683	-4614.594	289.9104	1.130596	1.040949	9.945138
50412	-4313.579	-4599.277	285.6979	0.9899721	0.9778865	12.25757
50418	-4319.507	-4608.964	289.4566	0.8668606	0.9560099	10.36725
50424	-4316.364	-4603.465	287.1006	0.9754773	0.8391317	11.61096
50430	-4320.45	-4604.355	283.9053	0.8412712	0.9446355	13.28559
50436	-4322.014	-4605.995	283.9806	0.7549286	0.9552781	13.28559
50442	-4332.256	-4619.546	287.29	0.8644525	0.864887	11.55484
50448	-4328.707	-4612.255	283.5478	0.6663906	0.9887411	13.53861
50454	-4322.59	-4606.32	283.7297	0.7292673	1.094488	13.35817
50460	-4327.917	-4614.475	286.5577	0.8270968	0.9293587	11.92026
50466	-4345.511	-4630.014	284.5034	0.8085475	1.023911	12.94997
50472	-4336.076	-4619.579	283.5023	0.7430802	0.817889	13.61829
50478	-4332.931	-4618.807	285.876	0.8161621	0.9190638	12.28721
50484	-4331.748	-4618.16	286.412	0.8661746	0.8329933	12.03122
50490	-4329.744	-4612.62	282.876	0.824727	1.063706	13.76691
50496	-4336.937	-4622.225	285.2873	0.8003882	1.019003	12.54882
50502	-4335.524	-4621.126	285.6016	0.7193076	1.075053	12.39911
50508	-4340.61	-4625.954	285.3444	0.9067701	0.866561	12.54672
50514	-4324.024	-4608.112	284.0878	0.8203508	1.112887	13.11589
50520	-4316.059	-4604.463	288.4047	0.8620191	0.9599871	10.91949
50526	-4314.324	-4601.811	287.4864	0.9811875	0.9599871	11.33786
50532	-4320.721	-4610.775	290.0542	1.02298	0.9599871	9.968722
50538	-4322.211	-4610.81	288.5995	0.9155915	1.062777	10.73583
50544	-4320.375	-4607.265	286.8897	0.8103298	1.065358	11.68446
50550	-4333.994	-4620.882	286.8886	0.9036535	0.9693056	11.68587
50556	-4338.259	-4624.517	286.2578	0.94309	1.016197	11.96996
50562	-4325.557	-4610.673	285.1158	0.8738285	1.11633	12.5516
50568	-4323.933	-4608.068	284.1354	0.8115898	1.096559	13.10358
50574	-4332.088	-4616.478	284.3903	0.7997623	0.9979065	13.02677
50580	-4338.244	-4621.315	283.0708	0.7765119	1.12159	13.66274
50586	-4334.16	-4619.27	285.1105	0.7776703	1.12159	12.60189
50592	-4330.038	-4616.697	286.6588	0.8079758	0.8628045	11.9152
50598	-4335.36	-4621.346	285.986	0.7651258	0.868288	12.28526
50604	-4324.348	-4607.686	283.3371	0.9582506	1.122794	13.42955
50610	-4333.336	-4621.305	287.9692	0.9331657	0.9693648	11.1053
50616	-4314.355	-4599.886	285.5303	0.8123748	1.011904	12.41963
50622	-4318.373	-4602.604	284.2315	0.836325	1.011904	13.08307
50628	-4321.028	-4607.944	286.9166	0.9078156	1.011904	11.64666
50634	-4323.929	-4607.444	283.515	0.8689688	0.938426	13.47729
50640	-4332.213	-4620.262	288.0491	0.8641495	0.982016	11.09287
50646	-4322.314	-4607.472	285.1589	0.8701117	0.8757871	12.65711
50652	-4337.639	-4624.372	286.7337	0.8071171	1.038608	11.78105
50658	-4320.934	-4603.35	282.4161	0.6637742	1.064525	14.08849
50664	-4337.18	-4621.073	283.893	0.7228323	1.092026	13.27789
50670	-4327.6	-4611.102	283.5022	0.783208	1.128133	13.4322
50676	-4325.604	-4611.943	286.3382	0.8991385	1.066321	11.92555
50682	-4315.353	-4600.316	284.9631	0.8173064	0.9452316	12.7477
50688	-4316.639	-4605.551	288.912	0.9181529	1.001685	10.60184
50694	-4323.826	-4605.492	281.6654	0.7930612	1.142983	14.37277
50700	-4315.158	-4602.175	287.0175	0.8264719	1.131875	11.57688
50706	-4320.38	-4605.304	284.9238	0.7351284	1.227687	12.67234
50712	-4336.812	-4622.459	285.6475	0.80628	1.079917	12.32749
50718	-4335.248	-4624.285	289.0377	0.8118382	1.091422	10.54618
50724	-4336.133	-4621.328	285.1946	0.8298624	1.057739	12.56213
50730	-4311.005	-4595.754	284.7494	0.7058027	1.19617	12.79251
50736	-4312.067	-4597.029	284.9622	0.6898562	1.012079	12.77913
50742	-4315.766	-4602.014	286.2477	0.9250321	1.161528	11.91346
50748	-4322.84	-4605.806	282.9664	0.9959665	1.186899	13.5726
50754	-4325.64	-4608.711	283.0713	0.7984496	1.152144	13.6367
50760	-4329.39	-4613.744	284.3539	0.7818097	1.088287	13.00948
50766	-4334.232	-4620.484	286.252	0.7491639	0.909246	12.1316
50772	-4331.453	-4618.961	287.5076	1.100532	1.003278	11.24136
50778	-4326.893	-4612.729	285.8355	0.8675617	1.005642	12.23505
50784	-4321.779	-4606.776	284.997	0.825357	1.111395	12.64107
50790	-4336.908	-4621.129	284.2206	0.7497257	0.9337237	13.17526
50796	-4339.138	-4625.472	286.334	0.7684443	1.082613	11.98789
50802	-4313.433	-4601.54	288.1068	0.9438362	1.025598	10.99812
50808	-4313.544	-4601.466	287.9219	0.7995718	1.122203	11.12252
50814	-4319.557	-4606.955	287.3988	0.7570914	0.8866483	11.54157
50820	-4350.065	-4636.441	286.3762	0.7013839	0.8591502	12.1204
50826	-4347.895	-4630.04	282.1458	0.6661238	0.8591502	14.3372
50832	-4337.892	-4621.282	283.3894	0.7777053	1.065882	13.5238
50838	-4328.118	-4613.992	285.8742	0.8594114	1.041057	12.201
50844	-4347.552	-4632.004	284.4518	0.8820662	1.190849	12.85805
50850	-4346.656	-4632.927	286.2709	0.9804028	0.9870406	11.95885
50856	-4342.399	-4627.363	284.9634	0.8962336	0.9239917	12.71811
50862	-4352.505	-4639.073	286.5682	0.8523196	0.966643	11.88139
50868	-4341.261	-4626.24	284.9793	0.7384972	0.8779046	12.81782
50874	-4343.159	-4629.859	286.7002	0.8404539	0.9816419	11.81071
50880	-4342.866	-4628.459	285.5936	0.7570594	1.017349	12.41269
50886	-4350.43	-4636.758	286.3284	0.803875	0.9688706	12.03059
50892	-4350.469	-4638.006	287.5367	0.9878688	1.025196	11.27373
50898	-4356.134	-4640.632	284.4984	0.9155507	0.9598432	12.93047
50904	-4346.076	-4630.394	284.3178	0.8459621	0.9337899	13.07467
50910	-4336.6	-4623.822	287.2215	0.932414	1.008554	11.47617
50916	-4328.275	-4615.094	286.819	0.8583126	0.9625642	11.7495
50922	-4332.269	-4619.089	286.8193	0.9642286	0.8633641	11.7495
50928	-4325.956	-4609.328	283.3712	0.847528	1.030301	13.51482
50934	-4341.35	-4626.152	284.8017	0.934616	1.057836	12.71209
50940	-4343.147	-4625.152	282.0055	0.7039086	0.9672357	14.33034
50946	-4348.588	-4638.367	289.7786	0.8659842	0.8053376	10.28568
50952	-4339.912	-4626.114	286.2025	0.8830459	0.9068679	12.08893
50958	-4331.458	-4618.076	286.6185	0.8852328	0.8962446	11.87672
50964	-4321.389	-4607.17	285.7804	0.8271425	1.029687	12.27248
50970	-4301.791	-4585.45	283.6584	0.8528014	1.088727	13.33388
50976	-4308.666	-4594.569	285.9035	0.7800617	1.086795	12.20431
50982	-4313.734	-4599.681	285.9463	0.7800617	1.041957	12.20431
50988	-4312.912	-4597.353	284.4415	0.7010396	0.9309778	13.08724
50994	-4308.858	-4593.311	284.4532	0.796932	0.8330634	13.08724
51000	-4345.109	-4629.812	284.7038	0.7691426	1.112004	12.82262
51006	-4354.67	-4639.925	285.2546	0.788114	1.019123	12.57216
51012	-4333.984	-4619.882	285.8977	0.7919542	0.9798646	12.25559
51018	-4338.246	-4621.713	283.4662	0.785527	0.9813754	13.52297
51024	-4332.27	-4619.467	287.197	0.6649529	1.172053	11.54864
51030	-4337.768	-4625.037	287.2681	0.8666061	1.076441	11.45182
51036	-4332.338	-4615.766	283.4275	0.9017041	0.9797712	13.48359
51042	-4335.288	-4620.574	285.2858	0.6669211	0.9772354	12.64085
51048	-4323.207	-4608.21	285.0028	0.6862396	0.9909286	12.77089
51054	-4320.466	-4605.95	285.4839	0.7588185	0.9293882	12.51569
51060	-4315.861	-4600.488	284.6266	0.8551679	1.125842	12.8114
51066	-4316.069	-4600.762	284.6934	0.8615381	1.047931	12.8114
51072	-4327.983	-4611.181	283.1979	0.6699386	1.135905	13.64532
51078	-4327.679	-4611.764	284.0851	0.7618607	0.756971	13.34365
51084	-4314.17	-4600.359	286.1888	0.8322436	1.001426	12.07144
51090	-4320.136	-4606.835	286.6996	0.7989465	1.043916	11.80044
51096	-4325.953	-4611.866	285.9128	0.8246688	0.9784765	12.23138
51102	-4312.884	-4598.606	285.7215	0.8006113	0.9648938	12.35087
51108	-4318.886	-4603.212	284.3267	0.8888179	0.9148422	13.0582
51114	-4320.324	-4605.391	285.0665	0.78145	0.9405696	12.7151
51120	-4316.166	-4601.075	284.9086	0.8898247	0.9887824	12.7151
51126	-4322.497	-4609.744	287.2472	0.9634582	1.154107	11.37468
51132	-4319.217	-4603.808	284.5902	0.7926981	1.237176	12.81175
51138	-4329.837	-4616.399	286.5622	0.9375472	1.241621	11.70632
51144	-4332.858	-4619.05	286.1922	0.8709127	1.120359	11.99014
51150	-4318.707	-4605.107	286.4002	0.8109308	0.9676202	11.99014
51156	-4317.677	-4603.937	286.2605	0.8251055	1.095988	11.99014
51162	-4337.487	-4621.232	283.745	0.86523	1.043591	13.30476
51168	-4339.736	-4623.742	284.0066	0.7337673	0.9878971	13.26577
51174	-4334.593	-4619.929	285.3363	0.7422518	0.8704563	12.63438
51180	-4327.189	-4613.61	286.4208	0.7564865	0.927561	12.02953
51186	-4322.619	-4606.498	283.8791	0.6563344	0.9085858	13.41512
51192	-4338.396	-4624.971	286.5749	0.6794008	0.9476555	11.97837
51198	-4337.816	-4624.266	286.4494	0.8048457	0.9476555	11.97837
51204	-4339.82	-4627.272	287.4523	0.7814486	0.8770949	11.50631
51210	-4344.478	-4629.863	285.3852	0.6468062	0.9406488	12.61923
51216	-4341.284	-4628.774	287.4894	0.8232568	0.8629728	11.47325
51222	-4308.811	-4597.067	288.2561	0.9125441	0.8741824	11.01884
51228	-4299.098	-4585.033	285.9347	0.8190608	0.9639759	12.2306
51234	-4303.031	-4587.9	284.8683	0.8693209	1.018493	12.73132
51240	-4302.939	-4585.641	282.7018	0.7513734	1.01052	13.9222
51246	-4304.784	-4587.492	282.7076	0.6869413	1.070917	13.9222
51252	-4312.366	-4595.079	282.7127	0.8013956	0.9504103	13.9222
51258	-4310.706	-4596.547	285.8411	0.8521116	0.8339536	12.33564
51264	-4333.373	-4619.241	285.8681	0.7336342	0.920245	12.33368
51270	-4347.846	-4631.409	283.5632	0.806472	1.086716	13.40836
51276	-4346.322	-4629.583	283.2607	0.7503241	1.022394	13.62664
51282	-4321.655	-4609.479	287.8244	0.8003173	1.22576	11.12514
51288	-4324.182	-4610.927	286.7455	0.793715	1.041401	11.7805
51294	-4310.29	-4597.143	286.853	0.8036637	0.9254457	11.7805
51300	-4328.767	-4615.37	286.603	0.9338691	1.136722	11.73501
51306	-4326.646	-4610.333	283.6866	0.8576156	0.8812612	13.42594
51312	-4324.144	-4606.965	282.8212	0.8770649	1.054468	13.77277
51318	-4317.8	-4602.954	285.1539	0.7756321	1.054468	12.61318
51324	-4335.187	-4620.2	285.0122	0.7869958	1.196813	12.61318
51330	-4321.177	-4606.438	285.2612	0.8006594	1.09019	12.52661
51336	-4329.231	-4614.187	284.9566	0.6270535	0.9957169	12.8232
51342	-4317.477	-4601.412	283.9355	0.8611797	0.8686845	13.30201
51348	-4323.824	-4607.694	283.8697	0.7698303	1.019041	13.30201
51354	-4335.912	-4622.58	286.668	0.7535353	1.019041	11.85335
51360	-4321.817	-4608.013	286.1968	0.9431827	0.9865023	12.01725
51366	-4321.453	-4607.374	285.9209	0.8171041	1.009191	12.21501
51372	-4323.622	-4605.812	282.19	0.8444861	1.015782	14.13656
51378	-4317.109	-4600.342	283.2326	0.7814036	1.069528	13.60148
51384	-4323.323	-4610.838	287.5148	0.9283488	1.054974	11.3012
51390	-4321.644	-4610.403	288.7588	0.9161702	0.8893564	10.74477
51396	-4327.271	-4611.247	283.9764	0.7459455	0.9029434	13.32116
51402	-4334.225	-4619.699	285.4743	0.8573616	0.9032423	12.48389
51408	-4338.434	-4627.847	289.4131	1.035755	0.9659478	10.29598
51414	-4334.204	-4618.185	283.9809	0.8150212	0.9523853	13.25577
51420	-4317.614	-4606.161	288.5478	0.9414604	0.9985615	10.78229
51426	-4329.283	-4618.974	289.6902	1.033625	0.9534619	10.15817
51432	-4317.443	-4602.25	284.8071	0.7437803	0.9479176	12.86566
51438	-4322.641	-4611.075	288.4341	0.7391115	0.8555724	11.02734
51444	-4318.957	-4605.1	286.1428	0.8486387	1.065906	12.0541
51450	-4310.813	-4597.209	286.3962	0.7791291	1.020488	11.98109
51456	-4323.073	-4608.527	285.4542	0.7663479	1.010096	12.48417
51462	-4332.548	-4617.487	284.9395	0.8845445	0.8568936	12.77468
51468	-4328.313	-4616.756	288.4435	0.9159723	1.294494	10.70988
51474	-4354.591	-4638.814	284.2225	0.9305393	0.977875	13.05654
51480	-4344.965	-4630.275	285.3095	0.8731303	0.9444955	12.53873
51486	-4319.706	-4606.462	286.7558	0.8378873	0.8568757	11.85242
51492	-4328.024	-4614.756	286.7316	0.8122866	0.9021758	11.85242
51498	-4339.461	-4625.09	285.6292	0.6972868	1.04211	12.41265
51504	-4337.768	-4622.428	284.66	0.7703498	1.107363	12.84701
51510	-4348.984	-4629.819	280.8345	0.7874663	0.7972091	14.9901
51516	-4349.182	-4632.645	283.4626	0.7744133	1.391589	13.3422
51522	-4337.167	-4622.881	285.7143	0.7549486	0.9933201	12.36336
51528	-4340.547	-4627.842	287.2942	0.9005229	0.8520329	11.54132
51534	-4331.723	-4617.312	285.5889	0.9038739	0.8240407	12.44603
51540	-4325.375	-4610.737	285.3615	0.917335	1.025237	12.44603
51546	-4329.46	-4613.492	284.0318	0.7772765	0.9850867	13.23152
51552	-4331.871	-4618.26	286.3893	0.9127157	0.9684167	11.94229
51558	-4323.365	-4608.822	285.4564	0.9117441	1.033704	12.39522
51564	-4327.645	-4610.81	283.1649	0.9531273	1.033704	13.56538
51570	-4331.748	-4617.883	286.1355	0.9150482	0.9320108	12.09322
51576	-4347.186	-4633.367	286.1807	0.8282608	0.9720409	12.09322
51582	-4342.911	-4628.342	285.4302	0.811223	0.9041766	12.53034
51588	-4334.065	-4618.136	284.0711	0.8689617	1.123913	13.09404
51594	-4323.467	-4609.922	286.4544	0.9035335	1.094488	11.84874
51600	-4339.924	-4624.61	284.686	0.82293	1.065843	12.82644
51606	-4348.993	-4635.008	286.0151	0.9099715	0.864727	12.19665
51612	-4339.549	-4623.024	283.4749	0.9509091	1.017622	13.41374
51618	-4336.843	-4622.039	285.1959	0.9881485	1.08816	12.46397
51624	-4335.638	-4621.037	285.3991	0.9183011	0.9529028	12.46397
51630	-4339.143	-4626.206	287.0629	1.011006	1.093179	11.47537
51636	-4332.239	-4618.617	286.378	0.983061	1.181479	11.80592
51642	-4332.535	-4618.875	286.3405	0.8380902	1.046034	11.9664
51648	-4338.098	-4622.774	284.6758	0.9194747	1.065323	12.78175
51654	-4330.315	-4615.169	284.8545	0.8664985	0.8161904	12.85251
51660	-4331.711	-4616.597	284.8856	0.8958679	0.8651572	12.79208
51666	-4328.903	-4612.98	284.0767	0.8796344	0.9214379	13.18928
51672	-4330.911	-4616.59	285.6788	0.7681208	0.981032	12.38148
51678	-4322.797	-4607.39	284.5925	0.7681208	0.981032	12.94694
51684	-4327.478	-4613.282	285.8032	0.7988872	1.129469	12.2262
51690	-4329.413	-4612.065	282.6521	0.951024	1.057378	13.82068
51696	-4327.021	-4613.014	285.9931	0.87108	0.9740973	12.16767
51702	-4330.797	-4616.776	285.9791	0.8697403	0.9891625	12.16767
51708	-4346.062	-4632.867	286.8044	0.8646307	0.9704743	11.74959
51714	-4333.944	-4621.296	287.3527	0.8410968	0.7974592	11.57472
51720	-4324.348	-4605.239	280.8907	0.7226619	0.8661068	14.95365
51726	-4318.608	-4599.712	281.104	0.7902578	0.8498472	14.81774
51732	-4320.951	-4603.513	282.5627	0.7104661	1.011652	14.01494
51738	-4322.544	-4606.554	284.0102	0.8937655	1.018025	13.1651
51744	-4323.409	-4607.502	284.0928	0.6852225	1.17212	13.1557
51750	-4330.943	-4620.018	289.0747	0.8686	0.8407347	10.63242
51756	-4329.804	-4611.968	282.1639	0.7381253	1.017023	14.2046
51762	-4330.064	-4613.717	283.6521	0.8057055	0.8645781	13.48041
51768	-4344.682	-4626.182	281.5005	0.8245631	0.9006303	14.56574
51774	-4331.387	-4616.437	285.05	0.7678657	1.058348	12.66938
51780	-4335.59	-4622.26	286.6705	0.9253082	0.9176793	11.8166
51786	-4330.136	-4614.591	284.4552	0.7477896	0.9891626	13.02461
51792	-4331.869	-4614.716	282.8478	0.7653933	0.9960278	13.8467
51798	-4331.231	-4615.346	284.1141	0.7024216	0.9968748	13.2215
51804	-4329.475	-4613.139	283.6648	0.6417914	0.9826453	13.49384
51810	-4328.885	-4615.064	286.1785	0.7288304	0.856357	12.21077
51816	-4329.654	-4615.778	286.1234	0.8476443	0.8009661	12.21077
51822	-4322.479	-4608.212	285.7325	0.9174946	1.082938	12.22371
51828	-4319.752	-4605.786	286.0345	0.854746	0.8708226	12.21183
51834	-4323.767	-4610.578	286.8107	0.8618388	0.8853482	11.7948
51840	-4322.949	-4606.504	283.5551	0.7611584	0.8500439	13.56236
51846	-4324.933	-4610.174	285.2403	0.8040988	0.8887302	12.64166
51852	-4324.208	-4609.166	284.9579	0.6939982	0.9862119	12.79269
51858	-4323.432	-4606.46	283.0277	0.8606492	1.166227	13.6205
51864	-4328.709	-4611.873	283.1641	0.85913	1.127245	13.56874
51870	-4337.382	-4623.058	285.6765	0.7632939	0.9511783	12.40112
51876	-4331.803	-4616.336	284.5335	0.8849164	1.109821	12.85202
51882	-4331.881	-4617.381	285.5004	0.8491766	1.130538	12.3573
51888	-4341.104	-4622.292	281.188	0.7569585	0.8958265	14.76517
51894	-4329.195	-4615.11	285.9147	0.786517	0.9911138	12.24363
51900	-4327.47	-4610.582	283.1124	0.7161256	0.9436992	13.76273
51906	-4323.077	-4609.372	286.2942	0.7135917	1.093442	12.03197
51912	-4323.827	-4608.223	284.3969	0.719781	0.9379519	13.09686
51918	-4325.39	-4613.561	288.1716	0.9269538	0.8950351	11.04362
51924	-4330.329	-4616.296	285.9676	0.7813519	0.7857266	12.33599
51930	-4338.192	-4622.25	284.0581	0.9091972	1.071092	13.10549
51936	-4338.376	-4619.948	281.5725	0.8206985	1.150644	14.40301
51942	-4334.273	-4621.316	287.0428	0.926202	0.9731201	11.59148
51948	-4335.353	-4623.257	287.9043	0.9228188	1.177666	11.0411
51954	-4332.403	-4616.571	284.1674	0.8058973	0.9308931	13.17525
51960	-4309.967	-4596	286.0328	0.8026547	0.8896324	12.22904
51966	-4311.439	-4596.724	285.2843	0.7569601	0.8755106	12.65085
51972	-4328.339	-4614.665	286.3261	0.7998559	0.9330919	12.05327
51978	-4324.724	-4605.807	281.0834	0.7644227	1.096001	14.71131
51984	-4329.945	-4614.258	284.3127	0.9222318	1.022447	12.99077
51990	-4326.599	-4612.107	285.5084	0.8511683	1.089819	12.37171
51996	-4315.535	-4598.987	283.4514	0.8430665	1.125512	13.42873
52002	-4314.486	-4602.36	287.8735	0.826418	1.088268	11.15028
52008	-4323.732	-4608.5	284.7675	0.8083063	1.017867	12.81584
52014	-4308.969	-4592.873	283.9044	0.6605536	0.9470221	13.37864
52020	-4338.89	-4622.054	283.1647	0.7206145	1.08997	13.65827
52026	-4330.779	-4614.566	283.7873	0.866642	1.084248	13.26189
52032	-4329.24	-4613.901	284.6613	0.8685914	1.01654	12.84042
52038	-4322.22	-4605.635	283.4154	0.9074233	1.01654	13.46776
52044	-4335.251	-4616.768	281.5163	0.7915359	1.079525	14.48116
52050	-4348.259	-4636.135	287.8759	0.9264953	0.9888048	11.1473
52056	-4320.052	-4607.279	287.2263	0.902522	0.9532498	11.51861
52062	-4315.319	-4598.997	283.6776	0.793092	0.9248895	13.43967
52068	-4322.911	-4608.164	285.2525	0.8479387	1.067495	12.51769
52074	-4324.762	-4610.79	286.0285	0.8891352	1.014473	12.11863
52080	-4314.065	-4601.255	287.1898	0.813777	0.9344966	11.59431
52086	-4320.788	-4606.176	285.3886	0.7670966	1.065885	12.48971
52092	-4315.083	-4598.165	283.0817	0.8441414	1.057663	13.65311
52098	-4324.037	-4611.017	286.9799	0.7657275	1.060594	11.66302
52104	-4323.944	-4611.793	287.8494	0.8945838	1.04188	11.15041
52110	-4318.64	-4600.612	281.9725	0.8033931	0.9639052	14.29767
52116	-4335.646	-4621.297	285.6502	0.9750175	1.15057	12.20417
52122	-4332.498	-4621.941	289.4436	0.9310764	0.9411867	10.34843
52128	-4343.936	-4633.453	289.5173	0.7910837	0.8138437	10.45704
52134	-4341.286	-4625.861	284.5749	0.9298117	1.036049	12.84353
52140	-4322.621	-4602.598	279.9772	0.9191474	0.966577	15.2689
52146	-4329.139	-4610.074	280.9345	0.7387469	0.9097522	14.89797
52152	-4327.195	-4608.54	281.3445	0.6797357	1.016492	14.65951
52158	-4321.988	-4606.937	284.9497	0.8181976	1.016914	12.71638
52164	-4321.471	-4608.816	287.3447	0.8079841	0.8763739	11.54911
52170	-4332.354	-4618.071	285.7167	0.8827184	0.8655694	12.3659
52176	-4337.07	-4620.311	283.2408	0.8580738	0.8505456	13.6749
52182	-4334.552	-4620.841	286.2894	0.8123418	1.193119	11.93591
52188	-4330.522	-4617.283	286.7604	0.961222	1.020052	11.69615
52194	-4324.407	-4607.619	283.2118	0.9581881	0.8776375	13.6223
52200	-4320.492	-4604.586	284.0932	0.7734039	0.9343492	13.22883
52206	-4316.048	-4600.219	284.1709	0.730219	0.9019192	13.22883
52212	-4323.643	-4609.411	285.7682	0.8388756	0.9489855	12.31517
52218	-4331.834	-4618.666	286.8315	0.9834855	1.113776	11.60072
52224	-4332.14	-4615.611	283.4714	0.7847187	0.9689713	13.52723
52230	-4352.574	-4637.088	284.5137	0.6882133	1.321906	12.8693
52236	-4345.386	-4629.517	284.1304	0.7527542	1.179079	13.09784
52242	-4329.354	-4612.781	283.4263	0.7654003	1.144199	13.4733
52248	-4326.673	-4612.075	285.4023	0.9342998	0.981565	12.43863
52254	-4328.225	-4612.21	283.9852	0.7921626	1.009049	13.23555
52260	-4346.448	-4629.784	283.3357	0.7123502	1.08874	13.57438
52266	-4345.146	-4629.577	284.4314	0.7166373	1.08874	13.00287
52272	-4331.356	-4616.113	284.7565	0.6944543	0.9300884	12.92738
52278	-4335.398	-4619.484	284.0864	0.6888174	1.072921	13.20444
52284	-4349.589	-4631.376	281.787	0.9219728	0.8890302	14.37344
52290	-4347.871	-4629.771	281.8997	0.8694612	1.104679	14.22995
52296	-4327.84	-4613.475	285.6354	0.9017942	1.004835	12.32197
52302	-4315.152	-4600.679	285.5272	0.8301695	1.004835	12.41565
52308	-4318.16	-4601.335	283.1756	0.7460186	1.010836	13.67899
52314	-4331.073	-4616.505	285.4329	0.8671185	1.279284	12.31575
52320	-4348.058	-4634.956	286.8983	0.9512471	1.074757	11.60172
52326	-4343.398	-4629.251	285.8526	0.9475476	0.9667151	12.20495
52332	-4329.611	-4615.397	285.7861	0.7458198	1.110455	12.27189
52338	-4341.013	-4624.756	283.7433	0.8854279	1.076582	13.27874
52344	-4343.604	-4629.713	286.1086	0.7112296	0.9701902	12.19287
52350	-4333.147	-4613.025	279.8783	0.8074122	0.9701026	15.37595
52356	-4326.838	-4610.857	284.0189	0.7266949	0.9792189	13.26762
52362	-4328	-4613.75	285.75	0.8560817	0.9565526	12.31158
52368	-4323.014	-4608.376	285.3616	0.8943744	0.9803469	12.4813
52374	-4318.332	-4603.62	285.2876	0.9752299	0.9735872	12.4813
52380	-4326.197	-4611.398	285.2012	0.7499945	1.07994	12.58927
52386	-4327.067	-4614.739	287.6715	0.8626779	0.974714	11.29515
52392	-4340.948	-4629.4	288.4523	0.8483358	1.014198	10.87301
52398	-4341.983	-4627.891	285.9083	0.9029855	0.9914718	12.18602
52404	-4336.79	-4621.647	284.8575	0.9556247	0.9463714	12.73006
52410	-4334.292	-4621.76	287.4682	0.9792607	0.9195954	11.3705
52416	-4315.361	-4602.661	287.3001	0.8335492	0.9493332	11.51826
52422	-4315.958	-4603.189	287.2305	0.7983042	1.054251	11.51826
52428	-4326.875	-4614.112	287.2369	0.8084498	1.037123	11.51826
52434	-4331.783	-4617.793	286.0092	0.9472973	1.078871	12.06588
52440	-4320.129	-4606.267	286.1383	0.9059812	0.988927	12.06588
52446	-4335.209	-4621.579	286.3699	0.8276105	0.8454247	12.06588
52452	-4322.729	-4608.976	286.2464	0.7498718	0.9463507	12.1137
52458	-4321.124	-4608.374	287.2497	0.6180659	0.8323389	11.72384
52464	-4316.331	-4600.303	283.972	0.7894349	0.9799794	13.25899
52470	-4313.377	-4602.098	288.7211	0.78908	0.9697549	10.7866
52476	-4311.67	-4600.865	289.195	0.9428745	0.9417614	10.4725
52482	-4311.446	-4597.372	285.9266	0.926057	1.118045	12.10103
52488	-4313.399	-4597.665	284.2661	0.8026783	0.9907847	13.09354
52494	-4334.829	-4621.45	286.6209	0.920568	0.8804783	11.86598
52500	-4330.218	-4615.586	285.3678	0.8504845	1.141006	12.42079
52506	-4330.105	-4615.959	285.8539	0.8907913	1.012931	12.20959
52512	-4341.654	-4626.352	284.6987	0.7588474	1.116142	12.82866
52518	-4336.604	-4625.256	288.652	0.9405432	1.021514	10.71618
52524	-4348.196	-4634.968	286.772	0.9286047	1.132453	11.65154
52530	-4346.888	-4634.913	288.0251	0.791924	1.046279	11.10994
52536	-4332.106	-4617.908	285.802	1.003421	0.9109811	12.23268
52542	-4318.857	-4604.967	286.1106	1.009559	1.035494	12.00222
52548	-4310.596	-4597.094	286.4976	0.7663224	0.8956118	12.00222
52554	-4305.955	-4591.794	285.8388	0.8228934	0.8385751	12.34929
52560	-4324.803	-4613.635	288.8315	0.8771474	1.123685	10.60443
52566	-4334.826	-4622.171	287.3452	0.9134878	0.8774517	11.49311
52572	-4319.485	-4607.893	288.4081	0.8613179	1.096985	10.84774
52578	-4316.295	-4604.069	287.7733	0.8681047	1.053235	11.19835
52584	-4307.569	-4594.696	287.1266	0.731246	1.024344	11.62275
52590	-4329.884	-4615.539	285.6543	0.8880424	1.035539	12.3035
52596	-4323.817	-4611.258	287.4415	0.9331932	0.9223191	11.40708
52602	-4321.849	-4605.643	283.7938	0.8086836	0.9100245	13.37947
52608	-4317.94	-4604.341	286.4012	0.8086836	1.413794	11.78512
52614	-4330.805	-4615.548	284.7429	0.7420778	0.9776898	12.88404
52620	-4333.95	-4619.788	285.8381	0.8956919	0.7729293	12.3519
52626	-4319.063	-4604.612	285.5485	0.8333265	0.9819247	12.41491
52632	-4325.418	-4609.311	283.8927	0.6990663	1.00274	13.33523
52638	-4313.234	-4601.292	288.0579	0.7688875	0.9961191	11.13069
52644	-4306.532	-4591.092	284.5606	0.7687754	1.01658	12.94469
52650	-4299.599	-4585.636	286.0368	0.8838092	0.9384739	12.15745
52656	-4310.993	-4596.747	285.7534	0.9225353	0.9583067	12.27422
52662	-4318.932	-4602.615	283.6828	0.704842	0.9910585	13.4473
52668	-4329.421	-4613.358	283.9376	0.792547	1.031734	13.24843
52674	-4329.587	-4614.377	284.7902	0.7653677	1.015797	12.8274
52680	-4326.373	-4614.426	288.0532	0.812291	1.117133	11.04957
52686	-4330.219	-4616.256	286.0376	0.7952578	0.9469186	12.19857
52692	-4335.439	-4619.403	283.9641	0.8773586	0.8996904	13.26109
52698	-4323.728	-4608.084	284.3557	0.8107996	1.09512	12.99016
52704	-4330.139	-4616.128	285.9896	0.8577711	0.9385349	12.19558
52710	-4326.314	-4610.439	284.1245	0.7204371	0.9655671	13.22324
52716	-4330.798	-4614.504	283.706	0.8373893	1.035567	13.34355
52722	-4325.692	-4609.491	283.7989	0.7040561	1.077689	13.34355
52728	-4338.221	-4623.391	285.1702	0.8673679	1.089185	12.53974
52734	-4325.124	-4614.768	289.6449	0.9878569	1.029373	10.16589
52740	-4330.694	-4616.664	285.9699	0.8943706	0.8419551	12.2417
52746	-4334.166	-4621.642	287.4758	0.8547925	1.16361	11.30751
52752	-4335.129	-4621.652	286.523	0.8075418	1.002884	11.90921
52758	-4337.45	-4624.754	287.3043	0.8715475	0.9926255	11.47304
52764	-4337.254	-4624.709	287.4558	0.7709691	0.9429645	11.47304
52770	-4332.069	-4615.278	283.2091	0.9009046	0.9481866	13.61426
52776	-4328.521	-4615.185	286.6636	0.6837055	1.292258	11.7638
52782	-4330.379	-4614.407	284.0275	0.8914897	1.067816	13.13224
52788	-4342.141	-4629.369	287.228	0.7920257	1.144688	11.4788
52794	-4321.253	-4606.522	285.2691	0.8632495	0.9653687	12.55366
52800	-4339.638	-4628.53	288.8928	0.7603078	0.9030068	10.74847
52806	-4337.602	-4625.586	287.9838	0.811989	0.8307373	11.23968
52812	-4328.941	-4616.289	287.3474	0.8166453	0.9631868	11.49485
52818	-4316.497	-4602.23	285.733	0.8166453	1.013436	12.311
52824	-4320.426	-4605.539	285.1136	0.8166453	0.9382282	12.67353
52830	-4327.909	-4617.231	289.3222	1.103557	0.879429	10.35637
52836	-4331.787	-4621.003	289.2156	1.022437	1.062755	10.35637
52842	-4326.835	-4615.676	288.8413	0.9886815	0.8300209	10.69828
52848	-4317.837	-4605.823	287.9856	0.9138178	0.9836769	11.09918
52854	-4335.89	-4618.69	282.7995	0.8581133	1.00688	13.81803
52860	-4321.5	-4606.006	284.5058	0.7843954	1.027053	12.9597
52866	-4322.58	-4605.945	283.3652	0.7428156	1.024877	13.57503
52872	-4322.53	-4605.98	283.4496	0.8622787	0.964437	13.5007
52878	-4319.113	-4602.785	283.6719	0.9188854	0.8673464	13.40977
52884	-4318.013	-4603.118	285.1058	0.7637633	0.8712864	12.74266
52890	-4328.357	-4614.746	286.3891	0.7426261	1.116223	11.95629
52896	-4333.978	-4618.925	284.9471	0.8969923	0.849485	12.76864
52902	-4320.937	-4607.189	286.2521	0.7793485	0.8705703	12.13783
52908	-4323.904	-4610.447	286.5431	0.8701845	0.9595285	11.88895
52914	-4328.191	-4614.148	285.9563	0.8995395	0.9999083	12.15842
52920	-4332.66	-4618.597	285.9363	0.9003532	0.9942604	12.17136
52926	-4324.869	-4611.676	286.8066	0.9597086	0.8881427	11.74421
52932	-4309.265	-4595.456	286.1905	0.9199545	1.162828	11.94537
52938	-4312.139	-4597.619	285.4803	0.7562054	1.006948	12.4775
52944	-4307.898	-4593.821	285.9224	0.820445	1.00344	12.21547
52950	-4321.015	-4606.111	285.096	0.7887084	0.9689851	12.68066
52956	-4332.297	-4617.286	284.9897	0.8372021	0.85249	12.77581
52962	-4333.441	-4616.953	283.512	0.8020169	1.082801	13.43918
52968	-4323.801	-4612.098	288.2976	0.8401618	1.0307	10.94986
52974	-4316.576	-4603.428	286.8524	0.8432947	1.01264	11.71349
52980	-4350.156	-4638.498	288.3424	1.0191	1.02837	10.83383
52986	-4359.777	-4643.512	283.7353	0.904274	1.086108	13.26845
52992	-4319.354	-4608.075	288.7213	0.8833194	0.7999792	10.83482
52998	-4323.688	-4612.435	288.7474	0.823828	0.8285907	10.83482
53004	-4326.552	-4611.959	285.4068	0.7494601	1.025018	12.51001
53010	-4321.995	-4608.474	286.4784	0.7488042	1.007346	11.96081
53016	-4320.616	-4607.435	286.8183	0.9205614	1.107879	11.64333
53022	-4336.08	-4621.15	285.0695	0.7359653	1.00248	12.70424
53028	-4318.281	-4605.078	286.7967	0.8703139	1.060051	11.70439
53034	-4342.733	-4630.51	287.7767	0.8705716	1.149805	11.14825
53040	-4343.867	-4631.38	287.5123	0.7575091	1.101585	11.36885
53046	-4342.997	-4627.695	284.6985	0.5808582	1.075338	12.94117
53052	-4323.488	-4606.596	283.1079	0.6789802	0.9949703	13.75712
53058	-4314.686	-4598.76	284.0739	0.6797252	1.139426	13.18363
53064	-4315.622	-4599.38	283.7584	0.8270831	0.8981701	13.39494
53070	-4321.594	-4610.891	289.2969	0.8788925	0.9258102	10.46137
53076	-4325.98	-4611.448	285.4682	0.6842329	1.022472	12.51328
53082	-4339.231	-4626.605	287.3739	0.8924992	1.021797	11.41054
53088	-4336.931	-4623.726	286.7955	0.8900797	0.8294598	11.8207
53094	-4328.835	-4614.955	286.1203	0.8083826	1.041065	12.09926
53100	-4336.303	-4621.818	285.5147	0.8598563	1.002806	12.40777
53106	-4316.519	-4601.161	284.6428	0.7418416	1.008654	12.92002
53112	-4317.747	-4603.097	285.3502	0.7999597	1.13883	12.45726
53118	-4324.263	-4609.84	285.5771	0.6817762	1.023684	12.45726
53124	-4326.702	-4612.942	286.2396	0.748501	1.023684	12.07715
53130	-4345.674	-4632.196	286.5227	0.8727191	0.9221394	11.91875
53136	-4333.738	-4620.86	287.1222	0.840475	0.8600016	11.65789
53142	-4346.349	-4631.136	284.7871	0.8446584	0.9020703	12.84886
53148	-4335.767	-4621.207	285.4397	0.9449237	1.080177	12.36338
53154	-4339.743	-4624.081	284.3384	0.7460678	1.080177	13.04011
53160	-4324.317	-4610.033	285.7155	0.7685573	1.050647	12.32622
53166	-4321.447	-4607.138	285.6917	0.7733484	1.070533	12.32622
53172	-4317.814	-4603.47	285.6562	0.7277954	0.9690139	12.42062
53178	-4313.456	-4599.956	286.4996	0.742316	0.9991356	11.95742
53184	-4311.333	-4600.016	288.6831	0.802482	0.9067449	10.83417
53190	-4317.616	-4604.696	287.0802	0.8456714	1.019977	11.58947
53196	-4317.187	-4602.638	285.4502	0.8533374	1.091059	12.40033
53202	-4308.587	-4596.74	288.1529	0.7948969	0.9178684	11.10965
53208	-4309.843	-4596.333	286.4906	0.7669238	0.9082059	11.99848
53214	-4313.493	-4600.255	286.7619	0.8419697	1.03969	11.7476
53220	-4317.186	-4603.499	286.3139	0.7712862	0.9796864	12.04943
53226	-4317.751	-4601.756	284.0053	0.7712862	0.9796864	13.25124
53232	-4316.116	-4601.935	285.8191	0.7849144	0.82454	12.38776
53238	-4309.289	-4594.071	284.7821	0.7981453	1.092966	12.77596
53244	-4319.001	-4604.429	285.4281	0.7637954	0.9859974	12.5117
53250	-4303.236	-4589.942	286.7052	0.7510855	0.8827708	11.90912
53256	-4311.404	-4596.677	285.2728	0.7092682	0.9778297	12.62527
53262	-4314.319	-4601.278	286.9589	0.6481275	0.9778297	11.77804
53268	-4320.486	-4603.883	283.3974	0.6992632	0.9778297	13.60532
53274	-4320.079	-4606.616	286.5369	0.8236382	0.9778297	11.9067
53280	-4315.689	-4600.597	284.9078	0.6681352	1.000432	12.82475
53286	-4317.654	-4603.664	286.0105	0.7145523	0.9388925	12.25917
53292	-4320.76	-4604.237	283.4764	0.7595112	1.051991	13.49497
53298	-4318.224	-4606.049	287.8255	0.9544699	1.069847	11.11752
53304	-4316.641	-4602.87	286.2298	0.9635758	0.9953793	11.98473
53310	-4322.61	-4609.132	286.5228	0.8651802	0.9872817	11.88741
53316	-4327.967	-4615.045	287.0789	1.065123	1.084297	11.44308
53322	-4328.317	-4614.701	286.3848	0.9202383	0.9860901	11.9313
53328	-4320.529	-4606.279	285.7505	0.8362706	1.06545	12.26532
53334	-4328.962	-4616.135	287.1736	0.8307502	1.064057	11.52613
53340	-4314.866	-4599.847	284.9808	0.7540228	0.9796638	12.753
53346	-4324.871	-4609.474	284.6035	0.8710954	1.262324	12.753
53352	-4331.045	-4614.366	283.3212	0.7814633	1.225942	13.48215
53358	-4326.195	-4612.688	286.4928	0.8343548	1.273289	11.78253
53364	-4316.741	-4602.485	285.7442	0.924939	0.929749	12.29332
53370	-4326.934	-4616.076	289.1427	0.8911201	0.921551	10.53832
53376	-4332.106	-4620.727	288.6211	0.888617	1.087309	10.72647
53382	-4345.981	-4633.601	287.6202	0.81654	0.9674554	11.34996
53388	-4343.396	-4630.806	287.4096	0.8441433	1.045591	11.40502
53394	-4317.916	-4604.212	286.2955	0.8354747	0.8569962	12.0938
53400	-4325.822	-4611.965	286.143	0.7436924	0.9070077	12.19253
53406	-4339.247	-4625.291	286.0435	0.8431589	0.9070077	12.19253
53412	-4338.302	-4623.81	285.5072	0.8130863	1.038851	12.41753
53418	-4330.677	-4618.698	288.0206	0.8369647	1.025647	11.09922
53424	-4316.27	-4604.189	287.9185	0.7578741	0.9258797	11.24727
53430	-4318.426	-4605.637	287.2118	0.6895237	0.9258797	11.65248
53436	-4325.521	-4611.377	285.8552	0.7139213	0.8961317	12.36416
53442	-4334.031	-4619.165	285.1345	0.7136392	0.9603214	12.70428
53448	-4342.357	-4626.774	284.4176	0.7592497	0.9088984	13.08164
53454	-4325.377	-4609.71	284.3327	0.825943	0.8252804	13.13947
53460	-4334.535	-4620.576	286.0405	0.6498029	1.076335	12.20598
53466	-4330.726	-4616.43	285.7037	0.7312733	0.7953892	12.49355
53472	-4322.036	-4607.802	285.7661	0.7580909	0.9146276	12.37722
53478	-4331.325	-4618.397	287.0728	0.8308286	0.8665335	11.68494
53484	-4326.615	-4610.565	283.9498	0.7352037	0.8749661	13.35642
53490	-4323.322	-4609.014	285.6923	0.842859	1.04778	12.30106
53496	-4324.714	-4610.755	286.0409	0.7976245	1.030271	12.15177
53502	-4318.439	-4604.607	286.1681	0.8287795	0.970496	12.10034
53508	-4325.963	-4613.074	287.1106	0.9052147	0.8664546	11.62639
53514	-4329.854	-4614.65	284.7959	0.7445116	0.8931425	12.90143
53520	-4320.686	-4601.898	281.2116	0.6951169	1.151119	14.6547
53526	-4326.054	-4607.656	281.6026	0.7700464	0.9837764	14.49605
53532	-4333.252	-4618.732	285.4795	0.9231722	0.8699432	12.46585
53538	-4342.34	-4628.599	286.2589	0.8216783	1.015823	12.03293
53544	-4326.673	-4610.83	284.1573	0.7036339	1.015823	13.18862
53550	-4335.183	-4618.038	282.8545	0.8084802	1.024355	13.80624
53556	-4350.511	-4635.608	285.0972	0.9211727	0.9403012	12.62654
53562	-4325.433	-4611.638	286.2055	0.8128773	0.9170534	12.11826
53568	-4331.869	-4618.354	286.4845	0.8503362	0.9714091	11.92357
53574	-4334.87	-4622.322	287.4518	1.023912	0.9149759	11.35832
53580	-4336.841	-4624.764	287.9228	1.032008	0.9645855	11.08038
53586	-4334.471	-4625.109	290.6385	0.8835348	0.8325124	9.807364
53592	-4326.512	-4610.574	284.0623	0.8019791	0.9105328	13.24316
53598	-4340.615	-4620.636	280.0204	0.8200029	0.9755955	15.2931
53604	-4338.003	-4624.25	286.2471	0.7271445	0.9165021	12.14158
53610	-4342.904	-4627.153	284.2497	0.8009425	1.027071	13.08423
53616	-4345.191	-4631.887	286.6953	0.7672558	0.975923	11.85449
53622	-4357.814	-4642.751	284.9373	0.5750972	0.8224708	12.95722
53628	-4353.207	-4637.996	284.7888	0.5836085	0.7495016	13.07542
53634	-4334.4	-4613.314	278.9137	0.7031878	0.8964087	15.96807
53640	-4332.614	-4614.636	282.022	0.7656709	0.962282	14.29242
53646	-4334.928	-4618.065	283.137	0.9731524	0.9512504	13.61254
53652	-4338.157	-4623.295	285.1374	0.8669996	0.9512504	12.62785
53658	-4352.013	-4637.93	285.9165	0.9709577	0.8973003	12.19761
53664	-4351.354	-4637.286	285.9325	0.954982	0.8973003	12.19761
53670	-4333.959	-4622.399	288.4391	0.9150846	1.007351	10.84851
53676	-4328.917	-4614.172	285.2551	0.6921504	1.002515	12.63041
53682	-4330.297	-4612.108	281.8106	0.7078372	0.8352591	14.50319
53688	-4344.986	-4626.518	281.5319	0.7126129	0.9237042	14.59461
53694	-4346.751	-4635.458	288.7078	0.8247693	0.8559257	10.83881
53700	-4327.899	-4609.228	281.329	0.7220859	1.033242	14.63709
53706	-4330.239	-4616.468	286.2289	0.7731028	0.9700209	12.09794
53712	-4310.702	-4596.798	286.096	0.7451248	1.137156	12.09794
53718	-4306.013	-4591.526	285.5131	0.7064665	0.9214965	12.53209
53724	-4318.522	-4601.908	283.3866	0.7636364	1.054894	13.53798
53730	-4311.693	-4595.519	283.8257	0.7636364	0.8837441	13.40112
53736	-4299.8	-4583.76	283.9596	0.6427519	0.8719166	13.40112
53742	-4307.398	-4592.129	284.7313	0.7476034	1.000067	12.87545
53748	-4318.628	-4607.39	288.7614	0.8804779	0.7202947	10.86646
53754	-4310.397	-4600.265	289.8683	0.8303336	1.064413	10.11343
53760	-4320.827	-4608.941	288.1138	0.7399632	1.237799	10.99981
53766	-4317.075	-4601.496	284.4203	0.7034283	0.9706417	13.0756
53772	-4312.353	-4599.842	287.4897	0.7034283	0.9831378	11.469
53778	-4318.647	-4606.199	287.5516	0.8649272	1.064469	11.31037
53784	-4326.165	-4609.141	282.9769	0.6706918	0.806042	13.93562
53790	-4312.404	-4598.473	286.0686	0.906189	0.9542751	12.12057
53796	-4320.52	-4607.996	287.4754	0.8672146	0.9768472	11.39421
53802	-4322.747	-4609.756	287.0093	0.822484	1.186104	11.5579
53808	-4305.297	-4592.957	287.6596	0.9774287	1.038581	11.20806
53814	-4314.027	-4599.563	285.5362	0.7091623	1.211134	12.37433
53820	-4321.075	-4607.673	286.5979	0.6642226	0.8780471	12.01316
53826	-4312.275	-4598.011	285.736	0.8902881	0.9680069	12.29489
53832	-4326.968	-4611.795	284.8276	0.821325	0.9587261	12.80883
53838	-4328.944	-4614.2	285.2562	0.8884926	0.9962756	12.53088
53844	-4337.419	-4621.393	283.9743	0.8073444	0.8939728	13.29543
53850	-4320.32	-4604.853	284.5331	0.7872608	0.8445866	13.04391
53856	-4326.667	-4612.107	285.4405	0.9445241	0.8531885	12.48482
53862	-4331.17	-4614.987	283.8166	0.6824305	0.8688253	13.45654
53868	-4314.359	-4599.979	285.6198	0.7683698	0.9254084	12.4421
53874	-4318.957	-4605.632	286.6749	0.8932538	0.9340765	11.82198
53880	-4309.878	-4592.928	283.0496	0.9408239	1.025177	13.63592
53886	-4321.415	-4604.658	283.2423	0.8109847	1.025177	13.60333
53892	-4324.775	-4612.721	287.9451	0.9024665	1.026495	11.10401
53898	-4320.246	-4605.086	284.839	0.9024665	0.8819044	12.8032
53904	-4312.542	-4598.439	285.8967	0.9335148	1.171551	12.08751
53910	-4313.615	-4602.276	288.6616	0.8225156	0.8502952	10.86755
53916	-4322.859	-4609.372	286.5127	0.8166382	0.9149411	11.95719
53922	-4329.723	-4614.077	284.3543	0.9306182	0.8638038	13.05109
53928	-4324.228	-4609.151	284.9221	0.8130212	0.841422	12.83007
53934	-4307.494	-4592.492	284.9975	0.7740992	0.9220352	12.765
53940	-4302.582	-4592.949	290.3673	0.9503139	0.9489877	9.84812
53946	-4314.263	-4599.983	285.7198	0.8410476	0.9963104	12.31404
53952	-4328.917	-4610.099	281.1823	0.6708082	1.16509	14.67595
53958	-4337.986	-4623.221	285.2352	0.8322191	1.099532	12.51917
53964	-4335.053	-4621.446	286.3929	0.7310185	0.995968	12.02065
53970	-4324.931	-4607.371	282.4396	0.8130105	1.101345	13.98095
53976	-4320.011	-4604.101	284.0896	0.7780994	0.9920227	13.1974
53982	-4331.222	-4613.448	282.2259	0.8370724	1.057632	14.1007
53988	-4324.993	-4614.05	289.0567	0.9449711	0.8882617	10.57398
53994	-4320.453	-4608.731	288.2775	0.8770497	1.093894	10.90941
54000	-4320.27	-4607.106	286.8362	0.9113202	1.273084	11.56307
54006	-4304.603	-4591.896	287.2922	0.8583417	1.114876	11.4248
54012	-4334.832	-4621.671	286.8392	0.9002249	1.069802	11.66171
54018	-4322.584	-4609.553	286.9684	0.862698	0.9765221	11.66171
54024	-4335.126	-4622.276	287.1498	0.6934426	0.9646432	11.66171
54030	-4326.633	-4612.837	286.2038	0.7518563	0.8844342	12.16935
54036	-4324.829	-4608.735	283.9056	0.7839799	1.047797	13.26142
54042	-4333.851	-4618.904	285.0529	0.8281402	0.9413195	12.69745
54048	-4325.324	-4611.953	286.6291	0.9027982	0.9200806	11.84863
54054	-4329.106	-4619.349	290.2428	0.9263385	1.093986	9.851052
54060	-4330.151	-4620.82	290.6683	0.9116304	0.8459733	9.768804
54066	-4331.034	-4616.35	285.3163	0.7847744	0.8737596	12.62074
54072	-4339.707	-4622.886	283.1799	0.8279236	1.168416	13.55747
54078	-4336.488	-4618.835	282.3477	0.7815222	1.062413	14.06396
54084	-4340.718	-4626.855	286.1371	0.805575	1.033705	12.09569
54090	-4337.431	-4625.419	287.9885	0.8578597	0.9690909	11.13477
54096	-4326.398	-4613.397	286.999	0.8146188	0.8607381	11.73532
54102	-4315.745	-4600.475	284.7303	0.8346271	0.9226117	12.87222
54108	-4316.599	-4600.893	284.2942	0.9073255	0.9785137	13.031
54114	-4314.01	-4596.778	282.7685	0.8537919	1.081516	13.79886
54120	-4341.246	-4625.254	284.0082	0.8226482	0.9266849	13.25161
54126	-4329.122	-4613.128	284.0062	0.764183	0.8975458	13.29925
54132	-4317.022	-4600.454	283.4323	0.7710433	1.070465	13.5027
54138	-4330.952	-4615.922	284.97	0.7971962	0.9005778	12.77925
54144	-4327.269	-4608.389	281.1199	0.719614	0.9977502	14.76474
54150	-4339.857	-4623.77	283.9129	0.7999157	1.011479	13.2678
54156	-4347.669	-4631.137	283.4675	0.6486617	1.197091	13.48811
54162	-4337.723	-4622.414	284.6903	0.6314729	1.024714	12.94445
54168	-4336.237	-4621.075	284.8382	0.6881937	1.019381	12.84075
54174	-4328.719	-4615.189	286.4699	0.7718956	0.9643471	11.97587
54180	-4340.712	-4626.694	285.9825	0.7945018	0.880982	12.26447
54186	-4328.409	-4616.164	287.755	0.8471385	0.8842823	11.30958
54192	-4324.005	-4611.638	287.6335	0.9003914	0.9482186	11.30958
54198	-4336.096	-4620.529	284.4329	0.8553199	0.9334855	13.01014
54204	-4320.951	-4605.393	284.4428	0.8280642	0.9500986	13.01014
54210	-4332.786	-4617.351	284.5644	0.7064422	0.9500986	13.01014
54216	-4325.508	-4609.933	284.4249	0.8172684	0.9779728	13.01014
54222	-4337.71	-4624.72	287.0102	0.912724	0.7444953	11.7498
54228	-4338.91	-4626.522	287.6117	0.9143853	0.9915671	11.29041
54234	-4348.622	-4635.248	286.6265	0.7303665	0.9387408	11.92969
54240	-4340.707	-4620.609	279.9019	0.7125047	0.8787754	15.46285
54246	-4329.962	-4614.207	284.2448	0.8502563	1.005495	13.07224
54252	-4336.529	-4625.967	289.4381	0.9524234	1.05488	10.28021
54258	-4349.317	-4639.018	289.701	0.8166277	1.126656	10.17806
54264	-4345.01	-4630.455	285.4444	0.630029	1.035319	12.54739
54270	-4335.419	-4616.258	280.8392	0.8220409	0.897884	14.91084
54276	-4331.831	-4615.697	283.8656	0.8797812	0.8657568	13.3304
54282	-4321.067	-4604.23	283.1636	0.7851708	0.8657568	13.74397
54288	-4320.423	-4607.034	286.611	0.8367745	1.061303	11.81825
54294	-4314.251	-4600.076	285.8249	0.8033192	1.123952	12.21522
54300	-4345.692	-4631.915	286.2225	0.6903729	0.9260599	12.16828
54306	-4326.067	-4611.806	285.7387	0.6903729	1.056106	12.35218
54312	-4310.998	-4590.425	279.4265	0.7321643	0.9538165	15.6569
54318	-4315.97	-4598.35	282.38	0.7700966	0.8871739	14.14591
54324	-4327.591	-4614.216	286.6247	0.8152966	0.9870617	11.86039
54330	-4305.276	-4590.028	284.7526	0.866807	0.9617053	12.82262
54336	-4303.063	-4587.975	284.9113	0.7080695	0.9617053	12.82262
54342	-4312.235	-4597.916	285.6811	0.8987829	0.9291179	12.34016
54348	-4297.697	-4583.55	285.8531	0.6882675	0.9661623	12.34016
54354	-4314.493	-4601.193	286.7002	0.7386981	0.9112967	11.90205
54360	-4307.989	-4594.702	286.7133	0.8392831	0.9041114	11.84679
54366	-4318.936	-4606.835	287.8991	0.8377675	0.8808827	11.241
54372	-4313.531	-4599.554	286.0226	0.7895942	0.98281	12.19013
54378	-4307.856	-4590.576	282.7201	0.6934545	1.108428	13.8941
54384	-4310.63	-4593.067	282.4378	0.7346354	0.9466985	14.10137
54390	-4324.078	-4604.717	280.6385	0.7996709	0.9020976	15.02387
54396	-4312.745	-4595.089	282.3439	0.8083517	1.042875	14.06175
54402	-4313.745	-4597.298	283.553	0.7367264	0.9516992	13.51905
54408	-4309.281	-4594.113	284.8321	0.729749	1.138048	12.76397
54414	-4306.227	-4591.847	285.6198	0.701346	0.879747	12.50272
54420	-4317.706	-4603.108	285.4027	0.7019764	1.076498	12.51102
54426	-4316.083	-4603.01	286.9272	0.667843	0.9607849	11.79341
54432	-4332.428	-4614.685	282.2566	0.6585006	1.011152	14.20079
54438	-4332.659	-4613.544	280.8851	0.7452607	0.9747445	14.88503
54444	-4326.424	-4610.925	284.5007	0.8536536	0.971012	12.95552
54450	-4325.557	-4608.194	282.6375	0.79061	0.9790469	13.95157
54456	-4324.681	-4606.205	281.5238	0.759914	0.8646572	14.60757
54462	-4309.461	-4595.059	285.5982	0.8012114	0.9161476	12.44136
54468	-4296.613	-4584.063	287.4501	0.8558085	0.8686372	11.47352
54474	-4306.038	-4593.291	287.2526	0.831219	0.9746625	11.53065
54480	-4315.187	-4602.354	287.167	0.8006313	1.093709	11.53065
54486	-4293.831	-4579.851	286.0205	0.7684971	0.9836793	12.20179
54492	-4297.949	-4583.64	285.6906	0.8024653	0.9860072	12.3548
54498	-4300.861	-4585.518	284.6571	0.7163619	1.061327	12.89912
54504	-4306.027	-4595.089	289.0625	0.7756571	1.061327	10.56706
54510	-4309.344	-4598.223	288.8792	0.933452	1.088297	10.56706
54516	-4319.546	-4605.895	286.3485	0.8353407	1.005429	11.98444
54522	-4330.864	-4620.66	289.7961	0.8988708	0.893977	10.20654
54528	-4322.142	-4611.472	289.3299	0.9391579	0.9171699	10.41725
54534	-4306.345	-4590.962	284.6164	0.6667979	0.9339891	13.01247
54540	-4301.945	-4586.417	284.472	0.7322404	1.011332	13.01247
54546	-4318.471	-4602.39	283.9187	0.7957156	0.8917863	13.33157
54552	-4303.046	-4587.011	283.9651	0.7484298	0.9058355	13.32413
54558	-4296.433	-4581.674	285.2412	0.8074308	1.184172	12.48905
54564	-4304.359	-4590.983	286.6237	0.848552	1.162003	11.75688
54570	-4297.717	-4584.224	286.5069	0.7925814	0.893989	11.98456
54576	-4298.895	-4584.346	285.4513	0.7667313	1.060812	12.45975
54582	-4311.901	-4600.006	288.1046	0.7807971	1.067307	11.06358
54588	-4304.391	-4586.331	281.9404	0.7695353	1.015627	14.30483
54594	-4313.114	-4597.306	284.1924	0.7927846	0.9232946	13.17326
54600	-4320.007	-4608.304	288.2969	0.9062465	0.8309627	11.0263
54606	-4317.53	-4607.32	289.7901	0.8694331	0.9191623	10.21093
54612	-4321.848	-4605.384	283.5353	0.7690262	1.19462	13.3915
54618	-4313.32	-4599.545	286.2242	0.7465935	1.055918	12.06984
54624	-4329.333	-4615.56	286.2268	0.790407	1.008376	12.06984
54630	-4316.932	-4605.323	288.391	0.8634713	0.8386383	10.99478
54636	-4317.551	-4605.111	287.5599	0.7618993	0.9000686	11.44719
54642	-4316.625	-4601.558	284.9335	0.7623719	0.9026643	12.81522
54648	-4318.43	-4603.867	285.4371	0.695135	0.9352937	12.56998
54654	-4329.488	-4611.432	281.9441	0.7675626	0.8442652	14.39782
54660	-4322.712	-4610.37	287.6582	0.9002689	0.9671182	11.28649
54666	-4322.251	-4612.26	290.0087	0.8440017	1.199427	9.967583
54672	-4321.981	-4610.695	288.7148	0.9413179	0.9124687	10.74157
54678	-4313.809	-4600.751	286.942	0.8377241	0.9124687	11.72345
54684	-4314.018	-4599.415	285.3974	0.8377241	0.9410172	12.51327
54690	-4314.008	-4598.765	284.7568	0.8958951	0.8204267	12.88551
54696	-4323.856	-4609.606	285.7499	0.9218616	0.9282347	12.29275
54702	-4319.01	-4608.99	289.9801	1.036213	0.9622701	9.999524
54708	-4308.396	-4593.239	284.8424	0.9237639	0.9321229	12.76227
54714	-4320.069	-4606.132	286.0626	0.8534561	1.086953	12.08303
54720	-4326.121	-4610.208	284.0863	0.7799646	1.101228	13.14332
54726	-4322.258	-4607.935	285.6778	0.8024245	1.024421	12.34156
54732	-4314.004	-4599.337	285.3323	0.7406591	1.0407	12.54543
54738	-4309.052	-4594.414	285.362	0.782467	0.9688771	12.54543
54744	-4318.205	-4605.995	287.79	0.8385337	1.14226	11.16165
54750	-4304.296	-4589.727	285.4306	0.8355473	1.013435	12.45874
54756	-4291.172	-4577.548	286.376	0.8838803	0.867755	12.02027
54762	-4292.281	-4580.664	288.3834	0.8243274	1.115715	10.87096
54768	-4306.37	-4591.866	285.4967	0.7534679	1.150029	12.39992
54774	-4297.941	-4582.86	284.9183	0.651345	1.110588	12.77297
54780	-4302.208	-4586.113	283.9048	0.6472532	0.8744065	13.42582
54786	-4290.644	-4576.8	286.1555	0.7332983	1.178464	12.05377
54792	-4293.362	-4580.853	287.4907	0.8400217	0.8882685	11.44922
54798	-4306.719	-4594.043	287.3241	0.8400217	0.8842677	11.53862
54804	-4304.436	-4592.084	287.6486	0.8549337	0.7874293	11.41906
54810	-4317.273	-4607.156	289.8821	0.8549337	0.8735599	10.19622
54816	-4300.125	-4583.91	283.7857	0.7962389	0.9180715	13.38565
54822	-4308.276	-4592.218	283.9416	0.8143201	0.979708	13.26197
54828	-4298.943	-4583.027	284.0845	0.7022314	0.9497326	13.26197
54834	-4304.283	-4586.052	281.7684	0.7695325	0.8635472	14.47657
54840	-4301.802	-4587.212	285.4103	0.8196133	0.8750732	12.55288
54846	-4308.21	-4594.616	286.406	0.9057887	0.8537294	12.0014
54852	-4311.566	-4598.451	286.8844	0.8399462	0.9595326	11.72656
54858	-4309.353	-4592.948	283.5957	0.7675207	1.205588	13.35595
54864	-4309.946	-4597.008	287.0626	0.897387	1.205588	11.48201
54870	-4317.275	-4606.017	288.7421	0.948187	1.205588	10.57575
54876	-4313.063	-4598.933	285.8702	0.9186353	0.9956103	12.1956
54882	-4334.445	-4621.435	286.9904	0.9512379	0.9462855	11.62022
54888	-4331.47	-4616.874	285.4047	0.8453845	0.9736756	12.48788
54894	-4338.815	-4622.003	283.1879	0.6998615	0.9615911	13.72239
54900	-4329.64	-4613.88	284.2399	0.6512321	1.103595	13.1292
54906	-4324.698	-4611.9	287.2021	0.848004	0.99163	11.53931
54912	-4327.926	-4613.343	285.4168	0.7836158	1.012246	12.49357
54918	-4331.113	-4616.24	285.1277	0.8831882	0.9629588	12.61816
54924	-4327.276	-4611.58	284.3041	0.7228458	1.088826	13.0658
54930	-4340.795	-4632.771	291.9764	1.023118	0.9918837	8.936679
54936	-4331.925	-4615.829	283.9047	0.6751732	0.7821092	13.46655
54942	-4330.978	-4613.551	282.5733	0.706575	0.9476587	14.04515
54948	-4335.524	-4621.116	285.5916	0.7185548	0.9476587	12.47055
54954	-4333.928	-4621.022	287.0936	0.8552214	1.232168	11.47587
54960	-4329.216	-4613.286	284.07	0.7827223	1.092099	13.15476
54966	-4332.874	-4618.201	285.3273	0.8424791	1.007288	12.51208
54972	-4328.214	-4613.612	285.3974	0.861826	0.920381	12.51208
54978	-4329.133	-4614.339	285.2065	0.9316594	1.039517	12.51208
54984	-4339.053	-4622.876	283.8232	0.7953369	1.039517	13.30251
54990	-4347.218	-4631.642	284.4237	0.7459815	1.049366	13.0111
54996	-4344.846	-4629.921	285.0754	0.798199	0.9050812	12.72137
55002	-4328.395	-4616.127	287.7326	0.7897638	1.049324	11.26263
55008	-4333.326	-4619.969	286.6433	0.9555219	1.049324	11.74535
55014	-4345.508	-4631.427	285.9194	0.7695122	1.118061	12.18637
55020	-4323.939	-4612.038	288.0983	0.972545	1.038341	10.98101
55026	-4330.544	-4618.49	287.9465	0.9234238	1.09379	11.05857
55032	-4333.043	-4619.003	285.9595	0.7578687	1.025644	12.21731
55038	-4333.612	-4619.945	286.3329	0.7648171	1.076046	11.99359
55044	-4324.972	-4610.765	285.7923	0.7981991	0.9473651	12.32466
55050	-4322.323	-4608.287	285.9639	0.8919077	1.084527	12.11565
55056	-4322.548	-4611.224	288.6764	0.8965905	0.9541953	10.76209
55062	-4319.539	-4600.643	281.104	0.7134552	0.9205928	14.81738
55068	-4318.126	-4601.295	283.1694	0.7018673	1.110586	13.65558
55074	-4324.468	-4607.813	283.3446	0.7914022	1.213291	13.47051
55080	-4324.755	-4608.225	283.4702	0.8385579	1.213291	13.38082
55086	-4329.753	-4617.027	287.2736	0.912701	1.074723	11.42571
55092	-4319.569	-4601.988	282.4193	0.8306467	0.9893755	14.03855
55098	-4318.163	-4602.223	284.0595	0.800957	1.036754	13.17821
55104	-4327.726	-4613.313	285.5869	0.9514324	0.9225879	12.36545
55110	-4331.746	-4615.745	283.9989	0.7842868	1.339546	13.07967
55116	-4339.522	-4624.754	285.2319	0.9205049	1.322617	12.37418
55122	-4322.385	-4608.797	286.4116	0.8405493	1.113952	11.89452
55128	-4323.127	-4611.499	288.3719	0.9213243	1.113952	10.827
55134	-4337.823	-4625.063	287.24	0.8201108	1.119814	11.4697
55140	-4344.075	-4631.51	287.4344	0.9276012	0.8255065	11.4697
55146	-4334.394	-4617.41	283.0166	0.7264511	1.101887	13.72632
55152	-4333.079	-4618.944	285.865	0.707968	0.9111429	12.35373
55158	-4322.327	-4610.491	288.1639	0.8735409	1.007455	11.01443
55164	-4312.426	-4602.968	290.5421	0.8796944	0.8191154	9.86832
55170	-4336.099	-4621.838	285.7393	0.8246014	0.8191154	12.41193
55176	-4325.318	-4610.816	285.4976	0.6745348	0.9311406	12.55147
55182	-4330.301	-4615.001	284.6998	0.7132124	0.9741463	12.92333
55188	-4325.883	-4612.347	286.4638	0.849206	1.119835	11.85993
55194	-4313.452	-4599.793	286.3411	0.7620299	0.879613	12.09523
55200	-4313.522	-4600.653	287.1316	0.7903923	1.196072	11.50619
55206	-4320.681	-4605.66	284.9794	0.858883	0.8609977	12.76491
55212	-4307.734	-4594.948	287.2138	0.8585348	0.9178444	11.56758
55218	-4329.725	-4613.45	283.7244	0.8933673	1.095334	13.27527
55224	-4330.005	-4617.829	287.8235	0.8421822	1.057495	11.1835
55230	-4335.255	-4622.928	287.6724	0.869352	1.045533	11.25438
55236	-4330.782	-4615.217	284.4349	0.9124159	0.9996025	12.94412
55242	-4329.367	-4615.503	286.1359	0.8074355	0.8656847	12.18656
55248	-4314.52	-4599.964	285.4439	0.8059845	0.9261986	12.51368
55254	-4321.747	-4609.45	287.7037	0.8305876	1.004671	11.27925
55260	-4325.285	-4612.796	287.5103	1.032716	0.8431457	11.36449
55266	-4315.774	-4603.569	287.7955	0.9292389	0.9515659	11.20786
55272	-4306.713	-4593.617	286.9044	0.7566126	0.9432986	11.76843
55278	-4313.052	-4598.968	285.9157	0.7988296	0.9432986	12.26221
55284	-4324.636	-4609.666	285.0301	0.7023065	0.9886934	12.74947
55290	-4334.635	-4615.472	280.8375	0.8098989	0.9707125	14.87831
55296	-4334.345	-4614.447	280.1018	0.6358128	1.177377	15.24734
55302	-4334.145	-4620.931	286.7862	0.9067851	1.048621	11.69651
55308	-4321.51	-4609.011	287.5002	0.7939401	1.012755	11.40067
55314	-4332.117	-4618.622	286.5058	0.7697393	0.8677937	12.01207
55320	-4320.534	-4605.811	285.2771	0.7849771	0.9385156	12.60471
55326	-4322.016	-4610.211	288.1956	0.8283741	0.8743035	11.09454
55332	-4312.223	-4597.516	285.2932	0.7309174	0.8882575	12.6525
55338	-4308.242	-4594.383	286.1411	0.9105446	1.156368	11.97906
55344	-4320.396	-4603.82	283.4231	0.6905529	0.9664813	13.60253
55350	-4326.004	-4611.29	285.2859	0.8952515	0.9664813	12.52765
55356	-4320.512	-4605.732	285.2203	0.9013152	1.02581	12.52765
55362	-4324.829	-4609.477	284.6477	0.8569355	1.085207	12.81913
55368	-4319.649	-4603.343	283.6938	0.8166692	1.017783	13.3697
55374	-4317.941	-4601.727	283.786	0.8274546	0.9173527	13.3697
55380	-4311.699	-4595.489	283.7895	0.9078394	0.8412063	13.3697
55386	-4327.655	-4615.452	287.7969	1.025052	0.9613739	11.1517
55392	-4347.416	-4634.674	287.2582	0.8371022	0.9644121	11.53011
55398	-4344.909	-4628.917	284.0086	0.7532458	1.006717	13.24478
55404	-4320.881	-4604.149	283.2678	0.748138	0.9955964	13.63792
55410	-4315.471	-4601.811	286.34	0.7207324	0.9196813	12.09472
55416	-4318.191	-4602.627	284.4358	0.6632953	0.9895501	13.07845
55422	-4317.325	-4603.232	285.9076	0.791306	1.041737	12.21875
55428	-4318.856	-4602.688	283.8323	0.7308177	1.00575	13.34853
55434	-4319.554	-4608.168	288.614	0.8001593	1.123923	10.75877
55440	-4314.898	-4603.558	288.6595	0.9024648	1.049736	10.71784
55446	-4317.111	-4605.46	288.3488	0.8224258	0.9735764	10.96221
55452	-4316.588	-4601.627	285.0397	0.8675789	1.03113	12.63655
55458	-4313.596	-4599.045	285.4489	0.7460509	0.8997112	12.55707
55464	-4305.577	-4593.352	287.7756	0.8820156	1.153921	11.1409
55470	-4304.065	-4591.877	287.8112	0.8451411	1.155387	11.1409
55476	-4311.122	-4594.596	283.4736	0.7967694	0.9388621	13.53603
55482	-4324.239	-4609.047	284.8073	0.8251158	1.036877	12.77669
55488	-4305.482	-4592.145	286.663	0.8742806	1.116629	11.74442
55494	-4312.995	-4597.512	284.5163	0.8889744	1.041174	12.89267
55500	-4319.702	-4605.499	285.7971	0.9899554	0.9370812	12.22781
55506	-4330.494	-4616.158	285.6633	1.020088	1.03983	12.22781
55512	-4314.103	-4599.255	285.1523	0.8369703	1.061883	12.57838
55518	-4323.288	-4609.32	286.0323	0.8626165	1.016283	12.12951
55524	-4329.886	-4616.55	286.664	0.9492301	1.148734	11.68944
55530	-4328.31	-4618.49	290.1801	0.920552	0.9139216	9.981818
55536	-4344.896	-4633.426	288.5306	0.9825655	1.050437	10.74306
55542	-4330.242	-4615.64	285.3979	0.7378326	0.9185507	12.5774
55548	-4314.994	-4598.978	283.9838	0.7461777	0.9185507	13.30848
55554	-4321.209	-4608.741	287.5325	0.7803019	0.9185507	11.44154
55560	-4312.938	-4602.553	289.6148	0.9066241	1.200537	10.14138
55566	-4303.908	-4590.874	286.9668	0.8795772	0.8011577	11.75397
55572	-4308.581	-4595.19	286.6089	0.7879691	0.9274982	11.91502
55578	-4321.123	-4608.993	287.87	0.8018106	0.9274982	11.24879
55584	-4316.768	-4601.897	285.1291	0.7842333	0.976641	12.66168
55590	-4320.185	-4608.597	288.4119	0.862151	0.9139451	10.94097
55596	-4320.621	-4607.886	287.2658	0.8507281	1.054333	11.47235
55602	-4312.174	-4598.261	286.0865	0.9962178	1.043802	12.01752
55608	-4306.697	-4593.038	286.341	0.7997867	0.9637091	12.02894
55614	-4308.894	-4592.411	283.5167	0.8648717	1.116507	13.38779
55620	-4313.663	-4600.4	286.7367	0.8144736	0.9151043	11.84132
55626	-4312.5	-4596.638	284.1377	0.796326	1.073454	13.12161
55632	-4325.901	-4610.319	284.4181	0.9549652	0.9722513	12.94511
55638	-4317.546	-4602.508	284.963	0.8135772	1.007499	12.7167
55644	-4307.414	-4592.545	285.1312	0.8076443	1.007499	12.63224
55650	-4324.147	-4605.796	281.6487	0.8245067	0.9206962	14.47784
55656	-4331.072	-4616.502	285.4301	0.9291095	0.8823085	12.48142
55662	-4301.18	-4584.851	283.6715	0.7870784	0.8599035	13.48271
55668	-4296.931	-4580.649	283.7178	0.9311763	0.9864918	13.31397
55674	-4313.895	-4596.392	282.4965	0.7337933	0.9448789	14.07238
55680	-4316.475	-4600.057	283.5818	0.8570195	0.9449223	13.44528
55686	-4319.48	-4603.178	283.6979	0.7254983	1.112967	13.36777
55692	-4323.236	-4607.718	284.4812	0.8074161	0.9361644	13.00844
55698	-4312.903	-4597.393	284.49	0.7986149	0.9362073	13.00844
55704	-4324.462	-4612.475	288.0135	0.9901821	0.9362073	11.07024
55710	-4322.36	-4609.565	287.2053	0.7798333	0.9244831	11.60947
55716	-4303.12	-4590.197	287.077	0.7858112	1.045308	11.60947
55722	-4298.035	-4586.679	288.6443	0.9081833	0.9390133	10.78114
55728	-4311.923	-4602.046	290.1227	1.034626	0.911288	9.953489
55734	-4330.161	-4620.486	290.3242	1.019188	1.008402	9.802733
55740	-4307.183	-4593.646	286.4636	0.6624359	0.8925764	12.07586
55746	-4320.976	-4607.325	286.3487	0.7491938	0.9187472	12.07586
55752	-4323.367	-4611.925	288.5579	0.9277449	1.047222	10.75911
55758	-4323.889	-4610.247	286.3582	0.9322619	0.8209748	12.03202
55764	-4331.821	-4617.519	285.6981	0.8366372	0.9432748	12.35594
55770	-4344.095	-4634.085	289.9899	1.112041	0.8099203	10.04235
55776	-4324.824	-4611.926	287.1018	0.9771345	0.9309732	11.55686
55782	-4318.523	-4604.593	286.07	0.7780255	1.115707	12.10458
55788	-4329.319	-4622.026	292.7073	1.137705	1.032684	8.466709
55794	-4324.408	-4609.836	285.428	0.7239425	0.9653333	12.54346
55800	-4313.702	-4597.893	284.1914	0.7574614	0.8900924	13.21073
55806	-4320.24	-4608.343	288.103	0.8216118	1.108285	11.02289
55812	-4336.679	-4625.066	288.3874	0.8593747	0.9991258	10.90913
55818	-4332.279	-4620.961	288.6823	0.8852694	0.9526115	10.76582
55824	-4323.782	-4612.005	288.2237	0.8620625	1.054394	10.96506
55830	-4329.835	-4617.367	287.5319	0.884023	1.08757	11.29924
55836	-4333.858	-4617.363	283.5045	0.884023	0.9135183	13.48866
55842	-4336.741	-4627.305	290.5636	0.9961831	1.025588	9.679716
55848	-4335.283	-4623.677	288.3946	0.8671726	0.9437641	10.9309
55854	-4312.089	-4600.417	288.3281	0.8661242	0.9574265	10.95885
55860	-4325.749	-4611.659	285.9097	0.9421212	1.077473	12.1212
55866	-4329.711	-4613.843	284.1312	0.9228171	1.125877	13.03387
55872	-4323.546	-4607.711	284.1653	0.8623476	0.9902508	13.11523
55878	-4320.611	-4605.975	285.3642	0.8623476	1.056213	12.4576
55884	-4325.167	-4609.562	284.3946	0.780252	1.056213	13.00499
55890	-4321.166	-4605.812	284.646	0.8024932	1.056213	12.86263
55896	-4322.572	-4611.092	288.5197	0.829067	0.9735148	10.86924
55902	-4316.644	-4606.48	289.8363	0.9509598	0.8983471	10.15552
55908	-4322.676	-4606.754	284.0784	0.9347111	1.048321	13.09303
55914	-4333.582	-4619.733	286.1504	1.009276	1.189383	11.90741
55920	-4341.053	-4630.2	289.1471	0.9217192	0.984645	10.48556
55926	-4325.952	-4609.865	283.9126	0.7733194	1.106062	13.23467
55932	-4325.012	-4614.119	289.107	0.8610798	0.9410421	10.56203
55938	-4327.097	-4615.665	288.5682	0.9083979	0.8866852	10.85027
55944	-4322.306	-4612.763	290.4573	0.9570052	0.8826973	9.834491
55950	-4323.96	-4611.862	287.9014	0.9570052	1.085497	11.06867
55956	-4327.981	-4614.669	286.6876	0.8106292	0.9392832	11.85561
55962	-4342.678	-4626.39	283.7126	0.8093022	1.274768	13.24298
55968	-4327	-4609.252	282.2519	0.7543149	1.010683	14.15385
55974	-4340.502	-4622.885	282.3829	0.6838712	1.065692	14.09473
55980	-4330.753	-4617.136	286.3825	0.856173	1.143773	11.88738
55986	-4322.919	-4610.913	287.9936	0.6817628	1.153268	11.13193
55992	-4318.054	-4601.619	283.5657	0.8036475	0.8421463	13.53943
55998	-4325.052	-4612.113	287.0604	0.8139803	1.086223	11.58305
56004	-4321.017	-4607.249	286.2326	0.8198397	1.350728	11.89304
56010	-4334.708	-4620.681	285.9727	0.7181818	1.056572	12.21545
56016	-4329.995	-4615.727	285.7328	0.7177904	1.02298	12.3577
56022	-4308.255	-4594.64	286.3846	0.7284666	0.9402744	12.05606
56028	-4311.318	-4598.918	287.5993	0.8613547	0.950161	11.34682
56034	-4317.176	-4602.092	284.9156	0.7415434	0.9719336	12.79749
56040	-4327.256	-4608.978	281.7223	0.7024024	0.9581432	14.48267
56046	-4316.438	-4598.961	282.5235	0.7600711	0.8436753	14.10183
56052	-4312.046	-4596.552	284.5068	0.8088441	0.9667275	12.97791
56058	-4319.246	-4604.998	285.7518	0.9532942	0.9778366	12.24859
56064	-4325.434	-4611.146	285.7119	0.8091346	0.8893703	12.39306
56070	-4305.003	-4592.16	287.1578	0.8305075	1.020719	11.55648
56076	-4311.244	-4598.697	287.4526	0.9176965	0.9182087	11.41163
56082	-4315.007	-4599.522	284.5154	0.7065771	1.007765	13.00508
56088	-4322.177	-4605.002	282.8258	0.768576	1.113432	13.7979
56094	-4316.798	-4606.033	289.2351	1.025307	0.9878032	10.38326
56100	-4344.045	-4629.255	285.2095	0.7755137	0.8813647	12.6768
56106	-4340.38	-4623.181	282.8009	0.8323078	1.028873	13.8194
56112	-4315.015	-4604.03	289.0151	1.108066	1.058894	10.41864
56118	-4320.159	-4612.188	292.0291	1.099738	1.008174	8.859524
56124	-4317.792	-4605.396	287.6038	0.8358619	0.8442261	11.41789
56130	-4311.809	-4596.753	284.9441	0.7869909	0.9580355	12.76647
56136	-4305.817	-4589.342	283.5255	0.7840637	0.9312716	13.51985
56142	-4312.989	-4596.469	283.4799	0.8366153	0.9247321	13.51985
56148	-4317.209	-4601.732	284.5228	0.6989511	0.9520351	13.03462
56154	-4318.353	-4602.968	284.6146	0.6820888	0.8818115	13.03462
56160	-4309.709	-4594.735	285.0264	0.8174767	1.149122	12.61196
56166	-4305.757	-4590.661	284.9038	0.6824498	1.158314	12.74177
56172	-4312.867	-4596.103	283.2367	0.8159288	1.199302	13.52011
56178	-4318.333	-4604.118	285.7854	0.7993985	0.9453211	12.32875
56184	-4316.323	-4602.052	285.7284	0.9076979	0.8679282	12.34543
56190	-4310.978	-4596.889	285.9112	1.000574	1.003124	12.12758
56196	-4312.057	-4600.374	288.3171	0.8129344	0.8084996	11.07823
56202	-4304.966	-4593.983	289.017	1.00373	1.131927	10.43663
56208	-4311.916	-4596.832	284.916	0.8341506	1.046657	12.71045
56214	-4307.263	-4591.819	284.5559	0.6715143	0.8866133	13.06792
56220	-4296.417	-4584.315	287.8985	0.7340498	0.9956505	11.23258
56226	-4295.141	-4579.165	284.0241	0.7533792	1.04788	13.21569
56232	-4299.77	-4582.774	283.0035	0.8608558	1.036579	13.69556
56238	-4314.447	-4603.13	288.683	1.068837	1.056038	10.61506
56244	-4309.543	-4598.359	288.8163	0.9354554	1.056038	10.61506
56250	-4306.518	-4592.404	285.8859	0.8351244	1.038759	12.20873
56256	-4308.317	-4590.896	282.578	0.8442721	0.9686351	13.96008
56262	-4316.812	-4599.971	283.1581	0.8163087	0.9834458	13.66583
56268	-4317.672	-4599.093	281.4217	0.8218143	0.9651104	14.57275
56274	-4317.972	-4599.335	281.3633	0.8297954	1.018666	14.57095
56280	-4311.568	-4593.858	282.2895	0.8647338	0.9557744	14.10591
56286	-4316.963	-4600.137	283.174	0.871083	0.9064962	13.67083
56292	-4325.796	-4611.869	286.0727	0.7799761	1.092415	12.11341
56298	-4330.265	-4615.33	285.0651	0.7677626	0.9710358	12.70656
56304	-4312.987	-4599.33	286.3426	0.8458555	1.050767	11.95886
56310	-4303.112	-4589.635	286.523	0.7468327	0.96886	11.95886
56316	-4313.483	-4599.01	285.527	0.7825364	0.9776356	12.45485
56322	-4323.451	-4608.94	285.489	0.7500512	1.048782	12.45485
56328	-4320.997	-4606.831	285.8337	0.7260568	1.048782	12.28774
56334	-4319.162	-4604.786	285.6236	0.9361724	1.048782	12.28774
56340	-4324.596	-4610.768	286.1723	0.7960141	1.007869	12.09559
56346	-4329.653	-4617.811	288.1573	0.8042947	1.007869	11.05391
56352	-4319.438	-4606.641	287.2031	0.9198076	1.054435	11.46895
56358	-4322.84	-4608.386	285.5457	0.814638	1.113813	12.3597
56364	-4319.028	-4604.616	285.5877	0.8231854	1.060027	12.3597
56370	-4309.888	-4595.226	285.3382	0.839317	0.9206805	12.55443
56376	-4321.9	-4607.342	285.4418	0.7356993	0.9206805	12.55443
56382	-4333.133	-4618.254	285.1211	0.8490947	0.9658393	12.63781
56388	-4303.435	-4593.643	290.2078	1.025984	0.9658393	9.883113
56394	-4323.172	-4606.526	283.3545	0.6994779	0.9800061	13.62633
56400	-4319.567	-4607.879	288.3122	0.9231662	0.9837916	10.9232
56406	-4311.478	-4597.999	286.5208	0.7985479	0.9229355	11.95799
56412	-4300.528	-4589.428	288.9009	0.922284	1.135905	10.53848
56418	-4316.329	-4604.042	287.7127	0.9650332	0.8526385	11.28838
56424	-4317.735	-4602.543	284.8084	0.9077995	0.8885198	12.81263
56430	-4324.952	-4612.181	287.2284	1.016526	0.9081653	11.48282
56436	-4321.669	-4610.932	289.2628	0.9149215	0.9982681	10.4212
56442	-4312.729	-4599.796	287.0677	0.9339145	1.133853	11.49358
56448	-4304.751	-4590.348	285.5966	1.077861	1.0552	12.22474
56454	-4305.596	-4588.309	282.7134	1.03017	1.0552	13.74893
56460	-4327.477	-4613.149	285.6713	0.7482192	1.065461	12.35248
56466	-4338.891	-4625.566	286.6745	0.8199011	1.038532	11.80534
56472	-4318.22	-4606.488	288.2686	0.9249535	1.214	10.83243
56478	-4319.625	-4612.627	293.0015	1.376193	1.016748	8.191649
56484	-4330.236	-4622.413	292.1764	1.12951	1.016748	8.761146
56490	-4325.083	-4613.562	288.4788	0.9689916	0.9860125	10.81067
56496	-4332.399	-4616.59	284.1903	0.866354	1.159438	13.01671
56502	-4320.973	-4605.732	284.7594	0.7400479	1.02646	12.85117
56508	-4329.022	-4616.859	287.8369	0.8644093	1.111469	11.13825
56514	-4324.729	-4610.752	286.0229	0.8876512	0.9242601	12.1705
56520	-4323.732	-4607.314	283.5828	0.8661139	1.08739	13.36689
56526	-4333.396	-4619.809	286.4135	0.9018443	0.7703165	12.05034
56532	-4331.027	-4616.888	285.8612	0.8731309	0.9803151	12.23206
56538	-4333.947	-4620.273	286.3263	0.9058157	1.000444	11.96183
56544	-4321.12	-4607.767	286.6471	0.874809	1.000444	11.8106
56550	-4325.379	-4611.784	286.405	0.7884207	1.04712	11.95812
56556	-4318.229	-4601.946	283.7175	0.8781915	1.04712	13.31054
56562	-4321.41	-4609.818	288.4082	1.03353	1.030922	10.79044
56568	-4326.011	-4614.644	288.633	0.9214933	0.9202801	10.79044
56574	-4326.601	-4611.907	285.3059	0.8949459	1.044187	12.47704
56580	-4325.439	-4611.365	285.9257	0.7926955	1.085651	12.18673
56586	-4333.406	-4620.603	287.1972	0.8140209	0.9840903	11.56359
56592	-4323.787	-4612.247	288.46	0.8158329	0.9555722	10.91712
56598	-4319.021	-4608.883	289.8613	0.9705386	0.8549964	10.15723
56604	-4324.89	-4610.703	285.8121	0.8236646	1.074727	12.23519
56610	-4326.368	-4616.58	290.2116	0.8500787	0.9734884	9.969561
56616	-4327.691	-4611.365	283.6741	0.7415839	1.115503	13.37057
56622	-4328.264	-4616.036	287.7719	0.8702958	1.05312	11.198
56628	-4323.602	-4609.464	285.8615	0.8702958	1.073911	12.18554
56634	-4329.307	-4618.115	288.8077	0.8728643	0.9086969	10.73085
56640	-4319.273	-4604.603	285.3293	0.6701715	0.9166062	12.64942
56646	-4320.661	-4608.63	287.969	0.8414769	0.8436858	11.22423
56652	-4315.886	-4608.136	292.2499	1.028534	0.9851821	8.792418
56658	-4334.22	-4620.906	286.6861	1.020843	1.019868	11.7039
56664	-4331.028	-4618.428	287.4	0.8860023	1.05696	11.38239
56670	-4335.422	-4621.215	285.7936	0.887629	0.9103073	12.2978
56676	-4327.373	-4614.126	286.7525	0.7921919	0.7936056	11.91613
56682	-4317.135	-4603.649	286.5141	0.882141	1.102553	11.82486
56688	-4318.131	-4603.064	284.9326	0.7311796	0.9549071	12.80318
56694	-4312.294	-4600.85	288.5552	0.8752358	0.9549071	10.83646
56700	-4313.915	-4598.578	284.6637	0.871106	0.8766528	12.91374
56706	-4306.371	-4592.386	286.0157	0.7477538	0.976283	12.21901
56712	-4313.505	-4599.15	285.6452	0.7370964	0.8098526	12.51213
56718	-4307.615	-4593.676	286.0603	0.7604471	1.025374	12.16353
56724	-4313.661	-4599.341	285.6799	0.9151372	0.8430697	12.38135
56730	-4308.772	-4596.311	287.5381	0.9786757	0.8875894	11.35233
56736	-4315.572	-4601.878	286.3059	0.959239	0.8759864	12.01279
56742	-4319.402	-4605.854	286.4527	0.8395094	0.8517373	12.01279
56748	-4324.016	-4610.838	286.8211	0.8395094	0.7983378	11.85268
56754	-4318.726	-4605.701	286.975	0.9739112	0.9936698	11.59112
56760	-4320.751	-4605.423	284.672	0.7818254	0.9758106	12.9012
56766	-4320.463	-4606.955	286.4913	0.7383275	0.9758106	11.97611
56772	-4301.781	-4587.697	285.9165	0.8460487	0.9482905	12.23448
56778	-4295.276	-4582.236	286.9595	0.9904868	0.8837602	11.65077
56784	-4293.407	-4583.362	289.9555	0.9617085	1.024629	10.0187
56790	-4301.41	-4589.71	288.3002	0.8534839	0.9997991	10.95752
56796	-4314.185	-4600.83	286.6451	0.8921374	0.9467028	11.83119
56802	-4310.573	-4597.915	287.3416	0.7963285	0.9789177	11.50012
56808	-4312.546	-4598.354	285.8072	0.8519158	0.9336302	12.2964
56814	-4314.743	-4602.771	288.0281	0.8653922	0.9336302	11.12935
56820	-4311.921	-4599.588	287.667	0.7161348	0.8914711	11.41999
56826	-4300.326	-4588.272	287.9457	0.8160551	0.9154707	11.20838
56832	-4320.628	-4606.716	286.0877	0.8428322	0.9418407	12.15043
56838	-4327.072	-4613.095	286.0233	0.79147	0.9985373	12.18056
56844	-4324.492	-4615.178	290.6864	0.9658591	1.003811	9.642304
56850	-4324.932	-4614.631	289.699	0.9824047	1.003811	10.15355
56856	-4311.203	-4600.198	288.9957	1.032972	0.9633627	10.51805
56862	-4312.01	-4597.568	285.5578	0.9166896	0.9038289	12.40917
56868	-4318.351	-4605.453	287.1019	0.881173	0.9190834	11.61355
56874	-4327.891	-4614.528	286.6368	0.9833097	1.02659	11.74582
56880	-4319.156	-4606.115	286.9593	0.8656863	1.003698	11.65059
56886	-4326.052	-4612.165	286.1127	0.9055771	0.9878815	12.07997
56892	-4309.413	-4595.555	286.1424	0.858947	0.9024012	12.13536
56898	-4312.541	-4600.706	288.1652	0.7034129	0.8985452	11.16197
56904	-4317.402	-4602.809	285.4076	0.8283224	0.9111544	12.52931
56910	-4321.685	-4610.141	288.4558	0.8931688	0.8307786	10.95
56916	-4299.862	-4588.386	288.5242	0.8843909	0.8307786	10.91877
56922	-4302.972	-4587.421	284.4496	0.8194252	1.119145	12.92525
56928	-4317.331	-4602.017	284.6862	0.6266956	1.111565	12.90607
56934	-4307.005	-4591.491	284.4859	0.8559032	0.9448426	12.9761
56940	-4308.795	-4593.378	284.583	0.830017	0.9448426	12.93903
56946	-4312.709	-4597.646	284.937	0.7452234	0.8813208	12.83441
56952	-4318.111	-4601.071	282.9604	0.8120253	1.015236	13.75417
56958	-4316.732	-4600.813	284.0816	0.7896831	1.013539	13.18442
56964	-4327.039	-4615.077	288.0375	1.157794	1.013539	10.92855
56970	-4307.842	-4593.145	285.3036	0.9542082	0.922506	12.51162
56976	-4309.334	-4593.225	283.8912	0.8418892	0.9787653	13.27435
56982	-4314.128	-4601.349	287.2205	0.7678676	1.152896	11.49147
56988	-4318.83	-4605.639	286.8092	0.713276	0.8862978	11.87259
56994	-4299.123	-4585.42	286.2968	0.8795926	0.9517857	12.01679
57000	-4300.711	-4587.426	286.7146	0.76559	0.9552268	11.85636
57006	-4298.845	-4584.638	285.7928	0.7841627	0.8738773	12.37283
57012	-4308.941	-4594.515	285.5742	0.8545079	1.015796	12.37283
57018	-4316.052	-4600.894	284.8422	0.8185952	0.9593026	12.80233
57024	-4309.321	-4595.766	286.4455	0.8705046	0.9569312	11.94116
57030	-4315.089	-4598.669	283.5802	0.7515485	0.7643199	13.60654
57036	-4322.411	-4610.338	287.9269	0.8373383	0.9209788	11.20402
57042	-4302.418	-4588.945	286.5275	0.8227847	0.9899732	11.90569
57048	-4302.455	-4588.955	286.5001	0.8490082	0.9911306	11.90569
57054	-4302.873	-4588.592	285.7196	0.9144234	0.8235699	12.37272
57060	-4308.223	-4593.507	285.284	0.7925709	0.8235699	12.66303
57066	-4292.677	-4578.169	285.4914	0.7925709	0.9236717	12.49732
57072	-4304.442	-4586.421	281.9789	0.6419785	0.9236717	14.39972
57078	-4292.119	-4580.342	288.2226	0.8373096	1.146329	10.93378
57084	-4297.008	-4582.993	285.9846	0.8731046	1.061099	12.12623
57090	-4313.099	-4600.393	287.2933	0.7950307	1.085412	11.47162
57096	-4311.594	-4597.052	285.4574	0.7675913	1.072186	12.45052
57102	-4305.249	-4590.821	285.5719	0.7178725	1.074649	12.41554
57108	-4305.383	-4591.026	285.6433	0.6954343	1.03396	12.41038
57114	-4317.941	-4604.672	286.7313	0.9135763	0.9883937	11.75269
57120	-4340.215	-4623.998	283.783	0.683845	1.053527	13.37424
57126	-4308.566	-4592.594	284.0283	0.7344699	0.9424981	13.27832
57132	-4311.719	-4595.19	283.4701	0.7805939	0.8938419	13.57122
57138	-4312.395	-4597.619	285.2241	0.83413	0.941338	12.60522
57144	-4312.325	-4598.219	285.8941	0.7941139	1.046307	12.22203
57150	-4316.422	-4601.888	285.4658	0.8939785	0.9646919	12.43554
57156	-4322.692	-4611.761	289.0687	0.8213363	0.7806028	10.69726
57162	-4318.005	-4602.662	284.6574	0.8641449	0.7806028	12.97814
57168	-4312.667	-4597.349	284.6816	0.7485148	0.8594721	12.97814
57174	-4310.477	-4597.229	286.7519	0.8543413	0.8339707	11.85943
57180	-4305.971	-4592.789	286.8185	0.828378	0.8973525	11.80137
57186	-4303.284	-4591.853	288.5691	0.8813535	0.9113087	10.85002
57192	-4340.45	-4621.656	281.2063	0.7154711	1.028926	14.70618
57198	-4338.186	-4625.244	287.0585	0.8988309	0.9429894	11.61384
57204	-4308.751	-4595.368	286.6164	0.8345964	0.9736707	11.86172
57210	-4304.847	-4591.198	286.3517	0.847527	0.8880399	12.04027
57216	-4302.599	-4590.779	288.1806	0.9103154	1.069659	10.95474
57222	-4327.133	-4615.928	288.7943	0.7614091	0.8564279	10.82638
57228	-4314.519	-4602.395	287.8766	0.6902146	1.112283	11.20826
57234	-4328.021	-4615.564	287.5431	0.826884	1.112283	11.31124
57240	-4319.603	-4607.365	287.762	0.9187769	0.8983749	11.26041
57246	-4309.103	-4595.151	286.0479	0.8473233	1.070562	12.10197
57252	-4296.764	-4583.529	286.7652	0.7727319	0.9659761	11.82045
57258	-4307.108	-4593.895	286.787	0.7727319	0.9449224	11.82045
57264	-4311.122	-4596.62	285.4985	0.8779542	1.009888	12.40307
57270	-4310.801	-4601.322	290.5205	0.8921244	0.8992797	9.82584
57276	-4301.385	-4586.707	285.3223	0.7641434	0.9423613	12.58998
57282	-4312.683	-4597.913	285.2295	0.7766681	1.021452	12.58998
57288	-4309.242	-4594.141	284.8997	0.8691399	0.9927571	12.72837
57294	-4312.055	-4597.258	285.2031	0.7187482	0.8303329	12.73949
57300	-4319.819	-4605.717	285.8982	0.8489583	0.9649404	12.23353
57306	-4314.567	-4601.237	286.6699	0.9615246	1.039688	11.73323
57312	-4327.706	-4615.382	287.6767	0.8321508	0.8140048	11.39987
57318	-4330.199	-4617.831	287.6324	0.7555266	0.9228321	11.39987
57324	-4317.997	-4603.624	285.6267	0.8112859	0.8257667	12.47351
57330	-4347.604	-4635.159	287.5552	0.8236147	0.864108	11.438
57336	-4335.847	-4625.66	289.8132	0.9154357	0.8604537	10.20827
57342	-4318.214	-4606.403	288.1894	0.8887223	0.9604859	11.01801
57348	-4311.261	-4599.628	288.367	0.8107044	0.9152626	10.99073
57354	-4312.377	-4598.475	286.0979	0.880189	0.9434234	12.12476
57360	-4315.711	-4600.883	285.172	0.7936434	1.038992	12.60217
57366	-4315.187	-4600.444	285.2569	0.7810011	0.9665289	12.60217
57372	-4336.878	-4619.909	283.0318	0.659813	1.009761	13.79891
57378	-4340.346	-4627.231	286.8854	0.8023041	0.8346052	11.81652
57384	-4340.679	-4627.878	287.1988	0.723714	0.8896494	11.66176
57390	-4329.293	-4617.817	288.5242	0.8735081	0.8622316	10.90578
57396	-4334.275	-4622.07	287.7953	0.9038689	1.190129	11.10235
57402	-4309.132	-4596.284	287.1521	0.8105972	0.9121974	11.62806
57408	-4316.754	-4604.059	287.3047	0.8953554	0.9314798	11.49329
57414	-4308.464	-4598.373	289.9086	0.9225782	1.08763	10.03213
57420	-4315.026	-4600.477	285.4501	0.8305229	1.139693	12.3889
57426	-4335.327	-4617.987	282.6595	0.8401006	1.00339	13.90176
57432	-4318.01	-4603.644	285.6339	0.8154833	0.7457052	12.51749
57438	-4320.623	-4606.497	285.8745	0.7350633	0.9598039	12.30801
57444	-4324.539	-4611.413	286.8737	0.8952496	0.9822413	11.69116
57450	-4312.211	-4597.142	284.9313	0.885389	1.087716	12.6555
57456	-4303.488	-4592.399	288.9106	0.938443	0.8968622	10.64918
57462	-4316.589	-4602.797	286.2081	0.8623406	1.108156	11.99218
57468	-4310.859	-4598.506	287.6472	0.8246152	0.8477576	11.39899
57474	-4340.35	-4628.098	287.7486	0.8712417	1.038393	11.21716
57480	-4313.246	-4598.197	284.9506	0.8591134	0.9753491	12.71631
57486	-4321.861	-4609.179	287.3175	0.8876237	0.9165358	11.49892
57492	-4320.848	-4606.111	285.2631	0.8711822	0.9254852	12.57429
57498	-4317.881	-4601.568	283.6872	0.8494169	1.036711	13.34647
57504	-4318.952	-4603.504	284.5524	0.8204991	0.9412769	12.96185
57510	-4316.252	-4602.565	286.3124	0.9539385	1.289061	11.80746
57516	-4322.119	-4603.131	281.0121	0.847341	1.033382	14.73623
57522	-4329.911	-4614.699	284.7878	0.761768	1.186915	12.74766
57528	-4341.443	-4626.699	285.2561	0.9004052	1.072356	12.48607
57534	-4312.139	-4596.848	284.7091	0.9043609	1.113481	12.74879
57540	-4309.632	-4596.187	286.5544	0.8870619	0.9462904	11.88145
57546	-4319.814	-4603.525	283.7109	0.7092402	1.144985	13.35427
57552	-4318.289	-4603.775	285.4859	0.8476747	0.911154	12.47844
57558	-4321.24	-4607.9	286.6598	0.8802875	0.8166701	11.90439
57564	-4314.264	-4599.026	284.7621	0.6494469	1.160963	12.83145
57570	-4312.047	-4599.776	287.7288	0.7773696	0.9817487	11.30603
57576	-4313.752	-4601.294	287.5422	0.9195988	1.02627	11.30603
57582	-4316.014	-4602.154	286.1405	0.8527245	1.010224	12.08138
57588	-4326.212	-4612.585	286.3736	0.7158177	0.9167441	12.08138
57594	-4323.162	-4607.808	284.6457	0.7780185	0.8597521	12.98129
57600	-4329.978	-4614.365	284.3866	0.7124469	0.9037354	13.12495
57606	-4322.266	-4609.087	286.8209	0.8098204	0.9489754	11.78116
57612	-4321.747	-4605.272	283.525	0.870153	1.049471	13.41355
57618	-4330.177	-4614.985	284.8082	0.7223431	0.9976535	12.84982
57624	-4314.232	-4602.082	287.8497	0.8523504	0.7578212	11.33397
57630	-4318.243	-4601.785	283.5419	0.7237515	0.8480507	13.58979
57636	-4318.376	-4603.497	285.1219	0.7297254	0.9987217	12.6822
57642	-4305.275	-4591.221	285.9461	0.7687595	1.158229	12.15384
57648	-4302.734	-4590.081	287.3469	0.8169745	1.117352	11.41663
57654	-4303.074	-4588.535	285.461	0.7256788	1.298792	12.36641
57660	-4309.048	-4595.037	285.9886	0.7993219	1.054888	12.16572
57666	-4303.898	-4591.387	287.4887	0.8352832	0.9842997	11.39999
57672	-4302.317	-4587.07	284.7538	0.7499386	1.084393	12.81999
57678	-4307.694	-4593.534	285.8392	0.7435702	0.8739592	12.36974
57684	-4314.461	-4602.203	287.7414	0.9163912	1.011377	11.21118
57690	-4328.408	-4614.998	286.5895	1.053008	0.9228736	11.78936
57696	-4316.322	-4603.08	286.7578	0.9044183	0.9856636	11.7451
57702	-4309.18	-4598.677	289.4965	0.8759097	1.087011	10.27368
57708	-4314.056	-4603.937	289.8815	0.7992451	0.8881674	10.21734
57714	-4322.149	-4613.097	290.9473	0.9403254	0.8491075	9.604707
57720	-4324.399	-4611.541	287.142	0.8518557	0.9887091	11.57022
57726	-4333.115	-4621.153	288.0379	0.8919498	1.092661	11.02773
57732	-4333.076	-4619.112	286.0356	0.8025779	1.018361	12.15803
57738	-4338.51	-4619.905	281.3947	0.6630147	1.064075	14.61826
57744	-4332.857	-4619.479	286.6221	0.9334568	0.8720361	11.86349
57750	-4331.9	-4618.02	286.1204	0.8709295	0.9751597	12.10078
57756	-4318.353	-4601.588	283.2347	0.8175454	0.8778667	13.68332
57762	-4315.929	-4600.334	284.405	0.8935284	1.059121	12.93919
57768	-4313.655	-4599.556	285.9016	0.74845	1.088652	12.2209
57774	-4312.242	-4595.939	283.6965	0.7824905	0.9436829	13.42508
57780	-4305.016	-4592.349	287.3329	0.9031425	1.013647	11.43062
57786	-4316.462	-4603.392	286.9298	0.9190257	1.064564	11.60715
57792	-4324.074	-4609.883	285.8085	0.8747794	1.025894	12.23494
57798	-4321.083	-4605.524	284.4415	0.8780174	0.8322826	13.05165
57804	-4317.373	-4602.376	285.0028	0.8996055	0.912746	12.70209
57810	-4310.403	-4598.798	288.3951	0.8921884	1.151085	10.81237
57816	-4318.997	-4608.431	289.4333	0.9353367	1.151085	10.24476
57822	-4320.892	-4606.518	285.6265	0.7927803	1.018835	12.37617
57828	-4325.301	-4612.287	286.986	0.8403196	1.28109	11.51839
57834	-4314.351	-4601.143	286.7921	0.8186408	1.047583	11.74003
57840	-4322.746	-4607.533	284.7867	0.9292896	0.9230125	12.79341
57846	-4321.162	-4605.687	284.5251	0.8334799	0.9412191	12.96932
57852	-4325.695	-4610.833	285.1384	0.901503	1.038837	12.56357
57858	-4334.6	-4621.738	287.1384	0.8605786	0.9877506	11.56803
57864	-4311.999	-4595.95	283.9509	0.7433552	0.8388244	13.3727
57870	-4303.067	-4586.978	283.9109	0.7333279	1.180343	13.22147
57876	-4294.003	-4580.289	286.2861	0.7982732	1.134699	11.97217
57882	-4299.462	-4584.255	284.7931	0.7506013	1.052823	12.81481
57888	-4307.146	-4594.698	287.5513	0.7506013	1.052823	11.3762
57894	-4325.617	-4611.432	285.8145	0.7155091	0.8891576	12.38851
57900	-4324.767	-4611.695	286.9284	0.7165086	0.9352251	11.78125
57906	-4327.325	-4612.687	285.3623	0.8007492	1.065508	12.48606
57912	-4326.503	-4613.162	286.6593	0.8212324	1.074185	11.79471
57918	-4319.196	-4607.598	288.4017	0.7092366	0.9235394	11.02105
57924	-4327.25	-4613.956	286.7059	0.795611	0.9052609	11.87278
57930	-4303.756	-4591.373	287.6171	0.9215911	1.121659	11.21846
57936	-4296.639	-4581.116	284.4765	0.7762079	0.9933136	12.99659
57942	-4301.989	-4586.454	284.4656	0.7083479	1.074098	12.99659
57948	-4311.158	-4596.067	284.9092	0.7164106	1.166396	12.71749
57954	-4309.581	-4595.389	285.808	0.772346	1.187385	12.21053
57960	-4304.692	-4589.765	285.0725	0.7108934	0.9876637	12.72349
57966	-4326.059	-4611.076	285.0164	0.8113037	1.06254	12.66217
57972	-4324.438	-4608.35	283.9122	0.766898	1.006289	13.28799
57978	-4322.493	-4606.544	284.0516	0.608246	1.025775	13.28799
57984	-4320.197	-4608.882	288.6845	0.7794944	0.9096952	10.84381
57990	-4317.982	-4606.423	288.4407	0.7560824	1.001845	10.9339
57996	-4323.713	-4612.507	288.794	0.6873113	0.7456531	10.9339
58002	-4326.912	-4614.319	287.4069	0.7361413	1.047016	11.46218
58008	-4327.88	-4613.443	285.5628	0.7858956	1.026729	12.40888
58014	-4324.518	-4612.378	287.8607	0.9707651	1.007484	11.12228
58020	-4322.553	-4609.154	286.6003	0.7620554	0.9373864	11.92756
58026	-4327.349	-4612.343	284.9939	0.8139161	0.9525873	12.72945
58032	-4320.846	-4609.676	288.8305	0.9499465	0.9525873	10.65417
58038	-4326.778	-4615.18	288.4029	0.9281229	1.038955	10.8444
58044	-4338.712	-4626.623	287.9116	0.7192576	0.9579937	11.2535
58050	-4328.942	-4619.873	290.9314	0.8522509	1.004706	9.572525
58056	-4325.76	-4617.125	291.3648	1.07981	0.9197807	9.269733
58062	-4327.816	-4614.748	286.9322	0.8428802	0.9529058	11.70363
58068	-4336.366	-4622.542	286.1757	0.8143394	0.9854686	12.096
58074	-4335.859	-4620.236	284.3772	0.7963897	0.9965275	13.03608
58080	-4327.367	-4613.194	285.827	0.7558495	0.9760416	12.31328
58086	-4324.022	-4610.358	286.3352	0.7923091	1.101664	11.96554
58092	-4312.27	-4598.209	285.9384	0.8698765	0.9130676	12.23005
58098	-4309.447	-4592.267	282.8199	0.7010089	1.024058	13.8801
58104	-4313.223	-4595.847	282.6241	0.7615042	1.027874	13.94832
58110	-4320.01	-4602.641	282.6308	0.7708534	0.8673735	14.0268
58116	-4328.539	-4612.911	284.3718	0.668525	1.009991	13.09837
58122	-4316.195	-4600.393	284.1986	0.7757981	1.055213	13.10968
58128	-4316.193	-4601.861	285.6683	0.6620016	0.9913347	12.43681
58134	-4318.471	-4603.422	284.9512	0.7890609	0.9198446	12.78251
58140	-4330.894	-4613.658	282.7642	0.7825682	0.8366543	13.96949
58146	-4313.317	-4597.159	283.8422	0.6039671	0.9205119	13.45486
58152	-4323.865	-4609.43	285.5648	0.8423823	0.8688579	12.46415
58158	-4322.503	-4612.508	290.0049	0.9322392	0.9905209	10.02607
58164	-4321.79	-4610.127	288.3365	0.9127437	0.8591921	10.98539
58170	-4334.215	-4621.911	287.6961	0.8411371	0.9310992	11.3172
58176	-4324.874	-4613.17	288.2959	0.9434782	1.042733	10.89048
58182	-4333.231	-4622.203	288.9722	0.788651	0.9405914	10.67099
58188	-4341.072	-4626.166	285.0935	0.8257106	1.016078	12.63804
58194	-4334.586	-4620.049	285.4637	0.7857714	1.001429	12.47364
58200	-4341.07	-4626.512	285.4417	0.7812412	1.02824	12.47364
58206	-4330.465	-4616.944	286.4784	0.8529057	0.9745271	11.92372
58212	-4336.508	-4625.415	288.9075	1.012167	0.8833144	10.61986
58218	-4338.58	-4624.142	285.5614	0.7547074	0.9937225	12.44291
58224	-4345.103	-4627.69	282.5874	0.7908497	1.080456	13.92598
58230	-4332.858	-4620.099	287.2411	1.011705	1.235992	11.3152
58236	-4334.895	-4623.959	289.064	1.011705	0.8898928	10.53418
58242	-4331.339	-4617.767	286.4286	0.7522046	1.106549	11.93537
58248	-4320.743	-4607.807	287.0639	0.7474428	0.8955478	11.7165
58254	-4320.791	-4604.653	283.8625	0.644359	1.026004	13.36737
58260	-4321.794	-4607.189	285.3943	0.7064033	1.009121	12.54713
58266	-4322.996	-4608.477	285.4817	0.7390361	1.087109	12.44537
58272	-4341.416	-4630.62	289.2042	0.9166803	0.9152355	10.49613
58278	-4340.346	-4624.154	283.808	0.8076102	0.9991639	13.32469
58284	-4325.924	-4613.097	287.1734	0.6578545	0.8737759	11.71854
58290	-4326.944	-4612.901	285.9577	0.8392392	1.199951	12.09184
58296	-4321.428	-4607.39	285.9624	0.8026618	1.089133	12.16067
58302	-4313.683	-4599.739	286.0558	0.8380554	0.9602506	12.15956
58308	-4316.686	-4603.362	286.6768	0.9197592	1.075116	11.73365
58314	-4313.101	-4598.045	284.944	0.7805542	0.8947505	12.80471
58320	-4309.617	-4593.35	283.7329	0.8494167	1.006668	13.33809
58326	-4315.728	-4602.193	286.4645	0.8885582	0.8177334	12.00133
58332	-4321.498	-4606.477	284.9789	0.861873	1.068743	12.65227
58338	-4309.743	-4597.322	287.5788	0.9243205	0.8794025	11.36417
58344	-4313.012	-4597.552	284.5401	0.8094626	1.113011	12.88632
58350	-4318.636	-4603.224	284.5878	0.8812559	0.9890497	12.88632
58356	-4322.218	-4608.744	286.5258	0.8367205	1.054727	11.86605
58362	-4330.743	-4617.547	286.804	0.7539215	0.8654977	11.86605
58368	-4327.282	-4613.353	286.0708	0.8835972	0.9721167	12.12164
58374	-4329.733	-4617.564	287.8305	0.8652737	0.9721167	11.21198
58380	-4328.694	-4613.99	285.2962	0.8959655	0.9320563	12.54056
58386	-4335.172	-4624.468	289.296	0.9151653	0.8844183	10.46622
58392	-4329.299	-4613.125	283.8257	0.7852525	1.044064	13.30415
58398	-4336.574	-4621.146	284.572	0.743972	0.8361309	13.05122
58404	-4328.464	-4611.739	283.2747	0.7913731	0.8809663	13.67437
58410	-4336.17	-4623.951	287.7803	0.7962122	0.8610935	11.33639
58416	-4338.645	-4624.916	286.2707	0.8205346	0.9386215	12.06836
58422	-4341.389	-4628.112	286.7225	0.8391806	0.9823314	11.79932
58428	-4334.42	-4622.24	287.8197	0.9014074	1.116306	11.12555
58434	-4323.674	-4611.721	288.0471	0.8796772	0.9091652	11.12555
58440	-4323.438	-4610.261	286.8233	0.776268	1.187305	11.67867
58446	-4323.079	-4611.404	288.3256	0.7982427	0.9471955	11.00129
58452	-4330.036	-4618.283	288.2472	0.7308853	1.0951	11.00129
58458	-4342.059	-4628.809	286.7496	1.010098	1.0951	11.63866
58464	-4317.222	-4607.971	290.7491	1.030581	1.027633	9.562695
58470	-4307.662	-4594.838	287.1759	0.9128143	1.027633	11.50042
58476	-4310.922	-4599.199	288.2764	0.9257253	0.9531726	10.95704
58482	-4310.218	-4599.223	289.0059	0.8548928	0.8859798	10.64925
58488	-4316.011	-4604.732	288.7213	1.005333	1.014969	10.64925
58494	-4312.441	-4602.086	289.6445	0.8886108	1.067855	10.19877
58500	-4323.168	-4610.302	287.1337	0.8304045	1.030433	11.5641
58506	-4322.732	-4609.758	287.0256	0.8997935	0.9318943	11.63662
58512	-4328.772	-4614.908	286.1366	0.7537605	1.035227	12.12222
58518	-4345.529	-4631.184	285.655	0.9606911	1.041279	12.26235
58524	-4339.525	-4628.559	289.0342	0.8640804	1.129111	10.5023
58530	-4343.426	-4628.608	285.182	0.9368131	1.026589	12.52873
58536	-4333.194	-4618.364	285.1698	0.896693	1.080911	12.52873
58542	-4325.428	-4612.657	287.2289	0.8139246	1.080911	11.49765
58548	-4342.696	-4632.42	289.7244	0.9361056	1.072012	10.12969
58554	-4325.062	-4612.514	287.4525	0.8892602	1.072012	11.34571
58560	-4329.639	-4617.236	287.5968	0.9230261	1.127811	11.22538
58566	-4325.033	-4608.367	283.3339	0.7492676	1.127583	13.53749
58572	-4322.217	-4608.068	285.8509	0.810308	1.001966	12.2588
58578	-4325.001	-4610.796	285.7954	0.8657766	1.001966	12.2588
58584	-4339.224	-4623.707	284.4828	0.8208011	0.936104	13.0007
58590	-4333.785	-4621.112	287.327	0.8411739	1.020115	11.46275
58596	-4321.247	-4605.631	284.3841	0.7644549	0.8588256	13.1249
58602	-4326.593	-4612.978	286.385	0.6446167	0.9341055	12.10299
58608	-4316.904	-4604.503	287.5988	0.7684707	1.055509	11.34062
58614	-4320.449	-4609.244	288.795	0.8914479	1.055509	10.6496
58620	-4324.309	-4612.682	288.3726	0.8066566	0.8696985	11.01587
58626	-4325.318	-4612.87	287.5515	1.002341	0.8586877	11.34969
58632	-4329.952	-4614.534	284.5824	0.7866905	0.9189689	12.97608
58638	-4341.431	-4626.611	285.1806	0.7777903	0.9783956	12.63731
58644	-4324.942	-4609.418	284.476	0.7420714	0.9964193	13.01299
58650	-4328.452	-4611.944	283.4914	0.9421631	0.9359383	13.45292
58656	-4336.946	-4624.807	287.8616	0.8958872	1.254697	11.04272
58662	-4342.593	-4631.316	288.7225	0.8718377	0.9157658	10.77207
58668	-4324.294	-4610.451	286.1571	0.7795643	1.001674	12.11535
58674	-4327.762	-4613.672	285.9098	0.8575002	0.9401333	12.23646
58680	-4317.71	-4602.27	284.5601	0.7779074	0.9952106	12.95125
58686	-4333.457	-4618.398	284.9409	0.7213709	1.076696	12.74127
58692	-4341.053	-4621.595	280.5424	0.809164	0.9458958	15.04459
58698	-4332.562	-4614.408	281.8463	0.7920045	0.9458958	14.3786
58704	-4330.658	-4617.386	286.7278	0.748719	0.9257209	11.87443
58710	-4327.118	-4616.145	289.0272	0.8311238	0.9920293	10.59217
58716	-4317.246	-4606.135	288.8887	0.8734676	0.9300582	10.67609
58722	-4312.937	-4599.418	286.4813	0.7592672	0.857487	12.03635
58728	-4330.434	-4617.29	286.8563	0.8125248	1.1314	11.66862
58734	-4328.264	-4613.187	284.9228	0.7836824	0.9381675	12.79004
58740	-4311.752	-4596.465	284.7124	0.6761473	0.8725817	12.99217
58746	-4320.084	-4604.617	284.5331	0.7167909	1.004618	12.99217
58752	-4309.402	-4594.71	285.3082	0.8024066	1.02571	12.53345
58758	-4313.386	-4598.355	284.969	0.6878836	0.890424	12.84236
58764	-4315.27	-4599.576	284.3064	0.7975923	0.9878146	13.0768
58770	-4316.75	-4602.646	285.8963	0.771439	1.019644	12.24624
58776	-4317.828	-4602.113	284.2846	0.771439	1.019644	13.08526
58782	-4313.881	-4598.215	284.3338	0.8154341	0.9282266	13.08526
58788	-4310.907	-4598.073	287.1662	0.8488201	0.939285	11.58572
58794	-4320.042	-4605.951	285.9087	0.8764388	0.9237815	12.23614
58800	-4325.924	-4610.521	284.5974	0.7420787	0.8591965	13.02541
58806	-4321.246	-4604.828	283.5822	0.7366651	0.8957869	13.53476
58812	-4317.354	-4603.132	285.7785	0.8862846	0.9789954	12.26902
58818	-4330.072	-4613.798	283.7269	0.71828	0.9837528	13.42126
58824	-4320.034	-4606.951	286.9173	0.7350255	1.084971	11.6997
58830	-4309.299	-4595.785	286.4863	0.6878707	1.084919	11.94935
58836	-4312.309	-4598.987	286.6786	0.7394351	0.8479612	11.94935
58842	-4307.997	-4596.275	288.2783	0.8202464	1.094752	10.93836
58848	-4314.922	-4601.126	286.2035	0.9399337	1.021125	11.99739
58854	-4300.561	-4588.509	287.9477	0.7167684	1.043495	11.1912
58860	-4311.403	-4598.471	287.0676	0.8133071	1.06185	11.5917
58866	-4316.877	-4604.546	287.669	0.7919587	0.9754782	11.33301
58872	-4321.109	-4606.126	285.0169	0.7134789	0.8695918	12.81605
58878	-4322.379	-4609.313	286.9339	0.6777341	0.8976333	11.8196
58884	-4319.453	-4603.602	284.1493	0.77213	1.040718	13.14449
58890	-4315.995	-4599.118	283.1236	0.7533993	0.8976333	13.76304
58896	-4315.997	-4598.532	282.5357	0.7620415	1.188431	13.91678
58902	-4311.207	-4597.436	286.229	0.8147987	0.9402984	12.09218
58908	-4306.359	-4591.161	284.8018	0.737595	0.9402984	12.87578
58914	-4307.058	-4593.816	286.758	0.8206719	0.8815746	11.84593
58920	-4311.589	-4598.191	286.6019	0.8254848	1.027571	11.84593
58926	-4310.708	-4596.921	286.2131	0.8384056	1.104277	12.00391
58932	-4309.433	-4596.572	287.1387	0.7835477	0.9535058	11.62642
58938	-4302.046	-4589.508	287.4624	0.902785	1.003718	11.36822
58944	-4308.341	-4593.221	284.8803	0.7925978	1.050778	12.74861
58950	-4299.24	-4586.106	286.8662	0.8925424	0.9840776	11.6955
58956	-4301.048	-4586.43	285.3819	0.8432758	1.073507	12.44974
58962	-4301.43	-4587.208	285.7774	0.8369699	1.008651	12.27976
58968	-4318.468	-4600.031	281.5626	0.7404564	1.197933	14.428
58974	-4325.255	-4609.611	284.3562	0.76903	0.9841902	13.06768
58980	-4339.341	-4626.136	286.7951	0.9072357	1.0066	11.71316
58986	-4328.164	-4616.325	288.1614	0.9664063	0.8511541	11.05368
58992	-4311.999	-4599.291	287.292	0.8018161	1.00828	11.50773
58998	-4313.278	-4597.514	284.2367	0.8559674	1.105774	13.02342
59004	-4312.041	-4596.493	284.4519	0.7833497	0.9598556	13.02342
59010	-4314.865	-4600.447	285.5825	0.7633032	1.048407	12.39943
59016	-4327.819	-4609.986	282.1664	0.6485137	1.116291	14.20068
59022	-4335.67	-4618.457	282.7878	0.808315	1.021214	13.84255
59028	-4315.885	-4600.649	284.764	0.722694	0.8406758	12.95975
59034	-4316.443	-4601.169	284.7267	0.7736386	0.8287067	12.95975
59040	-4327.688	-4615.628	287.9394	0.9572447	0.9969276	11.09364
59046	-4330.092	-4616.764	286.6711	0.8448156	1.05193	11.78733
59052	-4327.85	-4615.313	287.4631	0.804998	0.8044958	11.53155
59058	-4322.787	-4609.333	286.546	0.8321208	0.9839745	11.89429
59064	-4335.919	-4621.562	285.6426	0.8500568	0.9431102	12.37799
59070	-4322.612	-4605.32	282.7082	0.7835803	0.9283495	13.94581
59076	-4320.89	-4605.602	284.7117	0.8700948	1.0674	12.78771
59082	-4323.623	-4608.393	284.7697	0.69608	1.194685	12.78771
59088	-4330.321	-4615.101	284.7804	0.7404977	1.13287	12.78771
59094	-4321.69	-4606.427	284.7372	0.9119857	0.9983883	12.78771
59100	-4314.163	-4599.405	285.2423	0.961477	0.9526672	12.52329
59106	-4313.372	-4600.501	287.1298	0.8241562	0.8230828	11.68441
59112	-4316.503	-4604.624	288.1203	0.8520326	0.7461839	11.20009
59118	-4308.535	-4595.947	287.4119	0.7869043	0.9468422	11.48552
59124	-4326.554	-4612.019	285.4646	0.7869043	0.9468422	12.50159
59130	-4328.944	-4615.868	286.924	0.7983085	1.167515	11.62367
59136	-4324.599	-4612.043	287.4436	0.8663734	0.9786598	11.41028
59142	-4325.156	-4612.722	287.5658	0.8803746	0.8796761	11.39381
59148	-4318.061	-4604.805	286.744	0.8498593	1.10087	11.72245
59154	-4313.325	-4600.822	287.4971	0.9352301	1.001197	11.3344
59160	-4331.79	-4616.775	284.9853	0.9180272	0.9778576	12.66622
59166	-4334.681	-4623.335	288.6545	1.142866	0.9394542	10.65244
59172	-4305.534	-4594.635	289.1013	0.9100594	0.9394542	10.54016
59178	-4315.806	-4602.49	286.6841	0.7216072	1.097629	11.82228
59184	-4307.873	-4592.418	284.5446	0.6995164	1.109313	12.94292
59190	-4318.397	-4604.574	286.1774	0.8732745	0.8387253	12.14647
59196	-4315.179	-4601.349	286.1701	0.7596465	0.9498362	12.14647
59202	-4315.294	-4601.452	286.1579	0.744951	0.9498362	12.1605
59208	-4327.733	-4616.335	288.6023	0.8099989	1.096885	10.77286
59214	-4324.088	-4610.328	286.2402	0.8099989	1.071703	12.02053
59220	-4328.266	-4615.05	286.7835	0.7396173	1.014753	11.80252
59226	-4337.864	-4623.735	285.8716	0.7606873	0.9338522	12.31024
59232	-4320.76	-4606.122	285.3617	0.8277456	1.073059	12.46856
59238	-4318.213	-4603.732	285.5187	0.7459808	0.9959567	12.46856
59244	-4329.272	-4612.303	283.0313	0.7314714	0.96466	13.78558
59250	-4332.486	-4616.333	283.8461	0.6937673	0.8697175	13.43484
59256	-4325.195	-4610.273	285.078	0.8204604	0.9568871	12.67997
59262	-4312.211	-4596.58	284.3694	0.7899544	0.8185536	13.14316
59268	-4332.07	-4619	286.9302	0.9283972	0.8657528	11.70892
59274	-4322.336	-4606.953	284.6164	0.8635997	0.9560631	12.89815
59280	-4325.935	-4610.378	284.4432	0.8717714	1.068557	12.92595
59286	-4327.436	-4611.963	284.5267	0.9004632	1.040819	12.88146
59292	-4324.936	-4609.572	284.6362	0.8712441	0.9605185	12.88146
59298	-4325.62	-4612.765	287.1448	0.9923168	1.086034	11.44581
59304	-4330.991	-4617.971	286.9804	0.9270612	1.003452	11.60764
59310	-4327.395	-4611.671	284.2761	0.7862888	1.030512	13.07636
59316	-4319.969	-4602.465	282.4964	0.6940423	0.9599969	14.0849
59322	-4341.6	-4629.884	288.2841	0.886998	1.031684	10.9319
59328	-4331.819	-4619.352	287.5329	0.9988601	0.9554039	11.30676
59334	-4323.969	-4611.046	287.0776	0.6779655	0.9275244	11.72771
59340	-4314.556	-4597.315	282.7591	0.7774032	1.08232	13.84298
59346	-4311.727	-4595.046	283.319	0.7498902	0.9035254	13.66016
59352	-4314.986	-4597.994	283.008	0.8490832	1.116337	13.66016
59358	-4311.527	-4601.119	289.5924	0.8256284	0.8707371	10.3655
59364	-4312.198	-4600.587	288.3886	0.8985133	0.9068041	10.93816
59370	-4316.487	-4606.199	289.7123	1.048493	0.9004946	10.16825
59376	-4307.431	-4596.625	289.1942	1.020597	0.8407526	10.48993
59382	-4319.591	-4610.388	290.7976	0.9801074	0.8265609	9.676222
59388	-4318.884	-4610.089	291.2049	1.123257	1.098676	9.237215
59394	-4311.079	-4599.78	288.7009	0.8457463	0.9438312	10.78158
59400	-4302.813	-4592.536	289.7235	0.8894689	0.9090406	10.24109
59406	-4295.157	-4583.259	288.102	0.8894689	1.024042	11.02993
59412	-4297.23	-4584.396	287.1657	0.7846909	1.024042	11.57455
59418	-4300.295	-4586.813	286.5177	0.889297	0.9038686	11.9229
59424	-4305.125	-4592.224	287.0986	0.8544645	0.9751299	11.59873
59430	-4317.585	-4604.695	287.1101	0.8662362	1.056342	11.54461
59436	-4325.139	-4611.132	285.9922	0.8681033	0.8866541	12.21782
59442	-4311.533	-4597.603	286.0702	0.7847925	0.8914559	12.21782
59448	-4311.087	-4597.302	286.2151	0.7998132	0.8914559	12.13446
59454	-4301.884	-4585.914	284.0301	0.8355068	1.215203	13.09057
59460	-4307.899	-4592.423	284.5236	0.7141935	0.838266	13.09057
59466	-4321.856	-4607.128	285.2725	0.7498275	1.03766	12.57332
59472	-4320.796	-4604.376	283.5798	0.7705346	0.98579	13.46945
59478	-4321.58	-4605.151	283.5714	0.6812026	1.065673	13.4795
59484	-4323.857	-4607.2	283.3434	0.9497826	1.023692	13.4795
59490	-4322.594	-4607.804	285.2095	0.8148085	1.282844	12.45786
59496	-4307.642	-4592.272	284.6299	0.9169799	0.9545244	12.86419
59502	-4312.183	-4598.384	286.2015	0.7622901	0.9520833	12.12752
59508	-4303.101	-4589.253	286.1523	0.8607195	0.9055258	12.12752
59514	-4316.337	-4598.774	282.4375	0.7512842	1.06152	14.03352
59520	-4328.449	-4615.055	286.6057	0.701222	1.137666	11.85462
59526	-4306.867	-4593.919	287.0519	0.7491606	0.873516	11.73449
59532	-4309.704	-4597.36	287.6555	0.9161471	0.9763247	11.27464
59538	-4303.097	-4591.321	288.2242	0.8127592	1.006747	11.01503
59544	-4304.031	-4592.086	288.0546	0.8939338	0.7962603	11.18077
59550	-4304.701	-4588.828	284.1273	0.8622643	0.9541316	13.15421
59556	-4299.528	-4585.146	285.618	0.992997	0.9607721	12.30673
59562	-4304.228	-4591.657	287.429	0.9213209	0.9685411	11.39458
59568	-4316.331	-4603.152	286.8214	0.8474358	0.9705129	11.74968
59574	-4342.957	-4627.303	284.3469	0.8147875	0.8171332	13.14281
59580	-4320.828	-4608.637	287.8091	0.8125483	1.062243	11.20415
59586	-4318.019	-4606.342	288.323	0.8188801	0.9393382	10.99615
59592	-4313.023	-4599.169	286.1465	0.7351443	0.98609	12.15218
59598	-4309.734	-4592.469	282.7341	0.7905369	1.038007	13.8711
59604	-4335.748	-4620.761	285.0132	0.7998053	1.130747	12.63667
59610	-4336.831	-4621.175	284.3444	0.7874584	1.14477	12.98448
59616	-4316.921	-4600.387	283.4658	0.806312	1.126152	13.44003
59622	-4330.377	-4616.374	285.9973	0.784898	0.9625022	12.21659
59628	-4341.859	-4628.919	287.0601	0.7946797	0.9031029	11.68952
59634	-4334.964	-4616.601	281.6362	0.6522407	0.9198425	14.57402
59640	-4338.24	-4621.066	282.8259	0.8066567	0.9571578	13.85715
59646	-4333.361	-4618.401	285.0397	0.7390526	0.9643854	12.73825
59652	-4330.71	-4614.682	283.9719	0.7948143	0.9643854	13.26449
59658	-4322.271	-4608.719	286.4482	0.7251103	1.035963	11.97424
59664	-4325.809	-4611.148	285.3395	0.7646077	0.9305678	12.58719
59670	-4314.533	-4598.129	283.5959	0.7320441	0.8909465	13.53276
59676	-4327.469	-4611.649	284.1802	0.6577543	1.03986	13.18833
59682	-4326.54	-4612.929	286.3883	0.7966743	0.9724387	12.0012
59688	-4330.609	-4618.854	288.2457	0.7754035	0.8847073	11.09006
59694	-4323.41	-4609.978	286.5683	0.8151396	0.9001696	11.93726
59700	-4327.574	-4611.407	283.8329	0.7620706	1.012891	13.32832
59706	-4326.325	-4608.636	282.3112	0.7843189	1.041833	14.09168
59712	-4330.536	-4613.097	282.5613	0.7813045	0.8094084	14.09168
59718	-4320.978	-4606.335	285.3573	0.8555857	1.135584	12.42612
59724	-4325.88	-4610.665	284.7848	0.8143723	0.8856189	12.87513
59730	-4325.41	-4611.657	286.2465	0.8408333	0.8997672	12.09197
59736	-4327.568	-4614.847	287.2784	0.8738221	0.9001689	11.53575
59742	-4341.376	-4627.939	286.5631	0.861394	0.9873084	11.86833
59748	-4335.947	-4618	282.0534	0.7545946	1.213489	14.15935
59754	-4341.422	-4624.192	282.7705	0.7426599	0.9044867	13.94793
59760	-4332.598	-4617.738	285.14	0.8061411	1.12827	12.56852
59766	-4327.198	-4610.103	282.9049	0.828424	0.9331447	13.8179
59772	-4325.724	-4611.937	286.2137	0.7446762	0.9622702	12.12485
59778	-4326.966	-4612.025	285.0582	0.8735045	0.8921407	12.69843
59784	-4312.46	-4600.707	288.2468	0.7859305	0.8378355	11.1114
59790	-4313.812	-4599.626	285.8143	0.9140156	0.8837253	12.28828
59796	-4325.733	-4613.183	287.4502	0.8819964	1.04256	11.36553
59802	-4325.2	-4608.408	283.208	0.859713	0.9426824	13.6392
59808	-4310.553	-4594.064	283.5116	0.8087108	0.7348301	13.63143
59814	-4319.196	-4606.287	287.0912	0.9075917	1.044359	11.53889
59820	-4324.426	-4608.371	283.9445	0.822101	0.9918255	13.25004
59826	-4322.532	-4607.609	285.0777	0.6990136	1.093008	12.67371
59832	-4319.153	-4604.751	285.598	0.804326	0.8568326	12.47366
59838	-4319.966	-4605.641	285.6743	0.728073	0.8568326	12.47366
59844	-4318.989	-4605.028	286.0392	0.7269056	0.8988188	12.26001
59850	-4321.872	-4607.938	286.0662	0.7092617	1.121305	12.13972
59856	-4322.366	-4607.072	284.7058	0.7482229	0.9988937	12.889
59862	-4313.97	-4599.65	285.6804	0.7471176	0.9572639	12.40426
59868	-4317.744	-4603.35	285.6059	0.9321619	1.150997	12.24941
59874	-4314.188	-4603.135	288.9471	0.8852366	0.8009745	10.71482
59880	-4317.48	-4605.509	288.0284	0.9739864	1.066779	11.00257
59886	-4331.766	-4620.688	288.9217	0.8320949	0.8506913	10.72592
59892	-4308.529	-4593.13	284.6008	0.8226741	1.017252	12.89541
59898	-4310.276	-4596.127	285.8515	0.8779735	1.078476	12.18449
59904	-4315.461	-4601.363	285.9016	0.6528725	1.00614	12.31224
59910	-4309.098	-4591.603	282.5048	0.7729832	1.077164	13.97969
59916	-4311.005	-4593.356	282.3505	0.7626585	1.082787	14.06227
59922	-4312.761	-4598.799	286.0378	0.8944248	0.8242124	12.21687
59928	-4312.206	-4595.866	283.6601	0.8404214	1.019788	13.37381
59934	-4316.48	-4605.343	288.8627	0.8826822	0.71361	10.81672
59940	-4310.742	-4596.74	285.9981	0.7589965	0.8542606	12.29033
59946	-4317.16	-4600.892	283.7326	0.7991654	0.9108107	13.41576
59952	-4322.288	-4605.499	283.211	0.7991654	0.8601879	13.71533
59958	-4321.413	-4605.388	283.9749	0.7367054	0.9835968	13.28296
59964	-4317.768	-4599.693	281.9247	0.7350108	0.9835968	14.34745
59970	-4306.045	-4591.528	285.4828	0.7909759	0.8360945	12.55285
59976	-4303.625	-4591.07	287.4451	0.8803852	0.8662166	11.4647
59982	-4304.779	-4594.687	289.9079	0.97058	0.813331	10.1578
59988	-4312.317	-4601.602	289.2846	0.7588882	1.028638	10.47591
59994	-4301.728	-4589.906	288.1784	0.8803902	0.8801766	11.07292
60000	-4337.078	-4620.667	283.589	0.6326538	1.067848	13.49451
60006	-4333.237	-4617.3	284.0631	0.8829426	1.056331	13.12388
60012	-4300.174	-4587.315	287.1414	0.8434261	1.141695	11.49862
60018	-4298.123	-4585.576	287.4534	0.8689843	0.8541933	11.47336
60024	-4310.006	-4598.034	288.0279	0.7655532	0.9005364	11.20018
60030	-4291.416	-4579.551	288.1351	0.7407227	0.8978115	11.15864
60036	-4294.993	-4583.915	288.9216	0.9500003	0.8866129	10.64322
60042	-4310.304	-4601.089	290.7851	0.8744386	0.7857372	9.763744
60048	-4299.996	-4588.815	288.8185	0.8655645	0.8976572	10.73523
60054	-4296.374	-4582.7	286.326	0.8708268	0.9431632	12.01082
60060	-4300.61	-4588.987	288.3776	0.8259117	0.7908863	11.0506
60066	-4312.089	-4600.337	288.2481	0.8938238	0.8439055	11.0506
60072	-4315.737	-4602.235	286.498	0.9269682	0.9969767	11.86302
60078	-4317.152	-4602.62	285.4673	0.7321741	0.8577567	12.57876
60084	-4326.037	-4606.446	280.409	0.9294731	0.8565028	15.1014
60090	-4318.393	-4604.35	285.9563	0.9539821	0.9850315	12.13781
60096	-4310.703	-4596.136	285.4326	0.8146791	1.021906	12.46418
60102	-4313.094	-4599.619	286.5255	0.9275289	0.9408042	11.87838
60108	-4322.165	-4609.669	287.5036	0.78966	1.042065	11.38613
60114	-4321.658	-4605.077	283.4194	0.8772503	0.9452475	13.51895
60120	-4337.271	-4622.503	285.2314	0.7723805	1.009124	12.59756
60126	-4330.903	-4616.696	285.793	0.8014244	1.088804	12.24982
60132	-4332.76	-4618.753	285.9927	0.8178452	1.062948	12.14987
60138	-4317.826	-4602.957	285.1312	0.852737	1.128113	12.54893
60144	-4325.85	-4610.499	284.6492	0.813498	1.113552	12.82721
60150	-4307.448	-4592.37	284.9215	0.8694377	0.7980233	12.82721
60156	-4310.476	-4593.15	282.6744	0.837518	0.9154593	13.94245
60162	-4322.268	-4607.865	285.597	0.8526883	0.9796477	12.38074
60168	-4300.608	-4590.129	289.5215	0.9453969	0.9704644	10.28407
60174	-4299.077	-4590.101	291.0239	1.075079	0.9969363	9.410195
60180	-4293.632	-4585.408	291.7758	0.9954356	0.8483782	9.138396
60186	-4291.054	-4577.037	285.9827	0.896451	1.033561	12.1289
60192	-4294.611	-4582.707	288.0954	0.9402501	0.8179506	11.12185
60198	-4292.996	-4580.83	287.8339	0.9167553	0.8630661	11.24415
60204	-4298	-4585.163	287.1626	0.8859409	1.06773	11.50117
60210	-4323.395	-4611.701	288.3066	0.6858844	1.022142	11.03038
60216	-4313.438	-4598.43	284.9917	0.8157325	1.189187	12.61235
60222	-4315.77	-4604.617	288.8469	1.024645	0.9803993	10.59138
60228	-4301.665	-4587.025	285.3602	0.7906615	0.825738	12.62304
60234	-4309.856	-4593.773	283.9167	0.6714203	0.8960567	13.39477
60240	-4292.827	-4580.457	287.6304	0.8034598	0.9400921	11.36629
60246	-4300.572	-4589.479	288.9076	0.9426378	0.7686559	10.7257
60252	-4292.556	-4580.07	287.514	0.8769889	0.8861273	11.41894
60258	-4279.948	-4572.04	292.0918	0.9934833	0.9283918	8.925899
60264	-4291.283	-4581.334	290.0507	0.9889845	1.051644	9.940365
60270	-4284.771	-4574.54	289.7685	0.9385744	0.9597209	10.16361
60276	-4294.813	-4584.771	289.9575	0.912477	0.8092244	10.16477
60282	-4298.07	-4585.175	287.1057	0.8471354	0.9804168	11.59603
60288	-4323.141	-4606.137	282.9957	0.8930299	0.922715	13.74297
60294	-4311.108	-4596.221	285.1135	0.802452	0.8929958	12.70614
60300	-4309.455	-4595.898	286.4435	0.9502581	1.05338	11.85037
60306	-4301.028	-4589.627	288.5992	1.06167	1.012475	10.68505
60312	-4307.947	-4595.147	287.2003	1.078354	0.9513675	11.44135
60318	-4307.575	-4594.848	287.2735	0.9468975	1.008712	11.44135
60324	-4305.131	-4590.417	285.2862	0.8437265	1.008712	12.53209
60330	-4316.743	-4601.893	285.1492	0.9467	1.043451	12.53209
60336	-4319.649	-4605.759	286.1108	0.9163428	0.9700455	12.08483
60342	-4311.503	-4600.44	288.937	0.9250244	1.075377	10.54752
60348	-4323.779	-4610.103	286.324	0.8451547	0.9079396	12.04473
60354	-4320.999	-4607.121	286.1217	0.984844	0.9675856	12.04473
60360	-4312.818	-4600.635	287.8171	0.9860794	0.9347437	11.176
60366	-4318.905	-4612.189	293.2836	1.071448	0.8804773	8.279224
60372	-4329.695	-4614.226	284.5316	0.8465385	0.9496249	12.95459
60378	-4311.299	-4599.588	288.2894	0.8393962	1.087399	10.92614
60384	-4307.841	-4595.504	287.6631	0.7445662	0.9672909	11.36528
60390	-4325.258	-4607.747	282.4896	0.6857265	1.089027	14.02699
60396	-4324.117	-4608.051	283.9337	0.6597956	1.054583	13.30795
60402	-4304.234	-4589.132	284.8983	0.820941	1.045824	12.727
60408	-4312.371	-4601.811	289.4398	0.7689909	1.045824	10.38027
60414	-4306.757	-4593.03	286.2737	0.8580888	1.031624	11.9981
60420	-4312.838	-4599.559	286.7209	0.7534599	0.8019315	11.94765
60426	-4299.276	-4585.778	286.5014	0.8883101	0.9111787	11.92783
60432	-4309.732	-4597.653	287.9209	0.8235927	0.9111787	11.21985
60438	-4293.352	-4579.365	286.0136	0.8716643	0.9649351	12.16155
60444	-4296.935	-4582.901	285.9659	0.9125565	0.971559	12.16155
60450	-4301.434	-4592.241	290.8069	1.13425	1.197574	9.394552
60456	-4315.223	-4606.029	290.8057	1.071327	1.065353	9.492052
60462	-4322.756	-4613.084	290.3282	0.9733652	1.01263	9.822538
60468	-4317.425	-4604.279	286.8533	0.8226469	1.002738	11.72894
60474	-4307.715	-4594.658	286.9428	0.7591665	0.976927	11.72894
60480	-4312.849	-4598.73	285.8807	0.8120999	1.025374	12.23028
60486	-4305.785	-4596.098	290.313	0.85165	0.8222638	10.0018
60492	-4306.958	-4596.069	289.1117	0.7552837	1.029148	10.56827
60498	-4314.508	-4601.588	287.0802	0.8138072	1.011134	11.61067
60504	-4337.131	-4622.773	285.6414	0.8679652	0.8449595	12.42488
60510	-4321.571	-4606.94	285.3692	0.7921314	0.8943585	12.57761
60516	-4321.759	-4611.33	289.5714	0.9063363	1.023368	10.25048
60522	-4321.086	-4609.21	288.1245	0.9004236	1.065872	10.99121
60528	-4327.378	-4615.363	287.9857	1.100117	1.065872	10.9593
60534	-4317.551	-4604.757	287.2053	0.9944041	0.9485699	11.48413
60540	-4321.927	-4607.889	285.9624	1.013073	1.087623	12.05167
60546	-4309.071	-4595.335	286.2641	1.072408	0.9781399	11.9191
60552	-4315.024	-4602.328	287.3044	0.9225568	0.9148914	11.48844
60558	-4302.537	-4589.456	286.9189	0.9905267	0.9670994	11.62583
60564	-4313.753	-4600.535	286.7817	0.8882287	1.2228	11.62583
60570	-4310.633	-4596.423	285.7905	0.9159187	0.9878399	12.24264
60576	-4312.842	-4601.069	288.227	0.940676	0.9296277	10.988
60582	-4321.449	-4604.426	282.9778	0.8370724	1.017562	13.73095
60588	-4331.712	-4614.233	282.5209	0.9661819	0.8090945	14.01699
60594	-4320.682	-4608.589	287.907	0.9362617	0.7803792	11.24578
60600	-4313.96	-4599.577	285.6165	0.7969182	1.011556	12.38295
60606	-4313.783	-4599.959	286.1761	0.8488209	1.030614	12.05441
60612	-4338.014	-4621.323	283.3094	0.6982035	0.9813508	13.64969
60618	-4327.868	-4617.254	289.3858	0.9685663	1.059442	10.29694
60624	-4310.13	-4596.871	286.7405	0.9115094	0.9269516	11.78211
60630	-4310.548	-4599.784	289.2357	0.9808432	1.014186	10.39247
60636	-4309.722	-4598.529	288.8078	0.8924755	1.00421	10.66866
60642	-4325.935	-4614.759	288.8237	1.04313	0.8472714	10.66866
60648	-4316.953	-4604.517	287.5641	0.8738726	0.9092199	11.3813
60654	-4326.29	-4614.794	288.5037	0.8303681	0.893422	10.92111
60660	-4322.661	-4610.9	288.2391	0.7772549	1.223334	10.92111
60666	-4333.972	-4622.892	288.9205	0.8482809	0.9474139	10.66312
60672	-4326.718	-4616.044	289.3257	0.9252967	1.057701	10.35212
60678	-4334.707	-4623.275	288.5674	1.058651	1.149184	10.63559
60684	-4323.575	-4609.707	286.1326	0.8214474	0.9855357	12.11474
60690	-4318.414	-4604.473	286.0594	0.7280129	1.111909	12.13796
60696	-4337.742	-4623.978	286.2356	0.8359628	0.8432597	12.13287
60702	-4330.582	-4617.538	286.9555	0.9564598	0.9832042	11.61591
60708	-4329.515	-4613.044	283.5292	0.926257	0.9560579	13.43062
60714	-4332	-4617.115	285.1159	0.8817954	1.034604	12.5877
60720	-4322.205	-4606.027	283.8222	0.7912237	1.129648	13.26107
60726	-4320.946	-4604.708	283.7619	0.7696628	1.222136	13.26107
60732	-4312.488	-4600.461	287.9724	0.9148212	0.9929384	11.1007
60738	-4318.076	-4606.212	288.136	0.7894781	1.221582	10.96952
60744	-4313.49	-4598.876	285.3854	0.7692539	0.942357	12.55442
60750	-4344.68	-4629.406	284.7259	0.8223725	1.002063	12.83833
60756	-4344.703	-4629.496	284.7926	0.8050757	0.9534924	12.83833
60762	-4325.763	-4614.648	288.8854	1.054633	1.107685	10.49068
60768	-4334.189	-4624.568	290.3796	1.054507	1.08751	9.714657
60774	-4320.087	-4605.976	285.8889	0.755145	0.936201	12.30285
60780	-4336.231	-4617.811	281.5802	0.8951504	1.120617	14.37458
60786	-4343.457	-4629.177	285.7198	0.7652129	1.12356	12.29004
60792	-4316.274	-4603.918	287.6449	0.8885157	0.8298962	11.37744
60798	-4315.391	-4600.272	284.8813	0.7978733	1.061449	12.73999
60804	-4303.923	-4586.105	282.1819	0.6991892	0.9711472	14.2393
60810	-4319.271	-4605.25	285.9785	0.906213	0.8395709	12.23249
60816	-4329.452	-4615.195	285.7425	0.8762952	1.098341	12.23249
60822	-4329.279	-4614.563	285.2847	0.8575887	0.8753234	12.59836
60828	-4322.594	-4607.219	284.6244	0.8089812	0.9057164	12.95002
60834	-4317.712	-4604.563	286.8517	0.8542911	1.190686	11.62153
60840	-4325.811	-4613.061	287.2492	0.8984416	0.9683177	11.50071
60846	-4334.214	-4617.533	283.319	0.7186056	1.108702	13.57014
60852	-4328.407	-4612.941	284.5339	0.7209255	1.007792	12.988
60858	-4319.415	-4605.399	285.9846	0.7331591	0.9634662	12.24965
60864	-4312.994	-4600.304	287.3097	0.7789616	0.7621725	11.65185
60870	-4321.118	-4610.434	289.3167	0.8556025	0.6866056	10.61126
60876	-4338.344	-4624.281	285.9365	0.7957631	0.8215168	12.32275
60882	-4329.97	-4615.448	285.4778	0.7348285	1.06002	12.46296
60888	-4331.767	-4617.496	285.7294	0.8155787	1.128245	12.25659
60894	-4322.063	-4607.956	285.8926	0.7974284	0.9775545	12.25659
60900	-4326.934	-4612.801	285.8667	0.8154096	0.9854023	12.25659
60906	-4326.957	-4611.189	284.2319	0.6898991	0.8666115	13.23821
60912	-4322.606	-4609.137	286.5306	0.7402821	1.128147	11.87799
60918	-4321.105	-4607.997	286.8918	0.6869913	0.9022087	11.83416
60924	-4344.045	-4628.595	284.5502	0.7674457	0.9734299	12.97332
60930	-4317.839	-4600.585	282.7457	0.6925421	1.021743	13.92416
60936	-4321.811	-4604.451	282.6399	0.6605673	0.9468337	14.03493
60942	-4330.063	-4614.179	284.1166	0.7312618	1.049304	13.1784
60948	-4315.449	-4597.959	282.5108	0.7373981	1.059432	14.00375
60954	-4329.093	-4617.282	288.1887	0.8538121	0.8872706	11.07735
60960	-4312.722	-4595.359	282.6369	0.7235011	1.015433	13.96775
60966	-4314.417	-4600.085	285.6678	0.8091792	1.073743	12.31841
60972	-4314.673	-4602.645	287.9721	0.8471998	0.899575	11.18724
60978	-4310.279	-4597.516	287.2364	0.6967672	1.025371	11.58288
60984	-4315.658	-4602.829	287.1706	0.7494944	1.038798	11.58288
60990	-4315.099	-4600.937	285.8388	0.8323343	0.8566838	12.33371
60996	-4318.123	-4604.713	286.5892	0.7756288	0.8591009	11.97059
61002	-4314.841	-4601.276	286.4356	0.82417	0.9567825	11.97059
61008	-4307.002	-4596.298	289.296	0.8476984	1.09916	10.38793
61014	-4317.38	-4606.866	289.4861	0.9655953	1.04858	10.25126
61020	-4327.392	-4611.324	283.9317	0.744974	0.8232821	13.39109
61026	-4320.646	-4604.486	283.8394	0.8108094	1.110822	13.25096
61032	-4338.755	-4628.673	289.9181	1.044268	0.820011	10.10956
61038	-4335.324	-4624.425	289.1009	0.9682503	0.8596703	10.55515
61044	-4330.356	-4618.787	288.4303	1.031099	0.8596703	10.87393
61050	-4323.694	-4612.179	288.4856	0.9274844	1.044454	10.79857
61056	-4317.835	-4604.083	286.2477	0.7799584	0.8745756	12.13748
61062	-4320.47	-4606.908	286.4377	0.7673244	0.9827278	11.98531
61068	-4314.133	-4601.179	287.0453	0.8933935	1.024083	11.58066
61074	-4304.68	-4591.177	286.4971	1.027723	0.9466647	11.83774
61080	-4312.512	-4602.465	289.9528	0.9034527	0.9365251	10.09782
61086	-4313.389	-4603.376	289.9871	0.858662	0.9455583	10.09837
61092	-4314.734	-4599.537	284.8035	0.8518303	0.7962991	12.89883
61098	-4313.665	-4598.385	284.7198	0.8882777	0.8368888	12.89883
61104	-4328.781	-4615.488	286.7072	0.8391801	0.8711078	11.86881
61110	-4335.029	-4622.924	287.8946	0.8648405	0.8164436	11.26732
61116	-4328.253	-4611.672	283.4183	0.8013663	0.8919282	13.5884
61122	-4325.283	-4610.886	285.6035	0.7463242	0.8402968	12.51078
61128	-4322.253	-4608.803	286.5494	0.7660682	0.9651339	11.93702
61134	-4323.174	-4608.098	284.9247	1.035775	0.9651339	12.64323
61140	-4329.468	-4616.238	286.7701	0.8686086	0.8509013	11.83241
61146	-4327.784	-4613.322	285.5382	0.7415697	1.175942	12.37243
61152	-4321.226	-4605.545	284.319	0.7416671	0.9756318	13.10576
61158	-4309.305	-4597.275	287.9693	0.7855417	0.8932567	11.22452
61164	-4311.902	-4603.018	291.1159	1.007245	1.081386	9.354108
61170	-4329.871	-4615.474	285.6027	0.9736999	1.172623	12.21937
61176	-4333.266	-4618.754	285.4885	0.9364286	0.9812733	12.39277
61182	-4323.867	-4610.756	286.889	0.8481254	0.9189084	11.74215
61188	-4330.602	-4619.517	288.9151	0.9314767	1.196878	10.49767
61194	-4320.852	-4608.727	287.8748	0.8477354	0.9588896	11.20506
61200	-4323.972	-4611.712	287.7401	0.8412881	0.9652283	11.27551
61206	-4310.032	-4595.35	285.3177	0.8476835	0.9102079	12.56658
61212	-4317.379	-4599.353	281.9742	0.7596891	0.8498171	14.38306
61218	-4338.468	-4624.451	285.983	0.7220291	0.9654705	12.25522
61224	-4327.486	-4616.655	289.1689	0.9742682	1.105052	10.3853
61230	-4321.623	-4608.929	287.3056	0.8687279	1.085286	11.42674
61236	-4318.349	-4605.159	286.8097	0.8331784	0.8635346	11.82287
61242	-4331.23	-4614.937	283.7066	0.6864535	1.076955	13.401
61248	-4299.731	-4584.279	284.5483	0.8088614	1.113783	12.88198
61254	-4307.067	-4592.597	285.53	0.9139484	1.029255	12.35795
61260	-4310.676	-4599.904	289.2276	0.8817821	0.8746344	10.5253
61266	-4309.082	-4594.501	285.4184	0.7606063	1.03048	12.49536
61272	-4309.663	-4596.972	287.3091	0.9557294	0.9235775	11.46381
61278	-4329.173	-4616.11	286.9362	0.8430961	0.923732	11.71742
61284	-4330.284	-4610.733	280.4483	0.7739599	0.7977013	15.19651
61290	-4321.507	-4607.271	285.7638	0.9774467	0.9633824	12.23744
61296	-4315.131	-4603.273	288.1428	0.8676771	1.048224	11.00763
61302	-4312.527	-4597.078	284.5511	0.8444179	1.104866	12.8663
61308	-4324.752	-4609.667	284.915	0.7294513	1.060514	12.75857
61314	-4341.034	-4629.023	287.9895	0.8143944	0.9082437	11.19038
61320	-4345.271	-4629.988	284.7168	0.9620553	1.157412	12.69395
61326	-4344.96	-4629.771	284.8113	0.8931504	1.129159	12.69395
61332	-4322.994	-4603.335	280.3402	0.8199238	1.064888	15.08226
61338	-4339.707	-4622.984	283.2772	0.7261988	0.8369801	13.73244
61344	-4339.567	-4624.211	284.6441	0.8048576	0.9656348	12.90915
61350	-4337.467	-4622.083	284.6157	0.8815531	0.9194993	12.90915
61356	-4349.583	-4631.097	281.5136	0.7190576	0.9194993	14.60308
61362	-4330.6	-4617.442	286.8417	1.010907	0.9545047	11.66229
61368	-4329.628	-4617.96	288.3322	1.038453	0.9545969	10.86795
61374	-4334.668	-4623.811	289.1426	1.071275	0.8741822	10.47073
61380	-4328.033	-4614.827	286.7947	0.7849849	0.9791574	11.79163
61386	-4330.788	-4617.636	286.8487	0.806083	1.021927	11.73007
61392	-4329.789	-4614.67	284.8813	0.8166815	0.8944889	12.8187
61398	-4324.721	-4610.583	285.8612	0.8254845	0.8727168	12.3163
61404	-4325.47	-4610.292	284.8217	0.791024	0.9836575	12.81439
61410	-4324.849	-4609.49	284.6413	0.8948753	1.053746	12.81828
61416	-4308.506	-4593.247	284.7418	0.9018437	0.9997909	12.78989
61422	-4321.266	-4604.122	282.8557	0.7686135	0.9422446	13.86948
61428	-4316.022	-4602.357	286.3352	0.7897513	0.9998811	12.01803
61434	-4318.427	-4599.778	281.3507	0.7971005	0.8649447	14.67776
61440	-4319.527	-4603.462	283.9344	0.9616569	1.168649	13.09594
61446	-4316.668	-4601.153	284.4846	0.9534458	1.168649	12.81409
61452	-4318.339	-4606.292	287.9529	0.8363872	0.9582949	11.17043
61458	-4311.683	-4600.231	288.5478	1.046241	1.109985	10.67114
61464	-4321.547	-4605.868	284.3213	0.8287734	0.9958676	13.04864
61470	-4308.465	-4591.782	283.3169	0.7835085	1.016663	13.5832
61476	-4306.589	-4590.017	283.4283	0.8441954	0.8532629	13.5832
61482	-4314.596	-4604.397	289.8013	0.8993389	0.9800178	10.15606
61488	-4303.591	-4588.241	284.6493	0.758716	0.8626548	12.98778
61494	-4313.24	-4595.246	282.0059	0.7037166	1.076457	14.27451
61500	-4308.583	-4593.76	285.1768	0.745997	1.053122	12.61737
61506	-4311.732	-4598.942	287.2105	0.7803164	0.9415723	11.59711
61512	-4309.494	-4597.273	287.7797	0.8216813	0.9415723	11.2779
61518	-4314.112	-4600.206	286.0948	0.7656086	1.032386	12.13926
61524	-4311.708	-4598.187	286.4789	0.8312242	1.008346	11.91705
61530	-4305.354	-4591.887	286.5325	0.8051072	0.9346395	11.942
61536	-4313.654	-4600.418	286.7646	0.8232551	0.9802605	11.78677
61542	-4311.181	-4598.373	287.1924	0.808448	0.9802605	11.57102
61548	-4309.644	-4596.835	287.1913	0.7990933	0.9906272	11.57102
61554	-4321.84	-4606.947	285.1072	0.765375	0.9880688	12.67688
61560	-4313.415	-4599.801	286.3861	0.861019	0.9348084	11.98912
61566	-4312.94	-4599.316	286.3756	0.809507	0.9951856	11.98912
61572	-4319.268	-4602.631	283.3627	0.7208722	1.070643	13.56481
61578	-4314.526	-4603.624	289.0976	0.8953631	1.005091	10.51462
61584	-4312.898	-4601.926	289.028	0.9496559	0.9668297	10.54296
61590	-4321.164	-4603.606	282.4418	0.753959	1.136471	13.99372
61596	-4312.869	-4597.293	284.4234	0.7986831	0.9886238	13.015
61602	-4313.604	-4601.118	287.5137	0.8570695	0.9604755	11.38822
61608	-4310.058	-4596.182	286.1242	0.890978	0.9604755	12.09618
61614	-4316.26	-4600.963	284.703	0.8551214	0.9662195	12.85207
61620	-4306.567	-4592.408	285.8409	0.8291919	0.9662195	12.27304
61626	-4297.304	-4582.793	285.4886	0.8040259	0.9727568	12.46624
61632	-4316.844	-4602.162	285.317	0.6900028	1.095415	12.55262
61638	-4307.666	-4594.394	286.7283	0.7458286	0.9906876	11.84065
61644	-4307.559	-4593.939	286.38	0.9467076	1.145451	11.84065
61650	-4305.685	-4592.375	286.6893	0.8972968	0.9693546	11.79325
61656	-4314.285	-4601.728	287.4421	0.9862812	1.025988	11.32367
61662	-4300.526	-4588.009	287.4828	0.8554006	1.069455	11.34889
61668	-4307.463	-4591.144	283.6809	0.7114285	0.8443233	13.52621
61674	-4297.946	-4585.771	287.8248	0.8991215	0.9162868	11.22774
61680	-4309.847	-4593.582	283.7356	0.8172192	0.9664354	13.37452
61686	-4309.072	-4596.542	287.4699	0.9036845	0.9664354	11.38353
61692	-4315.375	-4604.192	288.8165	0.8883613	0.9773177	10.68047
61698	-4315.86	-4602.773	286.9123	0.8562709	0.9618892	11.70222
61704	-4311.38	-4598.576	287.1959	0.8603164	0.7951169	11.64805
61710	-4327.152	-4611.597	284.4448	0.816861	1.088443	12.94393
61716	-4322.288	-4609.328	287.0398	0.815276	0.9806315	11.64702
61722	-4316.102	-4603.019	286.9169	0.6890917	1.260672	11.64242
61728	-4309.094	-4596.178	287.0843	0.7418224	1.053832	11.62436
61734	-4320.213	-4605.37	285.1566	0.7763603	1.125379	12.57676
61740	-4306.065	-4591.633	285.5685	0.8578665	1.034159	12.36464
61746	-4300.55	-4585.064	284.5139	0.7581557	1.137026	12.91522
61752	-4311.771	-4598.125	286.3533	0.7413008	0.9313043	12.0706
61758	-4310.345	-4597.64	287.2947	0.8026725	0.8843025	11.57345
61764	-4299.127	-4587.46	288.3333	0.9517495	0.9305975	10.92598
61770	-4318.656	-4606.862	288.2054	0.830129	1.138412	10.9503
61776	-4314.87	-4599.57	284.7006	0.7309591	1.052583	12.87329
61782	-4320.148	-4603.669	283.5205	0.7402251	1.223149	13.40135
61788	-4331.988	-4615.542	283.5541	0.7750619	1.136087	13.40571
61794	-4321.056	-4607.54	286.4835	0.8368306	1.136087	11.84839
61800	-4326.208	-4611.906	285.698	0.8516093	0.9550867	12.3418
61806	-4317.074	-4603.255	286.1807	0.9489687	0.9550867	12.03935
61812	-4307.035	-4594.082	287.0467	0.7995194	1.001549	11.64064
61818	-4311.705	-4597.616	285.9109	0.8443364	0.9192427	12.25425
61824	-4302.16	-4590.677	288.5167	0.8604488	1.01876	10.83054
61830	-4305.798	-4594.301	288.5026	0.9225868	0.9951352	10.81768
61836	-4301.674	-4589.302	287.6285	0.9101724	0.844784	11.36577
61842	-4303.618	-4589.831	286.2132	0.9587638	0.8982234	12.0487
61848	-4306.895	-4594.474	287.5787	0.9257389	0.8780764	11.36424
61854	-4309.54	-4596.169	286.6285	0.9707292	1.077415	11.73114
61860	-4330.897	-4618.21	287.3126	0.8444211	1.013685	11.47192
61866	-4323.405	-4607.295	283.89	0.690832	1.151933	13.26754
61872	-4329.149	-4613.868	284.7184	0.6697448	0.8555411	13.00223
61878	-4350.962	-4635.811	284.8483	0.7303956	1.169529	12.74046
61884	-4314.902	-4601.876	286.9743	0.7382048	0.9626713	11.73107
61890	-4322.787	-4609.775	286.9876	0.8260313	0.9626713	11.67823
61896	-4318.497	-4604.122	285.6242	0.8260313	1.08533	12.32666
61902	-4320.646	-4603.938	283.2918	0.7441236	1.07417	13.58778
61908	-4309.094	-4595.272	286.178	0.7596683	0.8107382	12.22219
61914	-4306.2	-4592.163	285.9631	0.8050128	0.9657067	12.22219
61920	-4307.047	-4592.908	285.8605	0.8037927	1.070891	12.22219
61926	-4309.177	-4597.553	288.3758	0.8882	0.8499104	10.98312
61932	-4325.711	-4612.692	286.9809	1.093526	0.7583594	11.66173
61938	-4333.629	-4619.818	286.1899	1.093526	0.8912048	11.99456
61944	-4336.33	-4621.069	284.7387	0.9456559	0.8560766	12.84784
61950	-4317.741	-4602.168	284.4268	0.7715653	0.9867307	13.02832
61956	-4326.654	-4613.064	286.4097	0.7653527	1.077733	11.95242
61962	-4319.599	-4602.377	282.7781	0.7612383	0.8771116	13.94981
61968	-4330.715	-4615.537	284.8218	0.8297945	1.086103	12.74219
61974	-4334.516	-4625.027	290.5109	0.9762938	0.9480715	9.759256
61980	-4342.886	-4626.629	283.7433	0.7315747	0.9518629	13.42283
61986	-4331.022	-4618.042	287.0195	0.8118807	0.9179341	11.69343
61992	-4335.939	-4620.635	284.6961	0.9833104	1.141881	12.70097
61998	-4326.549	-4611.809	285.2597	0.7774595	1.087963	12.54056
62004	-4345.594	-4632.126	286.5314	0.8142124	0.77362	12.03247
62010	-4318.999	-4604.619	285.6195	0.7263836	0.9478258	12.45186
62016	-4322.034	-4608.093	286.0587	0.805739	1.011718	12.14778
62022	-4315.86	-4602.081	286.2214	0.7311306	0.9257104	12.14778
62028	-4325.569	-4608.919	283.3508	0.6420338	0.9730856	13.66177
62034	-4325.54	-4608.836	283.2958	0.6851312	1.112961	13.5975
62040	-4324.712	-4608.941	284.2292	0.7804991	1.006251	13.11622
62046	-4321.501	-4607.484	285.9832	0.8701565	0.9860888	12.16693
62052	-4325.072	-4609.829	284.757	0.7975044	1.072385	12.79946
62058	-4325.477	-4613.573	288.0963	0.8710758	1.07491	11.01685
62064	-4309.508	-4598.553	289.0447	0.9085868	0.9567347	10.5612
62070	-4324.47	-4613.085	288.6151	0.9239534	1.0301	10.73985
62076	-4314.204	-4600.122	285.9183	0.7791696	1.136861	12.17297
62082	-4308.777	-4595.76	286.9825	0.7844128	1.05025	11.65711
62088	-4299.231	-4586.671	287.4402	0.8260058	1.123182	11.36031
62094	-4301.402	-4586.59	285.1885	0.8479196	1.050975	12.55926
62100	-4304.992	-4589.402	284.4099	0.7971794	1.049682	12.99147
62106	-4318.968	-4598.545	279.5767	0.7081498	1.049682	15.54223
62112	-4313.034	-4597.33	284.2955	0.8549619	1.055828	13.01783
62118	-4310.117	-4592.416	282.2991	0.7898089	1.34029	13.95907
62124	-4340.664	-4627.515	286.8513	0.7364318	0.9190433	11.82008
62130	-4309.788	-4595.017	285.2282	0.7696739	0.9591438	12.627
62136	-4309.389	-4593.883	284.4935	0.7101956	1.135521	12.95148
62142	-4319.355	-4603.712	284.3571	0.8089753	1.135521	12.97101
62148	-4314.554	-4599.395	284.8409	0.7428264	1.005785	12.81794
62154	-4308.829	-4593.408	284.5793	0.7156467	1.024871	12.95837
62160	-4305.531	-4588.797	283.2662	0.6552702	1.067639	13.6504
62166	-4307.214	-4594.545	287.3311	0.8210201	0.8513379	11.56401
62172	-4338.375	-4624.885	286.5097	0.916912	0.8777686	11.92751
62178	-4337.519	-4622.161	284.6418	0.9068324	1.076168	12.80066
62184	-4342.677	-4626.583	283.9062	0.9217779	1.021268	13.20293
62190	-4327.776	-4615.702	287.9267	0.8256631	1.037602	11.14817
62196	-4322.557	-4609.826	287.2694	0.8437242	1.049921	11.47636
62202	-4328.29	-4618.233	289.9431	1.117901	0.9339249	9.991521
62208	-4323.97	-4614.742	290.7719	1.034853	0.980951	9.572927
62214	-4336.59	-4623.6	287.0094	0.8817696	0.9837831	11.62649
62220	-4317.159	-4601.541	284.3817	0.8664551	1.120669	12.93542
62226	-4312.389	-4596.971	284.5815	0.7794774	1.113026	12.88036
62232	-4301.83	-4589.152	287.3221	0.8351723	0.9228272	11.52042
62238	-4315.74	-4601.557	285.8177	0.8013576	1.039291	12.26164
62244	-4331.69	-4613.853	282.1624	0.8167607	1.106663	14.12019
62250	-4328.424	-4616.836	288.4119	0.9301442	1.049422	10.83328
62256	-4329.597	-4617.933	288.3361	0.9260865	1.134715	10.83328
62262	-4342.654	-4623.635	280.9808	0.7162853	1.097161	14.78874
62268	-4341.991	-4623.972	281.9809	0.7576346	0.9006687	14.35153
62274	-4331.447	-4621.595	290.1478	1.178282	0.9738454	9.83017
62280	-4339.171	-4622.664	283.493	0.8652807	1.016774	13.44927
62286	-4348.85	-4633.977	285.1279	0.844047	1.056973	12.58983
62292	-4324.486	-4614.09	289.6037	0.8645326	0.8904351	10.32775
62298	-4322.267	-4605.788	283.5212	0.8329345	0.9696033	13.47605
62304	-4321.505	-4608.048	286.5433	0.8559849	1.030261	11.85924
62310	-4329.829	-4615.425	285.5961	0.8209898	0.8714941	12.45746
62316	-4322.804	-4607.464	284.6595	0.9258656	0.9574369	12.8426
62322	-4323.531	-4611.462	287.9313	0.8230496	0.9031755	11.21918
62328	-4323.878	-4608.621	284.7425	0.7982946	0.8877486	12.90429
62334	-4327.604	-4615.689	288.0846	0.7778077	0.949131	11.13712
62340	-4317.72	-4605.836	288.116	0.8178531	0.8823187	11.13712
62346	-4310.604	-4598.68	288.076	0.7641266	0.970799	11.13712
62352	-4309.933	-4597.494	287.5611	0.8527634	0.9509642	11.37082
62358	-4322.136	-4609.619	287.4829	0.842974	1.038581	11.37082
62364	-4320.416	-4609.078	288.6621	0.7664765	0.9923897	10.81739
62370	-4333.103	-4618.712	285.6097	0.7613362	1.03733	12.39183
62376	-4330.775	-4616.382	285.6073	0.718928	1.084258	12.39183
62382	-4316.95	-4604.648	287.6981	0.7549672	1.078617	11.28426
62388	-4328.392	-4615.63	287.2375	0.7667093	1.03245	11.54215
62394	-4319.78	-4603.179	283.3995	0.6664431	0.9292318	13.64744
62400	-4324.46	-4612.428	287.968	0.865468	1.098594	11.07533
62406	-4311.345	-4599.222	287.8768	0.8636689	0.9230996	11.21527
62412	-4322.045	-4607.342	285.2972	0.9226668	0.9908709	12.49454
62418	-4336.796	-4621.169	284.3733	0.8995095	0.9857601	12.99013
62424	-4316.52	-4603.655	287.1348	0.8405788	0.8978388	11.62952
62430	-4313.891	-4600.613	286.7214	0.8120153	1.158279	11.72668
62436	-4314.127	-4597.891	283.7644	0.8414163	1.065336	13.2962
62442	-4313.146	-4597.894	284.7482	0.9008961	1.128809	12.72293
62448	-4326.329	-4611.27	284.9407	0.9227695	1.015726	12.6672
62454	-4345.92	-4629.487	283.5675	0.9227695	1.267439	13.2626
62460	-4324.511	-4609.694	285.1831	0.9545745	1.064087	12.49999
62466	-4329.917	-4617.247	287.3299	0.8816373	0.9179784	11.4948
62472	-4323.939	-4610.848	286.9092	0.8622931	0.9999199	11.68054
62478	-4322.002	-4611.304	289.302	0.9104427	1.08002	10.36124
62484	-4333.617	-4616.749	283.1323	0.7677416	1.084352	13.65331
62490	-4314.288	-4600.069	285.7808	0.9084733	1.053678	12.21776
62496	-4305.702	-4591.522	285.8194	0.9238759	0.9290952	12.25502
62502	-4318.87	-4608.925	290.0549	1.033724	0.9691359	9.957732
62508	-4319.333	-4610.753	291.4196	1.002153	1.040777	9.216836
62514	-4308.013	-4592.131	284.1182	0.9037593	0.915869	13.15825
62520	-4323.163	-4611.977	288.8136	0.9925295	0.8099413	10.72303
62526	-4310.241	-4599.29	289.0482	1.003609	1.035855	10.46781
62532	-4315.684	-4600.172	284.4879	0.9023295	0.9905974	12.92652
62538	-4323.664	-4610.1	286.4365	0.8931799	0.9146128	11.95722
62544	-4325.758	-4610.682	284.9237	0.870397	1.039387	12.69128
62550	-4329.359	-4610.859	281.4995	0.8771908	0.9447984	14.51467
62556	-4341.837	-4625.352	283.5154	0.7026382	0.9774292	13.54257
62562	-4332.234	-4613.822	281.5875	0.727949	1.030337	14.50169
62568	-4329.753	-4611.479	281.7253	0.6865957	0.93517	14.50169
62574	-4331.007	-4617.784	286.7773	0.8210873	0.8996102	11.82541
62580	-4325.421	-4609.059	283.6375	0.8022073	0.9781592	13.42707
62586	-4325.648	-4613.339	287.691	0.7786446	1.006835	11.31197
62592	-4331.508	-4617.023	285.5156	0.8040898	0.9949052	12.44044
62598	-4339.306	-4626.82	287.5138	0.9177372	0.9949052	11.33814
62604	-4330.036	-4613.371	283.3353	0.8421167	0.9530604	13.57663
62610	-4331.943	-4619.675	287.732	0.8303599	0.9220086	11.30908
62616	-4322.417	-4607.405	284.9874	0.8266094	0.9792845	12.71198
62622	-4349.35	-4628.732	279.3814	0.8137765	1.062598	15.58215
62628	-4333.671	-4616.917	283.2459	0.724955	1.075021	13.62117
62634	-4342.886	-4629.093	286.2078	0.8702708	0.8387144	12.13218
62640	-4339.141	-4624.179	285.0383	0.7207521	0.8435721	12.81636
62646	-4347.991	-4632.778	284.7867	0.8377337	0.9684817	12.81636
62652	-4340.75	-4623.34	282.5893	0.7349315	1.143886	13.92358
62658	-4339.125	-4621.838	282.7128	0.8265496	0.9239069	13.92358
62664	-4320.956	-4606.169	285.2128	0.7696778	0.9007999	12.66708
62670	-4313.353	-4601.168	287.8156	0.8014152	1.014733	11.23077
62676	-4317.497	-4604.406	286.909	0.8015771	0.9211747	11.75476
62682	-4320.773	-4608.677	287.9036	0.7887867	0.8602081	11.27632
62688	-4311.314	-4595.524	284.2095	0.7421681	0.9591729	13.17119
62694	-4323.833	-4611.148	287.3148	0.8702139	0.9931479	11.46796
62700	-4326.28	-4612.613	286.3324	0.7254494	1.046905	12.02896
62706	-4330.242	-4617.699	287.4568	0.8265227	0.9003029	11.46718
62712	-4341.051	-4628.807	287.7557	0.9264507	0.9686025	11.22097
62718	-4318.941	-4605.841	286.8993	0.8128294	0.8738828	11.7807
62724	-4319.149	-4606.02	286.8717	0.8484361	0.8667072	11.7807
62730	-4327.677	-4614.866	287.189	0.8539409	1.050805	11.5126
62736	-4334.121	-4618.146	284.0254	0.6839609	0.8855676	13.3377
62742	-4341.964	-4625.918	283.9544	0.7163526	0.7851286	13.41744
62748	-4322.036	-4607.019	284.9831	0.6777047	0.9614685	12.80117
62754	-4332.775	-4617.931	285.1561	0.7246296	1.023294	12.65436
62760	-4318.857	-4604.219	285.3622	0.9831755	0.9337774	12.45979
62766	-4312.452	-4599.599	287.1475	0.7046907	0.9421359	11.66921
62772	-4301.213	-4585.791	284.5777	0.7547469	1.084774	12.9089
62778	-4307.501	-4595.246	287.7447	0.8048454	0.9247452	11.31424
62784	-4309.662	-4595.987	286.3253	0.9146586	1.008207	11.95369
62790	-4313.539	-4601.494	287.9544	0.8796177	0.9884286	11.13091
62796	-4329.28	-4619.073	289.7931	0.8586632	0.9242608	10.21216
62802	-4338.164	-4623.329	285.1652	0.8570579	0.8020526	12.70436
62808	-4328.659	-4613.653	284.9934	0.8021017	0.8495159	12.79386
62814	-4328.502	-4615.392	286.8901	0.8744215	0.9511968	11.71008
62820	-4336.937	-4620.608	283.6702	0.8720747	0.9511968	13.38818
62826	-4328.685	-4612.857	284.1718	0.8340339	1.007486	13.11759
62832	-4337.471	-4619.11	281.6394	0.7572797	0.9493828	14.50188
62838	-4333.645	-4619.776	286.1309	0.7664916	0.8692963	12.20843
62844	-4309.343	-4596.726	287.3824	0.8211127	1.101782	11.40339
62850	-4308.803	-4597.894	289.0913	0.9561005	1.165448	10.40677
62856	-4311.093	-4599.015	287.9218	0.7652769	1.064372	11.16887
62862	-4315.407	-4600.796	285.3888	0.819113	0.9350963	12.53065
62868	-4310.74	-4598.345	287.6057	0.730642	1.033921	11.36773
62874	-4307.421	-4594.963	287.5417	0.8728167	1.033921	11.32685
62880	-4331.488	-4617.658	286.1694	0.8899695	0.9147023	12.09817
62886	-4327.562	-4615.442	287.8798	0.9502436	1.05143	11.10051
62892	-4303.391	-4587.88	284.489	0.7465953	1.033529	12.9848
62898	-4300.799	-4588.193	287.3946	0.7318339	1.033529	11.47772
62904	-4296.557	-4586.563	290.0062	0.8660076	0.9588844	10.07716
62910	-4295.236	-4585.494	290.258	0.9696702	0.8517042	9.950896
62916	-4300.931	-4588.265	287.3343	0.8013404	0.991123	11.49484
62922	-4300.962	-4588.293	287.3309	0.8202907	0.7416181	11.63246
62928	-4292.112	-4578.323	286.211	0.7213564	0.8810404	12.18347
62934	-4303.975	-4589.837	285.8625	0.8505696	1.109138	12.17809
62940	-4305.944	-4592.153	286.2095	0.8269671	0.8769904	12.13151
62946	-4304.732	-4594.845	290.1126	1.02723	1.039763	9.893725
62952	-4305.677	-4591.145	285.4674	0.8312202	1.039763	12.42836
62958	-4296.139	-4581.7	285.5609	0.8312202	0.9467644	12.42836
62964	-4309.52	-4597.894	288.374	0.8415136	0.889711	10.98534
62970	-4316.52	-4601.981	285.4615	0.832744	1.073701	12.41369
62976	-4319.03	-4603.308	284.2779	0.7670501	0.9761532	13.11367
62982	-4323.166	-4611.976	288.8104	0.8177901	1.02631	10.69503
62988	-4326.145	-4613.372	287.2277	0.8579453	1.02631	11.50271
62994	-4338.066	-4626.448	288.3823	0.6887461	0.7917606	11.11944
63000	-4337.148	-4624.691	287.5438	0.9146913	1.006282	11.31811
